<?xml version="1.0" encoding="UTF-8" standalone="no" ?><gpx xmlns="http://www.topografix.com/GPX/1/1" xmlns:gpxx="http://www.garmin.com/xmlschemas/GpxExtensions/v3" xmlns:gpxtrkx="http://www.garmin.com/xmlschemas/TrackStatsExtension/v1" xmlns:wptx1="http://www.garmin.com/xmlschemas/WaypointExtension/v1" xmlns:gpxtpx="http://www.garmin.com/xmlschemas/TrackPointExtension/v1" creator="Oregon 700" version="1.1" xmlns:xsi="http://www.w3.org/2001/XMLSchema-instance" xsi:schemaLocation="http://www.topografix.com/GPX/1/1 http://www.topografix.com/GPX/1/1/gpx.xsd http://www.garmin.com/xmlschemas/GpxExtensions/v3 http://www8.garmin.com/xmlschemas/GpxExtensionsv3.xsd http://www.garmin.com/xmlschemas/TrackStatsExtension/v1 http://www8.garmin.com/xmlschemas/TrackStatsExtension.xsd http://www.garmin.com/xmlschemas/WaypointExtension/v1 http://www8.garmin.com/xmlschemas/WaypointExtensionv1.xsd http://www.garmin.com/xmlschemas/TrackPointExtension/v1 http://www.garmin.com/xmlschemas/TrackPointExtensionv1.xsd"><metadata><link href="http://www.garmin.com"><text>Garmin International</text></link><time>2026-08-30T13:55:19Z</time></metadata><trk><name>2026-08-30 15:55:16</name><extensions><gpxx:TrackExtension><gpxx:DisplayColor>Cyan</gpxx:DisplayColor></gpxx:TrackExtension></extensions><trkseg><trkpt lat="48.8226168975" lon="11.4148770645"><ele>357.34</ele><time>2026-08-30T06:19:13Z</time></trkpt><trkpt lat="48.8226093538" lon="11.4148644917"><ele>357.34</ele><time>2026-08-30T06:19:24Z</time></trkpt><trkpt lat="48.8226139639" lon="11.4148599654"><ele>357.34</ele><time>2026-08-30T06:19:40Z</time></trkpt><trkpt lat="48.8226148020" lon="11.4148512483"><ele>357.34</ele><time>2026-08-30T06:20:08Z</time></trkpt><trkpt lat="48.8226064201" lon="11.4148416929"><ele>357.34</ele><time>2026-08-30T06:20:27Z</time></trkpt><trkpt lat="48.8225979544" lon="11.4148416091"><ele>357.34</ele><time>2026-08-30T06:20:48Z</time></trkpt><trkpt lat="48.8225766644" lon="11.4148101769"><ele>357.34</ele><time>2026-08-30T06:20:59Z</time></trkpt><trkpt lat="48.8225829508" lon="11.4148161281"><ele>357.34</ele><time>2026-08-30T06:21:13Z</time></trkpt><trkpt lat="48.8226043247" lon="11.4148341492"><ele>357.34</ele><time>2026-08-30T06:21:25Z</time></trkpt><trkpt lat="48.8226194959" lon="11.4148882963"><ele>357.34</ele><time>2026-08-30T06:21:34Z</time></trkpt><trkpt lat="48.8226239383" lon="11.4149237517"><ele>357.34</ele><time>2026-08-30T06:21:42Z</time></trkpt><trkpt lat="48.8226184063" lon="11.4149543457"><ele>357.34</ele><time>2026-08-30T06:21:49Z</time></trkpt><trkpt lat="48.8226086833" lon="11.4149713609"><ele>357.34</ele><time>2026-08-30T06:21:50Z</time></trkpt><trkpt lat="48.8225952722" lon="11.4149763901"><ele>357.34</ele><time>2026-08-30T06:21:51Z</time></trkpt><trkpt lat="48.8225834537" lon="11.4149670023"><ele>358.16</ele><time>2026-08-30T06:21:52Z</time></trkpt><trkpt lat="48.8225727249" lon="11.4149468858"><ele>360.24</ele><time>2026-08-30T06:21:53Z</time></trkpt><trkpt lat="48.8225635048" lon="11.4149214886"><ele>362.13</ele><time>2026-08-30T06:21:54Z</time></trkpt><trkpt lat="48.8225554582" lon="11.4148944151"><ele>363.11</ele><time>2026-08-30T06:21:55Z</time></trkpt><trkpt lat="48.8225459028" lon="11.4148661681"><ele>363.61</ele><time>2026-08-30T06:21:56Z</time></trkpt><trkpt lat="48.8225353416" lon="11.4148391783"><ele>363.89</ele><time>2026-08-30T06:21:57Z</time></trkpt><trkpt lat="48.8225255348" lon="11.4148149546"><ele>364.03</ele><time>2026-08-30T06:21:58Z</time></trkpt><trkpt lat="48.8225003891" lon="11.4146287087"><ele>364.34</ele><time>2026-08-30T06:22:05Z</time></trkpt><trkpt lat="48.8225127105" lon="11.4146044012"><ele>364.40</ele><time>2026-08-30T06:22:06Z</time></trkpt><trkpt lat="48.8225290552" lon="11.4145867992"><ele>364.43</ele><time>2026-08-30T06:22:07Z</time></trkpt><trkpt lat="48.8225474115" lon="11.4145748969"><ele>364.48</ele><time>2026-08-30T06:22:08Z</time></trkpt><trkpt lat="48.8225676958" lon="11.4145658445"><ele>364.55</ele><time>2026-08-30T06:22:09Z</time></trkpt><trkpt lat="48.8225946855" lon="11.4145606477"><ele>364.66</ele><time>2026-08-30T06:22:10Z</time></trkpt><trkpt lat="48.8226267044" lon="11.4145564567"><ele>364.69</ele><time>2026-08-30T06:22:11Z</time></trkpt><trkpt lat="48.8226588909" lon="11.4145498350"><ele>364.70</ele><time>2026-08-30T06:22:12Z</time></trkpt><trkpt lat="48.8226904068" lon="11.4145412017"><ele>364.71</ele><time>2026-08-30T06:22:13Z</time></trkpt><trkpt lat="48.8230789080" lon="11.4144640043"><ele>364.59</ele><time>2026-08-30T06:22:24Z</time></trkpt><trkpt lat="48.8233521581" lon="11.4144541137"><ele>365.10</ele><time>2026-08-30T06:22:33Z</time></trkpt><trkpt lat="48.8235640526" lon="11.4145132061"><ele>365.65</ele><time>2026-08-30T06:22:43Z</time></trkpt><trkpt lat="48.8236832432" lon="11.4146489929"><ele>365.73</ele><time>2026-08-30T06:22:48Z</time></trkpt><trkpt lat="48.8238546532" lon="11.4148009568"><ele>365.92</ele><time>2026-08-30T06:22:54Z</time></trkpt><trkpt lat="48.8239486981" lon="11.4148888830"><ele>366.57</ele><time>2026-08-30T06:22:59Z</time></trkpt><trkpt lat="48.8239809684" lon="11.4148876257"><ele>366.91</ele><time>2026-08-30T06:23:01Z</time></trkpt><trkpt lat="48.8239963073" lon="11.4148766454"><ele>367.06</ele><time>2026-08-30T06:23:02Z</time></trkpt><trkpt lat="48.8240073714" lon="11.4148640726"><ele>367.20</ele><time>2026-08-30T06:23:03Z</time></trkpt><trkpt lat="48.8240229618" lon="11.4148467220"><ele>367.32</ele><time>2026-08-30T06:23:04Z</time></trkpt><trkpt lat="48.8240402285" lon="11.4148276113"><ele>367.38</ele><time>2026-08-30T06:23:05Z</time></trkpt><trkpt lat="48.8240553159" lon="11.4148066565"><ele>367.43</ele><time>2026-08-30T06:23:06Z</time></trkpt><trkpt lat="48.8240700681" lon="11.4147851989"><ele>367.49</ele><time>2026-08-30T06:23:07Z</time></trkpt><trkpt lat="48.8241864089" lon="11.4146120287"><ele>368.21</ele><time>2026-08-30T06:23:15Z</time></trkpt><trkpt lat="48.8243139815" lon="11.4144940954"><ele>369.57</ele><time>2026-08-30T06:23:21Z</time></trkpt><trkpt lat="48.8245028257" lon="11.4143477473"><ele>371.39</ele><time>2026-08-30T06:23:30Z</time></trkpt><trkpt lat="48.8246161491" lon="11.4141417202"><ele>372.14</ele><time>2026-08-30T06:23:37Z</time></trkpt><trkpt lat="48.8247774169" lon="11.4141953643"><ele>372.32</ele><time>2026-08-30T06:23:43Z</time></trkpt><trkpt lat="48.8249080069" lon="11.4141964540"><ele>372.94</ele><time>2026-08-30T06:23:48Z</time></trkpt><trkpt lat="48.8249315601" lon="11.4141639322"><ele>373.05</ele><time>2026-08-30T06:23:49Z</time></trkpt><trkpt lat="48.8249494974" lon="11.4141273871"><ele>373.10</ele><time>2026-08-30T06:23:50Z</time></trkpt><trkpt lat="48.8251104299" lon="11.4137368742"><ele>372.69</ele><time>2026-08-30T06:23:58Z</time></trkpt><trkpt lat="48.8251426164" lon="11.4136873372"><ele>372.53</ele><time>2026-08-30T06:23:59Z</time></trkpt><trkpt lat="48.8251847774" lon="11.4136725850"><ele>372.36</ele><time>2026-08-30T06:24:00Z</time></trkpt><trkpt lat="48.8252261002" lon="11.4136879239"><ele>372.15</ele><time>2026-08-30T06:24:01Z</time></trkpt><trkpt lat="48.8252652436" lon="11.4137154166"><ele>371.92</ele><time>2026-08-30T06:24:02Z</time></trkpt><trkpt lat="48.8253070693" lon="11.4137487765"><ele>371.75</ele><time>2026-08-30T06:24:03Z</time></trkpt><trkpt lat="48.8255171198" lon="11.4139206056"><ele>371.31</ele><time>2026-08-30T06:24:08Z</time></trkpt><trkpt lat="48.8255577721" lon="11.4139396325"><ele>371.21</ele><time>2026-08-30T06:24:09Z</time></trkpt><trkpt lat="48.8256039564" lon="11.4139532112"><ele>371.21</ele><time>2026-08-30T06:24:10Z</time></trkpt><trkpt lat="48.8256520685" lon="11.4139601681"><ele>371.11</ele><time>2026-08-30T06:24:11Z</time></trkpt><trkpt lat="48.8256980851" lon="11.4139561448"><ele>371.07</ele><time>2026-08-30T06:24:12Z</time></trkpt><trkpt lat="48.8257441856" lon="11.4139490202"><ele>371.05</ele><time>2026-08-30T06:24:13Z</time></trkpt><trkpt lat="48.8260977343" lon="11.4138303325"><ele>371.59</ele><time>2026-08-30T06:24:22Z</time></trkpt><trkpt lat="48.8263924420" lon="11.4137113933"><ele>373.60</ele><time>2026-08-30T06:24:32Z</time></trkpt><trkpt lat="48.8266172446" lon="11.4136296697"><ele>375.39</ele><time>2026-08-30T06:24:40Z</time></trkpt><trkpt lat="48.8268544525" lon="11.4136362914"><ele>376.86</ele><time>2026-08-30T06:24:48Z</time></trkpt><trkpt lat="48.8271550275" lon="11.4136295859"><ele>378.35</ele><time>2026-08-30T06:24:58Z</time></trkpt><trkpt lat="48.8274218235" lon="11.4136157557"><ele>379.96</ele><time>2026-08-30T06:25:07Z</time></trkpt><trkpt lat="48.8276985940" lon="11.4135802165"><ele>381.14</ele><time>2026-08-30T06:25:16Z</time></trkpt><trkpt lat="48.8279390708" lon="11.4135745168"><ele>382.43</ele><time>2026-08-30T06:25:24Z</time></trkpt><trkpt lat="48.8281880971" lon="11.4135378879"><ele>383.57</ele><time>2026-08-30T06:25:33Z</time></trkpt><trkpt lat="48.8284030091" lon="11.4133168571"><ele>384.15</ele><time>2026-08-30T06:25:42Z</time></trkpt><trkpt lat="48.8284173422" lon="11.4129106700"><ele>384.60</ele><time>2026-08-30T06:25:50Z</time></trkpt><trkpt lat="48.8284400571" lon="11.4122706279"><ele>384.73</ele><time>2026-08-30T06:26:00Z</time></trkpt><trkpt lat="48.8285239600" lon="11.4116360340"><ele>384.76</ele><time>2026-08-30T06:26:10Z</time></trkpt><trkpt lat="48.8286362775" lon="11.4109933097"><ele>384.76</ele><time>2026-08-30T06:26:20Z</time></trkpt><trkpt lat="48.8287558872" lon="11.4104385115"><ele>383.83</ele><time>2026-08-30T06:26:28Z</time></trkpt><trkpt lat="48.8288023230" lon="11.4101689495"><ele>383.90</ele><time>2026-08-30T06:26:32Z</time></trkpt><trkpt lat="48.8288145605" lon="11.4101082645"><ele>383.95</ele><time>2026-08-30T06:26:33Z</time></trkpt><trkpt lat="48.8288244512" lon="11.4100490883"><ele>384.02</ele><time>2026-08-30T06:26:34Z</time></trkpt><trkpt lat="48.8288463280" lon="11.4098648541"><ele>384.34</ele><time>2026-08-30T06:26:37Z</time></trkpt><trkpt lat="48.8289730623" lon="11.4092771988"><ele>385.56</ele><time>2026-08-30T06:26:47Z</time></trkpt><trkpt lat="48.8291114476" lon="11.4085282758"><ele>386.29</ele><time>2026-08-30T06:27:00Z</time></trkpt><trkpt lat="48.8291763235" lon="11.4081907365"><ele>386.16</ele><time>2026-08-30T06:27:07Z</time></trkpt><trkpt lat="48.8291810174" lon="11.4081854559"><ele>387.13</ele><time>2026-08-30T06:27:16Z</time></trkpt><trkpt lat="48.8291858789" lon="11.4081642497"><ele>387.62</ele><time>2026-08-30T06:27:48Z</time></trkpt><trkpt lat="48.8291823585" lon="11.4081544429"><ele>387.72</ele><time>2026-08-30T06:28:06Z</time></trkpt><trkpt lat="48.8291786704" lon="11.4081583824"><ele>387.91</ele><time>2026-08-30T06:28:36Z</time></trkpt><trkpt lat="48.8291798439" lon="11.4081567898"><ele>387.91</ele><time>2026-08-30T06:28:52Z</time></trkpt><trkpt lat="48.8291646726" lon="11.4081567898"><ele>387.91</ele><time>2026-08-30T06:29:03Z</time></trkpt><trkpt lat="48.8291746471" lon="11.4081497490"><ele>387.91</ele><time>2026-08-30T06:29:11Z</time></trkpt><trkpt lat="48.8291805144" lon="11.4081180654"><ele>387.91</ele><time>2026-08-30T06:29:48Z</time></trkpt><trkpt lat="48.8291824423" lon="11.4081015531"><ele>387.91</ele><time>2026-08-30T06:29:49Z</time></trkpt><trkpt lat="48.8291853759" lon="11.4080809336"><ele>387.91</ele><time>2026-08-30T06:29:50Z</time></trkpt><trkpt lat="48.8291894831" lon="11.4080623258"><ele>387.91</ele><time>2026-08-30T06:29:51Z</time></trkpt><trkpt lat="48.8292160537" lon="11.4078516886"><ele>389.11</ele><time>2026-08-30T06:30:00Z</time></trkpt><trkpt lat="48.8292629085" lon="11.4076609164"><ele>389.26</ele><time>2026-08-30T06:30:08Z</time></trkpt><trkpt lat="48.8292974420" lon="11.4074113872"><ele>388.99</ele><time>2026-08-30T06:30:14Z</time></trkpt><trkpt lat="48.8293607254" lon="11.4070943836"><ele>388.68</ele><time>2026-08-30T06:30:20Z</time></trkpt><trkpt lat="48.8293776568" lon="11.4070331119"><ele>388.57</ele><time>2026-08-30T06:30:21Z</time></trkpt><trkpt lat="48.8293970190" lon="11.4069730137"><ele>388.49</ele><time>2026-08-30T06:30:22Z</time></trkpt><trkpt lat="48.8294219971" lon="11.4069168549"><ele>388.44</ele><time>2026-08-30T06:30:23Z</time></trkpt><trkpt lat="48.8294535130" lon="11.4068728499"><ele>388.42</ele><time>2026-08-30T06:30:24Z</time></trkpt><trkpt lat="48.8294894714" lon="11.4068411663"><ele>388.42</ele><time>2026-08-30T06:30:25Z</time></trkpt><trkpt lat="48.8295277767" lon="11.4068228938"><ele>388.42</ele><time>2026-08-30T06:30:26Z</time></trkpt><trkpt lat="48.8295669202" lon="11.4068167750"><ele>388.48</ele><time>2026-08-30T06:30:27Z</time></trkpt><trkpt lat="48.8296058122" lon="11.4068169426"><ele>388.66</ele><time>2026-08-30T06:30:28Z</time></trkpt><trkpt lat="48.8296442851" lon="11.4068156853"><ele>388.96</ele><time>2026-08-30T06:30:29Z</time></trkpt><trkpt lat="48.8298532460" lon="11.4068197086"><ele>390.74</ele><time>2026-08-30T06:30:36Z</time></trkpt><trkpt lat="48.8299280126" lon="11.4068095665"><ele>391.58</ele><time>2026-08-30T06:30:40Z</time></trkpt><trkpt lat="48.8299211394" lon="11.4067720994"><ele>392.01</ele><time>2026-08-30T06:30:45Z</time></trkpt><trkpt lat="48.8299146853" lon="11.4067795593"><ele>392.03</ele><time>2026-08-30T06:30:46Z</time></trkpt><trkpt lat="48.8299042918" lon="11.4067902882"><ele>392.04</ele><time>2026-08-30T06:30:47Z</time></trkpt><trkpt lat="48.8298870251" lon="11.4067954011"><ele>392.04</ele><time>2026-08-30T06:30:48Z</time></trkpt><trkpt lat="48.8298692554" lon="11.4067957364"><ele>392.00</ele><time>2026-08-30T06:30:49Z</time></trkpt><trkpt lat="48.8298551738" lon="11.4067902043"><ele>391.91</ele><time>2026-08-30T06:30:50Z</time></trkpt><trkpt lat="48.8298456185" lon="11.4067416731"><ele>391.73</ele><time>2026-08-30T06:30:52Z</time></trkpt><trkpt lat="48.8298497256" lon="11.4067142643"><ele>391.69</ele><time>2026-08-30T06:30:53Z</time></trkpt><trkpt lat="48.8298560958" lon="11.4066884480"><ele>391.61</ele><time>2026-08-30T06:30:54Z</time></trkpt><trkpt lat="48.8298816606" lon="11.4065878652"><ele>391.26</ele><time>2026-08-30T06:30:59Z</time></trkpt><trkpt lat="48.8299646415" lon="11.4064840134"><ele>390.97</ele><time>2026-08-30T06:31:06Z</time></trkpt><trkpt lat="48.8300262485" lon="11.4063064009"><ele>391.03</ele><time>2026-08-30T06:31:13Z</time></trkpt><trkpt lat="48.8300286792" lon="11.4060319774"><ele>390.51</ele><time>2026-08-30T06:31:21Z</time></trkpt><trkpt lat="48.8300703373" lon="11.4057951886"><ele>389.57</ele><time>2026-08-30T06:31:28Z</time></trkpt><trkpt lat="48.8300451078" lon="11.4055985492"><ele>388.95</ele><time>2026-08-30T06:31:34Z</time></trkpt><trkpt lat="48.8300450239" lon="11.4054681268"><ele>388.56</ele><time>2026-08-30T06:31:40Z</time></trkpt><trkpt lat="48.8300545793" lon="11.4054403827"><ele>388.53</ele><time>2026-08-30T06:31:41Z</time></trkpt><trkpt lat="48.8300603628" lon="11.4054063521"><ele>388.53</ele><time>2026-08-30T06:31:42Z</time></trkpt><trkpt lat="48.8301179465" lon="11.4052024204"><ele>388.02</ele><time>2026-08-30T06:31:48Z</time></trkpt><trkpt lat="48.8301393203" lon="11.4051362034"><ele>387.85</ele><time>2026-08-30T06:31:50Z</time></trkpt><trkpt lat="48.8301481213" lon="11.4051127341"><ele>387.79</ele><time>2026-08-30T06:31:51Z</time></trkpt><trkpt lat="48.8301663101" lon="11.4051003288"><ele>387.79</ele><time>2026-08-30T06:31:52Z</time></trkpt><trkpt lat="48.8301819004" lon="11.4050803799"><ele>387.80</ele><time>2026-08-30T06:31:53Z</time></trkpt><trkpt lat="48.8301955629" lon="11.4050586708"><ele>387.85</ele><time>2026-08-30T06:31:54Z</time></trkpt><trkpt lat="48.8302155118" lon="11.4050305914"><ele>387.90</ele><time>2026-08-30T06:31:55Z</time></trkpt><trkpt lat="48.8302417472" lon="11.4050096367"><ele>387.93</ele><time>2026-08-30T06:31:56Z</time></trkpt><trkpt lat="48.8302707486" lon="11.4049965609"><ele>387.94</ele><time>2026-08-30T06:31:57Z</time></trkpt><trkpt lat="48.8303040247" lon="11.4049865026"><ele>387.94</ele><time>2026-08-30T06:31:58Z</time></trkpt><trkpt lat="48.8303358760" lon="11.4049725886"><ele>387.88</ele><time>2026-08-30T06:31:59Z</time></trkpt><trkpt lat="48.8303690683" lon="11.4049724210"><ele>387.79</ele><time>2026-08-30T06:32:00Z</time></trkpt><trkpt lat="48.8304001652" lon="11.4049804676"><ele>387.67</ele><time>2026-08-30T06:32:01Z</time></trkpt><trkpt lat="48.8306396361" lon="11.4050757699"><ele>386.99</ele><time>2026-08-30T06:32:08Z</time></trkpt><trkpt lat="48.8308428135" lon="11.4052307513"><ele>386.87</ele><time>2026-08-30T06:32:14Z</time></trkpt><trkpt lat="48.8310438953" lon="11.4053962938"><ele>388.18</ele><time>2026-08-30T06:32:21Z</time></trkpt><trkpt lat="48.8313441351" lon="11.4056174923"><ele>389.64</ele><time>2026-08-30T06:32:30Z</time></trkpt><trkpt lat="48.8314940035" lon="11.4058885630"><ele>390.79</ele><time>2026-08-30T06:32:37Z</time></trkpt><trkpt lat="48.8316583727" lon="11.4060924109"><ele>392.15</ele><time>2026-08-30T06:32:44Z</time></trkpt><trkpt lat="48.8317457959" lon="11.4062924869"><ele>392.63</ele><time>2026-08-30T06:32:50Z</time></trkpt><trkpt lat="48.8319237437" lon="11.4066251647"><ele>393.22</ele><time>2026-08-30T06:32:58Z</time></trkpt><trkpt lat="48.8322725147" lon="11.4069259074"><ele>393.69</ele><time>2026-08-30T06:33:08Z</time></trkpt><trkpt lat="48.8325175177" lon="11.4070687350"><ele>393.71</ele><time>2026-08-30T06:33:15Z</time></trkpt><trkpt lat="48.8326618541" lon="11.4070540667"><ele>393.96</ele><time>2026-08-30T06:33:20Z</time></trkpt><trkpt lat="48.8328672107" lon="11.4070427511"><ele>393.78</ele><time>2026-08-30T06:33:25Z</time></trkpt><trkpt lat="48.8330181688" lon="11.4070319384"><ele>393.59</ele><time>2026-08-30T06:33:28Z</time></trkpt><trkpt lat="48.8331796881" lon="11.4069831558"><ele>393.35</ele><time>2026-08-30T06:33:31Z</time></trkpt><trkpt lat="48.8336038124" lon="11.4068958163"><ele>393.83</ele><time>2026-08-30T06:33:40Z</time></trkpt><trkpt lat="48.8338541798" lon="11.4069203753"><ele>394.74</ele><time>2026-08-30T06:33:47Z</time></trkpt><trkpt lat="48.8340183813" lon="11.4070156775"><ele>394.81</ele><time>2026-08-30T06:33:51Z</time></trkpt><trkpt lat="48.8341059722" lon="11.4070601016"><ele>394.66</ele><time>2026-08-30T06:33:53Z</time></trkpt><trkpt lat="48.8343591057" lon="11.4071921166"><ele>394.89</ele><time>2026-08-30T06:33:59Z</time></trkpt><trkpt lat="48.8344628736" lon="11.4071885124"><ele>395.31</ele><time>2026-08-30T06:34:02Z</time></trkpt><trkpt lat="48.8344919588" lon="11.4071647078"><ele>395.53</ele><time>2026-08-30T06:34:03Z</time></trkpt><trkpt lat="48.8345176075" lon="11.4071243070"><ele>395.75</ele><time>2026-08-30T06:34:04Z</time></trkpt><trkpt lat="48.8345386460" lon="11.4070808049"><ele>395.86</ele><time>2026-08-30T06:34:05Z</time></trkpt><trkpt lat="48.8345568348" lon="11.4070392307"><ele>395.91</ele><time>2026-08-30T06:34:06Z</time></trkpt><trkpt lat="48.8347040210" lon="11.4066373184"><ele>394.92</ele><time>2026-08-30T06:34:13Z</time></trkpt><trkpt lat="48.8347714953" lon="11.4063721150"><ele>395.19</ele><time>2026-08-30T06:34:19Z</time></trkpt><trkpt lat="48.8348196074" lon="11.4060618170"><ele>397.69</ele><time>2026-08-30T06:34:28Z</time></trkpt><trkpt lat="48.8348832261" lon="11.4057381079"><ele>399.65</ele><time>2026-08-30T06:34:38Z</time></trkpt><trkpt lat="48.8350139838" lon="11.4054411370"><ele>401.52</ele><time>2026-08-30T06:34:48Z</time></trkpt><trkpt lat="48.8351326715" lon="11.4051859919"><ele>402.69</ele><time>2026-08-30T06:34:57Z</time></trkpt><trkpt lat="48.8352742419" lon="11.4049213752"><ele>404.42</ele><time>2026-08-30T06:35:07Z</time></trkpt><trkpt lat="48.8354128785" lon="11.4048630372"><ele>404.89</ele><time>2026-08-30T06:35:13Z</time></trkpt><trkpt lat="48.8355893176" lon="11.4046520647"><ele>404.64</ele><time>2026-08-30T06:35:20Z</time></trkpt><trkpt lat="48.8357471488" lon="11.4044685010"><ele>405.10</ele><time>2026-08-30T06:35:27Z</time></trkpt><trkpt lat="48.8358738832" lon="11.4042908046"><ele>406.04</ele><time>2026-08-30T06:35:34Z</time></trkpt><trkpt lat="48.8359680958" lon="11.4040977694"><ele>406.18</ele><time>2026-08-30T06:35:39Z</time></trkpt><trkpt lat="48.8360351510" lon="11.4038410317"><ele>407.05</ele><time>2026-08-30T06:35:46Z</time></trkpt><trkpt lat="48.8361307047" lon="11.4034982119"><ele>409.09</ele><time>2026-08-30T06:35:55Z</time></trkpt><trkpt lat="48.8362184633" lon="11.4031767659"><ele>410.06</ele><time>2026-08-30T06:36:02Z</time></trkpt><trkpt lat="48.8363170344" lon="11.4027558267"><ele>410.58</ele><time>2026-08-30T06:36:10Z</time></trkpt><trkpt lat="48.8364518154" lon="11.4022503141"><ele>411.15</ele><time>2026-08-30T06:36:19Z</time></trkpt><trkpt lat="48.8365113270" lon="11.4018293750"><ele>410.98</ele><time>2026-08-30T06:36:27Z</time></trkpt><trkpt lat="48.8365530688" lon="11.4013001416"><ele>412.81</ele><time>2026-08-30T06:36:41Z</time></trkpt><trkpt lat="48.8365987502" lon="11.4009577408"><ele>414.18</ele><time>2026-08-30T06:36:50Z</time></trkpt><trkpt lat="48.8366537355" lon="11.4004888572"><ele>415.93</ele><time>2026-08-30T06:37:04Z</time></trkpt><trkpt lat="48.8367057033" lon="11.3999815844"><ele>418.26</ele><time>2026-08-30T06:37:19Z</time></trkpt><trkpt lat="48.8367635384" lon="11.3994619902"><ele>420.74</ele><time>2026-08-30T06:37:35Z</time></trkpt><trkpt lat="48.8368130755" lon="11.3990082778"><ele>423.15</ele><time>2026-08-30T06:37:49Z</time></trkpt><trkpt lat="48.8368611038" lon="11.3984892704"><ele>426.20</ele><time>2026-08-30T06:38:05Z</time></trkpt><trkpt lat="48.8369204476" lon="11.3979760464"><ele>429.22</ele><time>2026-08-30T06:38:21Z</time></trkpt><trkpt lat="48.8369683083" lon="11.3975165505"><ele>431.32</ele><time>2026-08-30T06:38:35Z</time></trkpt><trkpt lat="48.8370005786" lon="11.3970642630"><ele>434.04</ele><time>2026-08-30T06:38:49Z</time></trkpt><trkpt lat="48.8370218687" lon="11.3966899272"><ele>435.60</ele><time>2026-08-30T06:39:00Z</time></trkpt><trkpt lat="48.8370424043" lon="11.3962594327"><ele>436.46</ele><time>2026-08-30T06:39:11Z</time></trkpt><trkpt lat="48.8370298315" lon="11.3957508188"><ele>436.85</ele><time>2026-08-30T06:39:22Z</time></trkpt><trkpt lat="48.8369935378" lon="11.3953073323"><ele>436.94</ele><time>2026-08-30T06:39:31Z</time></trkpt><trkpt lat="48.8369287457" lon="11.3949705474"><ele>437.05</ele><time>2026-08-30T06:39:38Z</time></trkpt><trkpt lat="48.8367973175" lon="11.3943931181"><ele>436.20</ele><time>2026-08-30T06:39:47Z</time></trkpt><trkpt lat="48.8367153425" lon="11.3940162677"><ele>435.68</ele><time>2026-08-30T06:39:52Z</time></trkpt><trkpt lat="48.8367041945" lon="11.3939343765"><ele>435.37</ele><time>2026-08-30T06:39:53Z</time></trkpt><trkpt lat="48.8366644643" lon="11.3933285326"><ele>433.21</ele><time>2026-08-30T06:40:00Z</time></trkpt><trkpt lat="48.8366436772" lon="11.3927418832"><ele>431.15</ele><time>2026-08-30T06:40:06Z</time></trkpt><trkpt lat="48.8366520591" lon="11.3926464133"><ele>430.83</ele><time>2026-08-30T06:40:07Z</time></trkpt><trkpt lat="48.8366629556" lon="11.3925470877"><ele>430.49</ele><time>2026-08-30T06:40:08Z</time></trkpt><trkpt lat="48.8367012609" lon="11.3922152482"><ele>429.57</ele><time>2026-08-30T06:40:12Z</time></trkpt><trkpt lat="48.8366843294" lon="11.3921502046"><ele>429.52</ele><time>2026-08-30T06:40:13Z</time></trkpt><trkpt lat="48.8366592675" lon="11.3920954708"><ele>429.54</ele><time>2026-08-30T06:40:14Z</time></trkpt><trkpt lat="48.8366308529" lon="11.3920438383"><ele>429.54</ele><time>2026-08-30T06:40:15Z</time></trkpt><trkpt lat="48.8366001751" lon="11.3919945527"><ele>429.54</ele><time>2026-08-30T06:40:16Z</time></trkpt><trkpt lat="48.8365641329" lon="11.3919451833"><ele>429.52</ele><time>2026-08-30T06:40:17Z</time></trkpt><trkpt lat="48.8365223072" lon="11.3918843307"><ele>429.33</ele><time>2026-08-30T06:40:18Z</time></trkpt><trkpt lat="48.8364800625" lon="11.3918180298"><ele>428.97</ele><time>2026-08-30T06:40:19Z</time></trkpt><trkpt lat="48.8363060541" lon="11.3915097434"><ele>426.41</ele><time>2026-08-30T06:40:23Z</time></trkpt><trkpt lat="48.8362515718" lon="11.3914313726"><ele>425.67</ele><time>2026-08-30T06:40:24Z</time></trkpt><trkpt lat="48.8361990172" lon="11.3913561869"><ele>425.05</ele><time>2026-08-30T06:40:25Z</time></trkpt><trkpt lat="48.8360790722" lon="11.3911908958"><ele>424.08</ele><time>2026-08-30T06:40:27Z</time></trkpt><trkpt lat="48.8360149506" lon="11.3911183085"><ele>423.57</ele><time>2026-08-30T06:40:28Z</time></trkpt><trkpt lat="48.8357196562" lon="11.3908681087"><ele>420.31</ele><time>2026-08-30T06:40:32Z</time></trkpt><trkpt lat="48.8356519304" lon="11.3907935936"><ele>419.31</ele><time>2026-08-30T06:40:33Z</time></trkpt><trkpt lat="48.8354363479" lon="11.3905090280"><ele>415.71</ele><time>2026-08-30T06:40:36Z</time></trkpt><trkpt lat="48.8352190889" lon="11.3902201876"><ele>412.85</ele><time>2026-08-30T06:40:39Z</time></trkpt><trkpt lat="48.8351543806" lon="11.3900946267"><ele>412.33</ele><time>2026-08-30T06:40:40Z</time></trkpt><trkpt lat="48.8348985650" lon="11.3894490525"><ele>409.00</ele><time>2026-08-30T06:40:45Z</time></trkpt><trkpt lat="48.8348749280" lon="11.3893220667"><ele>408.29</ele><time>2026-08-30T06:40:46Z</time></trkpt><trkpt lat="48.8348268997" lon="11.3889311347"><ele>406.96</ele><time>2026-08-30T06:40:49Z</time></trkpt><trkpt lat="48.8348229602" lon="11.3885371014"><ele>406.70</ele><time>2026-08-30T06:40:53Z</time></trkpt><trkpt lat="48.8348484412" lon="11.3884838764"><ele>406.70</ele><time>2026-08-30T06:40:54Z</time></trkpt><trkpt lat="48.8348752633" lon="11.3884459063"><ele>406.84</ele><time>2026-08-30T06:40:55Z</time></trkpt><trkpt lat="48.8349047676" lon="11.3884129655"><ele>407.17</ele><time>2026-08-30T06:40:56Z</time></trkpt><trkpt lat="48.8349374570" lon="11.3883814495"><ele>407.60</ele><time>2026-08-30T06:40:57Z</time></trkpt><trkpt lat="48.8349991478" lon="11.3883137237"><ele>408.18</ele><time>2026-08-30T06:40:59Z</time></trkpt><trkpt lat="48.8352242019" lon="11.3880465925"><ele>409.63</ele><time>2026-08-30T06:41:07Z</time></trkpt><trkpt lat="48.8354392815" lon="11.3876809739"><ele>409.89</ele><time>2026-08-30T06:41:15Z</time></trkpt><trkpt lat="48.8355655968" lon="11.3874575123"><ele>410.45</ele><time>2026-08-30T06:41:21Z</time></trkpt><trkpt lat="48.8357022218" lon="11.3871917222"><ele>411.33</ele><time>2026-08-30T06:41:28Z</time></trkpt><trkpt lat="48.8358137012" lon="11.3869844377"><ele>412.20</ele><time>2026-08-30T06:41:34Z</time></trkpt><trkpt lat="48.8359072432" lon="11.3868606370"><ele>413.48</ele><time>2026-08-30T06:41:40Z</time></trkpt><trkpt lat="48.8360141125" lon="11.3867530134"><ele>415.12</ele><time>2026-08-30T06:41:48Z</time></trkpt><trkpt lat="48.8361097500" lon="11.3866881374"><ele>417.01</ele><time>2026-08-30T06:41:55Z</time></trkpt><trkpt lat="48.8363161962" lon="11.3866313919"><ele>418.80</ele><time>2026-08-30T06:42:05Z</time></trkpt><trkpt lat="48.8364779670" lon="11.3865953498"><ele>419.84</ele><time>2026-08-30T06:42:13Z</time></trkpt><trkpt lat="48.8365835790" lon="11.3865826093"><ele>421.24</ele><time>2026-08-30T06:42:21Z</time></trkpt><trkpt lat="48.8367213774" lon="11.3865412865"><ele>422.66</ele><time>2026-08-30T06:42:30Z</time></trkpt><trkpt lat="48.8368465193" lon="11.3865028974"><ele>424.13</ele><time>2026-08-30T06:42:38Z</time></trkpt><trkpt lat="48.8370154984" lon="11.3864165638"><ele>426.13</ele><time>2026-08-30T06:42:47Z</time></trkpt><trkpt lat="48.8371375389" lon="11.3863113709"><ele>427.84</ele><time>2026-08-30T06:42:55Z</time></trkpt><trkpt lat="48.8372925203" lon="11.3862472493"><ele>429.70</ele><time>2026-08-30T06:43:06Z</time></trkpt><trkpt lat="48.8374434784" lon="11.3861980475"><ele>430.99</ele><time>2026-08-30T06:43:15Z</time></trkpt><trkpt lat="48.8375527784" lon="11.3861589879"><ele>431.91</ele><time>2026-08-30T06:43:22Z</time></trkpt><trkpt lat="48.8377410360" lon="11.3861501869"><ele>433.42</ele><time>2026-08-30T06:43:33Z</time></trkpt><trkpt lat="48.8378684409" lon="11.3861773442"><ele>434.29</ele><time>2026-08-30T06:43:41Z</time></trkpt><trkpt lat="48.8378818519" lon="11.3861781824"><ele>435.00</ele><time>2026-08-30T06:43:49Z</time></trkpt><trkpt lat="48.8378885575" lon="11.3861757517"><ele>435.17</ele><time>2026-08-30T06:44:11Z</time></trkpt><trkpt lat="48.8379180618" lon="11.3861730695"><ele>435.19</ele><time>2026-08-30T06:44:17Z</time></trkpt><trkpt lat="48.8380693551" lon="11.3862226903"><ele>435.95</ele><time>2026-08-30T06:44:26Z</time></trkpt><trkpt lat="48.8381989393" lon="11.3862620853"><ele>436.81</ele><time>2026-08-30T06:44:34Z</time></trkpt><trkpt lat="48.8383309543" lon="11.3863466587"><ele>438.04</ele><time>2026-08-30T06:44:43Z</time></trkpt><trkpt lat="48.8383948244" lon="11.3863741513"><ele>438.89</ele><time>2026-08-30T06:44:49Z</time></trkpt><trkpt lat="48.8384869415" lon="11.3863894902"><ele>439.88</ele><time>2026-08-30T06:44:56Z</time></trkpt><trkpt lat="48.8386232313" lon="11.3863388635"><ele>440.85</ele><time>2026-08-30T06:45:03Z</time></trkpt><trkpt lat="48.8387753628" lon="11.3862550445"><ele>441.89</ele><time>2026-08-30T06:45:10Z</time></trkpt><trkpt lat="48.8389736786" lon="11.3861155696"><ele>443.11</ele><time>2026-08-30T06:45:19Z</time></trkpt><trkpt lat="48.8391458429" lon="11.3859506976"><ele>444.16</ele><time>2026-08-30T06:45:27Z</time></trkpt><trkpt lat="48.8393947016" lon="11.3857165072"><ele>445.26</ele><time>2026-08-30T06:45:38Z</time></trkpt><trkpt lat="48.8396289758" lon="11.3855316862"><ele>446.10</ele><time>2026-08-30T06:45:48Z</time></trkpt><trkpt lat="48.8397578895" lon="11.3854135014"><ele>446.91</ele><time>2026-08-30T06:45:55Z</time></trkpt><trkpt lat="48.8399035670" lon="11.3852774631"><ele>447.64</ele><time>2026-08-30T06:46:02Z</time></trkpt><trkpt lat="48.8400655892" lon="11.3850970007"><ele>448.04</ele><time>2026-08-30T06:46:09Z</time></trkpt><trkpt lat="48.8402160443" lon="11.3848960027"><ele>448.14</ele><time>2026-08-30T06:46:15Z</time></trkpt><trkpt lat="48.8403509092" lon="11.3846903946"><ele>448.13</ele><time>2026-08-30T06:46:21Z</time></trkpt><trkpt lat="48.8405939005" lon="11.3843899034"><ele>448.60</ele><time>2026-08-30T06:46:29Z</time></trkpt><trkpt lat="48.8407825772" lon="11.3841619994"><ele>449.09</ele><time>2026-08-30T06:46:36Z</time></trkpt><trkpt lat="48.8409733493" lon="11.3838959578"><ele>449.11</ele><time>2026-08-30T06:46:43Z</time></trkpt><trkpt lat="48.8411788736" lon="11.3835730869"><ele>448.66</ele><time>2026-08-30T06:46:50Z</time></trkpt><trkpt lat="48.8414655346" lon="11.3831706718"><ele>447.18</ele><time>2026-08-30T06:46:57Z</time></trkpt><trkpt lat="48.8415698055" lon="11.3830428477"><ele>446.59</ele><time>2026-08-30T06:46:59Z</time></trkpt><trkpt lat="48.8419092726" lon="11.3828175422"><ele>444.92</ele><time>2026-08-30T06:47:04Z</time></trkpt><trkpt lat="48.8421932515" lon="11.3827592880"><ele>444.37</ele><time>2026-08-30T06:47:08Z</time></trkpt><trkpt lat="48.8423520885" lon="11.3826724514"><ele>444.56</ele><time>2026-08-30T06:47:11Z</time></trkpt><trkpt lat="48.8423740491" lon="11.3826120179"><ele>444.56</ele><time>2026-08-30T06:47:12Z</time></trkpt><trkpt lat="48.8423796650" lon="11.3825435378"><ele>444.67</ele><time>2026-08-30T06:47:13Z</time></trkpt><trkpt lat="48.8423778210" lon="11.3824703638"><ele>444.70</ele><time>2026-08-30T06:47:14Z</time></trkpt><trkpt lat="48.8423740491" lon="11.3823932502"><ele>444.71</ele><time>2026-08-30T06:47:15Z</time></trkpt><trkpt lat="48.8423453830" lon="11.3818991370"><ele>443.89</ele><time>2026-08-30T06:47:21Z</time></trkpt><trkpt lat="48.8423608057" lon="11.3818142284"><ele>443.75</ele><time>2026-08-30T06:47:22Z</time></trkpt><trkpt lat="48.8423876278" lon="11.3817369472"><ele>443.59</ele><time>2026-08-30T06:47:23Z</time></trkpt><trkpt lat="48.8425525837" lon="11.3813935407"><ele>443.12</ele><time>2026-08-30T06:47:29Z</time></trkpt><trkpt lat="48.8427356444" lon="11.3810425065"><ele>444.90</ele><time>2026-08-30T06:47:37Z</time></trkpt><trkpt lat="48.8427545875" lon="11.3809631299"><ele>445.12</ele><time>2026-08-30T06:47:39Z</time></trkpt><trkpt lat="48.8427566830" lon="11.3809244055"><ele>445.24</ele><time>2026-08-30T06:47:40Z</time></trkpt><trkpt lat="48.8427598681" lon="11.3808868546"><ele>445.40</ele><time>2026-08-30T06:47:41Z</time></trkpt><trkpt lat="48.8427615445" lon="11.3808513153"><ele>445.64</ele><time>2026-08-30T06:47:42Z</time></trkpt><trkpt lat="48.8427600358" lon="11.3808157761"><ele>445.88</ele><time>2026-08-30T06:47:43Z</time></trkpt><trkpt lat="48.8427664060" lon="11.3807747886"><ele>446.10</ele><time>2026-08-30T06:47:44Z</time></trkpt><trkpt lat="48.8427740335" lon="11.3807324599"><ele>446.30</ele><time>2026-08-30T06:47:45Z</time></trkpt><trkpt lat="48.8427763805" lon="11.3806892931"><ele>446.48</ele><time>2026-08-30T06:47:46Z</time></trkpt><trkpt lat="48.8427781407" lon="11.3806426059"><ele>446.63</ele><time>2026-08-30T06:47:47Z</time></trkpt><trkpt lat="48.8427969161" lon="11.3805905543"><ele>446.75</ele><time>2026-08-30T06:47:48Z</time></trkpt><trkpt lat="48.8428029511" lon="11.3805407658"><ele>446.84</ele><time>2026-08-30T06:47:49Z</time></trkpt><trkpt lat="48.8428874407" lon="11.3800354209"><ele>447.63</ele><time>2026-08-30T06:47:59Z</time></trkpt><trkpt lat="48.8429518137" lon="11.3797184173"><ele>449.23</ele><time>2026-08-30T06:48:07Z</time></trkpt><trkpt lat="48.8430415839" lon="11.3792212866"><ele>450.55</ele><time>2026-08-30T06:48:18Z</time></trkpt><trkpt lat="48.8430465292" lon="11.3787718490"><ele>450.78</ele><time>2026-08-30T06:48:26Z</time></trkpt><trkpt lat="48.8430293463" lon="11.3784792367"><ele>450.27</ele><time>2026-08-30T06:48:30Z</time></trkpt><trkpt lat="48.8429650571" lon="11.3781008776"><ele>449.27</ele><time>2026-08-30T06:48:35Z</time></trkpt><trkpt lat="48.8429575972" lon="11.3780258596"><ele>448.93</ele><time>2026-08-30T06:48:36Z</time></trkpt><trkpt lat="48.8429555856" lon="11.3779557869"><ele>448.51</ele><time>2026-08-30T06:48:37Z</time></trkpt><trkpt lat="48.8429487124" lon="11.3778840378"><ele>448.07</ele><time>2026-08-30T06:48:38Z</time></trkpt><trkpt lat="48.8429346308" lon="11.3778067566"><ele>447.65</ele><time>2026-08-30T06:48:39Z</time></trkpt><trkpt lat="48.8428177033" lon="11.3773019984"><ele>445.62</ele><time>2026-08-30T06:48:45Z</time></trkpt><trkpt lat="48.8427263405" lon="11.3770298380"><ele>444.61</ele><time>2026-08-30T06:48:48Z</time></trkpt><trkpt lat="48.8426835090" lon="11.3769384753"><ele>444.26</ele><time>2026-08-30T06:48:49Z</time></trkpt><trkpt lat="48.8425664976" lon="11.3767053746"><ele>442.74</ele><time>2026-08-30T06:48:52Z</time></trkpt><trkpt lat="48.8425262645" lon="11.3766196277"><ele>442.42</ele><time>2026-08-30T06:48:53Z</time></trkpt><trkpt lat="48.8424880430" lon="11.3765351381"><ele>442.00</ele><time>2026-08-30T06:48:54Z</time></trkpt><trkpt lat="48.8424540125" lon="11.3764422666"><ele>441.45</ele><time>2026-08-30T06:48:55Z</time></trkpt><trkpt lat="48.8424350694" lon="11.3763397560"><ele>440.97</ele><time>2026-08-30T06:48:56Z</time></trkpt><trkpt lat="48.8424253464" lon="11.3762345631"><ele>440.73</ele><time>2026-08-30T06:48:57Z</time></trkpt><trkpt lat="48.8424203172" lon="11.3761323038"><ele>440.61</ele><time>2026-08-30T06:48:58Z</time></trkpt><trkpt lat="48.8424178027" lon="11.3760328945"><ele>440.54</ele><time>2026-08-30T06:48:59Z</time></trkpt><trkpt lat="48.8423875440" lon="11.3757225964"><ele>441.59</ele><time>2026-08-30T06:49:03Z</time></trkpt><trkpt lat="48.8423369173" lon="11.3754776772"><ele>443.12</ele><time>2026-08-30T06:49:11Z</time></trkpt><trkpt lat="48.8423193991" lon="11.3751431555"><ele>443.08</ele><time>2026-08-30T06:49:19Z</time></trkpt><trkpt lat="48.8423473109" lon="11.3748186920"><ele>443.42</ele><time>2026-08-30T06:49:26Z</time></trkpt><trkpt lat="48.8424746320" lon="11.3743402530"><ele>444.25</ele><time>2026-08-30T06:49:36Z</time></trkpt><trkpt lat="48.8425358199" lon="11.3739968464"><ele>446.31</ele><time>2026-08-30T06:49:44Z</time></trkpt><trkpt lat="48.8426027074" lon="11.3736423757"><ele>447.69</ele><time>2026-08-30T06:49:53Z</time></trkpt><trkpt lat="48.8426771387" lon="11.3734551240"><ele>448.91</ele><time>2026-08-30T06:50:00Z</time></trkpt><trkpt lat="48.8427583594" lon="11.3733552117"><ele>450.28</ele><time>2026-08-30T06:50:06Z</time></trkpt><trkpt lat="48.8428826630" lon="11.3732286450"><ele>452.57</ele><time>2026-08-30T06:50:15Z</time></trkpt><trkpt lat="48.8430218864" lon="11.3730812073"><ele>453.32</ele><time>2026-08-30T06:50:21Z</time></trkpt><trkpt lat="48.8430263288" lon="11.3730391301"><ele>453.33</ele><time>2026-08-30T06:50:22Z</time></trkpt><trkpt lat="48.8429660629" lon="11.3727707416"><ele>452.31</ele><time>2026-08-30T06:50:28Z</time></trkpt><trkpt lat="48.8429120835" lon="11.3726068754"><ele>451.64</ele><time>2026-08-30T06:50:31Z</time></trkpt><trkpt lat="48.8427469600" lon="11.3720506523"><ele>449.52</ele><time>2026-08-30T06:50:39Z</time></trkpt><trkpt lat="48.8426081557" lon="11.3715717103"><ele>448.33</ele><time>2026-08-30T06:50:45Z</time></trkpt><trkpt lat="48.8422795013" lon="11.3709445763"><ele>445.51</ele><time>2026-08-30T06:50:53Z</time></trkpt><trkpt lat="48.8421329018" lon="11.3706811331"><ele>444.34</ele><time>2026-08-30T06:50:57Z</time></trkpt><trkpt lat="48.8421282917" lon="11.3706206158"><ele>444.29</ele><time>2026-08-30T06:50:58Z</time></trkpt><trkpt lat="48.8421444688" lon="11.3705766946"><ele>444.26</ele><time>2026-08-30T06:50:59Z</time></trkpt><trkpt lat="48.8421702012" lon="11.3705612719"><ele>444.29</ele><time>2026-08-30T06:51:00Z</time></trkpt><trkpt lat="48.8421898987" lon="11.3705572486"><ele>444.37</ele><time>2026-08-30T06:51:01Z</time></trkpt><trkpt lat="48.8422620669" lon="11.3705631997"><ele>445.40</ele><time>2026-08-30T06:51:06Z</time></trkpt><trkpt lat="48.8422836922" lon="11.3705626130"><ele>445.60</ele><time>2026-08-30T06:51:07Z</time></trkpt><trkpt lat="48.8423752226" lon="11.3705492858"><ele>446.35</ele><time>2026-08-30T06:51:12Z</time></trkpt><trkpt lat="48.8423794974" lon="11.3705349527"><ele>446.53</ele><time>2026-08-30T06:51:13Z</time></trkpt><trkpt lat="48.8423453830" lon="11.3705479447"><ele>446.95</ele><time>2026-08-30T06:51:17Z</time></trkpt><trkpt lat="48.8423502445" lon="11.3705906924"><ele>446.66</ele><time>2026-08-30T06:51:22Z</time></trkpt><trkpt lat="48.8423723727" lon="11.3705593441"><ele>447.12</ele><time>2026-08-30T06:51:47Z</time></trkpt><trkpt lat="48.8423846941" lon="11.3705442566"><ele>447.22</ele><time>2026-08-30T06:52:05Z</time></trkpt><trkpt lat="48.8424200658" lon="11.3705261517"><ele>447.37</ele><time>2026-08-30T06:52:10Z</time></trkpt><trkpt lat="48.8424353208" lon="11.3705295883"><ele>447.42</ele><time>2026-08-30T06:52:11Z</time></trkpt><trkpt lat="48.8424499054" lon="11.3705290854"><ele>447.50</ele><time>2026-08-30T06:52:12Z</time></trkpt><trkpt lat="48.8424673397" lon="11.3705289178"><ele>447.62</ele><time>2026-08-30T06:52:13Z</time></trkpt><trkpt lat="48.8424865343" lon="11.3705295045"><ele>447.74</ele><time>2026-08-30T06:52:14Z</time></trkpt><trkpt lat="48.8425061479" lon="11.3705340307"><ele>447.85</ele><time>2026-08-30T06:52:15Z</time></trkpt><trkpt lat="48.8425283600" lon="11.3705383055"><ele>447.95</ele><time>2026-08-30T06:52:16Z</time></trkpt><trkpt lat="48.8426926453" lon="11.3705449272"><ele>449.05</ele><time>2026-08-30T06:52:24Z</time></trkpt><trkpt lat="48.8428284321" lon="11.3705083821"><ele>450.49</ele><time>2026-08-30T06:52:31Z</time></trkpt><trkpt lat="48.8429241534" lon="11.3705032691"><ele>451.73</ele><time>2026-08-30T06:52:38Z</time></trkpt><trkpt lat="48.8429382350" lon="11.3704977371"><ele>451.59</ele><time>2026-08-30T06:52:49Z</time></trkpt><trkpt lat="48.8429854251" lon="11.3704909477"><ele>452.18</ele><time>2026-08-30T06:53:39Z</time></trkpt><trkpt lat="48.8430224732" lon="11.3704828173"><ele>452.94</ele><time>2026-08-30T06:53:47Z</time></trkpt><trkpt lat="48.8430382311" lon="11.3704797160"><ele>452.94</ele><time>2026-08-30T06:53:48Z</time></trkpt><trkpt lat="48.8430557493" lon="11.3704761118"><ele>452.94</ele><time>2026-08-30T06:53:49Z</time></trkpt><trkpt lat="48.8430704176" lon="11.3704726752"><ele>452.96</ele><time>2026-08-30T06:53:50Z</time></trkpt><trkpt lat="48.8430907018" lon="11.3704641256"><ele>453.03</ele><time>2026-08-30T06:53:51Z</time></trkpt><trkpt lat="48.8431137521" lon="11.3704563305"><ele>453.11</ele><time>2026-08-30T06:53:52Z</time></trkpt><trkpt lat="48.8431362994" lon="11.3704502955"><ele>453.21</ele><time>2026-08-30T06:53:53Z</time></trkpt><trkpt lat="48.8431548234" lon="11.3704476971"><ele>453.35</ele><time>2026-08-30T06:53:54Z</time></trkpt><trkpt lat="48.8431729283" lon="11.3704495411"><ele>453.51</ele><time>2026-08-30T06:53:55Z</time></trkpt><trkpt lat="48.8431896083" lon="11.3704474457"><ele>453.70</ele><time>2026-08-30T06:53:56Z</time></trkpt><trkpt lat="48.8432060368" lon="11.3704430871"><ele>453.91</ele><time>2026-08-30T06:53:57Z</time></trkpt><trkpt lat="48.8432559092" lon="11.3704210427"><ele>454.47</ele><time>2026-08-30T06:54:01Z</time></trkpt><trkpt lat="48.8432633691" lon="11.3704073802"><ele>454.67</ele><time>2026-08-30T06:54:02Z</time></trkpt><trkpt lat="48.8432706613" lon="11.3703909516"><ele>454.88</ele><time>2026-08-30T06:54:03Z</time></trkpt><trkpt lat="48.8432823122" lon="11.3703701645"><ele>455.09</ele><time>2026-08-30T06:54:04Z</time></trkpt><trkpt lat="48.8432913646" lon="11.3703456055"><ele>455.23</ele><time>2026-08-30T06:54:05Z</time></trkpt><trkpt lat="48.8433778659" lon="11.3700434379"><ele>455.48</ele><time>2026-08-30T06:54:13Z</time></trkpt><trkpt lat="48.8434548955" lon="11.3697403483"><ele>455.23</ele><time>2026-08-30T06:54:20Z</time></trkpt><trkpt lat="48.8435004093" lon="11.3694725465"><ele>454.78</ele><time>2026-08-30T06:54:25Z</time></trkpt><trkpt lat="48.8435197715" lon="11.3693085965"><ele>454.67</ele><time>2026-08-30T06:54:28Z</time></trkpt><trkpt lat="48.8435296621" lon="11.3692475762"><ele>454.55</ele><time>2026-08-30T06:54:29Z</time></trkpt><trkpt lat="48.8435357809" lon="11.3691942673"><ele>454.37</ele><time>2026-08-30T06:54:30Z</time></trkpt><trkpt lat="48.8435434084" lon="11.3691428863"><ele>454.14</ele><time>2026-08-30T06:54:31Z</time></trkpt><trkpt lat="48.8435478508" lon="11.3690963667"><ele>454.09</ele><time>2026-08-30T06:54:32Z</time></trkpt><trkpt lat="48.8435501978" lon="11.3690650184"><ele>454.08</ele><time>2026-08-30T06:54:33Z</time></trkpt><trkpt lat="48.8435598370" lon="11.3690039981"><ele>454.60</ele><time>2026-08-30T06:54:40Z</time></trkpt><trkpt lat="48.8435571548" lon="11.3689973764"><ele>454.58</ele><time>2026-08-30T06:54:56Z</time></trkpt><trkpt lat="48.8435445819" lon="11.3689782657"><ele>454.72</ele><time>2026-08-30T06:55:20Z</time></trkpt><trkpt lat="48.8435471803" lon="11.3689636812"><ele>454.79</ele><time>2026-08-30T06:55:32Z</time></trkpt><trkpt lat="48.8435811270" lon="11.3689002302"><ele>455.10</ele><time>2026-08-30T06:55:39Z</time></trkpt><trkpt lat="48.8435857370" lon="11.3688734919"><ele>455.13</ele><time>2026-08-30T06:55:40Z</time></trkpt><trkpt lat="48.8435928617" lon="11.3688487653"><ele>455.15</ele><time>2026-08-30T06:55:41Z</time></trkpt><trkpt lat="48.8436027523" lon="11.3688259665"><ele>455.15</ele><time>2026-08-30T06:55:42Z</time></trkpt><trkpt lat="48.8436171692" lon="11.3687982224"><ele>455.05</ele><time>2026-08-30T06:55:43Z</time></trkpt><trkpt lat="48.8436318375" lon="11.3687665388"><ele>454.97</ele><time>2026-08-30T06:55:44Z</time></trkpt><trkpt lat="48.8436480146" lon="11.3687351067"><ele>454.88</ele><time>2026-08-30T06:55:45Z</time></trkpt><trkpt lat="48.8436689693" lon="11.3686977234"><ele>454.76</ele><time>2026-08-30T06:55:46Z</time></trkpt><trkpt lat="48.8436846435" lon="11.3686545566"><ele>454.63</ele><time>2026-08-30T06:55:47Z</time></trkpt><trkpt lat="48.8436991442" lon="11.3686097134"><ele>454.53</ele><time>2026-08-30T06:55:48Z</time></trkpt><trkpt lat="48.8437924348" lon="11.3683266565"><ele>454.47</ele><time>2026-08-30T06:55:54Z</time></trkpt><trkpt lat="48.8438703865" lon="11.3680553343"><ele>454.76</ele><time>2026-08-30T06:56:00Z</time></trkpt><trkpt lat="48.8439396210" lon="11.3677359000"><ele>454.40</ele><time>2026-08-30T06:56:06Z</time></trkpt><trkpt lat="48.8440164831" lon="11.3673837762"><ele>453.71</ele><time>2026-08-30T06:56:12Z</time></trkpt><trkpt lat="48.8440679479" lon="11.3671831135"><ele>453.01</ele><time>2026-08-30T06:56:15Z</time></trkpt><trkpt lat="48.8440841250" lon="11.3671132084"><ele>452.79</ele><time>2026-08-30T06:56:16Z</time></trkpt><trkpt lat="48.8440951053" lon="11.3670390286"><ele>452.60</ele><time>2026-08-30T06:56:17Z</time></trkpt><trkpt lat="48.8441058341" lon="11.3669568859"><ele>452.44</ele><time>2026-08-30T06:56:18Z</time></trkpt><trkpt lat="48.8441227656" lon="11.3668708876"><ele>452.26</ele><time>2026-08-30T06:56:19Z</time></trkpt><trkpt lat="48.8441407867" lon="11.3667929359"><ele>452.10</ele><time>2026-08-30T06:56:20Z</time></trkpt><trkpt lat="48.8442132063" lon="11.3665651996"><ele>452.24</ele><time>2026-08-30T06:56:24Z</time></trkpt><trkpt lat="48.8442298025" lon="11.3665119745"><ele>452.48</ele><time>2026-08-30T06:56:25Z</time></trkpt><trkpt lat="48.8442463148" lon="11.3664631080"><ele>452.70</ele><time>2026-08-30T06:56:26Z</time></trkpt><trkpt lat="48.8442677725" lon="11.3664122298"><ele>452.94</ele><time>2026-08-30T06:56:27Z</time></trkpt><trkpt lat="48.8442819379" lon="11.3663637824"><ele>453.21</ele><time>2026-08-30T06:56:28Z</time></trkpt><trkpt lat="48.8443048205" lon="11.3663221244"><ele>453.50</ele><time>2026-08-30T06:56:29Z</time></trkpt><trkpt lat="48.8443194889" lon="11.3662840705"><ele>453.73</ele><time>2026-08-30T06:56:30Z</time></trkpt><trkpt lat="48.8443328161" lon="11.3662378024"><ele>454.08</ele><time>2026-08-30T06:56:31Z</time></trkpt><trkpt lat="48.8443520945" lon="11.3661950547"><ele>454.32</ele><time>2026-08-30T06:56:32Z</time></trkpt><trkpt lat="48.8444688544" lon="11.3658762071"><ele>455.53</ele><time>2026-08-30T06:56:39Z</time></trkpt><trkpt lat="48.8445024658" lon="11.3657959923"><ele>455.73</ele><time>2026-08-30T06:56:41Z</time></trkpt><trkpt lat="48.8445198163" lon="11.3657575194"><ele>455.81</ele><time>2026-08-30T06:56:42Z</time></trkpt><trkpt lat="48.8445366640" lon="11.3657172862"><ele>455.89</ele><time>2026-08-30T06:56:43Z</time></trkpt><trkpt lat="48.8445497397" lon="11.3656740356"><ele>456.00</ele><time>2026-08-30T06:56:44Z</time></trkpt><trkpt lat="48.8445683476" lon="11.3656311203"><ele>456.15</ele><time>2026-08-30T06:56:45Z</time></trkpt><trkpt lat="48.8445842732" lon="11.3655851036"><ele>456.31</ele><time>2026-08-30T06:56:46Z</time></trkpt><trkpt lat="48.8445982710" lon="11.3655404281"><ele>456.45</ele><time>2026-08-30T06:56:47Z</time></trkpt><trkpt lat="48.8446184713" lon="11.3654975966"><ele>456.59</ele><time>2026-08-30T06:56:48Z</time></trkpt><trkpt lat="48.8446416892" lon="11.3654641528"><ele>456.71</ele><time>2026-08-30T06:56:49Z</time></trkpt><trkpt lat="48.8446593750" lon="11.3654182199"><ele>456.80</ele><time>2026-08-30T06:56:50Z</time></trkpt><trkpt lat="48.8446713611" lon="11.3653732091"><ele>456.86</ele><time>2026-08-30T06:56:51Z</time></trkpt><trkpt lat="48.8446855266" lon="11.3653313834"><ele>456.91</ele><time>2026-08-30T06:56:52Z</time></trkpt><trkpt lat="48.8446996920" lon="11.3652952574"><ele>456.96</ele><time>2026-08-30T06:56:53Z</time></trkpt><trkpt lat="48.8447606284" lon="11.3651173934"><ele>457.12</ele><time>2026-08-30T06:56:57Z</time></trkpt><trkpt lat="48.8447679207" lon="11.3650646713"><ele>457.16</ele><time>2026-08-30T06:56:58Z</time></trkpt><trkpt lat="48.8449177891" lon="11.3645525370"><ele>457.73</ele><time>2026-08-30T06:57:08Z</time></trkpt><trkpt lat="48.8450197130" lon="11.3642218709"><ele>458.05</ele><time>2026-08-30T06:57:15Z</time></trkpt><trkpt lat="48.8450721838" lon="11.3638870977"><ele>457.90</ele><time>2026-08-30T06:57:21Z</time></trkpt><trkpt lat="48.8451300189" lon="11.3635716029"><ele>457.57</ele><time>2026-08-30T06:57:27Z</time></trkpt><trkpt lat="48.8452455215" lon="11.3632473070"><ele>456.91</ele><time>2026-08-30T06:57:33Z</time></trkpt><trkpt lat="48.8453705795" lon="11.3629219215"><ele>456.52</ele><time>2026-08-30T06:57:39Z</time></trkpt><trkpt lat="48.8454134949" lon="11.3628927525"><ele>456.93</ele><time>2026-08-30T06:57:41Z</time></trkpt><trkpt lat="48.8454393111" lon="11.3628867175"><ele>457.11</ele><time>2026-08-30T06:57:42Z</time></trkpt><trkpt lat="48.8454578351" lon="11.3628800120"><ele>457.46</ele><time>2026-08-30T06:57:43Z</time></trkpt><trkpt lat="48.8454844058" lon="11.3628769945"><ele>457.67</ele><time>2026-08-30T06:57:44Z</time></trkpt><trkpt lat="48.8455043547" lon="11.3628631644"><ele>457.88</ele><time>2026-08-30T06:57:45Z</time></trkpt><trkpt lat="48.8455230463" lon="11.3628556207"><ele>458.09</ele><time>2026-08-30T06:57:46Z</time></trkpt><trkpt lat="48.8455403969" lon="11.3628580514"><ele>458.24</ele><time>2026-08-30T06:57:47Z</time></trkpt><trkpt lat="48.8455600943" lon="11.3628559560"><ele>458.38</ele><time>2026-08-30T06:57:48Z</time></trkpt><trkpt lat="48.8455818035" lon="11.3628533576"><ele>458.53</ele><time>2026-08-30T06:57:49Z</time></trkpt><trkpt lat="48.8456294127" lon="11.3628484961"><ele>458.82</ele><time>2026-08-30T06:57:51Z</time></trkpt><trkpt lat="48.8457056880" lon="11.3628296368"><ele>459.71</ele><time>2026-08-30T06:57:55Z</time></trkpt><trkpt lat="48.8457257207" lon="11.3628244400"><ele>459.94</ele><time>2026-08-30T06:57:56Z</time></trkpt><trkpt lat="48.8457436580" lon="11.3628264517"><ele>460.16</ele><time>2026-08-30T06:57:57Z</time></trkpt><trkpt lat="48.8457655348" lon="11.3628297206"><ele>460.37</ele><time>2026-08-30T06:57:58Z</time></trkpt><trkpt lat="48.8457879145" lon="11.3628303912"><ele>460.58</ele><time>2026-08-30T06:57:59Z</time></trkpt><trkpt lat="48.8459244557" lon="11.3628219254"><ele>462.02</ele><time>2026-08-30T06:58:06Z</time></trkpt><trkpt lat="48.8460941054" lon="11.3628081791"><ele>463.47</ele><time>2026-08-30T06:58:13Z</time></trkpt><trkpt lat="48.8462386932" lon="11.3627892360"><ele>464.20</ele><time>2026-08-30T06:58:19Z</time></trkpt><trkpt lat="48.8463573810" lon="11.3627880625"><ele>465.01</ele><time>2026-08-30T06:58:25Z</time></trkpt><trkpt lat="48.8464795891" lon="11.3627835363"><ele>465.62</ele><time>2026-08-30T06:58:31Z</time></trkpt><trkpt lat="48.8465792499" lon="11.3627705444"><ele>466.24</ele><time>2026-08-30T06:58:38Z</time></trkpt><trkpt lat="48.8466131128" lon="11.3627586421"><ele>466.36</ele><time>2026-08-30T06:58:40Z</time></trkpt><trkpt lat="48.8466311339" lon="11.3627428841"><ele>466.43</ele><time>2026-08-30T06:58:41Z</time></trkpt><trkpt lat="48.8466496579" lon="11.3627268746"><ele>466.49</ele><time>2026-08-30T06:58:42Z</time></trkpt><trkpt lat="48.8466718700" lon="11.3627074286"><ele>466.52</ele><time>2026-08-30T06:58:43Z</time></trkpt><trkpt lat="48.8466955908" lon="11.3626846299"><ele>466.54</ele><time>2026-08-30T06:58:44Z</time></trkpt><trkpt lat="48.8468986005" lon="11.3625355158"><ele>465.16</ele><time>2026-08-30T06:58:50Z</time></trkpt><trkpt lat="48.8469533343" lon="11.3625257928"><ele>464.64</ele><time>2026-08-30T06:58:51Z</time></trkpt><trkpt lat="48.8470049668" lon="11.3625210989"><ele>464.06</ele><time>2026-08-30T06:58:52Z</time></trkpt><trkpt lat="48.8471314497" lon="11.3625107892"><ele>462.97</ele><time>2026-08-30T06:58:54Z</time></trkpt><trkpt lat="48.8472029474" lon="11.3625190873"><ele>462.06</ele><time>2026-08-30T06:58:55Z</time></trkpt><trkpt lat="48.8472643029" lon="11.3625311572"><ele>462.06</ele><time>2026-08-30T06:58:56Z</time></trkpt><trkpt lat="48.8473954797" lon="11.3625574764"><ele>460.83</ele><time>2026-08-30T06:58:58Z</time></trkpt><trkpt lat="48.8477543090" lon="11.3626951072"><ele>458.31</ele><time>2026-08-30T06:59:03Z</time></trkpt><trkpt lat="48.8480907585" lon="11.3628416229"><ele>456.01</ele><time>2026-08-30T06:59:07Z</time></trkpt><trkpt lat="48.8481848035" lon="11.3628919143"><ele>455.45</ele><time>2026-08-30T06:59:08Z</time></trkpt><trkpt lat="48.8486376777" lon="11.3631829340"><ele>454.01</ele><time>2026-08-30T06:59:14Z</time></trkpt><trkpt lat="48.8487181440" lon="11.3632071577"><ele>453.88</ele><time>2026-08-30T06:59:15Z</time></trkpt><trkpt lat="48.8487950899" lon="11.3632167969"><ele>453.69</ele><time>2026-08-30T06:59:16Z</time></trkpt><trkpt lat="48.8488787413" lon="11.3632073253"><ele>453.49</ele><time>2026-08-30T06:59:17Z</time></trkpt><trkpt lat="48.8489448745" lon="11.3631682657"><ele>453.34</ele><time>2026-08-30T06:59:18Z</time></trkpt><trkpt lat="48.8489898015" lon="11.3631143700"><ele>453.22</ele><time>2026-08-30T06:59:19Z</time></trkpt><trkpt lat="48.8490329683" lon="11.3630540203"><ele>453.22</ele><time>2026-08-30T06:59:20Z</time></trkpt><trkpt lat="48.8490617182" lon="11.3629930001"><ele>453.30</ele><time>2026-08-30T06:59:21Z</time></trkpt><trkpt lat="48.8490822539" lon="11.3629308902"><ele>453.47</ele><time>2026-08-30T06:59:22Z</time></trkpt><trkpt lat="48.8490953296" lon="11.3628754020"><ele>453.63</ele><time>2026-08-30T06:59:23Z</time></trkpt><trkpt lat="48.8491031248" lon="11.3628246915"><ele>453.76</ele><time>2026-08-30T06:59:24Z</time></trkpt><trkpt lat="48.8490895461" lon="11.3624869846"><ele>455.67</ele><time>2026-08-30T06:59:31Z</time></trkpt><trkpt lat="48.8490489777" lon="11.3622295763"><ele>457.05</ele><time>2026-08-30T06:59:37Z</time></trkpt><trkpt lat="48.8488948345" lon="11.3619725034"><ele>458.07</ele><time>2026-08-30T06:59:44Z</time></trkpt><trkpt lat="48.8485830277" lon="11.3616358023"><ele>458.06</ele><time>2026-08-30T06:59:54Z</time></trkpt><trkpt lat="48.8482702151" lon="11.3613253366"><ele>458.25</ele><time>2026-08-30T07:00:04Z</time></trkpt><trkpt lat="48.8481291477" lon="11.3611359056"><ele>458.31</ele><time>2026-08-30T07:00:10Z</time></trkpt><trkpt lat="48.8480619248" lon="11.3610630669"><ele>457.97</ele><time>2026-08-30T07:00:12Z</time></trkpt><trkpt lat="48.8480263855" lon="11.3610299584"><ele>457.76</ele><time>2026-08-30T07:00:13Z</time></trkpt><trkpt lat="48.8479998987" lon="11.3609994482"><ele>457.50</ele><time>2026-08-30T07:00:14Z</time></trkpt><trkpt lat="48.8479584083" lon="11.3609747216"><ele>457.17</ele><time>2026-08-30T07:00:15Z</time></trkpt><trkpt lat="48.8479153253" lon="11.3609515037"><ele>456.73</ele><time>2026-08-30T07:00:16Z</time></trkpt><trkpt lat="48.8478675485" lon="11.3609282859"><ele>456.13</ele><time>2026-08-30T07:00:17Z</time></trkpt><trkpt lat="48.8478135690" lon="11.3609027211"><ele>455.39</ele><time>2026-08-30T07:00:18Z</time></trkpt><trkpt lat="48.8477036823" lon="11.3608445507"><ele>454.03</ele><time>2026-08-30T07:00:20Z</time></trkpt><trkpt lat="48.8475974835" lon="11.3607886434"><ele>453.56</ele><time>2026-08-30T07:00:22Z</time></trkpt><trkpt lat="48.8474905305" lon="11.3607544452"><ele>453.61</ele><time>2026-08-30T07:00:24Z</time></trkpt><trkpt lat="48.8474373892" lon="11.3607304730"><ele>453.79</ele><time>2026-08-30T07:00:25Z</time></trkpt><trkpt lat="48.8471829984" lon="11.3606391940"><ele>454.39</ele><time>2026-08-30T07:00:29Z</time></trkpt><trkpt lat="48.8469023723" lon="11.3605918363"><ele>453.71</ele><time>2026-08-30T07:00:33Z</time></trkpt><trkpt lat="48.8468462974" lon="11.3605671097"><ele>453.35</ele><time>2026-08-30T07:00:34Z</time></trkpt><trkpt lat="48.8467957545" lon="11.3605162315"><ele>453.11</ele><time>2026-08-30T07:00:35Z</time></trkpt><trkpt lat="48.8467663340" lon="11.3604516909"><ele>452.90</ele><time>2026-08-30T07:00:36Z</time></trkpt><trkpt lat="48.8467485644" lon="11.3603745773"><ele>452.79</ele><time>2026-08-30T07:00:37Z</time></trkpt><trkpt lat="48.8467353210" lon="11.3603052590"><ele>452.74</ele><time>2026-08-30T07:00:38Z</time></trkpt><trkpt lat="48.8467268553" lon="11.3601268921"><ele>454.03</ele><time>2026-08-30T07:00:43Z</time></trkpt><trkpt lat="48.8467825111" lon="11.3598479424"><ele>455.78</ele><time>2026-08-30T07:00:50Z</time></trkpt><trkpt lat="48.8467866182" lon="11.3593710121"><ele>456.74</ele><time>2026-08-30T07:00:59Z</time></trkpt><trkpt lat="48.8467492349" lon="11.3589599635"><ele>457.99</ele><time>2026-08-30T07:01:10Z</time></trkpt><trkpt lat="48.8467190601" lon="11.3585504238"><ele>460.53</ele><time>2026-08-30T07:01:22Z</time></trkpt><trkpt lat="48.8466940820" lon="11.3583449833"><ele>461.89</ele><time>2026-08-30T07:01:29Z</time></trkpt><trkpt lat="48.8466760609" lon="11.3581410516"><ele>463.31</ele><time>2026-08-30T07:01:36Z</time></trkpt><trkpt lat="48.8466631528" lon="11.3579694740"><ele>464.56</ele><time>2026-08-30T07:01:42Z</time></trkpt><trkpt lat="48.8466422819" lon="11.3576794602"><ele>465.56</ele><time>2026-08-30T07:01:51Z</time></trkpt><trkpt lat="48.8466447126" lon="11.3575064577"><ele>465.89</ele><time>2026-08-30T07:01:56Z</time></trkpt><trkpt lat="48.8466479816" lon="11.3574781269"><ele>466.03</ele><time>2026-08-30T07:01:57Z</time></trkpt><trkpt lat="48.8466407731" lon="11.3572735246"><ele>466.86</ele><time>2026-08-30T07:02:04Z</time></trkpt><trkpt lat="48.8466109335" lon="11.3569826726"><ele>467.70</ele><time>2026-08-30T07:02:12Z</time></trkpt><trkpt lat="48.8465567864" lon="11.3566814270"><ele>467.95</ele><time>2026-08-30T07:02:19Z</time></trkpt><trkpt lat="48.8465261087" lon="11.3563547842"><ele>468.17</ele><time>2026-08-30T07:02:26Z</time></trkpt><trkpt lat="48.8464777451" lon="11.3560325839"><ele>468.78</ele><time>2026-08-30T07:02:33Z</time></trkpt><trkpt lat="48.8463733066" lon="11.3557519577"><ele>468.88</ele><time>2026-08-30T07:02:39Z</time></trkpt><trkpt lat="48.8463044912" lon="11.3554213755"><ele>468.35</ele><time>2026-08-30T07:02:45Z</time></trkpt><trkpt lat="48.8462185767" lon="11.3550156076"><ele>467.81</ele><time>2026-08-30T07:02:52Z</time></trkpt><trkpt lat="48.8461648487" lon="11.3547876198"><ele>467.53</ele><time>2026-08-30T07:02:56Z</time></trkpt><trkpt lat="48.8461281359" lon="11.3546639867"><ele>467.32</ele><time>2026-08-30T07:02:58Z</time></trkpt><trkpt lat="48.8460927643" lon="11.3545216620"><ele>466.99</ele><time>2026-08-30T07:03:00Z</time></trkpt><trkpt lat="48.8460142259" lon="11.3543593884"><ele>466.62</ele><time>2026-08-30T07:03:02Z</time></trkpt><trkpt lat="48.8459646050" lon="11.3542833645"><ele>466.25</ele><time>2026-08-30T07:03:03Z</time></trkpt><trkpt lat="48.8459154870" lon="11.3542070892"><ele>465.70</ele><time>2026-08-30T07:03:04Z</time></trkpt><trkpt lat="48.8458735775" lon="11.3541247789"><ele>465.02</ele><time>2026-08-30T07:03:05Z</time></trkpt><trkpt lat="48.8458403014" lon="11.3540450670"><ele>464.30</ele><time>2026-08-30T07:03:06Z</time></trkpt><trkpt lat="48.8458177540" lon="11.3539666962"><ele>463.64</ele><time>2026-08-30T07:03:07Z</time></trkpt><trkpt lat="48.8457913511" lon="11.3538913429"><ele>463.19</ele><time>2026-08-30T07:03:08Z</time></trkpt><trkpt lat="48.8457635231" lon="11.3538217731"><ele>462.96</ele><time>2026-08-30T07:03:09Z</time></trkpt><trkpt lat="48.8457431551" lon="11.3537677936"><ele>462.83</ele><time>2026-08-30T07:03:10Z</time></trkpt><trkpt lat="48.8457279839" lon="11.3537113834"><ele>462.75</ele><time>2026-08-30T07:03:11Z</time></trkpt><trkpt lat="48.8457133155" lon="11.3536479324"><ele>462.73</ele><time>2026-08-30T07:03:12Z</time></trkpt><trkpt lat="48.8456970546" lon="11.3535857387"><ele>462.72</ele><time>2026-08-30T07:03:13Z</time></trkpt><trkpt lat="48.8456842303" lon="11.3535320107"><ele>462.72</ele><time>2026-08-30T07:03:14Z</time></trkpt><trkpt lat="48.8455869164" lon="11.3532164320"><ele>462.60</ele><time>2026-08-30T07:03:19Z</time></trkpt><trkpt lat="48.8453984912" lon="11.3528753724"><ele>462.74</ele><time>2026-08-30T07:03:25Z</time></trkpt><trkpt lat="48.8451531529" lon="11.3524805009"><ele>461.16</ele><time>2026-08-30T07:03:30Z</time></trkpt><trkpt lat="48.8447590359" lon="11.3519816939"><ele>458.67</ele><time>2026-08-30T07:03:37Z</time></trkpt><trkpt lat="48.8444020506" lon="11.3515718188"><ele>455.41</ele><time>2026-08-30T07:03:42Z</time></trkpt><trkpt lat="48.8442416210" lon="11.3513551466"><ele>454.02</ele><time>2026-08-30T07:03:44Z</time></trkpt><trkpt lat="48.8441624958" lon="11.3512385543"><ele>452.54</ele><time>2026-08-30T07:03:45Z</time></trkpt><trkpt lat="48.8440891542" lon="11.3511174358"><ele>452.54</ele><time>2026-08-30T07:03:46Z</time></trkpt><trkpt lat="48.8440302294" lon="11.3510019332"><ele>451.59</ele><time>2026-08-30T07:03:47Z</time></trkpt><trkpt lat="48.8439734001" lon="11.3508749474"><ele>449.61</ele><time>2026-08-30T07:03:48Z</time></trkpt><trkpt lat="48.8439243659" lon="11.3507463690"><ele>448.84</ele><time>2026-08-30T07:03:49Z</time></trkpt><trkpt lat="48.8438669499" lon="11.3506094087"><ele>448.14</ele><time>2026-08-30T07:03:50Z</time></trkpt><trkpt lat="48.8435623515" lon="11.3499302231"><ele>445.34</ele><time>2026-08-30T07:03:55Z</time></trkpt><trkpt lat="48.8435311709" lon="11.3497936819"><ele>444.85</ele><time>2026-08-30T07:03:56Z</time></trkpt><trkpt lat="48.8434901834" lon="11.3495424762"><ele>443.83</ele><time>2026-08-30T07:03:58Z</time></trkpt><trkpt lat="48.8434877526" lon="11.3494233694"><ele>443.37</ele><time>2026-08-30T07:03:59Z</time></trkpt><trkpt lat="48.8434865791" lon="11.3493116386"><ele>443.03</ele><time>2026-08-30T07:04:00Z</time></trkpt><trkpt lat="48.8434844837" lon="11.3492066972"><ele>442.79</ele><time>2026-08-30T07:04:01Z</time></trkpt><trkpt lat="48.8434865791" lon="11.3491120655"><ele>442.63</ele><time>2026-08-30T07:04:02Z</time></trkpt><trkpt lat="48.8434981462" lon="11.3490183558"><ele>442.55</ele><time>2026-08-30T07:04:03Z</time></trkpt><trkpt lat="48.8434999064" lon="11.3489170186"><ele>442.48</ele><time>2026-08-30T07:04:04Z</time></trkpt><trkpt lat="48.8434930332" lon="11.3488149270"><ele>442.47</ele><time>2026-08-30T07:04:05Z</time></trkpt><trkpt lat="48.8434914406" lon="11.3484440278"><ele>442.63</ele><time>2026-08-30T07:04:09Z</time></trkpt><trkpt lat="48.8434994873" lon="11.3483600412"><ele>442.67</ele><time>2026-08-30T07:04:10Z</time></trkpt><trkpt lat="48.8435091265" lon="11.3482841849"><ele>442.62</ele><time>2026-08-30T07:04:11Z</time></trkpt><trkpt lat="48.8435113896" lon="11.3481863681"><ele>442.62</ele><time>2026-08-30T07:04:12Z</time></trkpt><trkpt lat="48.8435120601" lon="11.3480793312"><ele>442.32</ele><time>2026-08-30T07:04:13Z</time></trkpt><trkpt lat="48.8435143232" lon="11.3479809277"><ele>442.13</ele><time>2026-08-30T07:04:14Z</time></trkpt><trkpt lat="48.8435165025" lon="11.3478839491"><ele>441.94</ele><time>2026-08-30T07:04:15Z</time></trkpt><trkpt lat="48.8434983976" lon="11.3476582244"><ele>441.50</ele><time>2026-08-30T07:04:17Z</time></trkpt><trkpt lat="48.8434659597" lon="11.3475259580"><ele>441.20</ele><time>2026-08-30T07:04:18Z</time></trkpt><trkpt lat="48.8434206974" lon="11.3474033307"><ele>440.80</ele><time>2026-08-30T07:04:19Z</time></trkpt><trkpt lat="48.8433683105" lon="11.3472947851"><ele>440.39</ele><time>2026-08-30T07:04:20Z</time></trkpt><trkpt lat="48.8433192763" lon="11.3472091220"><ele>439.97</ele><time>2026-08-30T07:04:21Z</time></trkpt><trkpt lat="48.8432784565" lon="11.3471428212"><ele>439.48</ele><time>2026-08-30T07:04:22Z</time></trkpt><trkpt lat="48.8432306796" lon="11.3469881751"><ele>438.25</ele><time>2026-08-30T07:04:25Z</time></trkpt><trkpt lat="48.8431979064" lon="11.3468813058"><ele>438.09</ele><time>2026-08-30T07:04:31Z</time></trkpt><trkpt lat="48.8431888539" lon="11.3467965648"><ele>438.10</ele><time>2026-08-30T07:04:33Z</time></trkpt><trkpt lat="48.8431768678" lon="11.3467498776"><ele>438.02</ele><time>2026-08-30T07:04:34Z</time></trkpt><trkpt lat="48.8431625348" lon="11.3466986641"><ele>437.85</ele><time>2026-08-30T07:04:35Z</time></trkpt><trkpt lat="48.8431599364" lon="11.3466549106"><ele>437.46</ele><time>2026-08-30T07:04:36Z</time></trkpt><trkpt lat="48.8431648817" lon="11.3466167729"><ele>437.23</ele><time>2026-08-30T07:04:37Z</time></trkpt><trkpt lat="48.8431752753" lon="11.3465866819"><ele>436.98</ele><time>2026-08-30T07:04:38Z</time></trkpt><trkpt lat="48.8431866746" lon="11.3465549983"><ele>436.76</ele><time>2026-08-30T07:04:39Z</time></trkpt><trkpt lat="48.8432023488" lon="11.3465243205"><ele>436.62</ele><time>2026-08-30T07:04:40Z</time></trkpt><trkpt lat="48.8432927057" lon="11.3463622984"><ele>436.58</ele><time>2026-08-30T07:04:45Z</time></trkpt><trkpt lat="48.8434065320" lon="11.3461700175"><ele>437.07</ele><time>2026-08-30T07:04:51Z</time></trkpt><trkpt lat="48.8435817137" lon="11.3459841907"><ele>437.77</ele><time>2026-08-30T07:04:57Z</time></trkpt><trkpt lat="48.8437421434" lon="11.3457515091"><ele>438.63</ele><time>2026-08-30T07:05:03Z</time></trkpt><trkpt lat="48.8439239468" lon="11.3454968669"><ele>439.22</ele><time>2026-08-30T07:05:10Z</time></trkpt><trkpt lat="48.8440889865" lon="11.3452619221"><ele>439.81</ele><time>2026-08-30T07:05:17Z</time></trkpt><trkpt lat="48.8442724664" lon="11.3450982235"><ele>440.79</ele><time>2026-08-30T07:05:24Z</time></trkpt><trkpt lat="48.8442957681" lon="11.3450789452"><ele>441.12</ele><time>2026-08-30T07:05:25Z</time></trkpt><trkpt lat="48.8443190698" lon="11.3450529613"><ele>441.28</ele><time>2026-08-30T07:05:26Z</time></trkpt><trkpt lat="48.8444181439" lon="11.3449001592"><ele>441.79</ele><time>2026-08-30T07:05:32Z</time></trkpt><trkpt lat="48.8444378413" lon="11.3448803779"><ele>441.85</ele><time>2026-08-30T07:05:33Z</time></trkpt><trkpt lat="48.8445742149" lon="11.3447056152"><ele>442.26</ele><time>2026-08-30T07:05:40Z</time></trkpt><trkpt lat="48.8446787372" lon="11.3445628714"><ele>442.64</ele><time>2026-08-30T07:05:45Z</time></trkpt><trkpt lat="48.8448278513" lon="11.3443922997"><ele>442.93</ele><time>2026-08-30T07:05:51Z</time></trkpt><trkpt lat="48.8449616265" lon="11.3442550041"><ele>443.23</ele><time>2026-08-30T07:05:56Z</time></trkpt><trkpt lat="48.8451316115" lon="11.3440873660"><ele>443.59</ele><time>2026-08-30T07:06:02Z</time></trkpt><trkpt lat="48.8451536559" lon="11.3440531678"><ele>443.62</ele><time>2026-08-30T07:06:03Z</time></trkpt><trkpt lat="48.8451772928" lon="11.3440234121"><ele>443.66</ele><time>2026-08-30T07:06:04Z</time></trkpt><trkpt lat="48.8453350402" lon="11.3438689336"><ele>444.17</ele><time>2026-08-30T07:06:10Z</time></trkpt><trkpt lat="48.8454730902" lon="11.3437350746"><ele>444.71</ele><time>2026-08-30T07:06:16Z</time></trkpt><trkpt lat="48.8457016647" lon="11.3435309753"><ele>445.26</ele><time>2026-08-30T07:06:24Z</time></trkpt><trkpt lat="48.8458637707" lon="11.3434178196"><ele>445.88</ele><time>2026-08-30T07:06:30Z</time></trkpt><trkpt lat="48.8460419700" lon="11.3432433922"><ele>446.48</ele><time>2026-08-30T07:06:37Z</time></trkpt><trkpt lat="48.8460827060" lon="11.3431985490"><ele>446.68</ele><time>2026-08-30T07:06:39Z</time></trkpt><trkpt lat="48.8462184090" lon="11.3430588227"><ele>447.30</ele><time>2026-08-30T07:06:45Z</time></trkpt><trkpt lat="48.8464046549" lon="11.3429287355"><ele>447.70</ele><time>2026-08-30T07:06:51Z</time></trkpt><trkpt lat="48.8465480693" lon="11.3428238779"><ele>448.25</ele><time>2026-08-30T07:06:57Z</time></trkpt><trkpt lat="48.8466823474" lon="11.3427097164"><ele>448.85</ele><time>2026-08-30T07:07:02Z</time></trkpt><trkpt lat="48.8468530867" lon="11.3425893523"><ele>449.50</ele><time>2026-08-30T07:07:09Z</time></trkpt><trkpt lat="48.8470361475" lon="11.3424335327"><ele>450.19</ele><time>2026-08-30T07:07:16Z</time></trkpt><trkpt lat="48.8471016102" lon="11.3423649687"><ele>450.27</ele><time>2026-08-30T07:07:19Z</time></trkpt><trkpt lat="48.8471249957" lon="11.3423466962"><ele>450.31</ele><time>2026-08-30T07:07:20Z</time></trkpt><trkpt lat="48.8471797295" lon="11.3423042838"><ele>450.37</ele><time>2026-08-30T07:07:22Z</time></trkpt><trkpt lat="48.8472100720" lon="11.3422841672"><ele>450.41</ele><time>2026-08-30T07:07:23Z</time></trkpt><trkpt lat="48.8473664783" lon="11.3421943970"><ele>450.41</ele><time>2026-08-30T07:07:29Z</time></trkpt><trkpt lat="48.8475662190" lon="11.3420959935"><ele>450.71</ele><time>2026-08-30T07:07:36Z</time></trkpt><trkpt lat="48.8477257267" lon="11.3420330454"><ele>450.76</ele><time>2026-08-30T07:07:41Z</time></trkpt><trkpt lat="48.8480355218" lon="11.3419471309"><ele>450.30</ele><time>2026-08-30T07:07:49Z</time></trkpt><trkpt lat="48.8483369350" lon="11.3419382460"><ele>448.70</ele><time>2026-08-30T07:07:56Z</time></trkpt><trkpt lat="48.8484448940" lon="11.3419288583"><ele>448.20</ele><time>2026-08-30T07:07:59Z</time></trkpt><trkpt lat="48.8484732248" lon="11.3419237453"><ele>448.08</ele><time>2026-08-30T07:08:00Z</time></trkpt><trkpt lat="48.8484992087" lon="11.3419126812"><ele>447.98</ele><time>2026-08-30T07:08:01Z</time></trkpt><trkpt lat="48.8485241868" lon="11.3419155311"><ele>447.93</ele><time>2026-08-30T07:08:02Z</time></trkpt><trkpt lat="48.8485401962" lon="11.3419200573"><ele>447.88</ele><time>2026-08-30T07:08:03Z</time></trkpt><trkpt lat="48.8485618215" lon="11.3419195544"><ele>447.82</ele><time>2026-08-30T07:08:04Z</time></trkpt><trkpt lat="48.8485969417" lon="11.3419188838"><ele>447.77</ele><time>2026-08-30T07:08:05Z</time></trkpt><trkpt lat="48.8487780746" lon="11.3419344742"><ele>447.55</ele><time>2026-08-30T07:08:10Z</time></trkpt><trkpt lat="48.8489385881" lon="11.3419505674"><ele>447.49</ele><time>2026-08-30T07:08:15Z</time></trkpt><trkpt lat="48.8491136860" lon="11.3419515733"><ele>447.39</ele><time>2026-08-30T07:08:21Z</time></trkpt><trkpt lat="48.8493415061" lon="11.3419412635"><ele>447.23</ele><time>2026-08-30T07:08:27Z</time></trkpt><trkpt lat="48.8496248145" lon="11.3418962527"><ele>447.34</ele><time>2026-08-30T07:08:35Z</time></trkpt><trkpt lat="48.8497818075" lon="11.3418928161"><ele>447.28</ele><time>2026-08-30T07:08:40Z</time></trkpt><trkpt lat="48.8500106335" lon="11.3419564348"><ele>447.98</ele><time>2026-08-30T07:08:46Z</time></trkpt><trkpt lat="48.8501974661" lon="11.3419286907"><ele>448.55</ele><time>2026-08-30T07:08:51Z</time></trkpt><trkpt lat="48.8503162377" lon="11.3419165369"><ele>448.68</ele><time>2026-08-30T07:08:56Z</time></trkpt><trkpt lat="48.8505060039" lon="11.3418626413"><ele>449.01</ele><time>2026-08-30T07:09:02Z</time></trkpt><trkpt lat="48.8508660905" lon="11.3416958414"><ele>449.78</ele><time>2026-08-30T07:09:13Z</time></trkpt><trkpt lat="48.8511380833" lon="11.3415599708"><ele>451.51</ele><time>2026-08-30T07:09:23Z</time></trkpt><trkpt lat="48.8512679189" lon="11.3414309733"><ele>452.37</ele><time>2026-08-30T07:09:31Z</time></trkpt><trkpt lat="48.8514450286" lon="11.3411895745"><ele>451.22</ele><time>2026-08-30T07:09:42Z</time></trkpt><trkpt lat="48.8514680788" lon="11.3411701284"><ele>451.06</ele><time>2026-08-30T07:09:44Z</time></trkpt><trkpt lat="48.8514703419" lon="11.3411540352"><ele>450.71</ele><time>2026-08-30T07:09:50Z</time></trkpt><trkpt lat="48.8514824957" lon="11.3411861379"><ele>450.70</ele><time>2026-08-30T07:09:57Z</time></trkpt><trkpt lat="48.8514994271" lon="11.3411909156"><ele>450.91</ele><time>2026-08-30T07:10:03Z</time></trkpt><trkpt lat="48.8515032828" lon="11.3411972020"><ele>451.05</ele><time>2026-08-30T07:10:16Z</time></trkpt><trkpt lat="48.8514983375" lon="11.3412124570"><ele>451.20</ele><time>2026-08-30T07:10:59Z</time></trkpt><trkpt lat="48.8514982536" lon="11.3412080985"><ele>451.20</ele><time>2026-08-30T07:11:13Z</time></trkpt><trkpt lat="48.8514858484" lon="11.3411974534"><ele>451.20</ele><time>2026-08-30T07:11:29Z</time></trkpt><trkpt lat="48.8514804002" lon="11.3411814440"><ele>451.20</ele><time>2026-08-30T07:11:34Z</time></trkpt><trkpt lat="48.8514746167" lon="11.3411597349"><ele>451.20</ele><time>2026-08-30T07:11:35Z</time></trkpt><trkpt lat="48.8514796458" lon="11.3411061745"><ele>451.20</ele><time>2026-08-30T07:11:37Z</time></trkpt><trkpt lat="48.8514896203" lon="11.3410730660"><ele>451.14</ele><time>2026-08-30T07:11:38Z</time></trkpt><trkpt lat="48.8515057974" lon="11.3410367724"><ele>450.98</ele><time>2026-08-30T07:11:39Z</time></trkpt><trkpt lat="48.8515275065" lon="11.3409964554"><ele>450.81</ele><time>2026-08-30T07:11:40Z</time></trkpt><trkpt lat="48.8515541609" lon="11.3409553841"><ele>450.67</ele><time>2026-08-30T07:11:41Z</time></trkpt><trkpt lat="48.8515808992" lon="11.3409120496"><ele>450.48</ele><time>2026-08-30T07:11:42Z</time></trkpt><trkpt lat="48.8516084757" lon="11.3408618420"><ele>450.26</ele><time>2026-08-30T07:11:43Z</time></trkpt><trkpt lat="48.8518352062" lon="11.3404166792"><ele>448.33</ele><time>2026-08-30T07:11:50Z</time></trkpt><trkpt lat="48.8519802131" lon="11.3402533159"><ele>447.50</ele><time>2026-08-30T07:11:53Z</time></trkpt><trkpt lat="48.8525394537" lon="11.3398180436"><ele>445.10</ele><time>2026-08-30T07:12:03Z</time></trkpt><trkpt lat="48.8531978521" lon="11.3393051550"><ele>444.28</ele><time>2026-08-30T07:12:15Z</time></trkpt><trkpt lat="48.8536314480" lon="11.3389668614"><ele>444.41</ele><time>2026-08-30T07:12:24Z</time></trkpt><trkpt lat="48.8541041035" lon="11.3386014942"><ele>444.87</ele><time>2026-08-30T07:12:35Z</time></trkpt><trkpt lat="48.8541394752" lon="11.3385664579"><ele>444.98</ele><time>2026-08-30T07:12:36Z</time></trkpt><trkpt lat="48.8541687280" lon="11.3385239616"><ele>445.09</ele><time>2026-08-30T07:12:37Z</time></trkpt><trkpt lat="48.8541923650" lon="11.3384736702"><ele>445.18</ele><time>2026-08-30T07:12:38Z</time></trkpt><trkpt lat="48.8542068657" lon="11.3384149969"><ele>445.23</ele><time>2026-08-30T07:12:39Z</time></trkpt><trkpt lat="48.8542088773" lon="11.3383508753"><ele>445.26</ele><time>2026-08-30T07:12:40Z</time></trkpt><trkpt lat="48.8542007469" lon="11.3382897712"><ele>445.26</ele><time>2026-08-30T07:12:41Z</time></trkpt><trkpt lat="48.8541846536" lon="11.3382335287"><ele>445.26</ele><time>2026-08-30T07:12:42Z</time></trkpt><trkpt lat="48.8541657943" lon="11.3381825667"><ele>445.28</ele><time>2026-08-30T07:12:43Z</time></trkpt><trkpt lat="48.8541478571" lon="11.3381385617"><ele>445.29</ele><time>2026-08-30T07:12:44Z</time></trkpt><trkpt lat="48.8541109767" lon="11.3380740210"><ele>445.88</ele><time>2026-08-30T07:12:49Z</time></trkpt><trkpt lat="48.8540883455" lon="11.3380363025"><ele>446.66</ele><time>2026-08-30T07:13:13Z</time></trkpt><trkpt lat="48.8540764432" lon="11.3380132522"><ele>446.63</ele><time>2026-08-30T07:13:15Z</time></trkpt><trkpt lat="48.8540600147" lon="11.3379832450"><ele>446.56</ele><time>2026-08-30T07:13:17Z</time></trkpt><trkpt lat="48.8540658820" lon="11.3379464485"><ele>446.78</ele><time>2026-08-30T07:13:23Z</time></trkpt><trkpt lat="48.8540709950" lon="11.3379472028"><ele>446.99</ele><time>2026-08-30T07:13:32Z</time></trkpt><trkpt lat="48.8540578354" lon="11.3379337918"><ele>447.03</ele><time>2026-08-30T07:13:50Z</time></trkpt><trkpt lat="48.8540535606" lon="11.3379188720"><ele>446.92</ele><time>2026-08-30T07:13:59Z</time></trkpt><trkpt lat="48.8540524710" lon="11.3379042875"><ele>446.92</ele><time>2026-08-30T07:14:07Z</time></trkpt><trkpt lat="48.8540407363" lon="11.3378731906"><ele>446.92</ele><time>2026-08-30T07:14:09Z</time></trkpt><trkpt lat="48.8540321868" lon="11.3378514815"><ele>446.92</ele><time>2026-08-30T07:14:10Z</time></trkpt><trkpt lat="48.8540227991" lon="11.3378221449"><ele>446.92</ele><time>2026-08-30T07:14:11Z</time></trkpt><trkpt lat="48.8540126570" lon="11.3377894554"><ele>446.92</ele><time>2026-08-30T07:14:12Z</time></trkpt><trkpt lat="48.8539989106" lon="11.3377530780"><ele>446.92</ele><time>2026-08-30T07:14:13Z</time></trkpt><trkpt lat="48.8538697455" lon="11.3374071568"><ele>446.74</ele><time>2026-08-30T07:14:21Z</time></trkpt><trkpt lat="48.8537208829" lon="11.3368686195"><ele>447.51</ele><time>2026-08-30T07:14:32Z</time></trkpt><trkpt lat="48.8535776362" lon="11.3362222910"><ele>448.10</ele><time>2026-08-30T07:14:44Z</time></trkpt><trkpt lat="48.8534605410" lon="11.3355044648"><ele>448.77</ele><time>2026-08-30T07:14:56Z</time></trkpt><trkpt lat="48.8533092476" lon="11.3349419553"><ele>449.45</ele><time>2026-08-30T07:15:06Z</time></trkpt><trkpt lat="48.8531488180" lon="11.3343951199"><ele>450.48</ele><time>2026-08-30T07:15:17Z</time></trkpt><trkpt lat="48.8529764023" lon="11.3338086382"><ele>452.25</ele><time>2026-08-30T07:15:30Z</time></trkpt><trkpt lat="48.8528180681" lon="11.3332497329"><ele>454.75</ele><time>2026-08-30T07:15:44Z</time></trkpt><trkpt lat="48.8526644278" lon="11.3328049053"><ele>456.70</ele><time>2026-08-30T07:15:57Z</time></trkpt><trkpt lat="48.8524780143" lon="11.3324244507"><ele>457.60</ele><time>2026-08-30T07:16:08Z</time></trkpt><trkpt lat="48.8522710651" lon="11.3321185112"><ele>458.68</ele><time>2026-08-30T07:16:18Z</time></trkpt><trkpt lat="48.8520916086" lon="11.3319055270"><ele>459.74</ele><time>2026-08-30T07:16:26Z</time></trkpt><trkpt lat="48.8518332783" lon="11.3316731807"><ele>460.86</ele><time>2026-08-30T07:16:37Z</time></trkpt><trkpt lat="48.8516560849" lon="11.3315366395"><ele>461.34</ele><time>2026-08-30T07:16:46Z</time></trkpt><trkpt lat="48.8515793066" lon="11.3314516470"><ele>461.37</ele><time>2026-08-30T07:16:52Z</time></trkpt><trkpt lat="48.8515057974" lon="11.3313753717"><ele>461.31</ele><time>2026-08-30T07:17:00Z</time></trkpt><trkpt lat="48.8514962420" lon="11.3313671574"><ele>461.25</ele><time>2026-08-30T07:17:23Z</time></trkpt><trkpt lat="48.8514856808" lon="11.3314019423"><ele>461.26</ele><time>2026-08-30T07:17:31Z</time></trkpt><trkpt lat="48.8514857646" lon="11.3314068038"><ele>461.41</ele><time>2026-08-30T07:17:45Z</time></trkpt><trkpt lat="48.8514702581" lon="11.3314317819"><ele>461.54</ele><time>2026-08-30T07:19:23Z</time></trkpt><trkpt lat="48.8514916319" lon="11.3314194605"><ele>461.54</ele><time>2026-08-30T07:21:54Z</time></trkpt><trkpt lat="48.8514744490" lon="11.3314183708"><ele>461.54</ele><time>2026-08-30T07:23:27Z</time></trkpt><trkpt lat="48.8514729403" lon="11.3313938957"><ele>461.54</ele><time>2026-08-30T07:24:38Z</time></trkpt><trkpt lat="48.8514874410" lon="11.3313910458"><ele>461.54</ele><time>2026-08-30T07:25:25Z</time></trkpt><trkpt lat="48.8514828309" lon="11.3313508965"><ele>461.72</ele><time>2026-08-30T07:25:29Z</time></trkpt><trkpt lat="48.8514739461" lon="11.3313527405"><ele>462.17</ele><time>2026-08-30T07:25:30Z</time></trkpt><trkpt lat="48.8514667377" lon="11.3313653972"><ele>462.59</ele><time>2026-08-30T07:25:31Z</time></trkpt><trkpt lat="48.8514698390" lon="11.3314092346"><ele>463.14</ele><time>2026-08-30T07:25:38Z</time></trkpt><trkpt lat="48.8514818251" lon="11.3314320333"><ele>463.05</ele><time>2026-08-30T07:26:15Z</time></trkpt><trkpt lat="48.8515043724" lon="11.3314226456"><ele>462.99</ele><time>2026-08-30T07:26:41Z</time></trkpt><trkpt lat="48.8515098207" lon="11.3314103242"><ele>462.99</ele><time>2026-08-30T07:26:42Z</time></trkpt><trkpt lat="48.8514996786" lon="11.3313647266"><ele>463.00</ele><time>2026-08-30T07:26:48Z</time></trkpt><trkpt lat="48.8514959905" lon="11.3313494716"><ele>463.06</ele><time>2026-08-30T07:26:55Z</time></trkpt><trkpt lat="48.8514876086" lon="11.3313389104"><ele>463.08</ele><time>2026-08-30T07:26:56Z</time></trkpt><trkpt lat="48.8514525723" lon="11.3312856853"><ele>463.09</ele><time>2026-08-30T07:26:59Z</time></trkpt><trkpt lat="48.8514356408" lon="11.3312651496"><ele>463.07</ele><time>2026-08-30T07:27:00Z</time></trkpt><trkpt lat="48.8512928132" lon="11.3310153689"><ele>462.56</ele><time>2026-08-30T07:27:08Z</time></trkpt><trkpt lat="48.8511354011" lon="11.3306718785"><ele>461.65</ele><time>2026-08-30T07:27:16Z</time></trkpt><trkpt lat="48.8511410169" lon="11.3306200784"><ele>461.53</ele><time>2026-08-30T07:27:17Z</time></trkpt><trkpt lat="48.8511641510" lon="11.3305780850"><ele>461.44</ele><time>2026-08-30T07:27:18Z</time></trkpt><trkpt lat="48.8511925656" lon="11.3305441383"><ele>461.41</ele><time>2026-08-30T07:27:19Z</time></trkpt><trkpt lat="48.8513999339" lon="11.3303645141"><ele>461.55</ele><time>2026-08-30T07:27:27Z</time></trkpt><trkpt lat="48.8515248243" lon="11.3301936910"><ele>461.96</ele><time>2026-08-30T07:27:33Z</time></trkpt><trkpt lat="48.8515265007" lon="11.3301520329"><ele>462.03</ele><time>2026-08-30T07:27:34Z</time></trkpt><trkpt lat="48.8515217230" lon="11.3301110454"><ele>462.07</ele><time>2026-08-30T07:27:35Z</time></trkpt><trkpt lat="48.8515107427" lon="11.3300717343"><ele>462.09</ele><time>2026-08-30T07:27:36Z</time></trkpt><trkpt lat="48.8514936436" lon="11.3300365303"><ele>462.09</ele><time>2026-08-30T07:27:37Z</time></trkpt><trkpt lat="48.8514726888" lon="11.3300066069"><ele>462.06</ele><time>2026-08-30T07:27:38Z</time></trkpt><trkpt lat="48.8514495548" lon="11.3299802877"><ele>461.99</ele><time>2026-08-30T07:27:39Z</time></trkpt><trkpt lat="48.8513850141" lon="11.3297444209"><ele>461.80</ele><time>2026-08-30T07:27:44Z</time></trkpt><trkpt lat="48.8513697591" lon="11.3293842506"><ele>461.72</ele><time>2026-08-30T07:27:50Z</time></trkpt><trkpt lat="48.8513362315" lon="11.3288228307"><ele>461.55</ele><time>2026-08-30T07:27:59Z</time></trkpt><trkpt lat="48.8513016142" lon="11.3281500991"><ele>461.16</ele><time>2026-08-30T07:28:09Z</time></trkpt><trkpt lat="48.8512970041" lon="11.3280825410"><ele>461.08</ele><time>2026-08-30T07:28:10Z</time></trkpt><trkpt lat="48.8512548432" lon="11.3272515591"><ele>460.80</ele><time>2026-08-30T07:28:22Z</time></trkpt><trkpt lat="48.8512017857" lon="11.3263769913"><ele>460.47</ele><time>2026-08-30T07:28:34Z</time></trkpt><trkpt lat="48.8511582837" lon="11.3256487716"><ele>459.76</ele><time>2026-08-30T07:28:44Z</time></trkpt><trkpt lat="48.8511082437" lon="11.3249277603"><ele>459.78</ele><time>2026-08-30T07:28:54Z</time></trkpt><trkpt lat="48.8510396797" lon="11.3243427034"><ele>458.49</ele><time>2026-08-30T07:29:01Z</time></trkpt><trkpt lat="48.8510080799" lon="11.3237790205"><ele>459.11</ele><time>2026-08-30T07:29:09Z</time></trkpt><trkpt lat="48.8509566989" lon="11.3229301851"><ele>458.68</ele><time>2026-08-30T07:29:20Z</time></trkpt><trkpt lat="48.8509147055" lon="11.3222074974"><ele>458.21</ele><time>2026-08-30T07:29:29Z</time></trkpt><trkpt lat="48.8508963492" lon="11.3216379471"><ele>457.40</ele><time>2026-08-30T07:29:36Z</time></trkpt><trkpt lat="48.8509823475" lon="11.3211140782"><ele>457.36</ele><time>2026-08-30T07:29:43Z</time></trkpt><trkpt lat="48.8511662465" lon="11.3203980960"><ele>457.21</ele><time>2026-08-30T07:29:53Z</time></trkpt><trkpt lat="48.8513513189" lon="11.3196387794"><ele>457.65</ele><time>2026-08-30T07:30:04Z</time></trkpt><trkpt lat="48.8514705934" lon="11.3190512918"><ele>457.91</ele><time>2026-08-30T07:30:13Z</time></trkpt><trkpt lat="48.8516026922" lon="11.3184731919"><ele>458.45</ele><time>2026-08-30T07:30:22Z</time></trkpt><trkpt lat="48.8516649697" lon="11.3180814218"><ele>457.52</ele><time>2026-08-30T07:30:28Z</time></trkpt><trkpt lat="48.8516738545" lon="11.3175727241"><ele>459.04</ele><time>2026-08-30T07:30:37Z</time></trkpt><trkpt lat="48.8517318573" lon="11.3168638665"><ele>459.24</ele><time>2026-08-30T07:30:48Z</time></trkpt><trkpt lat="48.8517593499" lon="11.3162634708"><ele>459.17</ele><time>2026-08-30T07:30:57Z</time></trkpt><trkpt lat="48.8517705817" lon="11.3156481553"><ele>459.43</ele><time>2026-08-30T07:31:06Z</time></trkpt><trkpt lat="48.8517506327" lon="11.3154453970"><ele>459.28</ele><time>2026-08-30T07:31:09Z</time></trkpt><trkpt lat="48.8517306000" lon="11.3153835386"><ele>459.22</ele><time>2026-08-30T07:31:10Z</time></trkpt><trkpt lat="48.8517041970" lon="11.3153267093"><ele>459.17</ele><time>2026-08-30T07:31:11Z</time></trkpt><trkpt lat="48.8516801409" lon="11.3152687065"><ele>459.10</ele><time>2026-08-30T07:31:12Z</time></trkpt><trkpt lat="48.8516670652" lon="11.3152042497"><ele>459.07</ele><time>2026-08-30T07:31:13Z</time></trkpt><trkpt lat="48.8516696636" lon="11.3151365239"><ele>459.05</ele><time>2026-08-30T07:31:14Z</time></trkpt><trkpt lat="48.8516825717" lon="11.3150708936"><ele>459.05</ele><time>2026-08-30T07:31:15Z</time></trkpt><trkpt lat="48.8516992517" lon="11.3150064368"><ele>459.07</ele><time>2026-08-30T07:31:16Z</time></trkpt><trkpt lat="48.8518060371" lon="11.3146324363"><ele>459.49</ele><time>2026-08-30T07:31:22Z</time></trkpt><trkpt lat="48.8518688176" lon="11.3142145984"><ele>459.51</ele><time>2026-08-30T07:31:28Z</time></trkpt><trkpt lat="48.8519775309" lon="11.3136551902"><ele>459.47</ele><time>2026-08-30T07:31:36Z</time></trkpt><trkpt lat="48.8520664629" lon="11.3130789343"><ele>459.45</ele><time>2026-08-30T07:31:44Z</time></trkpt><trkpt lat="48.8522350229" lon="11.3122956455"><ele>458.82</ele><time>2026-08-30T07:31:55Z</time></trkpt><trkpt lat="48.8523900043" lon="11.3116403483"><ele>458.78</ele><time>2026-08-30T07:32:04Z</time></trkpt><trkpt lat="48.8525630906" lon="11.3109247014"><ele>457.78</ele><time>2026-08-30T07:32:13Z</time></trkpt><trkpt lat="48.8528776634" lon="11.3100013509"><ele>456.30</ele><time>2026-08-30T07:32:24Z</time></trkpt><trkpt lat="48.8533143606" lon="11.3087055087"><ele>453.87</ele><time>2026-08-30T07:32:38Z</time></trkpt><trkpt lat="48.8535255846" lon="11.3081158418"><ele>451.84</ele><time>2026-08-30T07:32:44Z</time></trkpt><trkpt lat="48.8535797317" lon="11.3080336154"><ele>451.54</ele><time>2026-08-30T07:32:45Z</time></trkpt><trkpt lat="48.8536440209" lon="11.3079694938"><ele>451.37</ele><time>2026-08-30T07:32:46Z</time></trkpt><trkpt lat="48.8537154347" lon="11.3079192862"><ele>451.23</ele><time>2026-08-30T07:32:47Z</time></trkpt><trkpt lat="48.8537943922" lon="11.3078838307"><ele>451.02</ele><time>2026-08-30T07:32:48Z</time></trkpt><trkpt lat="48.8538782950" lon="11.3078649715"><ele>450.71</ele><time>2026-08-30T07:32:49Z</time></trkpt><trkpt lat="48.8539642934" lon="11.3078648876"><ele>450.36</ele><time>2026-08-30T07:32:50Z</time></trkpt><trkpt lat="48.8540519681" lon="11.3078804780"><ele>449.94</ele><time>2026-08-30T07:32:51Z</time></trkpt><trkpt lat="48.8541388884" lon="11.3078990020"><ele>449.42</ele><time>2026-08-30T07:32:52Z</time></trkpt><trkpt lat="48.8544677105" lon="11.3079699129"><ele>447.42</ele><time>2026-08-30T07:32:56Z</time></trkpt><trkpt lat="48.8549748994" lon="11.3080098107"><ele>447.22</ele><time>2026-08-30T07:33:03Z</time></trkpt><trkpt lat="48.8550430443" lon="11.3079947233"><ele>447.22</ele><time>2026-08-30T07:33:04Z</time></trkpt><trkpt lat="48.8551086746" lon="11.3079681527"><ele>447.22</ele><time>2026-08-30T07:33:05Z</time></trkpt><trkpt lat="48.8551721256" lon="11.3079336192"><ele>447.22</ele><time>2026-08-30T07:33:06Z</time></trkpt><trkpt lat="48.8552330621" lon="11.3078928832"><ele>447.22</ele><time>2026-08-30T07:33:07Z</time></trkpt><trkpt lat="48.8552911486" lon="11.3078459445"><ele>447.18</ele><time>2026-08-30T07:33:08Z</time></trkpt><trkpt lat="48.8553480618" lon="11.3077945635"><ele>447.08</ele><time>2026-08-30T07:33:09Z</time></trkpt><trkpt lat="48.8559181150" lon="11.3073526695"><ele>446.56</ele><time>2026-08-30T07:33:19Z</time></trkpt><trkpt lat="48.8559777103" lon="11.3073364925"><ele>446.57</ele><time>2026-08-30T07:33:20Z</time></trkpt><trkpt lat="48.8560366351" lon="11.3073383365"><ele>446.58</ele><time>2026-08-30T07:33:21Z</time></trkpt><trkpt lat="48.8564637769" lon="11.3074317947"><ele>447.20</ele><time>2026-08-30T07:33:29Z</time></trkpt><trkpt lat="48.8569287211" lon="11.3075980917"><ele>447.73</ele><time>2026-08-30T07:33:38Z</time></trkpt><trkpt lat="48.8573848642" lon="11.3078240678"><ele>447.20</ele><time>2026-08-30T07:33:46Z</time></trkpt><trkpt lat="48.8579213060" lon="11.3081623614"><ele>445.98</ele><time>2026-08-30T07:33:55Z</time></trkpt><trkpt lat="48.8579824939" lon="11.3082015049"><ele>445.92</ele><time>2026-08-30T07:33:56Z</time></trkpt><trkpt lat="48.8581689913" lon="11.3082885090"><ele>445.77</ele><time>2026-08-30T07:33:59Z</time></trkpt><trkpt lat="48.8586051855" lon="11.3083405606"><ele>445.73</ele><time>2026-08-30T07:34:06Z</time></trkpt><trkpt lat="48.8587255497" lon="11.3083538041"><ele>446.24</ele><time>2026-08-30T07:34:08Z</time></trkpt><trkpt lat="48.8594852015" lon="11.3083149958"><ele>447.78</ele><time>2026-08-30T07:34:21Z</time></trkpt><trkpt lat="48.8599139359" lon="11.3083096314"><ele>449.02</ele><time>2026-08-30T07:34:30Z</time></trkpt><trkpt lat="48.8603431731" lon="11.3083470147"><ele>450.36</ele><time>2026-08-30T07:34:40Z</time></trkpt><trkpt lat="48.8607555628" lon="11.3085189275"><ele>449.55</ele><time>2026-08-30T07:34:48Z</time></trkpt><trkpt lat="48.8608694728" lon="11.3085524552"><ele>449.10</ele><time>2026-08-30T07:34:50Z</time></trkpt><trkpt lat="48.8609268051" lon="11.3085392956"><ele>448.90</ele><time>2026-08-30T07:34:51Z</time></trkpt><trkpt lat="48.8609807007" lon="11.3085029181"><ele>448.73</ele><time>2026-08-30T07:34:52Z</time></trkpt><trkpt lat="48.8610270526" lon="11.3084466755"><ele>448.56</ele><time>2026-08-30T07:34:53Z</time></trkpt><trkpt lat="48.8610637654" lon="11.3083764352"><ele>448.35</ele><time>2026-08-30T07:34:54Z</time></trkpt><trkpt lat="48.8610916771" lon="11.3082988188"><ele>447.96</ele><time>2026-08-30T07:34:55Z</time></trkpt><trkpt lat="48.8611198403" lon="11.3082196098"><ele>447.81</ele><time>2026-08-30T07:34:56Z</time></trkpt><trkpt lat="48.8611476682" lon="11.3081402332"><ele>447.68</ele><time>2026-08-30T07:34:57Z</time></trkpt><trkpt lat="48.8611714728" lon="11.3080600183"><ele>447.57</ele><time>2026-08-30T07:34:58Z</time></trkpt><trkpt lat="48.8613602333" lon="11.3073859457"><ele>447.53</ele><time>2026-08-30T07:35:07Z</time></trkpt><trkpt lat="48.8615481555" lon="11.3069222588"><ele>447.91</ele><time>2026-08-30T07:35:14Z</time></trkpt><trkpt lat="48.8615705352" lon="11.3068554550"><ele>447.90</ele><time>2026-08-30T07:35:15Z</time></trkpt><trkpt lat="48.8616847806" lon="11.3064870704"><ele>447.96</ele><time>2026-08-30T07:35:21Z</time></trkpt><trkpt lat="48.8618286978" lon="11.3059363794"><ele>447.85</ele><time>2026-08-30T07:35:30Z</time></trkpt><trkpt lat="48.8619074877" lon="11.3055060524"><ele>447.93</ele><time>2026-08-30T07:35:37Z</time></trkpt><trkpt lat="48.8619812485" lon="11.3049808424"><ele>448.37</ele><time>2026-08-30T07:35:45Z</time></trkpt><trkpt lat="48.8620288577" lon="11.3045002241"><ele>448.61</ele><time>2026-08-30T07:35:53Z</time></trkpt><trkpt lat="48.8620389160" lon="11.3043745793"><ele>448.75</ele><time>2026-08-30T07:35:55Z</time></trkpt><trkpt lat="48.8620425202" lon="11.3043131400"><ele>448.88</ele><time>2026-08-30T07:35:56Z</time></trkpt><trkpt lat="48.8620479684" lon="11.3042563107"><ele>449.01</ele><time>2026-08-30T07:35:57Z</time></trkpt><trkpt lat="48.8620534167" lon="11.3041991461"><ele>449.11</ele><time>2026-08-30T07:35:58Z</time></trkpt><trkpt lat="48.8620538358" lon="11.3041403890"><ele>449.19</ele><time>2026-08-30T07:35:59Z</time></trkpt><trkpt lat="48.8620525785" lon="11.3040802069"><ele>449.29</ele><time>2026-08-30T07:36:00Z</time></trkpt><trkpt lat="48.8620538358" lon="11.3037390634"><ele>449.39</ele><time>2026-08-30T07:36:06Z</time></trkpt><trkpt lat="48.8620667439" lon="11.3035206310"><ele>449.21</ele><time>2026-08-30T07:36:10Z</time></trkpt><trkpt lat="48.8620597031" lon="11.3034651428"><ele>449.17</ele><time>2026-08-30T07:36:11Z</time></trkpt><trkpt lat="48.8620492257" lon="11.3033988420"><ele>449.17</ele><time>2026-08-30T07:36:12Z</time></trkpt><trkpt lat="48.8620466273" lon="11.3033460360"><ele>449.17</ele><time>2026-08-30T07:36:13Z</time></trkpt><trkpt lat="48.8620448671" lon="11.3032889552"><ele>449.17</ele><time>2026-08-30T07:36:14Z</time></trkpt><trkpt lat="48.8620432746" lon="11.3032238279"><ele>449.17</ele><time>2026-08-30T07:36:15Z</time></trkpt><trkpt lat="48.8620488066" lon="11.3031488936"><ele>449.14</ele><time>2026-08-30T07:36:16Z</time></trkpt><trkpt lat="48.8620541710" lon="11.3030745462"><ele>449.12</ele><time>2026-08-30T07:36:17Z</time></trkpt><trkpt lat="48.8620563503" lon="11.3025374338"><ele>448.88</ele><time>2026-08-30T07:36:24Z</time></trkpt><trkpt lat="48.8620897941" lon="11.3021582365"><ele>448.52</ele><time>2026-08-30T07:36:30Z</time></trkpt><trkpt lat="48.8621724397" lon="11.3017405663"><ele>448.30</ele><time>2026-08-30T07:36:36Z</time></trkpt><trkpt lat="48.8622582704" lon="11.3012724370"><ele>448.03</ele><time>2026-08-30T07:36:43Z</time></trkpt><trkpt lat="48.8623161055" lon="11.3007614762"><ele>447.83</ele><time>2026-08-30T07:36:50Z</time></trkpt><trkpt lat="48.8623674866" lon="11.3004173990"><ele>447.65</ele><time>2026-08-30T07:36:55Z</time></trkpt><trkpt lat="48.8623822387" lon="11.3003474940"><ele>447.65</ele><time>2026-08-30T07:36:56Z</time></trkpt><trkpt lat="48.8624000922" lon="11.3002816960"><ele>447.61</ele><time>2026-08-30T07:36:57Z</time></trkpt><trkpt lat="48.8624122459" lon="11.3002053369"><ele>447.57</ele><time>2026-08-30T07:36:58Z</time></trkpt><trkpt lat="48.8624253217" lon="11.3001358509"><ele>447.52</ele><time>2026-08-30T07:36:59Z</time></trkpt><trkpt lat="48.8624377269" lon="11.3000586536"><ele>447.47</ele><time>2026-08-30T07:37:00Z</time></trkpt><trkpt lat="48.8624599390" lon="11.2999793608"><ele>447.44</ele><time>2026-08-30T07:37:01Z</time></trkpt><trkpt lat="48.8625152595" lon="11.2996481918"><ele>447.26</ele><time>2026-08-30T07:37:05Z</time></trkpt><trkpt lat="48.8625288382" lon="11.2995631155"><ele>447.22</ele><time>2026-08-30T07:37:06Z</time></trkpt><trkpt lat="48.8625426684" lon="11.2994882651"><ele>447.19</ele><time>2026-08-30T07:37:07Z</time></trkpt><trkpt lat="48.8626521360" lon="11.2989472132"><ele>446.80</ele><time>2026-08-30T07:37:14Z</time></trkpt><trkpt lat="48.8627700694" lon="11.2982441392"><ele>446.24</ele><time>2026-08-30T07:37:23Z</time></trkpt><trkpt lat="48.8629207760" lon="11.2971707527"><ele>444.57</ele><time>2026-08-30T07:37:35Z</time></trkpt><trkpt lat="48.8630628493" lon="11.2963652518"><ele>443.30</ele><time>2026-08-30T07:37:44Z</time></trkpt><trkpt lat="48.8631377835" lon="11.2960667722"><ele>442.99</ele><time>2026-08-30T07:37:48Z</time></trkpt><trkpt lat="48.8632553816" lon="11.2955446634"><ele>442.56</ele><time>2026-08-30T07:37:55Z</time></trkpt><trkpt lat="48.8633753266" lon="11.2950205430"><ele>442.53</ele><time>2026-08-30T07:38:02Z</time></trkpt><trkpt lat="48.8634832017" lon="11.2944679242"><ele>441.79</ele><time>2026-08-30T07:38:09Z</time></trkpt><trkpt lat="48.8635840360" lon="11.2936754990"><ele>440.81</ele><time>2026-08-30T07:38:18Z</time></trkpt><trkpt lat="48.8637105189" lon="11.2929803040"><ele>440.07</ele><time>2026-08-30T07:38:26Z</time></trkpt><trkpt lat="48.8638689369" lon="11.2920572888"><ele>438.73</ele><time>2026-08-30T07:38:37Z</time></trkpt><trkpt lat="48.8639338966" lon="11.2917479128"><ele>438.55</ele><time>2026-08-30T07:38:41Z</time></trkpt><trkpt lat="48.8639494032" lon="11.2916719727"><ele>438.47</ele><time>2026-08-30T07:38:42Z</time></trkpt><trkpt lat="48.8639585394" lon="11.2915956974"><ele>438.36</ele><time>2026-08-30T07:38:43Z</time></trkpt><trkpt lat="48.8639680948" lon="11.2915203441"><ele>438.24</ele><time>2026-08-30T07:38:44Z</time></trkpt><trkpt lat="48.8639820088" lon="11.2914396264"><ele>438.11</ele><time>2026-08-30T07:38:45Z</time></trkpt><trkpt lat="48.8641114254" lon="11.2906963192"><ele>437.58</ele><time>2026-08-30T07:38:54Z</time></trkpt><trkpt lat="48.8642586116" lon="11.2898097653"><ele>436.49</ele><time>2026-08-30T07:39:05Z</time></trkpt><trkpt lat="48.8643925544" lon="11.2891014107"><ele>435.49</ele><time>2026-08-30T07:39:14Z</time></trkpt><trkpt lat="48.8644081447" lon="11.2890284043"><ele>435.32</ele><time>2026-08-30T07:39:15Z</time></trkpt><trkpt lat="48.8644245733" lon="11.2889541406"><ele>435.21</ele><time>2026-08-30T07:39:16Z</time></trkpt><trkpt lat="48.8644416723" lon="11.2888781168"><ele>435.12</ele><time>2026-08-30T07:39:17Z</time></trkpt><trkpt lat="48.8644925505" lon="11.2886966486"><ele>434.97</ele><time>2026-08-30T07:39:21Z</time></trkpt><trkpt lat="48.8644930534" lon="11.2886713352"><ele>435.80</ele><time>2026-08-30T07:39:34Z</time></trkpt><trkpt lat="48.8645009324" lon="11.2886302639"><ele>435.70</ele><time>2026-08-30T07:39:50Z</time></trkpt><trkpt lat="48.8645086437" lon="11.2886104826"><ele>435.70</ele><time>2026-08-30T07:39:51Z</time></trkpt><trkpt lat="48.8645128347" lon="11.2885853369"><ele>435.70</ele><time>2026-08-30T07:39:52Z</time></trkpt><trkpt lat="48.8645206299" lon="11.2885517254"><ele>435.66</ele><time>2026-08-30T07:39:53Z</time></trkpt><trkpt lat="48.8645944744" lon="11.2882460374"><ele>434.75</ele><time>2026-08-30T07:39:59Z</time></trkpt><trkpt lat="48.8646429218" lon="11.2880442850"><ele>434.16</ele><time>2026-08-30T07:40:02Z</time></trkpt><trkpt lat="48.8646614458" lon="11.2879778165"><ele>433.93</ele><time>2026-08-30T07:40:03Z</time></trkpt><trkpt lat="48.8646829873" lon="11.2879075762"><ele>433.71</ele><time>2026-08-30T07:40:04Z</time></trkpt><trkpt lat="48.8647211250" lon="11.2877695262"><ele>433.47</ele><time>2026-08-30T07:40:06Z</time></trkpt><trkpt lat="48.8647305127" lon="11.2876995374"><ele>433.40</ele><time>2026-08-30T07:40:07Z</time></trkpt><trkpt lat="48.8647867553" lon="11.2873323262"><ele>432.24</ele><time>2026-08-30T07:40:13Z</time></trkpt><trkpt lat="48.8648756035" lon="11.2868123129"><ele>430.24</ele><time>2026-08-30T07:40:19Z</time></trkpt><trkpt lat="48.8649020903" lon="11.2867377140"><ele>429.89</ele><time>2026-08-30T07:40:20Z</time></trkpt><trkpt lat="48.8649474364" lon="11.2865387276"><ele>429.10</ele><time>2026-08-30T07:40:22Z</time></trkpt><trkpt lat="48.8650153298" lon="11.2861802336"><ele>427.82</ele><time>2026-08-30T07:40:25Z</time></trkpt><trkpt lat="48.8650587481" lon="11.2859145273"><ele>426.82</ele><time>2026-08-30T07:40:27Z</time></trkpt><trkpt lat="48.8651937805" lon="11.2850454077"><ele>423.30</ele><time>2026-08-30T07:40:33Z</time></trkpt><trkpt lat="48.8652206864" lon="11.2849184219"><ele>422.44</ele><time>2026-08-30T07:40:34Z</time></trkpt><trkpt lat="48.8652414735" lon="11.2847867422"><ele>421.46</ele><time>2026-08-30T07:40:35Z</time></trkpt><trkpt lat="48.8652715646" lon="11.2846531346"><ele>419.72</ele><time>2026-08-30T07:40:36Z</time></trkpt><trkpt lat="48.8653015718" lon="11.2845288310"><ele>418.83</ele><time>2026-08-30T07:40:37Z</time></trkpt><trkpt lat="48.8653266337" lon="11.2844072096"><ele>417.94</ele><time>2026-08-30T07:40:38Z</time></trkpt><trkpt lat="48.8653975446" lon="11.2839819118"><ele>414.64</ele><time>2026-08-30T07:40:42Z</time></trkpt><trkpt lat="48.8655045815" lon="11.2833557837"><ele>412.40</ele><time>2026-08-30T07:40:47Z</time></trkpt><trkpt lat="48.8655533642" lon="11.2831322383"><ele>412.06</ele><time>2026-08-30T07:40:49Z</time></trkpt><trkpt lat="48.8656023983" lon="11.2827822939"><ele>411.63</ele><time>2026-08-30T07:40:52Z</time></trkpt><trkpt lat="48.8656324893" lon="11.2825688906"><ele>411.11</ele><time>2026-08-30T07:40:54Z</time></trkpt><trkpt lat="48.8656387758" lon="11.2824515440"><ele>410.65</ele><time>2026-08-30T07:40:55Z</time></trkpt><trkpt lat="48.8656402007" lon="11.2823427469"><ele>410.11</ele><time>2026-08-30T07:40:56Z</time></trkpt><trkpt lat="48.8656432182" lon="11.2822285853"><ele>409.55</ele><time>2026-08-30T07:40:57Z</time></trkpt><trkpt lat="48.8656423800" lon="11.2820974085"><ele>409.00</ele><time>2026-08-30T07:40:58Z</time></trkpt><trkpt lat="48.8656085171" lon="11.2815256789"><ele>406.47</ele><time>2026-08-30T07:41:02Z</time></trkpt><trkpt lat="48.8655973691" lon="11.2813877966"><ele>406.00</ele><time>2026-08-30T07:41:03Z</time></trkpt><trkpt lat="48.8655819464" lon="11.2809925899"><ele>404.46</ele><time>2026-08-30T07:41:06Z</time></trkpt><trkpt lat="48.8656016439" lon="11.2806195114"><ele>403.28</ele><time>2026-08-30T07:41:09Z</time></trkpt><trkpt lat="48.8656102773" lon="11.2804976385"><ele>402.87</ele><time>2026-08-30T07:41:10Z</time></trkpt><trkpt lat="48.8656251971" lon="11.2801118195"><ele>401.52</ele><time>2026-08-30T07:41:13Z</time></trkpt><trkpt lat="48.8656239398" lon="11.2799741887"><ele>401.05</ele><time>2026-08-30T07:41:14Z</time></trkpt><trkpt lat="48.8656215928" lon="11.2798377313"><ele>400.64</ele><time>2026-08-30T07:41:15Z</time></trkpt><trkpt lat="48.8656209223" lon="11.2796965800"><ele>400.22</ele><time>2026-08-30T07:41:16Z</time></trkpt><trkpt lat="48.8656192459" lon="11.2795652356"><ele>399.82</ele><time>2026-08-30T07:41:17Z</time></trkpt><trkpt lat="48.8656259514" lon="11.2794315442"><ele>399.47</ele><time>2026-08-30T07:41:18Z</time></trkpt><trkpt lat="48.8656210061" lon="11.2793073244"><ele>399.06</ele><time>2026-08-30T07:41:19Z</time></trkpt><trkpt lat="48.8656173181" lon="11.2791800033"><ele>398.63</ele><time>2026-08-30T07:41:20Z</time></trkpt><trkpt lat="48.8656155579" lon="11.2790624890"><ele>398.22</ele><time>2026-08-30T07:41:21Z</time></trkpt><trkpt lat="48.8656303100" lon="11.2787179928"><ele>396.77</ele><time>2026-08-30T07:41:24Z</time></trkpt><trkpt lat="48.8656430505" lon="11.2786000594"><ele>396.36</ele><time>2026-08-30T07:41:25Z</time></trkpt><trkpt lat="48.8656914979" lon="11.2779569998"><ele>394.56</ele><time>2026-08-30T07:41:31Z</time></trkpt><trkpt lat="48.8656940963" lon="11.2778508849"><ele>394.44</ele><time>2026-08-30T07:41:32Z</time></trkpt><trkpt lat="48.8657050766" lon="11.2777455244"><ele>394.35</ele><time>2026-08-30T07:41:33Z</time></trkpt><trkpt lat="48.8657129556" lon="11.2776497193"><ele>394.23</ele><time>2026-08-30T07:41:34Z</time></trkpt><trkpt lat="48.8657122850" lon="11.2771224137"><ele>393.04</ele><time>2026-08-30T07:41:40Z</time></trkpt><trkpt lat="48.8657175656" lon="11.2770169694"><ele>392.89</ele><time>2026-08-30T07:41:41Z</time></trkpt><trkpt lat="48.8657155540" lon="11.2769230921"><ele>392.71</ele><time>2026-08-30T07:41:42Z</time></trkpt><trkpt lat="48.8657207508" lon="11.2765049189"><ele>391.56</ele><time>2026-08-30T07:41:46Z</time></trkpt><trkpt lat="48.8657145482" lon="11.2761475984"><ele>390.32</ele><time>2026-08-30T07:41:49Z</time></trkpt><trkpt lat="48.8657520153" lon="11.2755701691"><ele>388.86</ele><time>2026-08-30T07:41:54Z</time></trkpt><trkpt lat="48.8657567929" lon="11.2754706759"><ele>388.68</ele><time>2026-08-30T07:41:55Z</time></trkpt><trkpt lat="48.8657823578" lon="11.2753778044"><ele>388.48</ele><time>2026-08-30T07:41:56Z</time></trkpt><trkpt lat="48.8658173941" lon="11.2753019482"><ele>388.23</ele><time>2026-08-30T07:41:57Z</time></trkpt><trkpt lat="48.8658577111" lon="11.2752265111"><ele>387.93</ele><time>2026-08-30T07:41:58Z</time></trkpt><trkpt lat="48.8658979442" lon="11.2751824223"><ele>387.61</ele><time>2026-08-30T07:41:59Z</time></trkpt><trkpt lat="48.8659374230" lon="11.2751611322"><ele>387.38</ele><time>2026-08-30T07:42:00Z</time></trkpt><trkpt lat="48.8659725431" lon="11.2751408480"><ele>387.26</ele><time>2026-08-30T07:42:01Z</time></trkpt><trkpt lat="48.8663833402" lon="11.2750172988"><ele>387.18</ele><time>2026-08-30T07:42:11Z</time></trkpt><trkpt lat="48.8666068856" lon="11.2750247587"><ele>386.34</ele><time>2026-08-30T07:42:16Z</time></trkpt><trkpt lat="48.8670611847" lon="11.2751049735"><ele>384.85</ele><time>2026-08-30T07:42:24Z</time></trkpt><trkpt lat="48.8675389532" lon="11.2751626410"><ele>384.50</ele><time>2026-08-30T07:42:32Z</time></trkpt><trkpt lat="48.8680345751" lon="11.2750832643"><ele>384.44</ele><time>2026-08-30T07:42:40Z</time></trkpt><trkpt lat="48.8680993672" lon="11.2750534248"><ele>384.43</ele><time>2026-08-30T07:42:41Z</time></trkpt><trkpt lat="48.8682281133" lon="11.2749747187"><ele>384.45</ele><time>2026-08-30T07:42:43Z</time></trkpt><trkpt lat="48.8682908937" lon="11.2749213260"><ele>384.46</ele><time>2026-08-30T07:42:44Z</time></trkpt><trkpt lat="48.8683483936" lon="11.2748626526"><ele>384.46</ele><time>2026-08-30T07:42:45Z</time></trkpt><trkpt lat="48.8684015349" lon="11.2748014648"><ele>384.46</ele><time>2026-08-30T07:42:46Z</time></trkpt><trkpt lat="48.8684557658" lon="11.2747391872"><ele>384.44</ele><time>2026-08-30T07:42:47Z</time></trkpt><trkpt lat="48.8688084763" lon="11.2741767615"><ele>384.08</ele><time>2026-08-30T07:42:55Z</time></trkpt><trkpt lat="48.8691626117" lon="11.2734241504"><ele>383.82</ele><time>2026-08-30T07:43:06Z</time></trkpt><trkpt lat="48.8694521226" lon="11.2728920672"><ele>383.71</ele><time>2026-08-30T07:43:14Z</time></trkpt><trkpt lat="48.8699412905" lon="11.2722695433"><ele>383.63</ele><time>2026-08-30T07:43:25Z</time></trkpt><trkpt lat="48.8704609685" lon="11.2718955427"><ele>383.47</ele><time>2026-08-30T07:43:35Z</time></trkpt><trkpt lat="48.8708327059" lon="11.2717462610"><ele>383.33</ele><time>2026-08-30T07:43:42Z</time></trkpt><trkpt lat="48.8712596800" lon="11.2716263998"><ele>383.16</ele><time>2026-08-30T07:43:50Z</time></trkpt><trkpt lat="48.8715018332" lon="11.2716115639"><ele>383.13</ele><time>2026-08-30T07:43:55Z</time></trkpt><trkpt lat="48.8715389650" lon="11.2715966441"><ele>383.16</ele><time>2026-08-30T07:43:56Z</time></trkpt><trkpt lat="48.8716629334" lon="11.2715311814"><ele>383.25</ele><time>2026-08-30T07:43:59Z</time></trkpt><trkpt lat="48.8718325831" lon="11.2714458536"><ele>383.81</ele><time>2026-08-30T07:44:04Z</time></trkpt><trkpt lat="48.8719383627" lon="11.2713785470"><ele>385.42</ele><time>2026-08-30T07:44:10Z</time></trkpt><trkpt lat="48.8720664382" lon="11.2712646369"><ele>386.94</ele><time>2026-08-30T07:44:18Z</time></trkpt><trkpt lat="48.8721935079" lon="11.2711904570"><ele>388.53</ele><time>2026-08-30T07:44:27Z</time></trkpt><trkpt lat="48.8723233435" lon="11.2711524870"><ele>390.63</ele><time>2026-08-30T07:44:37Z</time></trkpt><trkpt lat="48.8724214956" lon="11.2711156905"><ele>392.39</ele><time>2026-08-30T07:44:46Z</time></trkpt><trkpt lat="48.8725007046" lon="11.2710949872"><ele>393.99</ele><time>2026-08-30T07:44:54Z</time></trkpt><trkpt lat="48.8725941628" lon="11.2711132597"><ele>395.31</ele><time>2026-08-30T07:45:02Z</time></trkpt><trkpt lat="48.8727232441" lon="11.2711504754"><ele>396.05</ele><time>2026-08-30T07:45:10Z</time></trkpt><trkpt lat="48.8728058059" lon="11.2711958215"><ele>396.28</ele><time>2026-08-30T07:45:16Z</time></trkpt><trkpt lat="48.8728238270" lon="11.2712092325"><ele>396.36</ele><time>2026-08-30T07:45:17Z</time></trkpt><trkpt lat="48.8729604520" lon="11.2712726835"><ele>397.03</ele><time>2026-08-30T07:45:25Z</time></trkpt><trkpt lat="48.8729816582" lon="11.2712820712"><ele>397.10</ele><time>2026-08-30T07:45:26Z</time></trkpt><trkpt lat="48.8730167784" lon="11.2712956499"><ele>397.36</ele><time>2026-08-30T07:45:28Z</time></trkpt><trkpt lat="48.8730369788" lon="11.2713066302"><ele>397.46</ele><time>2026-08-30T07:45:29Z</time></trkpt><trkpt lat="48.8730590232" lon="11.2713166885"><ele>397.54</ele><time>2026-08-30T07:45:30Z</time></trkpt><trkpt lat="48.8730947301" lon="11.2713355478"><ele>397.67</ele><time>2026-08-30T07:45:32Z</time></trkpt><trkpt lat="48.8731170259" lon="11.2713479530"><ele>397.73</ele><time>2026-08-30T07:45:33Z</time></trkpt><trkpt lat="48.8731389027" lon="11.2713572569"><ele>397.79</ele><time>2026-08-30T07:45:34Z</time></trkpt><trkpt lat="48.8731605280" lon="11.2713684887"><ele>397.85</ele><time>2026-08-30T07:45:35Z</time></trkpt><trkpt lat="48.8732884359" lon="11.2714085542"><ele>398.59</ele><time>2026-08-30T07:45:42Z</time></trkpt><trkpt lat="48.8733905274" lon="11.2714204565"><ele>399.49</ele><time>2026-08-30T07:45:49Z</time></trkpt><trkpt lat="48.8735496160" lon="11.2714493740"><ele>401.55</ele><time>2026-08-30T07:46:00Z</time></trkpt><trkpt lat="48.8736640289" lon="11.2715378031"><ele>403.17</ele><time>2026-08-30T07:46:09Z</time></trkpt><trkpt lat="48.8737750053" lon="11.2716606818"><ele>405.60</ele><time>2026-08-30T07:46:21Z</time></trkpt><trkpt lat="48.8738462515" lon="11.2717984803"><ele>407.42</ele><time>2026-08-30T07:46:31Z</time></trkpt><trkpt lat="48.8739036676" lon="11.2718948722"><ele>408.85</ele><time>2026-08-30T07:46:38Z</time></trkpt><trkpt lat="48.8740326650" lon="11.2719969638"><ele>410.64</ele><time>2026-08-30T07:46:50Z</time></trkpt><trkpt lat="48.8741167355" lon="11.2720090337"><ele>411.88</ele><time>2026-08-30T07:46:56Z</time></trkpt><trkpt lat="48.8741330802" lon="11.2720067706"><ele>412.05</ele><time>2026-08-30T07:46:57Z</time></trkpt><trkpt lat="48.8742194138" lon="11.2719329260"><ele>413.18</ele><time>2026-08-30T07:47:05Z</time></trkpt><trkpt lat="48.8742706273" lon="11.2718535494"><ele>414.24</ele><time>2026-08-30T07:47:11Z</time></trkpt><trkpt lat="48.8742923364" lon="11.2717585824"><ele>415.06</ele><time>2026-08-30T07:47:16Z</time></trkpt><trkpt lat="48.8742927555" lon="11.2717368733"><ele>415.21</ele><time>2026-08-30T07:47:17Z</time></trkpt><trkpt lat="48.8742888160" lon="11.2717159186"><ele>415.32</ele><time>2026-08-30T07:47:18Z</time></trkpt><trkpt lat="48.8742856309" lon="11.2716934551"><ele>415.44</ele><time>2026-08-30T07:47:19Z</time></trkpt><trkpt lat="48.8742893189" lon="11.2716704886"><ele>415.58</ele><time>2026-08-30T07:47:20Z</time></trkpt><trkpt lat="48.8742930070" lon="11.2716460135"><ele>415.74</ele><time>2026-08-30T07:47:21Z</time></trkpt><trkpt lat="48.8742950186" lon="11.2716227118"><ele>415.91</ele><time>2026-08-30T07:47:22Z</time></trkpt><trkpt lat="48.8742983714" lon="11.2716025952"><ele>416.07</ele><time>2026-08-30T07:47:23Z</time></trkpt><trkpt lat="48.8742987067" lon="11.2715800479"><ele>416.20</ele><time>2026-08-30T07:47:24Z</time></trkpt><trkpt lat="48.8743009698" lon="11.2715502083"><ele>416.30</ele><time>2026-08-30T07:47:25Z</time></trkpt><trkpt lat="48.8743098546" lon="11.2713055406"><ele>417.70</ele><time>2026-08-30T07:47:35Z</time></trkpt><trkpt lat="48.8743075076" lon="11.2712809816"><ele>417.78</ele><time>2026-08-30T07:47:36Z</time></trkpt><trkpt lat="48.8743046578" lon="11.2712575123"><ele>417.85</ele><time>2026-08-30T07:47:37Z</time></trkpt><trkpt lat="48.8743053284" lon="11.2712318636"><ele>417.94</ele><time>2026-08-30T07:47:38Z</time></trkpt><trkpt lat="48.8743070886" lon="11.2712082267"><ele>418.06</ele><time>2026-08-30T07:47:39Z</time></trkpt><trkpt lat="48.8743101060" lon="11.2711864337"><ele>418.18</ele><time>2026-08-30T07:47:40Z</time></trkpt><trkpt lat="48.8743131235" lon="11.2711636350"><ele>418.33</ele><time>2026-08-30T07:47:41Z</time></trkpt><trkpt lat="48.8743132073" lon="11.2711401656"><ele>418.50</ele><time>2026-08-30T07:47:42Z</time></trkpt><trkpt lat="48.8743166439" lon="11.2711183727"><ele>418.66</ele><time>2026-08-30T07:47:43Z</time></trkpt><trkpt lat="48.8743203320" lon="11.2710969150"><ele>418.80</ele><time>2026-08-30T07:47:44Z</time></trkpt><trkpt lat="48.8743228465" lon="11.2710595317"><ele>419.09</ele><time>2026-08-30T07:47:46Z</time></trkpt><trkpt lat="48.8743219245" lon="11.2710151915"><ele>419.31</ele><time>2026-08-30T07:47:48Z</time></trkpt><trkpt lat="48.8743260317" lon="11.2709897105"><ele>419.53</ele><time>2026-08-30T07:47:49Z</time></trkpt><trkpt lat="48.8743707072" lon="11.2708436139"><ele>420.05</ele><time>2026-08-30T07:47:57Z</time></trkpt><trkpt lat="48.8744386844" lon="11.2706721202"><ele>420.47</ele><time>2026-08-30T07:48:04Z</time></trkpt><trkpt lat="48.8744823541" lon="11.2705647480"><ele>420.85</ele><time>2026-08-30T07:48:08Z</time></trkpt><trkpt lat="48.8745838590" lon="11.2703266181"><ele>421.55</ele><time>2026-08-30T07:48:16Z</time></trkpt><trkpt lat="48.8746110164" lon="11.2702702079"><ele>421.74</ele><time>2026-08-30T07:48:18Z</time></trkpt><trkpt lat="48.8746242598" lon="11.2702475768"><ele>421.85</ele><time>2026-08-30T07:48:19Z</time></trkpt><trkpt lat="48.8746372517" lon="11.2702152226"><ele>421.94</ele><time>2026-08-30T07:48:20Z</time></trkpt><trkpt lat="48.8746491540" lon="11.2701777555"><ele>421.98</ele><time>2026-08-30T07:48:21Z</time></trkpt><trkpt lat="48.8746643253" lon="11.2701386958"><ele>422.01</ele><time>2026-08-30T07:48:22Z</time></trkpt><trkpt lat="48.8746851962" lon="11.2701043300"><ele>422.05</ele><time>2026-08-30T07:48:23Z</time></trkpt><trkpt lat="48.8747038040" lon="11.2700699642"><ele>422.12</ele><time>2026-08-30T07:48:24Z</time></trkpt><trkpt lat="48.8747170474" lon="11.2700353470"><ele>422.23</ele><time>2026-08-30T07:48:25Z</time></trkpt><trkpt lat="48.8747291174" lon="11.2699980475"><ele>422.34</ele><time>2026-08-30T07:48:26Z</time></trkpt><trkpt lat="48.8747425284" lon="11.2699638493"><ele>422.43</ele><time>2026-08-30T07:48:27Z</time></trkpt><trkpt lat="48.8747551013" lon="11.2699307408"><ele>422.52</ele><time>2026-08-30T07:48:28Z</time></trkpt><trkpt lat="48.8748354837" lon="11.2697136495"><ele>422.80</ele><time>2026-08-30T07:48:34Z</time></trkpt><trkpt lat="48.8749570213" lon="11.2694947142"><ele>423.15</ele><time>2026-08-30T07:48:41Z</time></trkpt><trkpt lat="48.8751047943" lon="11.2692088075"><ele>423.30</ele><time>2026-08-30T07:48:49Z</time></trkpt><trkpt lat="48.8751186244" lon="11.2691575941"><ele>423.32</ele><time>2026-08-30T07:48:50Z</time></trkpt><trkpt lat="48.8751347177" lon="11.2691202946"><ele>423.36</ele><time>2026-08-30T07:48:51Z</time></trkpt><trkpt lat="48.8751505595" lon="11.2690813188"><ele>423.40</ele><time>2026-08-30T07:48:52Z</time></trkpt><trkpt lat="48.8751628809" lon="11.2690443546"><ele>423.46</ele><time>2026-08-30T07:48:53Z</time></trkpt><trkpt lat="48.8751797285" lon="11.2690073065"><ele>423.52</ele><time>2026-08-30T07:48:54Z</time></trkpt><trkpt lat="48.8752679061" lon="11.2688161992"><ele>423.80</ele><time>2026-08-30T07:49:00Z</time></trkpt><trkpt lat="48.8753549103" lon="11.2686897162"><ele>423.83</ele><time>2026-08-30T07:49:05Z</time></trkpt><trkpt lat="48.8753638789" lon="11.2686607987"><ele>423.83</ele><time>2026-08-30T07:49:06Z</time></trkpt><trkpt lat="48.8754383102" lon="11.2684678473"><ele>424.21</ele><time>2026-08-30T07:49:13Z</time></trkpt><trkpt lat="48.8755291700" lon="11.2682396080"><ele>425.06</ele><time>2026-08-30T07:49:21Z</time></trkpt><trkpt lat="48.8756107260" lon="11.2681730557"><ele>426.19</ele><time>2026-08-30T07:49:28Z</time></trkpt><trkpt lat="48.8756753504" lon="11.2682251912"><ele>427.32</ele><time>2026-08-30T07:49:34Z</time></trkpt><trkpt lat="48.8757069502" lon="11.2682825234"><ele>427.94</ele><time>2026-08-30T07:49:37Z</time></trkpt><trkpt lat="48.8757432438" lon="11.2683814298"><ele>428.46</ele><time>2026-08-30T07:49:42Z</time></trkpt><trkpt lat="48.8757502846" lon="11.2684080005"><ele>428.55</ele><time>2026-08-30T07:49:43Z</time></trkpt><trkpt lat="48.8757574093" lon="11.2684343196"><ele>428.64</ele><time>2026-08-30T07:49:44Z</time></trkpt><trkpt lat="48.8758082036" lon="11.2685961742"><ele>428.63</ele><time>2026-08-30T07:49:49Z</time></trkpt><trkpt lat="48.8758298289" lon="11.2686333060"><ele>428.45</ele><time>2026-08-30T07:49:50Z</time></trkpt><trkpt lat="48.8758843113" lon="11.2687059771"><ele>427.89</ele><time>2026-08-30T07:49:53Z</time></trkpt><trkpt lat="48.8759074453" lon="11.2687281054"><ele>427.79</ele><time>2026-08-30T07:49:54Z</time></trkpt><trkpt lat="48.8759273104" lon="11.2687402591"><ele>427.79</ele><time>2026-08-30T07:49:55Z</time></trkpt><trkpt lat="48.8759709802" lon="11.2687563524"><ele>427.98</ele><time>2026-08-30T07:49:57Z</time></trkpt><trkpt lat="48.8761503529" lon="11.2687825877"><ele>429.44</ele><time>2026-08-30T07:50:04Z</time></trkpt><trkpt lat="48.8763357606" lon="11.2687516585"><ele>429.92</ele><time>2026-08-30T07:50:11Z</time></trkpt><trkpt lat="48.8764895685" lon="11.2686958350"><ele>429.82</ele><time>2026-08-30T07:50:16Z</time></trkpt><trkpt lat="48.8765230961" lon="11.2686862797"><ele>429.78</ele><time>2026-08-30T07:50:17Z</time></trkpt><trkpt lat="48.8767806720" lon="11.2685618084"><ele>429.48</ele><time>2026-08-30T07:50:24Z</time></trkpt><trkpt lat="48.8769709412" lon="11.2684515025"><ele>429.22</ele><time>2026-08-30T07:50:29Z</time></trkpt><trkpt lat="48.8772166986" lon="11.2681924179"><ele>428.30</ele><time>2026-08-30T07:50:36Z</time></trkpt><trkpt lat="48.8773936406" lon="11.2679562159"><ele>428.18</ele><time>2026-08-30T07:50:42Z</time></trkpt><trkpt lat="48.8775405753" lon="11.2676921021"><ele>428.32</ele><time>2026-08-30T07:50:48Z</time></trkpt><trkpt lat="48.8775818143" lon="11.2675829697"><ele>428.66</ele><time>2026-08-30T07:50:51Z</time></trkpt><trkpt lat="48.8775964826" lon="11.2675495259"><ele>428.76</ele><time>2026-08-30T07:50:52Z</time></trkpt><trkpt lat="48.8776143361" lon="11.2675117236"><ele>428.85</ele><time>2026-08-30T07:50:53Z</time></trkpt><trkpt lat="48.8777258154" lon="11.2672616076"><ele>429.56</ele><time>2026-08-30T07:51:00Z</time></trkpt><trkpt lat="48.8778158370" lon="11.2669747788"><ele>430.87</ele><time>2026-08-30T07:51:09Z</time></trkpt><trkpt lat="48.8778222073" lon="11.2667150237"><ele>432.40</ele><time>2026-08-30T07:51:18Z</time></trkpt><trkpt lat="48.8777617738" lon="11.2664352357"><ele>434.49</ele><time>2026-08-30T07:51:28Z</time></trkpt><trkpt lat="48.8777072076" lon="11.2662817631"><ele>435.87</ele><time>2026-08-30T07:51:36Z</time></trkpt><trkpt lat="48.8776977360" lon="11.2662595510"><ele>435.98</ele><time>2026-08-30T07:51:37Z</time></trkpt><trkpt lat="48.8776194490" lon="11.2661199085"><ele>437.04</ele><time>2026-08-30T07:51:45Z</time></trkpt><trkpt lat="48.8775376417" lon="11.2659495883"><ele>437.86</ele><time>2026-08-30T07:51:53Z</time></trkpt><trkpt lat="48.8774981629" lon="11.2657982949"><ele>438.36</ele><time>2026-08-30T07:51:59Z</time></trkpt><trkpt lat="48.8774382323" lon="11.2656019069"><ele>439.19</ele><time>2026-08-30T07:52:07Z</time></trkpt><trkpt lat="48.8773974963" lon="11.2653520424"><ele>439.93</ele><time>2026-08-30T07:52:15Z</time></trkpt><trkpt lat="48.8773981668" lon="11.2652868312"><ele>440.17</ele><time>2026-08-30T07:52:17Z</time></trkpt><trkpt lat="48.8773810677" lon="11.2652263138"><ele>440.60</ele><time>2026-08-30T07:52:20Z</time></trkpt><trkpt lat="48.8773721829" lon="11.2652184349"><ele>441.04</ele><time>2026-08-30T07:52:33Z</time></trkpt><trkpt lat="48.8773595262" lon="11.2651615217"><ele>441.04</ele><time>2026-08-30T07:52:53Z</time></trkpt><trkpt lat="48.8773478754" lon="11.2651349511"><ele>441.04</ele><time>2026-08-30T07:53:18Z</time></trkpt><trkpt lat="48.8773205504" lon="11.2650543172"><ele>441.04</ele><time>2026-08-30T07:53:29Z</time></trkpt><trkpt lat="48.8773103245" lon="11.2650363799"><ele>441.04</ele><time>2026-08-30T07:53:30Z</time></trkpt><trkpt lat="48.8773024455" lon="11.2650182750"><ele>441.04</ele><time>2026-08-30T07:53:31Z</time></trkpt><trkpt lat="48.8772641402" lon="11.2648794707"><ele>441.51</ele><time>2026-08-30T07:53:37Z</time></trkpt><trkpt lat="48.8772244938" lon="11.2647273391"><ele>442.15</ele><time>2026-08-30T07:53:44Z</time></trkpt><trkpt lat="48.8771813270" lon="11.2645401713"><ele>442.72</ele><time>2026-08-30T07:53:51Z</time></trkpt><trkpt lat="48.8771374896" lon="11.2643578649"><ele>443.90</ele><time>2026-08-30T07:53:58Z</time></trkpt><trkpt lat="48.8770861086" lon="11.2641040608"><ele>445.09</ele><time>2026-08-30T07:54:07Z</time></trkpt><trkpt lat="48.8770535868" lon="11.2639116962"><ele>445.67</ele><time>2026-08-30T07:54:13Z</time></trkpt><trkpt lat="48.8770519942" lon="11.2638789229"><ele>445.76</ele><time>2026-08-30T07:54:14Z</time></trkpt><trkpt lat="48.8770522457" lon="11.2638506759"><ele>445.86</ele><time>2026-08-30T07:54:15Z</time></trkpt><trkpt lat="48.8770510722" lon="11.2638187408"><ele>445.96</ele><time>2026-08-30T07:54:16Z</time></trkpt><trkpt lat="48.8770498149" lon="11.2637858000"><ele>446.02</ele><time>2026-08-30T07:54:17Z</time></trkpt><trkpt lat="48.8770457916" lon="11.2637444772"><ele>446.07</ele><time>2026-08-30T07:54:18Z</time></trkpt><trkpt lat="48.8770450372" lon="11.2637101952"><ele>446.15</ele><time>2026-08-30T07:54:19Z</time></trkpt><trkpt lat="48.8770443667" lon="11.2636621669"><ele>446.19</ele><time>2026-08-30T07:54:20Z</time></trkpt><trkpt lat="48.8770325482" lon="11.2633981369"><ele>446.56</ele><time>2026-08-30T07:54:27Z</time></trkpt><trkpt lat="48.8770074863" lon="11.2631666288"><ele>446.74</ele><time>2026-08-30T07:54:34Z</time></trkpt><trkpt lat="48.8769643195" lon="11.2628947198"><ele>446.85</ele><time>2026-08-30T07:54:41Z</time></trkpt><trkpt lat="48.8769464660" lon="11.2625831645"><ele>446.84</ele><time>2026-08-30T07:54:48Z</time></trkpt><trkpt lat="48.8769219071" lon="11.2622722797"><ele>446.91</ele><time>2026-08-30T07:54:55Z</time></trkpt><trkpt lat="48.8769060653" lon="11.2618948426"><ele>446.76</ele><time>2026-08-30T07:55:02Z</time></trkpt><trkpt lat="48.8768898882" lon="11.2614656892"><ele>446.45</ele><time>2026-08-30T07:55:10Z</time></trkpt><trkpt lat="48.8768699393" lon="11.2613619212"><ele>446.27</ele><time>2026-08-30T07:55:16Z</time></trkpt><trkpt lat="48.8768662512" lon="11.2613152340"><ele>446.16</ele><time>2026-08-30T07:55:31Z</time></trkpt><trkpt lat="48.8768197317" lon="11.2612811197"><ele>446.18</ele><time>2026-08-30T07:55:43Z</time></trkpt><trkpt lat="48.8768044766" lon="11.2612365279"><ele>446.13</ele><time>2026-08-30T07:55:50Z</time></trkpt><trkpt lat="48.8767920714" lon="11.2610854860"><ele>445.78</ele><time>2026-08-30T07:56:01Z</time></trkpt><trkpt lat="48.8767715357" lon="11.2610503659"><ele>445.87</ele><time>2026-08-30T07:56:12Z</time></trkpt><trkpt lat="48.8767598849" lon="11.2610652018"><ele>446.05</ele><time>2026-08-30T07:56:25Z</time></trkpt><trkpt lat="48.8767467253" lon="11.2610263936"><ele>446.05</ele><time>2026-08-30T07:56:37Z</time></trkpt><trkpt lat="48.8767258544" lon="11.2610077020"><ele>446.05</ele><time>2026-08-30T07:56:39Z</time></trkpt><trkpt lat="48.8767105993" lon="11.2609987333"><ele>446.05</ele><time>2026-08-30T07:56:40Z</time></trkpt><trkpt lat="48.8766950928" lon="11.2609959673"><ele>446.05</ele><time>2026-08-30T07:56:41Z</time></trkpt><trkpt lat="48.8766774908" lon="11.2609937880"><ele>446.05</ele><time>2026-08-30T07:56:42Z</time></trkpt><trkpt lat="48.8766602241" lon="11.2609911896"><ele>446.15</ele><time>2026-08-30T07:56:43Z</time></trkpt><trkpt lat="48.8765182346" lon="11.2609424908"><ele>447.22</ele><time>2026-08-30T07:56:52Z</time></trkpt><trkpt lat="48.8764806837" lon="11.2609109748"><ele>447.66</ele><time>2026-08-30T07:56:55Z</time></trkpt><trkpt lat="48.8764671050" lon="11.2609006651"><ele>447.82</ele><time>2026-08-30T07:56:56Z</time></trkpt><trkpt lat="48.8764532749" lon="11.2608942110"><ele>447.99</ele><time>2026-08-30T07:56:57Z</time></trkpt><trkpt lat="48.8763584755" lon="11.2608409859"><ele>448.94</ele><time>2026-08-30T07:57:03Z</time></trkpt><trkpt lat="48.8762084395" lon="11.2607994117"><ele>450.61</ele><time>2026-08-30T07:57:11Z</time></trkpt><trkpt lat="48.8760625944" lon="11.2607721705"><ele>451.98</ele><time>2026-08-30T07:57:18Z</time></trkpt><trkpt lat="48.8759506959" lon="11.2607324403"><ele>453.07</ele><time>2026-08-30T07:57:24Z</time></trkpt><trkpt lat="48.8757945411" lon="11.2607176881"><ele>454.57</ele><time>2026-08-30T07:57:32Z</time></trkpt><trkpt lat="48.8756525517" lon="11.2606736831"><ele>456.17</ele><time>2026-08-30T07:57:40Z</time></trkpt><trkpt lat="48.8754947204" lon="11.2606578413"><ele>457.48</ele><time>2026-08-30T07:57:49Z</time></trkpt><trkpt lat="48.8752874359" lon="11.2606152613"><ele>459.64</ele><time>2026-08-30T07:58:00Z</time></trkpt><trkpt lat="48.8752549142" lon="11.2606028561"><ele>459.99</ele><time>2026-08-30T07:58:02Z</time></trkpt><trkpt lat="48.8752395753" lon="11.2605908699"><ele>460.12</ele><time>2026-08-30T07:58:03Z</time></trkpt><trkpt lat="48.8750602864" lon="11.2604925502"><ele>461.09</ele><time>2026-08-30T07:58:12Z</time></trkpt><trkpt lat="48.8748769742" lon="11.2604020257"><ele>462.05</ele><time>2026-08-30T07:58:21Z</time></trkpt><trkpt lat="48.8747423608" lon="11.2603404187"><ele>462.57</ele><time>2026-08-30T07:58:29Z</time></trkpt><trkpt lat="48.8746951707" lon="11.2602858525"><ele>462.83</ele><time>2026-08-30T07:58:34Z</time></trkpt><trkpt lat="48.8746856153" lon="11.2602677476"><ele>462.83</ele><time>2026-08-30T07:58:35Z</time></trkpt><trkpt lat="48.8746771496" lon="11.2602508999"><ele>462.84</ele><time>2026-08-30T07:58:36Z</time></trkpt><trkpt lat="48.8746254332" lon="11.2601473834"><ele>462.82</ele><time>2026-08-30T07:58:42Z</time></trkpt><trkpt lat="48.8746204041" lon="11.2601258419"><ele>462.80</ele><time>2026-08-30T07:58:43Z</time></trkpt><trkpt lat="48.8746027183" lon="11.2599991076"><ele>462.73</ele><time>2026-08-30T07:58:51Z</time></trkpt><trkpt lat="48.8746026345" lon="11.2599630654"><ele>462.96</ele><time>2026-08-30T07:59:01Z</time></trkpt><trkpt lat="48.8745800033" lon="11.2598048151"><ele>463.01</ele><time>2026-08-30T07:59:09Z</time></trkpt><trkpt lat="48.8745757286" lon="11.2596162222"><ele>462.87</ele><time>2026-08-30T07:59:17Z</time></trkpt><trkpt lat="48.8746065740" lon="11.2593277171"><ele>462.67</ele><time>2026-08-30T07:59:25Z</time></trkpt><trkpt lat="48.8746546023" lon="11.2590444088"><ele>462.62</ele><time>2026-08-30T07:59:32Z</time></trkpt><trkpt lat="48.8746247627" lon="11.2587264832"><ele>462.64</ele><time>2026-08-30T07:59:39Z</time></trkpt><trkpt lat="48.8745562825" lon="11.2584824022"><ele>462.85</ele><time>2026-08-30T07:59:44Z</time></trkpt><trkpt lat="48.8744836953" lon="11.2582052127"><ele>463.39</ele><time>2026-08-30T07:59:50Z</time></trkpt><trkpt lat="48.8743872195" lon="11.2578990217"><ele>463.81</ele><time>2026-08-30T07:59:56Z</time></trkpt><trkpt lat="48.8743271213" lon="11.2576156296"><ele>463.46</ele><time>2026-08-30T08:00:02Z</time></trkpt><trkpt lat="48.8742681965" lon="11.2573848758"><ele>463.32</ele><time>2026-08-30T08:00:06Z</time></trkpt><trkpt lat="48.8742571324" lon="11.2573326565"><ele>463.32</ele><time>2026-08-30T08:00:07Z</time></trkpt><trkpt lat="48.8741519395" lon="11.2570046727"><ele>463.47</ele><time>2026-08-30T08:00:13Z</time></trkpt><trkpt lat="48.8740481716" lon="11.2566669658"><ele>463.53</ele><time>2026-08-30T08:00:19Z</time></trkpt><trkpt lat="48.8739454094" lon="11.2563144229"><ele>463.49</ele><time>2026-08-30T08:00:25Z</time></trkpt><trkpt lat="48.8738200162" lon="11.2559143547"><ele>463.35</ele><time>2026-08-30T08:00:32Z</time></trkpt><trkpt lat="48.8736514561" lon="11.2555163819"><ele>463.49</ele><time>2026-08-30T08:00:39Z</time></trkpt><trkpt lat="48.8734955527" lon="11.2551282998"><ele>463.81</ele><time>2026-08-30T08:00:46Z</time></trkpt><trkpt lat="48.8733541500" lon="11.2548074406"><ele>464.15</ele><time>2026-08-30T08:00:53Z</time></trkpt><trkpt lat="48.8732192013" lon="11.2544449233"><ele>464.45</ele><time>2026-08-30T08:01:00Z</time></trkpt><trkpt lat="48.8730933052" lon="11.2540264986"><ele>464.35</ele><time>2026-08-30T08:01:07Z</time></trkpt><trkpt lat="48.8729996793" lon="11.2537482195"><ele>464.36</ele><time>2026-08-30T08:01:12Z</time></trkpt><trkpt lat="48.8728566840" lon="11.2533381768"><ele>464.52</ele><time>2026-08-30T08:01:19Z</time></trkpt><trkpt lat="48.8727163710" lon="11.2529491726"><ele>464.37</ele><time>2026-08-30T08:01:25Z</time></trkpt><trkpt lat="48.8724953402" lon="11.2523462623"><ele>464.44</ele><time>2026-08-30T08:01:34Z</time></trkpt><trkpt lat="48.8722414523" lon="11.2516023684"><ele>464.08</ele><time>2026-08-30T08:01:46Z</time></trkpt><trkpt lat="48.8720378559" lon="11.2509816885"><ele>464.45</ele><time>2026-08-30T08:01:56Z</time></trkpt><trkpt lat="48.8718261290" lon="11.2503351923"><ele>464.20</ele><time>2026-08-30T08:02:07Z</time></trkpt><trkpt lat="48.8715973031" lon="11.2496328726"><ele>464.59</ele><time>2026-08-30T08:02:19Z</time></trkpt><trkpt lat="48.8714559004" lon="11.2492126040"><ele>464.42</ele><time>2026-08-30T08:02:27Z</time></trkpt><trkpt lat="48.8713505398" lon="11.2489275355"><ele>464.22</ele><time>2026-08-30T08:02:33Z</time></trkpt><trkpt lat="48.8712713309" lon="11.2486368511"><ele>463.70</ele><time>2026-08-30T08:02:39Z</time></trkpt><trkpt lat="48.8712238893" lon="11.2481367867"><ele>463.67</ele><time>2026-08-30T08:02:46Z</time></trkpt><trkpt lat="48.8711097278" lon="11.2475333735"><ele>463.81</ele><time>2026-08-30T08:02:55Z</time></trkpt><trkpt lat="48.8708928041" lon="11.2468339875"><ele>464.33</ele><time>2026-08-30T08:03:07Z</time></trkpt><trkpt lat="48.8706127647" lon="11.2460745033"><ele>464.74</ele><time>2026-08-30T08:03:20Z</time></trkpt><trkpt lat="48.8703293726" lon="11.2454870157"><ele>463.46</ele><time>2026-08-30T08:03:31Z</time></trkpt><trkpt lat="48.8699695375" lon="11.2448154576"><ele>462.78</ele><time>2026-08-30T08:03:43Z</time></trkpt><trkpt lat="48.8695049286" lon="11.2441770080"><ele>462.16</ele><time>2026-08-30T08:03:56Z</time></trkpt><trkpt lat="48.8690049481" lon="11.2437047716"><ele>462.07</ele><time>2026-08-30T08:04:08Z</time></trkpt><trkpt lat="48.8685475476" lon="11.2433953118"><ele>462.24</ele><time>2026-08-30T08:04:18Z</time></trkpt><trkpt lat="48.8681485690" lon="11.2430820800"><ele>462.35</ele><time>2026-08-30T08:04:27Z</time></trkpt><trkpt lat="48.8679574616" lon="11.2429027911"><ele>461.95</ele><time>2026-08-30T08:04:33Z</time></trkpt><trkpt lat="48.8679601438" lon="11.2428765558"><ele>462.51</ele><time>2026-08-30T08:04:40Z</time></trkpt><trkpt lat="48.8679596409" lon="11.2428789027"><ele>462.51</ele><time>2026-08-30T08:04:49Z</time></trkpt><trkpt lat="48.8679717109" lon="11.2428823393"><ele>462.51</ele><time>2026-08-30T08:09:13Z</time></trkpt><trkpt lat="48.8679657597" lon="11.2428896315"><ele>462.51</ele><time>2026-08-30T08:10:40Z</time></trkpt><trkpt lat="48.8679709565" lon="11.2428747118"><ele>462.51</ele><time>2026-08-30T08:13:21Z</time></trkpt><trkpt lat="48.8679209165" lon="11.2428523321"><ele>462.51</ele><time>2026-08-30T08:13:29Z</time></trkpt><trkpt lat="48.8679099362" lon="11.2428418547"><ele>462.51</ele><time>2026-08-30T08:13:30Z</time></trkpt><trkpt lat="48.8678963576" lon="11.2428310420"><ele>462.51</ele><time>2026-08-30T08:13:31Z</time></trkpt><trkpt lat="48.8678800967" lon="11.2428166252"><ele>462.70</ele><time>2026-08-30T08:13:32Z</time></trkpt><trkpt lat="48.8678614888" lon="11.2427981850"><ele>463.19</ele><time>2026-08-30T08:13:33Z</time></trkpt><trkpt lat="48.8678405341" lon="11.2427765597"><ele>463.59</ele><time>2026-08-30T08:13:34Z</time></trkpt><trkpt lat="48.8675868139" lon="11.2425441295"><ele>462.93</ele><time>2026-08-30T08:13:43Z</time></trkpt><trkpt lat="48.8673456665" lon="11.2423177343"><ele>462.21</ele><time>2026-08-30T08:13:49Z</time></trkpt><trkpt lat="48.8673040085" lon="11.2422568817"><ele>461.93</ele><time>2026-08-30T08:13:50Z</time></trkpt><trkpt lat="48.8672665413" lon="11.2421865575"><ele>461.49</ele><time>2026-08-30T08:13:51Z</time></trkpt><trkpt lat="48.8672325108" lon="11.2421066780"><ele>461.05</ele><time>2026-08-30T08:13:52Z</time></trkpt><trkpt lat="48.8672011625" lon="11.2420211826"><ele>460.72</ele><time>2026-08-30T08:13:53Z</time></trkpt><trkpt lat="48.8671716582" lon="11.2419313285"><ele>460.43</ele><time>2026-08-30T08:13:54Z</time></trkpt><trkpt lat="48.8669931237" lon="11.2412451860"><ele>457.09</ele><time>2026-08-30T08:14:01Z</time></trkpt><trkpt lat="48.8669594284" lon="11.2411523145"><ele>456.59</ele><time>2026-08-30T08:14:02Z</time></trkpt><trkpt lat="48.8669176865" lon="11.2410659809"><ele>456.24</ele><time>2026-08-30T08:14:03Z</time></trkpt><trkpt lat="48.8668694906" lon="11.2409836706"><ele>455.93</ele><time>2026-08-30T08:14:04Z</time></trkpt><trkpt lat="48.8668139186" lon="11.2409068923"><ele>455.49</ele><time>2026-08-30T08:14:05Z</time></trkpt><trkpt lat="48.8667567540" lon="11.2408326287"><ele>454.32</ele><time>2026-08-30T08:14:06Z</time></trkpt><trkpt lat="48.8666969072" lon="11.2407631427"><ele>453.89</ele><time>2026-08-30T08:14:07Z</time></trkpt><trkpt lat="48.8666344620" lon="11.2407010328"><ele>453.63</ele><time>2026-08-30T08:14:08Z</time></trkpt><trkpt lat="48.8665718492" lon="11.2406440359"><ele>453.47</ele><time>2026-08-30T08:14:09Z</time></trkpt><trkpt lat="48.8660750538" lon="11.2403383479"><ele>452.44</ele><time>2026-08-30T08:14:17Z</time></trkpt><trkpt lat="48.8654988818" lon="11.2401468214"><ele>451.39</ele><time>2026-08-30T08:14:27Z</time></trkpt><trkpt lat="48.8652423117" lon="11.2400562968"><ele>451.58</ele><time>2026-08-30T08:14:32Z</time></trkpt><trkpt lat="48.8647578377" lon="11.2398218550"><ele>451.02</ele><time>2026-08-30T08:14:42Z</time></trkpt><trkpt lat="48.8647112343" lon="11.2397923507"><ele>450.93</ele><time>2026-08-30T08:14:43Z</time></trkpt><trkpt lat="48.8645686582" lon="11.2396855652"><ele>450.69</ele><time>2026-08-30T08:14:46Z</time></trkpt><trkpt lat="48.8640295342" lon="11.2393882591"><ele>449.78</ele><time>2026-08-30T08:14:57Z</time></trkpt><trkpt lat="48.8634365983" lon="11.2391911168"><ele>449.20</ele><time>2026-08-30T08:15:08Z</time></trkpt><trkpt lat="48.8631450757" lon="11.2392083835"><ele>448.47</ele><time>2026-08-30T08:15:13Z</time></trkpt><trkpt lat="48.8625936303" lon="11.2394370418"><ele>447.68</ele><time>2026-08-30T08:15:23Z</time></trkpt><trkpt lat="48.8621833362" lon="11.2396242935"><ele>446.80</ele><time>2026-08-30T08:15:31Z</time></trkpt><trkpt lat="48.8621344697" lon="11.2396533787"><ele>446.79</ele><time>2026-08-30T08:15:32Z</time></trkpt><trkpt lat="48.8620887883" lon="11.2396916002"><ele>446.85</ele><time>2026-08-30T08:15:33Z</time></trkpt><trkpt lat="48.8620412629" lon="11.2397256307"><ele>447.05</ele><time>2026-08-30T08:15:34Z</time></trkpt><trkpt lat="48.8619937375" lon="11.2397434842"><ele>447.29</ele><time>2026-08-30T08:15:35Z</time></trkpt><trkpt lat="48.8619402610" lon="11.2397518661"><ele>447.41</ele><time>2026-08-30T08:15:36Z</time></trkpt><trkpt lat="48.8618854433" lon="11.2397504412"><ele>447.48</ele><time>2026-08-30T08:15:37Z</time></trkpt><trkpt lat="48.8618336432" lon="11.2397459988"><ele>447.50</ele><time>2026-08-30T08:15:38Z</time></trkpt><trkpt lat="48.8613438047" lon="11.2397158239"><ele>446.26</ele><time>2026-08-30T08:15:47Z</time></trkpt><trkpt lat="48.8608323410" lon="11.2396682147"><ele>446.27</ele><time>2026-08-30T08:15:57Z</time></trkpt><trkpt lat="48.8604485337" lon="11.2394803762"><ele>446.08</ele><time>2026-08-30T08:16:05Z</time></trkpt><trkpt lat="48.8603014313" lon="11.2393072061"><ele>445.97</ele><time>2026-08-30T08:16:09Z</time></trkpt><trkpt lat="48.8602730166" lon="11.2392499577"><ele>446.02</ele><time>2026-08-30T08:16:10Z</time></trkpt><trkpt lat="48.8602529000" lon="11.2391875125"><ele>446.11</ele><time>2026-08-30T08:16:11Z</time></trkpt><trkpt lat="48.8602395728" lon="11.2391207088"><ele>446.25</ele><time>2026-08-30T08:16:12Z</time></trkpt><trkpt lat="48.8602309395" lon="11.2390494626"><ele>446.42</ele><time>2026-08-30T08:16:13Z</time></trkpt><trkpt lat="48.8602272514" lon="11.2389782164"><ele>446.54</ele><time>2026-08-30T08:16:14Z</time></trkpt><trkpt lat="48.8602268323" lon="11.2389060482"><ele>446.60</ele><time>2026-08-30T08:16:15Z</time></trkpt><trkpt lat="48.8601950649" lon="11.2381847855"><ele>446.74</ele><time>2026-08-30T08:16:26Z</time></trkpt><trkpt lat="48.8601398282" lon="11.2378499284"><ele>448.04</ele><time>2026-08-30T08:16:34Z</time></trkpt><trkpt lat="48.8601135090" lon="11.2376738247"><ele>448.41</ele><time>2026-08-30T08:16:42Z</time></trkpt><trkpt lat="48.8600658160" lon="11.2373947073"><ele>448.54</ele><time>2026-08-30T08:16:49Z</time></trkpt><trkpt lat="48.8600719348" lon="11.2370450143"><ele>448.56</ele><time>2026-08-30T08:16:56Z</time></trkpt><trkpt lat="48.8600733597" lon="11.2366891187"><ele>448.67</ele><time>2026-08-30T08:17:03Z</time></trkpt><trkpt lat="48.8600798976" lon="11.2363360729"><ele>448.93</ele><time>2026-08-30T08:17:09Z</time></trkpt><trkpt lat="48.8600777183" lon="11.2362020463"><ele>449.26</ele><time>2026-08-30T08:17:11Z</time></trkpt><trkpt lat="48.8600780535" lon="11.2356117088"><ele>449.90</ele><time>2026-08-30T08:17:20Z</time></trkpt><trkpt lat="48.8600871060" lon="11.2351005804"><ele>450.41</ele><time>2026-08-30T08:17:29Z</time></trkpt><trkpt lat="48.8601204660" lon="11.2346414197"><ele>451.35</ele><time>2026-08-30T08:17:38Z</time></trkpt><trkpt lat="48.8600911293" lon="11.2342761364"><ele>451.72</ele><time>2026-08-30T08:17:45Z</time></trkpt><trkpt lat="48.8601074740" lon="11.2338650040"><ele>452.33</ele><time>2026-08-30T08:17:53Z</time></trkpt><trkpt lat="48.8601231482" lon="11.2334183324"><ele>453.33</ele><time>2026-08-30T08:18:02Z</time></trkpt><trkpt lat="48.8601619564" lon="11.2330044340"><ele>454.30</ele><time>2026-08-30T08:18:10Z</time></trkpt><trkpt lat="48.8601710927" lon="11.2324379850"><ele>455.14</ele><time>2026-08-30T08:18:21Z</time></trkpt><trkpt lat="48.8601849228" lon="11.2318762299"><ele>456.70</ele><time>2026-08-30T08:18:33Z</time></trkpt><trkpt lat="48.8601928856" lon="11.2315544486"><ele>457.37</ele><time>2026-08-30T08:18:41Z</time></trkpt><trkpt lat="48.8602111582" lon="11.2311164103"><ele>458.92</ele><time>2026-08-30T08:18:52Z</time></trkpt><trkpt lat="48.8602332026" lon="11.2306095567"><ele>460.60</ele><time>2026-08-30T08:19:05Z</time></trkpt><trkpt lat="48.8602605276" lon="11.2301499769"><ele>462.12</ele><time>2026-08-30T08:19:18Z</time></trkpt><trkpt lat="48.8602787163" lon="11.2297681812"><ele>463.99</ele><time>2026-08-30T08:19:29Z</time></trkpt><trkpt lat="48.8603138365" lon="11.2293071765"><ele>465.58</ele><time>2026-08-30T08:19:42Z</time></trkpt><trkpt lat="48.8603631221" lon="11.2289070245"><ele>467.39</ele><time>2026-08-30T08:19:54Z</time></trkpt><trkpt lat="48.8604345359" lon="11.2284993287"><ele>469.47</ele><time>2026-08-30T08:20:06Z</time></trkpt><trkpt lat="48.8605450932" lon="11.2280596979"><ele>471.62</ele><time>2026-08-30T08:20:19Z</time></trkpt><trkpt lat="48.8606456760" lon="11.2276908103"><ele>472.75</ele><time>2026-08-30T08:20:30Z</time></trkpt><trkpt lat="48.8607491925" lon="11.2272625789"><ele>473.48</ele><time>2026-08-30T08:20:41Z</time></trkpt><trkpt lat="48.8607823011" lon="11.2267838046"><ele>473.01</ele><time>2026-08-30T08:20:51Z</time></trkpt><trkpt lat="48.8607580774" lon="11.2267532106"><ele>472.94</ele><time>2026-08-30T08:20:52Z</time></trkpt><trkpt lat="48.8607284054" lon="11.2267286517"><ele>472.87</ele><time>2026-08-30T08:20:53Z</time></trkpt><trkpt lat="48.8605330233" lon="11.2265723292"><ele>472.00</ele><time>2026-08-30T08:20:58Z</time></trkpt><trkpt lat="48.8604874257" lon="11.2265426572"><ele>471.54</ele><time>2026-08-30T08:20:59Z</time></trkpt><trkpt lat="48.8604458515" lon="11.2265070342"><ele>470.46</ele><time>2026-08-30T08:21:00Z</time></trkpt><trkpt lat="48.8604176883" lon="11.2264554016"><ele>470.00</ele><time>2026-08-30T08:21:01Z</time></trkpt><trkpt lat="48.8604055345" lon="11.2263963092"><ele>469.71</ele><time>2026-08-30T08:21:02Z</time></trkpt><trkpt lat="48.8604049478" lon="11.2263377197"><ele>469.56</ele><time>2026-08-30T08:21:03Z</time></trkpt><trkpt lat="48.8604093064" lon="11.2262838241"><ele>469.49</ele><time>2026-08-30T08:21:04Z</time></trkpt><trkpt lat="48.8604188617" lon="11.2258506473"><ele>471.54</ele><time>2026-08-30T08:21:13Z</time></trkpt><trkpt lat="48.8602873497" lon="11.2254222482"><ele>472.49</ele><time>2026-08-30T08:21:23Z</time></trkpt><trkpt lat="48.8600337133" lon="11.2250932585"><ele>473.20</ele><time>2026-08-30T08:21:33Z</time></trkpt><trkpt lat="48.8597150333" lon="11.2249150593"><ele>472.73</ele><time>2026-08-30T08:21:42Z</time></trkpt><trkpt lat="48.8594486564" lon="11.2248696294"><ele>472.45</ele><time>2026-08-30T08:21:48Z</time></trkpt><trkpt lat="48.8594220858" lon="11.2248287257"><ele>472.23</ele><time>2026-08-30T08:21:49Z</time></trkpt><trkpt lat="48.8594217505" lon="11.2247676216"><ele>472.14</ele><time>2026-08-30T08:21:50Z</time></trkpt><trkpt lat="48.8594484050" lon="11.2247195095"><ele>472.04</ele><time>2026-08-30T08:21:51Z</time></trkpt><trkpt lat="48.8594865426" lon="11.2246872392"><ele>471.90</ele><time>2026-08-30T08:21:52Z</time></trkpt><trkpt lat="48.8595304638" lon="11.2246543821"><ele>471.76</ele><time>2026-08-30T08:21:53Z</time></trkpt><trkpt lat="48.8598476350" lon="11.2243506219"><ele>470.11</ele><time>2026-08-30T08:21:59Z</time></trkpt><trkpt lat="48.8603001740" lon="11.2238377333"><ele>467.29</ele><time>2026-08-30T08:22:08Z</time></trkpt><trkpt lat="48.8604004215" lon="11.2237452809"><ele>467.11</ele><time>2026-08-30T08:22:10Z</time></trkpt><trkpt lat="48.8606730849" lon="11.2235286087"><ele>466.05</ele><time>2026-08-30T08:22:15Z</time></trkpt><trkpt lat="48.8607269805" lon="11.2234662473"><ele>465.88</ele><time>2026-08-30T08:22:16Z</time></trkpt><trkpt lat="48.8608333468" lon="11.2233304605"><ele>465.10</ele><time>2026-08-30T08:22:18Z</time></trkpt><trkpt lat="48.8608864043" lon="11.2232712004"><ele>464.66</ele><time>2026-08-30T08:22:19Z</time></trkpt><trkpt lat="48.8609319180" lon="11.2232042290"><ele>464.22</ele><time>2026-08-30T08:22:20Z</time></trkpt><trkpt lat="48.8609657809" lon="11.2231238466"><ele>463.75</ele><time>2026-08-30T08:22:21Z</time></trkpt><trkpt lat="48.8609827962" lon="11.2230303045"><ele>463.34</ele><time>2026-08-30T08:22:22Z</time></trkpt><trkpt lat="48.8609874900" lon="11.2229290511"><ele>462.87</ele><time>2026-08-30T08:22:23Z</time></trkpt><trkpt lat="48.8609910104" lon="11.2228236906"><ele>462.20</ele><time>2026-08-30T08:22:24Z</time></trkpt><trkpt lat="48.8610029966" lon="11.2220180221"><ele>459.20</ele><time>2026-08-30T08:22:32Z</time></trkpt><trkpt lat="48.8610596582" lon="11.2213742919"><ele>459.58</ele><time>2026-08-30T08:22:40Z</time></trkpt><trkpt lat="48.8610861450" lon="11.2212345656"><ele>459.98</ele><time>2026-08-30T08:22:42Z</time></trkpt><trkpt lat="48.8611734845" lon="11.2207908276"><ele>460.71</ele><time>2026-08-30T08:22:50Z</time></trkpt><trkpt lat="48.8612574711" lon="11.2203173339"><ele>461.54</ele><time>2026-08-30T08:22:59Z</time></trkpt><trkpt lat="48.8613723032" lon="11.2197101489"><ele>462.38</ele><time>2026-08-30T08:23:11Z</time></trkpt><trkpt lat="48.8614926673" lon="11.2190120202"><ele>463.71</ele><time>2026-08-30T08:23:25Z</time></trkpt><trkpt lat="48.8615862094" lon="11.2184554618"><ele>464.22</ele><time>2026-08-30T08:23:36Z</time></trkpt><trkpt lat="48.8616966829" lon="11.2182881590"><ele>464.55</ele><time>2026-08-30T08:23:41Z</time></trkpt><trkpt lat="48.8619610481" lon="11.2181183416"><ele>466.00</ele><time>2026-08-30T08:23:51Z</time></trkpt><trkpt lat="48.8621716853" lon="11.2179988995"><ele>467.02</ele><time>2026-08-30T08:24:01Z</time></trkpt><trkpt lat="48.8622816559" lon="11.2179319281"><ele>468.29</ele><time>2026-08-30T08:24:08Z</time></trkpt><trkpt lat="48.8624223880" lon="11.2178261485"><ele>470.18</ele><time>2026-08-30T08:24:16Z</time></trkpt><trkpt lat="48.8626126572" lon="11.2176589295"><ele>471.56</ele><time>2026-08-30T08:24:25Z</time></trkpt><trkpt lat="48.8627502043" lon="11.2175126653"><ele>472.43</ele><time>2026-08-30T08:24:33Z</time></trkpt><trkpt lat="48.8629033417" lon="11.2173215579"><ele>473.38</ele><time>2026-08-30T08:24:41Z</time></trkpt><trkpt lat="48.8630116358" lon="11.2171646487"><ele>474.13</ele><time>2026-08-30T08:24:47Z</time></trkpt><trkpt lat="48.8631408010" lon="11.2169429474"><ele>474.91</ele><time>2026-08-30T08:24:55Z</time></trkpt><trkpt lat="48.8631604146" lon="11.2169158738"><ele>474.96</ele><time>2026-08-30T08:24:56Z</time></trkpt><trkpt lat="48.8631823752" lon="11.2168908119"><ele>475.03</ele><time>2026-08-30T08:24:57Z</time></trkpt><trkpt lat="48.8632017374" lon="11.2168638222"><ele>475.12</ele><time>2026-08-30T08:24:58Z</time></trkpt><trkpt lat="48.8633727282" lon="11.2166084256"><ele>476.29</ele><time>2026-08-30T08:25:07Z</time></trkpt><trkpt lat="48.8635043241" lon="11.2164257001"><ele>476.85</ele><time>2026-08-30T08:25:14Z</time></trkpt><trkpt lat="48.8636774942" lon="11.2162157334"><ele>477.65</ele><time>2026-08-30T08:25:23Z</time></trkpt><trkpt lat="48.8638152089" lon="11.2160409708"><ele>477.99</ele><time>2026-08-30T08:25:30Z</time></trkpt><trkpt lat="48.8639965933" lon="11.2157486938"><ele>478.45</ele><time>2026-08-30T08:25:39Z</time></trkpt><trkpt lat="48.8640686776" lon="11.2155953050"><ele>478.72</ele><time>2026-08-30T08:25:45Z</time></trkpt><trkpt lat="48.8640644867" lon="11.2155968137"><ele>479.36</ele><time>2026-08-30T08:25:59Z</time></trkpt><trkpt lat="48.8640753832" lon="11.2155821454"><ele>479.65</ele><time>2026-08-30T08:26:48Z</time></trkpt><trkpt lat="48.8640804961" lon="11.2155499589"><ele>479.83</ele><time>2026-08-30T08:27:18Z</time></trkpt><trkpt lat="48.8640693482" lon="11.2155369669"><ele>479.83</ele><time>2026-08-30T08:27:50Z</time></trkpt><trkpt lat="48.8640858606" lon="11.2155888509"><ele>479.83</ele><time>2026-08-30T08:28:56Z</time></trkpt><trkpt lat="48.8640698511" lon="11.2154932134"><ele>479.83</ele><time>2026-08-30T08:30:07Z</time></trkpt><trkpt lat="48.8640755508" lon="11.2154755276"><ele>479.83</ele><time>2026-08-30T08:30:08Z</time></trkpt><trkpt lat="48.8640823402" lon="11.2154553272"><ele>479.83</ele><time>2026-08-30T08:30:09Z</time></trkpt><trkpt lat="48.8640903030" lon="11.2154368032"><ele>480.02</ele><time>2026-08-30T08:30:10Z</time></trkpt><trkpt lat="48.8641373254" lon="11.2153497152"><ele>481.37</ele><time>2026-08-30T08:30:14Z</time></trkpt><trkpt lat="48.8641453721" lon="11.2153213844"><ele>481.51</ele><time>2026-08-30T08:30:15Z</time></trkpt><trkpt lat="48.8641598728" lon="11.2152752001"><ele>481.56</ele><time>2026-08-30T08:30:17Z</time></trkpt><trkpt lat="48.8642700948" lon="11.2150365673"><ele>481.79</ele><time>2026-08-30T08:30:25Z</time></trkpt><trkpt lat="48.8643701747" lon="11.2147886306"><ele>482.06</ele><time>2026-08-30T08:30:33Z</time></trkpt><trkpt lat="48.8644741941" lon="11.2145707011"><ele>482.49</ele><time>2026-08-30T08:30:40Z</time></trkpt><trkpt lat="48.8645949773" lon="11.2143381033"><ele>483.16</ele><time>2026-08-30T08:30:47Z</time></trkpt><trkpt lat="48.8647173531" lon="11.2140667811"><ele>483.77</ele><time>2026-08-30T08:30:55Z</time></trkpt><trkpt lat="48.8647973165" lon="11.2138988078"><ele>484.22</ele><time>2026-08-30T08:31:01Z</time></trkpt><trkpt lat="48.8648960553" lon="11.2137043476"><ele>485.06</ele><time>2026-08-30T08:31:08Z</time></trkpt><trkpt lat="48.8649810478" lon="11.2134701572"><ele>485.75</ele><time>2026-08-30T08:31:16Z</time></trkpt><trkpt lat="48.8650872465" lon="11.2132155988"><ele>486.67</ele><time>2026-08-30T08:31:25Z</time></trkpt><trkpt lat="48.8651739992" lon="11.2130371481"><ele>487.87</ele><time>2026-08-30T08:31:32Z</time></trkpt><trkpt lat="48.8652537949" lon="11.2128764670"><ele>488.88</ele><time>2026-08-30T08:31:38Z</time></trkpt><trkpt lat="48.8653434813" lon="11.2127263471"><ele>490.04</ele><time>2026-08-30T08:31:45Z</time></trkpt><trkpt lat="48.8654324133" lon="11.2125250138"><ele>491.36</ele><time>2026-08-30T08:31:53Z</time></trkpt><trkpt lat="48.8655178249" lon="11.2123375107"><ele>492.71</ele><time>2026-08-30T08:32:00Z</time></trkpt><trkpt lat="48.8656104449" lon="11.2121736445"><ele>493.97</ele><time>2026-08-30T08:32:07Z</time></trkpt><trkpt lat="48.8656983711" lon="11.2119619176"><ele>495.43</ele><time>2026-08-30T08:32:15Z</time></trkpt><trkpt lat="48.8657886442" lon="11.2117845565"><ele>496.97</ele><time>2026-08-30T08:32:23Z</time></trkpt><trkpt lat="48.8658940885" lon="11.2115533836"><ele>498.64</ele><time>2026-08-30T08:32:33Z</time></trkpt><trkpt lat="48.8659638260" lon="11.2113859132"><ele>499.61</ele><time>2026-08-30T08:32:41Z</time></trkpt><trkpt lat="48.8660701085" lon="11.2111680675"><ele>501.06</ele><time>2026-08-30T08:32:50Z</time></trkpt><trkpt lat="48.8661218248" lon="11.2110766210"><ele>501.71</ele><time>2026-08-30T08:32:54Z</time></trkpt><trkpt lat="48.8661340624" lon="11.2110502180"><ele>501.84</ele><time>2026-08-30T08:32:55Z</time></trkpt><trkpt lat="48.8662647363" lon="11.2108055502"><ele>503.10</ele><time>2026-08-30T08:33:05Z</time></trkpt><trkpt lat="48.8663265109" lon="11.2106648181"><ele>503.78</ele><time>2026-08-30T08:33:11Z</time></trkpt><trkpt lat="48.8664286863" lon="11.2104948331"><ele>504.49</ele><time>2026-08-30T08:33:19Z</time></trkpt><trkpt lat="48.8665373158" lon="11.2102581281"><ele>505.20</ele><time>2026-08-30T08:33:27Z</time></trkpt><trkpt lat="48.8666582666" lon="11.2100240216"><ele>505.39</ele><time>2026-08-30T08:33:35Z</time></trkpt><trkpt lat="48.8668011781" lon="11.2097343430"><ele>505.47</ele><time>2026-08-30T08:33:43Z</time></trkpt><trkpt lat="48.8669465203" lon="11.2094651163"><ele>505.67</ele><time>2026-08-30T08:33:51Z</time></trkpt><trkpt lat="48.8670511264" lon="11.2092363741"><ele>505.77</ele><time>2026-08-30T08:33:58Z</time></trkpt><trkpt lat="48.8671677187" lon="11.2089680694"><ele>505.86</ele><time>2026-08-30T08:34:05Z</time></trkpt><trkpt lat="48.8672648650" lon="11.2087092362"><ele>506.19</ele><time>2026-08-30T08:34:11Z</time></trkpt><trkpt lat="48.8673765119" lon="11.2084676698"><ele>506.77</ele><time>2026-08-30T08:34:18Z</time></trkpt><trkpt lat="48.8675014023" lon="11.2081926595"><ele>507.19</ele><time>2026-08-30T08:34:24Z</time></trkpt><trkpt lat="48.8676176593" lon="11.2079479918"><ele>507.41</ele><time>2026-08-30T08:34:30Z</time></trkpt><trkpt lat="48.8676361833" lon="11.2079091836"><ele>507.44</ele><time>2026-08-30T08:34:31Z</time></trkpt><trkpt lat="48.8676554617" lon="11.2078676932"><ele>507.46</ele><time>2026-08-30T08:34:32Z</time></trkpt><trkpt lat="48.8676728122" lon="11.2078251131"><ele>507.50</ele><time>2026-08-30T08:34:33Z</time></trkpt><trkpt lat="48.8676919229" lon="11.2077866402"><ele>507.56</ele><time>2026-08-30T08:34:34Z</time></trkpt><trkpt lat="48.8677115366" lon="11.2077466585"><ele>507.63</ele><time>2026-08-30T08:34:35Z</time></trkpt><trkpt lat="48.8678515144" lon="11.2074969616"><ele>508.22</ele><time>2026-08-30T08:34:42Z</time></trkpt><trkpt lat="48.8679775782" lon="11.2072979752"><ele>508.98</ele><time>2026-08-30T08:34:49Z</time></trkpt><trkpt lat="48.8679959346" lon="11.2072709017"><ele>509.07</ele><time>2026-08-30T08:34:50Z</time></trkpt><trkpt lat="48.8680118602" lon="11.2072421517"><ele>509.12</ele><time>2026-08-30T08:34:51Z</time></trkpt><trkpt lat="48.8680311386" lon="11.2072128151"><ele>509.18</ele><time>2026-08-30T08:34:52Z</time></trkpt><trkpt lat="48.8680505008" lon="11.2071822211"><ele>509.25</ele><time>2026-08-30T08:34:53Z</time></trkpt><trkpt lat="48.8680681866" lon="11.2071560696"><ele>509.31</ele><time>2026-08-30T08:34:54Z</time></trkpt><trkpt lat="48.8680873811" lon="11.2071244698"><ele>509.38</ele><time>2026-08-30T08:34:55Z</time></trkpt><trkpt lat="48.8682561927" lon="11.2068846636"><ele>509.87</ele><time>2026-08-30T08:35:03Z</time></trkpt><trkpt lat="48.8683013711" lon="11.2068224698"><ele>509.97</ele><time>2026-08-30T08:35:05Z</time></trkpt><trkpt lat="48.8683198951" lon="11.2067833263"><ele>510.00</ele><time>2026-08-30T08:35:06Z</time></trkpt><trkpt lat="48.8683413528" lon="11.2067554146"><ele>510.04</ele><time>2026-08-30T08:35:07Z</time></trkpt><trkpt lat="48.8684660755" lon="11.2065412570"><ele>510.44</ele><time>2026-08-30T08:35:13Z</time></trkpt><trkpt lat="48.8685764652" lon="11.2063223217"><ele>510.67</ele><time>2026-08-30T08:35:19Z</time></trkpt><trkpt lat="48.8687018584" lon="11.2060820963"><ele>510.81</ele><time>2026-08-30T08:35:26Z</time></trkpt><trkpt lat="48.8688440155" lon="11.2058022246"><ele>511.20</ele><time>2026-08-30T08:35:34Z</time></trkpt><trkpt lat="48.8689535670" lon="11.2055480853"><ele>511.51</ele><time>2026-08-30T08:35:41Z</time></trkpt><trkpt lat="48.8690440077" lon="11.2053478416"><ele>511.88</ele><time>2026-08-30T08:35:47Z</time></trkpt><trkpt lat="48.8691924512" lon="11.2050789502"><ele>512.76</ele><time>2026-08-30T08:35:55Z</time></trkpt><trkpt lat="48.8693689741" lon="11.2047851644"><ele>513.72</ele><time>2026-08-30T08:36:04Z</time></trkpt><trkpt lat="48.8694826327" lon="11.2045765389"><ele>514.51</ele><time>2026-08-30T08:36:11Z</time></trkpt><trkpt lat="48.8695921004" lon="11.2043752056"><ele>515.30</ele><time>2026-08-30T08:36:18Z</time></trkpt><trkpt lat="48.8697180804" lon="11.2041135225"><ele>516.08</ele><time>2026-08-30T08:36:26Z</time></trkpt><trkpt lat="48.8698234409" lon="11.2038163841"><ele>516.87</ele><time>2026-08-30T08:36:34Z</time></trkpt><trkpt lat="48.8699185755" lon="11.2034472451"><ele>517.40</ele><time>2026-08-30T08:36:43Z</time></trkpt><trkpt lat="48.8699655142" lon="11.2032103725"><ele>516.90</ele><time>2026-08-30T08:36:49Z</time></trkpt><trkpt lat="48.8700041547" lon="11.2028932013"><ele>516.30</ele><time>2026-08-30T08:36:56Z</time></trkpt><trkpt lat="48.8700367603" lon="11.2025904469"><ele>516.08</ele><time>2026-08-30T08:37:02Z</time></trkpt><trkpt lat="48.8700588048" lon="11.2022249959"><ele>516.08</ele><time>2026-08-30T08:37:08Z</time></trkpt><trkpt lat="48.8700791728" lon="11.2017914001"><ele>515.83</ele><time>2026-08-30T08:37:15Z</time></trkpt><trkpt lat="48.8701070845" lon="11.2013685331"><ele>515.19</ele><time>2026-08-30T08:37:22Z</time></trkpt><trkpt lat="48.8701563701" lon="11.2009592447"><ele>514.70</ele><time>2026-08-30T08:37:28Z</time></trkpt><trkpt lat="48.8701884728" lon="11.2007341068"><ele>514.40</ele><time>2026-08-30T08:37:31Z</time></trkpt><trkpt lat="48.8702064101" lon="11.2006618548"><ele>514.26</ele><time>2026-08-30T08:37:32Z</time></trkpt><trkpt lat="48.8702282868" lon="11.2005998287"><ele>514.03</ele><time>2026-08-30T08:37:33Z</time></trkpt><trkpt lat="48.8702511694" lon="11.2005492859"><ele>513.99</ele><time>2026-08-30T08:37:34Z</time></trkpt><trkpt lat="48.8702753931" lon="11.2005098071"><ele>513.98</ele><time>2026-08-30T08:37:35Z</time></trkpt><trkpt lat="48.8702976890" lon="11.2004669756"><ele>513.98</ele><time>2026-08-30T08:37:36Z</time></trkpt><trkpt lat="48.8703233376" lon="11.2004244793"><ele>514.05</ele><time>2026-08-30T08:37:37Z</time></trkpt><trkpt lat="48.8705008663" lon="11.2002725992"><ele>514.81</ele><time>2026-08-30T08:37:43Z</time></trkpt><trkpt lat="48.8706305344" lon="11.2001630478"><ele>515.30</ele><time>2026-08-30T08:37:48Z</time></trkpt><trkpt lat="48.8707733620" lon="11.2000199687"><ele>515.94</ele><time>2026-08-30T08:37:54Z</time></trkpt><trkpt lat="48.8709482923" lon="11.1998602934"><ele>516.82</ele><time>2026-08-30T08:38:01Z</time></trkpt><trkpt lat="48.8711660542" lon="11.1996425316"><ele>517.80</ele><time>2026-08-30T08:38:09Z</time></trkpt><trkpt lat="48.8713512942" lon="11.1993912421"><ele>518.87</ele><time>2026-08-30T08:38:18Z</time></trkpt><trkpt lat="48.8715065271" lon="11.1991528608"><ele>519.29</ele><time>2026-08-30T08:38:26Z</time></trkpt><trkpt lat="48.8716290705" lon="11.1989189219"><ele>519.47</ele><time>2026-08-30T08:38:33Z</time></trkpt><trkpt lat="48.8717976306" lon="11.1986478511"><ele>519.93</ele><time>2026-08-30T08:38:41Z</time></trkpt><trkpt lat="48.8719275501" lon="11.1984115653"><ele>520.27</ele><time>2026-08-30T08:38:48Z</time></trkpt><trkpt lat="48.8720459864" lon="11.1981888581"><ele>520.39</ele><time>2026-08-30T08:38:54Z</time></trkpt><trkpt lat="48.8722049072" lon="11.1979307793"><ele>520.37</ele><time>2026-08-30T08:39:00Z</time></trkpt><trkpt lat="48.8724361639" lon="11.1974384263"><ele>520.44</ele><time>2026-08-30T08:39:10Z</time></trkpt><trkpt lat="48.8725361601" lon="11.1971055809"><ele>519.95</ele><time>2026-08-30T08:39:16Z</time></trkpt><trkpt lat="48.8726792391" lon="11.1967196781"><ele>519.85</ele><time>2026-08-30T08:39:23Z</time></trkpt><trkpt lat="48.8728027884" lon="11.1962471064"><ele>520.22</ele><time>2026-08-30T08:39:31Z</time></trkpt><trkpt lat="48.8728823327" lon="11.1959449388"><ele>520.29</ele><time>2026-08-30T08:39:37Z</time></trkpt><trkpt lat="48.8729704265" lon="11.1956339702"><ele>520.85</ele><time>2026-08-30T08:39:44Z</time></trkpt><trkpt lat="48.8730566762" lon="11.1953887157"><ele>521.43</ele><time>2026-08-30T08:39:50Z</time></trkpt><trkpt lat="48.8731278386" lon="11.1951479875"><ele>521.76</ele><time>2026-08-30T08:39:56Z</time></trkpt><trkpt lat="48.8732156809" lon="11.1948786769"><ele>521.97</ele><time>2026-08-30T08:40:02Z</time></trkpt><trkpt lat="48.8733474445" lon="11.1945548002"><ele>522.18</ele><time>2026-08-30T08:40:09Z</time></trkpt><trkpt lat="48.8734719995" lon="11.1941486970"><ele>522.44</ele><time>2026-08-30T08:40:17Z</time></trkpt><trkpt lat="48.8736492768" lon="11.1936887819"><ele>522.98</ele><time>2026-08-30T08:40:27Z</time></trkpt><trkpt lat="48.8737408072" lon="11.1934619676"><ele>523.15</ele><time>2026-08-30T08:40:32Z</time></trkpt><trkpt lat="48.8738308288" lon="11.1931518372"><ele>522.98</ele><time>2026-08-30T08:40:38Z</time></trkpt><trkpt lat="48.8739170786" lon="11.1929023080"><ele>522.98</ele><time>2026-08-30T08:40:44Z</time></trkpt><trkpt lat="48.8740231097" lon="11.1925460771"><ele>522.88</ele><time>2026-08-30T08:40:51Z</time></trkpt><trkpt lat="48.8741337508" lon="11.1922216136"><ele>522.54</ele><time>2026-08-30T08:40:57Z</time></trkpt><trkpt lat="48.8742569648" lon="11.1919003353"><ele>521.85</ele><time>2026-08-30T08:41:03Z</time></trkpt><trkpt lat="48.8743973617" lon="11.1915798113"><ele>521.26</ele><time>2026-08-30T08:41:08Z</time></trkpt><trkpt lat="48.8744754810" lon="11.1913659051"><ele>520.98</ele><time>2026-08-30T08:41:11Z</time></trkpt><trkpt lat="48.8745259400" lon="11.1912183836"><ele>520.21</ele><time>2026-08-30T08:41:13Z</time></trkpt><trkpt lat="48.8745570369" lon="11.1911439523"><ele>519.89</ele><time>2026-08-30T08:41:14Z</time></trkpt><trkpt lat="48.8745856192" lon="11.1910748016"><ele>519.61</ele><time>2026-08-30T08:41:15Z</time></trkpt><trkpt lat="48.8747054804" lon="11.1908432934"><ele>518.45</ele><time>2026-08-30T08:41:18Z</time></trkpt><trkpt lat="48.8749183808" lon="11.1904444825"><ele>515.42</ele><time>2026-08-30T08:41:23Z</time></trkpt><trkpt lat="48.8750897907" lon="11.1900775228"><ele>512.52</ele><time>2026-08-30T08:41:27Z</time></trkpt><trkpt lat="48.8751331251" lon="11.1899834778"><ele>512.00</ele><time>2026-08-30T08:41:28Z</time></trkpt><trkpt lat="48.8752684928" lon="11.1896753591"><ele>510.62</ele><time>2026-08-30T08:41:31Z</time></trkpt><trkpt lat="48.8753112406" lon="11.1895933002"><ele>510.44</ele><time>2026-08-30T08:41:32Z</time></trkpt><trkpt lat="48.8754066266" lon="11.1894203816"><ele>510.35</ele><time>2026-08-30T08:41:34Z</time></trkpt><trkpt lat="48.8754526433" lon="11.1893406697"><ele>510.58</ele><time>2026-08-30T08:41:35Z</time></trkpt><trkpt lat="48.8754957262" lon="11.1892650649"><ele>510.77</ele><time>2026-08-30T08:41:36Z</time></trkpt><trkpt lat="48.8755389769" lon="11.1892076489"><ele>511.01</ele><time>2026-08-30T08:41:37Z</time></trkpt><trkpt lat="48.8755797129" lon="11.1891678348"><ele>511.33</ele><time>2026-08-30T08:41:38Z</time></trkpt><trkpt lat="48.8756204490" lon="11.1891131010"><ele>511.61</ele><time>2026-08-30T08:41:39Z</time></trkpt><trkpt lat="48.8759604190" lon="11.1886629928"><ele>511.96</ele><time>2026-08-30T08:41:48Z</time></trkpt><trkpt lat="48.8761946093" lon="11.1885029823"><ele>512.02</ele><time>2026-08-30T08:41:56Z</time></trkpt><trkpt lat="48.8762720581" lon="11.1884800997"><ele>512.03</ele><time>2026-08-30T08:41:59Z</time></trkpt><trkpt lat="48.8762983773" lon="11.1884992104"><ele>512.01</ele><time>2026-08-30T08:42:00Z</time></trkpt><trkpt lat="48.8763163146" lon="11.1886655912"><ele>511.39</ele><time>2026-08-30T08:42:04Z</time></trkpt><trkpt lat="48.8762433082" lon="11.1889042240"><ele>510.40</ele><time>2026-08-30T08:42:13Z</time></trkpt><trkpt lat="48.8762511872" lon="11.1889931560"><ele>509.62</ele><time>2026-08-30T08:42:18Z</time></trkpt><trkpt lat="48.8762552943" lon="11.1890044715"><ele>509.49</ele><time>2026-08-30T08:42:33Z</time></trkpt><trkpt lat="48.8762868103" lon="11.1889905576"><ele>509.53</ele><time>2026-08-30T08:42:40Z</time></trkpt><trkpt lat="48.8763393648" lon="11.1889893003"><ele>509.45</ele><time>2026-08-30T08:42:50Z</time></trkpt><trkpt lat="48.8763574697" lon="11.1889509112"><ele>509.45</ele><time>2026-08-30T08:43:02Z</time></trkpt><trkpt lat="48.8763096929" lon="11.1889189761"><ele>509.64</ele><time>2026-08-30T08:43:07Z</time></trkpt><trkpt lat="48.8762301486" lon="11.1888434552"><ele>510.07</ele><time>2026-08-30T08:43:17Z</time></trkpt><trkpt lat="48.8762459904" lon="11.1887729634"><ele>510.24</ele><time>2026-08-30T08:43:24Z</time></trkpt><trkpt lat="48.8762413803" lon="11.1886561196"><ele>510.43</ele><time>2026-08-30T08:43:30Z</time></trkpt><trkpt lat="48.8762009796" lon="11.1886003800"><ele>510.97</ele><time>2026-08-30T08:43:38Z</time></trkpt><trkpt lat="48.8761565555" lon="11.1885245237"><ele>511.13</ele><time>2026-08-30T08:43:45Z</time></trkpt><trkpt lat="48.8761065993" lon="11.1884771660"><ele>511.79</ele><time>2026-08-30T08:43:52Z</time></trkpt><trkpt lat="48.8760869019" lon="11.1884825304"><ele>512.32</ele><time>2026-08-30T08:43:56Z</time></trkpt><trkpt lat="48.8760760892" lon="11.1884920858"><ele>512.37</ele><time>2026-08-30T08:43:57Z</time></trkpt><trkpt lat="48.8760660309" lon="11.1885019764"><ele>512.40</ele><time>2026-08-30T08:43:58Z</time></trkpt><trkpt lat="48.8760533743" lon="11.1885102745"><ele>512.42</ele><time>2026-08-30T08:43:59Z</time></trkpt><trkpt lat="48.8760365266" lon="11.1885201652"><ele>512.43</ele><time>2026-08-30T08:44:00Z</time></trkpt><trkpt lat="48.8760169968" lon="11.1885293014"><ele>512.42</ele><time>2026-08-30T08:44:01Z</time></trkpt><trkpt lat="48.8758453354" lon="11.1885882262"><ele>512.33</ele><time>2026-08-30T08:44:08Z</time></trkpt><trkpt lat="48.8755237218" lon="11.1887394357"><ele>512.33</ele><time>2026-08-30T08:44:19Z</time></trkpt><trkpt lat="48.8754822314" lon="11.1888058204"><ele>512.29</ele><time>2026-08-30T08:44:24Z</time></trkpt><trkpt lat="48.8754715025" lon="11.1888245959"><ele>512.26</ele><time>2026-08-30T08:44:25Z</time></trkpt><trkpt lat="48.8754580915" lon="11.1888452154"><ele>512.24</ele><time>2026-08-30T08:44:26Z</time></trkpt><trkpt lat="48.8754446805" lon="11.1888664216"><ele>512.21</ele><time>2026-08-30T08:44:27Z</time></trkpt><trkpt lat="48.8754319400" lon="11.1888857000"><ele>512.17</ele><time>2026-08-30T08:44:28Z</time></trkpt><trkpt lat="48.8754204568" lon="11.1889074929"><ele>512.12</ele><time>2026-08-30T08:44:29Z</time></trkpt><trkpt lat="48.8754129969" lon="11.1889270227"><ele>512.09</ele><time>2026-08-30T08:44:30Z</time></trkpt><trkpt lat="48.8754048664" lon="11.1889525037"><ele>512.05</ele><time>2026-08-30T08:44:31Z</time></trkpt><trkpt lat="48.8753536530" lon="11.1890655756"><ele>511.98</ele><time>2026-08-30T08:44:36Z</time></trkpt><trkpt lat="48.8753462769" lon="11.1890851054"><ele>511.95</ele><time>2026-08-30T08:44:37Z</time></trkpt><trkpt lat="48.8752904534" lon="11.1892129295"><ele>511.97</ele><time>2026-08-30T08:44:44Z</time></trkpt><trkpt lat="48.8751823269" lon="11.1894243211"><ele>512.10</ele><time>2026-08-30T08:44:52Z</time></trkpt><trkpt lat="48.8751376513" lon="11.1894938909"><ele>512.39</ele><time>2026-08-30T08:44:55Z</time></trkpt><trkpt lat="48.8751147687" lon="11.1895373091"><ele>512.68</ele><time>2026-08-30T08:44:57Z</time></trkpt><trkpt lat="48.8751063030" lon="11.1895629577"><ele>512.81</ele><time>2026-08-30T08:44:58Z</time></trkpt><trkpt lat="48.8750972506" lon="11.1895922944"><ele>512.95</ele><time>2026-08-30T08:44:59Z</time></trkpt><trkpt lat="48.8750993460" lon="11.1896207929"><ele>513.08</ele><time>2026-08-30T08:45:00Z</time></trkpt><trkpt lat="48.8751068059" lon="11.1896490399"><ele>513.22</ele><time>2026-08-30T08:45:01Z</time></trkpt><trkpt lat="48.8751234021" lon="11.1896655522"><ele>513.29</ele><time>2026-08-30T08:45:02Z</time></trkpt><trkpt lat="48.8751390763" lon="11.1896706652"><ele>513.32</ele><time>2026-08-30T08:45:03Z</time></trkpt><trkpt lat="48.8751512300" lon="11.1896715872"><ele>513.34</ele><time>2026-08-30T08:45:04Z</time></trkpt><trkpt lat="48.8751727715" lon="11.1896645464"><ele>513.29</ele><time>2026-08-30T08:45:05Z</time></trkpt><trkpt lat="48.8751941454" lon="11.1896634568"><ele>513.13</ele><time>2026-08-30T08:45:06Z</time></trkpt><trkpt lat="48.8753808104" lon="11.1896634568"><ele>511.23</ele><time>2026-08-30T08:45:13Z</time></trkpt><trkpt lat="48.8754170202" lon="11.1896704137"><ele>511.01</ele><time>2026-08-30T08:45:14Z</time></trkpt><trkpt lat="48.8754931279" lon="11.1896799691"><ele>510.41</ele><time>2026-08-30T08:45:16Z</time></trkpt><trkpt lat="48.8755203690" lon="11.1896827351"><ele>510.16</ele><time>2026-08-30T08:45:17Z</time></trkpt><trkpt lat="48.8756057806" lon="11.1896396521"><ele>509.77</ele><time>2026-08-30T08:45:23Z</time></trkpt><trkpt lat="48.8757072855" lon="11.1895296816"><ele>509.14</ele><time>2026-08-30T08:45:28Z</time></trkpt><trkpt lat="48.8758702297" lon="11.1894280929"><ele>508.56</ele><time>2026-08-30T08:45:33Z</time></trkpt><trkpt lat="48.8760354370" lon="11.1893419269"><ele>507.15</ele><time>2026-08-30T08:45:38Z</time></trkpt><trkpt lat="48.8760578167" lon="11.1893378198"><ele>506.79</ele><time>2026-08-30T08:45:39Z</time></trkpt><trkpt lat="48.8760682940" lon="11.1893543322"><ele>506.72</ele><time>2026-08-30T08:45:40Z</time></trkpt><trkpt lat="48.8761710562" lon="11.1895584315"><ele>505.93</ele><time>2026-08-30T08:45:45Z</time></trkpt><trkpt lat="48.8763358444" lon="11.1898736749"><ele>503.67</ele><time>2026-08-30T08:45:51Z</time></trkpt><trkpt lat="48.8764358405" lon="11.1900615972"><ele>502.17</ele><time>2026-08-30T08:45:57Z</time></trkpt><trkpt lat="48.8765840326" lon="11.1901926901"><ele>501.15</ele><time>2026-08-30T08:46:02Z</time></trkpt><trkpt lat="48.8766479027" lon="11.1902479269"><ele>500.24</ele><time>2026-08-30T08:46:04Z</time></trkpt><trkpt lat="48.8768828474" lon="11.1903840490"><ele>498.25</ele><time>2026-08-30T08:46:10Z</time></trkpt><trkpt lat="48.8769470528" lon="11.1903932691"><ele>497.90</ele><time>2026-08-30T08:46:11Z</time></trkpt><trkpt lat="48.8770053908" lon="11.1903943587"><ele>497.53</ele><time>2026-08-30T08:46:12Z</time></trkpt><trkpt lat="48.8770618849" lon="11.1903870665"><ele>497.23</ele><time>2026-08-30T08:46:13Z</time></trkpt><trkpt lat="48.8771054707" lon="11.1903791036"><ele>497.01</ele><time>2026-08-30T08:46:14Z</time></trkpt><trkpt lat="48.8771477155" lon="11.1903584842"><ele>496.80</ele><time>2026-08-30T08:46:15Z</time></trkpt><trkpt lat="48.8773012720" lon="11.1902837176"><ele>496.22</ele><time>2026-08-30T08:46:19Z</time></trkpt><trkpt lat="48.8774202950" lon="11.1901234556"><ele>496.39</ele><time>2026-08-30T08:46:24Z</time></trkpt><trkpt lat="48.8775786292" lon="11.1898809671"><ele>496.96</ele><time>2026-08-30T08:46:30Z</time></trkpt><trkpt lat="48.8778134901" lon="11.1895860918"><ele>496.81</ele><time>2026-08-30T08:46:36Z</time></trkpt><trkpt lat="48.8780843932" lon="11.1892573535"><ele>494.19</ele><time>2026-08-30T08:46:42Z</time></trkpt><trkpt lat="48.8782883249" lon="11.1889449600"><ele>491.90</ele><time>2026-08-30T08:46:47Z</time></trkpt><trkpt lat="48.8784224354" lon="11.1887708679"><ele>491.35</ele><time>2026-08-30T08:46:52Z</time></trkpt><trkpt lat="48.8784832042" lon="11.1887090933"><ele>490.78</ele><time>2026-08-30T08:46:58Z</time></trkpt><trkpt lat="48.8785237726" lon="11.1887011304"><ele>491.38</ele><time>2026-08-30T08:47:08Z</time></trkpt><trkpt lat="48.8785624132" lon="11.1887095124"><ele>491.35</ele><time>2026-08-30T08:47:10Z</time></trkpt><trkpt lat="48.8786526863" lon="11.1887977738"><ele>490.87</ele><time>2026-08-30T08:47:15Z</time></trkpt><trkpt lat="48.8786985353" lon="11.1888734624"><ele>491.60</ele><time>2026-08-30T08:47:19Z</time></trkpt><trkpt lat="48.8787114434" lon="11.1888968479"><ele>491.83</ele><time>2026-08-30T08:47:20Z</time></trkpt><trkpt lat="48.8787179813" lon="11.1889219098"><ele>492.04</ele><time>2026-08-30T08:47:21Z</time></trkpt><trkpt lat="48.8787228428" lon="11.1889494024"><ele>492.15</ele><time>2026-08-30T08:47:22Z</time></trkpt><trkpt lat="48.8787318952" lon="11.1889766436"><ele>492.22</ele><time>2026-08-30T08:47:23Z</time></trkpt><trkpt lat="48.8787389360" lon="11.1890102550"><ele>492.25</ele><time>2026-08-30T08:47:24Z</time></trkpt><trkpt lat="48.8787983637" lon="11.1892115045"><ele>491.86</ele><time>2026-08-30T08:47:30Z</time></trkpt><trkpt lat="48.8788437936" lon="11.1894057132"><ele>491.54</ele><time>2026-08-30T08:47:35Z</time></trkpt><trkpt lat="48.8788516726" lon="11.1894410849"><ele>491.57</ele><time>2026-08-30T08:47:36Z</time></trkpt><trkpt lat="48.8788646646" lon="11.1894725170"><ele>491.65</ele><time>2026-08-30T08:47:37Z</time></trkpt><trkpt lat="48.8788742200" lon="11.1895088106"><ele>491.69</ele><time>2026-08-30T08:47:38Z</time></trkpt><trkpt lat="48.8788814284" lon="11.1895467807"><ele>491.73</ele><time>2026-08-30T08:47:39Z</time></trkpt><trkpt lat="48.8788829371" lon="11.1895949766"><ele>491.73</ele><time>2026-08-30T08:47:40Z</time></trkpt><trkpt lat="48.8788854517" lon="11.1896393169"><ele>491.75</ele><time>2026-08-30T08:47:41Z</time></trkpt><trkpt lat="48.8788857032" lon="11.1898124870"><ele>492.44</ele><time>2026-08-30T08:47:46Z</time></trkpt><trkpt lat="48.8788997009" lon="11.1899123155"><ele>492.97</ele><time>2026-08-30T08:47:49Z</time></trkpt><trkpt lat="48.8789417781" lon="11.1901418120"><ele>494.23</ele><time>2026-08-30T08:47:57Z</time></trkpt><trkpt lat="48.8789537642" lon="11.1901905946"><ele>494.46</ele><time>2026-08-30T08:47:59Z</time></trkpt><trkpt lat="48.8789884653" lon="11.1904081050"><ele>495.73</ele><time>2026-08-30T08:48:06Z</time></trkpt><trkpt lat="48.8789967634" lon="11.1904882360"><ele>495.94</ele><time>2026-08-30T08:48:08Z</time></trkpt><trkpt lat="48.8790105097" lon="11.1905909143"><ele>496.37</ele><time>2026-08-30T08:48:12Z</time></trkpt><trkpt lat="48.8790112641" lon="11.1907126196"><ele>497.19</ele><time>2026-08-30T08:48:16Z</time></trkpt><trkpt lat="48.8790351525" lon="11.1908999551"><ele>497.35</ele><time>2026-08-30T08:48:21Z</time></trkpt><trkpt lat="48.8790991064" lon="11.1910051480"><ele>498.51</ele><time>2026-08-30T08:48:29Z</time></trkpt><trkpt lat="48.8791454583" lon="11.1911335588"><ele>499.12</ele><time>2026-08-30T08:48:40Z</time></trkpt><trkpt lat="48.8792164531" lon="11.1912454572"><ele>499.42</ele><time>2026-08-30T08:48:45Z</time></trkpt><trkpt lat="48.8792598713" lon="11.1913556792"><ele>499.65</ele><time>2026-08-30T08:48:50Z</time></trkpt><trkpt lat="48.8792913873" lon="11.1914493889"><ele>499.51</ele><time>2026-08-30T08:48:53Z</time></trkpt><trkpt lat="48.8793921378" lon="11.1916549131"><ele>499.22</ele><time>2026-08-30T08:49:00Z</time></trkpt><trkpt lat="48.8794638030" lon="11.1917681526"><ele>499.54</ele><time>2026-08-30T08:49:05Z</time></trkpt><trkpt lat="48.8795871008" lon="11.1919893511"><ele>500.06</ele><time>2026-08-30T08:49:13Z</time></trkpt><trkpt lat="48.8796955626" lon="11.1921705678"><ele>500.89</ele><time>2026-08-30T08:49:20Z</time></trkpt><trkpt lat="48.8798160106" lon="11.1923528742"><ele>502.11</ele><time>2026-08-30T08:49:28Z</time></trkpt><trkpt lat="48.8799107261" lon="11.1924639344"><ele>502.75</ele><time>2026-08-30T08:49:34Z</time></trkpt><trkpt lat="48.8800332695" lon="11.1926434748"><ele>502.98</ele><time>2026-08-30T08:49:41Z</time></trkpt><trkpt lat="48.8801771030" lon="11.1927583907"><ele>503.44</ele><time>2026-08-30T08:49:48Z</time></trkpt><trkpt lat="48.8803383708" lon="11.1927783396"><ele>504.25</ele><time>2026-08-30T08:49:55Z</time></trkpt><trkpt lat="48.8805915043" lon="11.1927778367"><ele>503.06</ele><time>2026-08-30T08:50:01Z</time></trkpt><trkpt lat="48.8806933444" lon="11.1927371845"><ele>502.14</ele><time>2026-08-30T08:50:03Z</time></trkpt><trkpt lat="48.8808307238" lon="11.1925883219"><ele>499.80</ele><time>2026-08-30T08:50:07Z</time></trkpt><trkpt lat="48.8808777463" lon="11.1923786905"><ele>499.32</ele><time>2026-08-30T08:50:12Z</time></trkpt><trkpt lat="48.8809172250" lon="11.1921722442"><ele>499.34</ele><time>2026-08-30T08:50:18Z</time></trkpt><trkpt lat="48.8810168020" lon="11.1920310091"><ele>498.87</ele><time>2026-08-30T08:50:25Z</time></trkpt><trkpt lat="48.8811328076" lon="11.1919435859"><ele>494.83</ele><time>2026-08-30T08:50:30Z</time></trkpt><trkpt lat="48.8812742941" lon="11.1919313483"><ele>492.57</ele><time>2026-08-30T08:50:34Z</time></trkpt><trkpt lat="48.8813674171" lon="11.1919306777"><ele>490.57</ele><time>2026-08-30T08:50:36Z</time></trkpt><trkpt lat="48.8815295231" lon="11.1918505467"><ele>488.16</ele><time>2026-08-30T08:50:39Z</time></trkpt><trkpt lat="48.8815831672" lon="11.1918067932"><ele>487.00</ele><time>2026-08-30T08:50:41Z</time></trkpt><trkpt lat="48.8815949857" lon="11.1917881854"><ele>486.77</ele><time>2026-08-30T08:50:42Z</time></trkpt><trkpt lat="48.8816414215" lon="11.1917399056"><ele>486.18</ele><time>2026-08-30T08:50:50Z</time></trkpt><trkpt lat="48.8816566765" lon="11.1917119939"><ele>486.01</ele><time>2026-08-30T08:50:56Z</time></trkpt><trkpt lat="48.8817257434" lon="11.1914021149"><ele>485.55</ele><time>2026-08-30T08:51:03Z</time></trkpt><trkpt lat="48.8817341253" lon="11.1913593672"><ele>485.54</ele><time>2026-08-30T08:51:04Z</time></trkpt><trkpt lat="48.8817748614" lon="11.1910943314"><ele>485.17</ele><time>2026-08-30T08:51:11Z</time></trkpt><trkpt lat="48.8818590995" lon="11.1908648349"><ele>484.27</ele><time>2026-08-30T08:51:16Z</time></trkpt><trkpt lat="48.8820092194" lon="11.1905288044"><ele>481.28</ele><time>2026-08-30T08:51:22Z</time></trkpt><trkpt lat="48.8822248857" lon="11.1901864875"><ele>478.84</ele><time>2026-08-30T08:51:29Z</time></trkpt><trkpt lat="48.8824232016" lon="11.1899015866"><ele>477.00</ele><time>2026-08-30T08:51:35Z</time></trkpt><trkpt lat="48.8825216051" lon="11.1896245647"><ele>476.20</ele><time>2026-08-30T08:51:41Z</time></trkpt><trkpt lat="48.8825609162" lon="11.1895349622"><ele>475.84</ele><time>2026-08-30T08:51:43Z</time></trkpt><trkpt lat="48.8826128002" lon="11.1893162783"><ele>474.76</ele><time>2026-08-30T08:51:49Z</time></trkpt><trkpt lat="48.8827325776" lon="11.1890230794"><ele>474.32</ele><time>2026-08-30T08:51:56Z</time></trkpt><trkpt lat="48.8828556240" lon="11.1888142861"><ele>473.37</ele><time>2026-08-30T08:52:01Z</time></trkpt><trkpt lat="48.8830114435" lon="11.1887182295"><ele>472.51</ele><time>2026-08-30T08:52:06Z</time></trkpt><trkpt lat="48.8832216617" lon="11.1886308901"><ele>470.72</ele><time>2026-08-30T08:52:11Z</time></trkpt><trkpt lat="48.8833015412" lon="11.1885852925"><ele>467.97</ele><time>2026-08-30T08:52:16Z</time></trkpt><trkpt lat="48.8833472226" lon="11.1886699498"><ele>465.43</ele><time>2026-08-30T08:52:25Z</time></trkpt><trkpt lat="48.8833630644" lon="11.1886851210"><ele>464.63</ele><time>2026-08-30T08:52:36Z</time></trkpt><trkpt lat="48.8833745476" lon="11.1887095962"><ele>464.45</ele><time>2026-08-30T08:52:42Z</time></trkpt><trkpt lat="48.8834300358" lon="11.1886695307"><ele>464.11</ele><time>2026-08-30T08:52:45Z</time></trkpt><trkpt lat="48.8834527507" lon="11.1887292098"><ele>461.92</ele><time>2026-08-30T08:52:57Z</time></trkpt><trkpt lat="48.8835142739" lon="11.1887403578"><ele>460.85</ele><time>2026-08-30T08:53:05Z</time></trkpt><trkpt lat="48.8835504837" lon="11.1887510866"><ele>459.19</ele><time>2026-08-30T08:53:14Z</time></trkpt><trkpt lat="48.8835467119" lon="11.1887628213"><ele>458.90</ele><time>2026-08-30T08:53:19Z</time></trkpt><trkpt lat="48.8835245837" lon="11.1888427008"><ele>457.50</ele><time>2026-08-30T08:53:27Z</time></trkpt><trkpt lat="48.8835247513" lon="11.1888696905"><ele>457.10</ele><time>2026-08-30T08:53:34Z</time></trkpt><trkpt lat="48.8835395034" lon="11.1888918187"><ele>456.48</ele><time>2026-08-30T08:53:48Z</time></trkpt><trkpt lat="48.8836102467" lon="11.1889036372"><ele>455.86</ele><time>2026-08-30T08:53:58Z</time></trkpt><trkpt lat="48.8836394995" lon="11.1888870411"><ele>453.81</ele><time>2026-08-30T08:54:11Z</time></trkpt><trkpt lat="48.8837778009" lon="11.1887359153"><ele>452.74</ele><time>2026-08-30T08:54:17Z</time></trkpt><trkpt lat="48.8838948123" lon="11.1885075923"><ele>449.61</ele><time>2026-08-30T08:54:23Z</time></trkpt><trkpt lat="48.8839420024" lon="11.1883848812"><ele>448.98</ele><time>2026-08-30T08:54:26Z</time></trkpt><trkpt lat="48.8840771187" lon="11.1882162374"><ele>447.13</ele><time>2026-08-30T08:54:30Z</time></trkpt><trkpt lat="48.8841741811" lon="11.1880293209"><ele>442.26</ele><time>2026-08-30T08:54:34Z</time></trkpt><trkpt lat="48.8842186891" lon="11.1879375391"><ele>441.64</ele><time>2026-08-30T08:54:36Z</time></trkpt><trkpt lat="48.8843825553" lon="11.1876312643"><ele>441.41</ele><time>2026-08-30T08:54:43Z</time></trkpt><trkpt lat="48.8844236266" lon="11.1875740159"><ele>441.16</ele><time>2026-08-30T08:54:44Z</time></trkpt><trkpt lat="48.8845385425" lon="11.1874010973"><ele>439.56</ele><time>2026-08-30T08:54:47Z</time></trkpt><trkpt lat="48.8845945336" lon="11.1873019394"><ele>438.14</ele><time>2026-08-30T08:54:49Z</time></trkpt><trkpt lat="48.8846687134" lon="11.1870503984"><ele>441.00</ele><time>2026-08-30T08:54:57Z</time></trkpt><trkpt lat="48.8846936915" lon="11.1870177928"><ele>441.30</ele><time>2026-08-30T08:54:58Z</time></trkpt><trkpt lat="48.8847837970" lon="11.1867815908"><ele>441.55</ele><time>2026-08-30T08:55:04Z</time></trkpt><trkpt lat="48.8849092741" lon="11.1865024734"><ele>440.35</ele><time>2026-08-30T08:55:10Z</time></trkpt><trkpt lat="48.8850451447" lon="11.1862402875"><ele>439.50</ele><time>2026-08-30T08:55:17Z</time></trkpt><trkpt lat="48.8852243498" lon="11.1859396286"><ele>438.40</ele><time>2026-08-30T08:55:24Z</time></trkpt><trkpt lat="48.8852391019" lon="11.1858866550"><ele>438.10</ele><time>2026-08-30T08:55:25Z</time></trkpt><trkpt lat="48.8852645829" lon="11.1857835576"><ele>438.05</ele><time>2026-08-30T08:55:30Z</time></trkpt><trkpt lat="48.8853135332" lon="11.1856874172"><ele>438.36</ele><time>2026-08-30T08:55:45Z</time></trkpt><trkpt lat="48.8853324763" lon="11.1856527999"><ele>438.29</ele><time>2026-08-30T08:55:46Z</time></trkpt><trkpt lat="48.8853498269" lon="11.1856116448"><ele>438.20</ele><time>2026-08-30T08:55:47Z</time></trkpt><trkpt lat="48.8853659201" lon="11.1855690647"><ele>438.12</ele><time>2026-08-30T08:55:48Z</time></trkpt><trkpt lat="48.8853782415" lon="11.1855228804"><ele>438.06</ele><time>2026-08-30T08:55:49Z</time></trkpt><trkpt lat="48.8854228333" lon="11.1851253267"><ele>438.27</ele><time>2026-08-30T08:55:56Z</time></trkpt><trkpt lat="48.8854711130" lon="11.1849076487"><ele>437.97</ele><time>2026-08-30T08:56:01Z</time></trkpt><trkpt lat="48.8854946662" lon="11.1848234106"><ele>437.91</ele><time>2026-08-30T08:56:04Z</time></trkpt><trkpt lat="48.8855088316" lon="11.1848044675"><ele>437.91</ele><time>2026-08-30T08:56:05Z</time></trkpt><trkpt lat="48.8855200633" lon="11.1847777292"><ele>437.91</ele><time>2026-08-30T08:56:06Z</time></trkpt><trkpt lat="48.8855323009" lon="11.1847534217"><ele>437.83</ele><time>2026-08-30T08:56:07Z</time></trkpt><trkpt lat="48.8855418563" lon="11.1847148649"><ele>436.77</ele><time>2026-08-30T08:56:09Z</time></trkpt><trkpt lat="48.8855773117" lon="11.1847312097"><ele>435.54</ele><time>2026-08-30T08:56:17Z</time></trkpt><trkpt lat="48.8855869509" lon="11.1847571936"><ele>435.41</ele><time>2026-08-30T08:56:18Z</time></trkpt><trkpt lat="48.8855979312" lon="11.1847848538"><ele>435.18</ele><time>2026-08-30T08:56:19Z</time></trkpt><trkpt lat="48.8856105041" lon="11.1848067306"><ele>434.79</ele><time>2026-08-30T08:56:20Z</time></trkpt><trkpt lat="48.8856228255" lon="11.1848211475"><ele>434.35</ele><time>2026-08-30T08:56:21Z</time></trkpt><trkpt lat="48.8856899645" lon="11.1849164497"><ele>432.58</ele><time>2026-08-30T08:56:26Z</time></trkpt><trkpt lat="48.8858348876" lon="11.1850707605"><ele>429.10</ele><time>2026-08-30T08:56:32Z</time></trkpt><trkpt lat="48.8859124202" lon="11.1851974949"><ele>425.73</ele><time>2026-08-30T08:56:36Z</time></trkpt><trkpt lat="48.8859545812" lon="11.1852455232"><ele>423.91</ele><time>2026-08-30T08:56:38Z</time></trkpt><trkpt lat="48.8859798945" lon="11.1852596886"><ele>423.05</ele><time>2026-08-30T08:56:39Z</time></trkpt><trkpt lat="48.8860088959" lon="11.1852791347"><ele>420.93</ele><time>2026-08-30T08:56:45Z</time></trkpt><trkpt lat="48.8859863486" lon="11.1853075493"><ele>420.27</ele><time>2026-08-30T08:56:51Z</time></trkpt><trkpt lat="48.8859724347" lon="11.1853056215"><ele>420.00</ele><time>2026-08-30T08:56:52Z</time></trkpt><trkpt lat="48.8859594427" lon="11.1853017658"><ele>419.62</ele><time>2026-08-30T08:56:53Z</time></trkpt><trkpt lat="48.8859749492" lon="11.1853385624"><ele>417.36</ele><time>2026-08-30T08:56:57Z</time></trkpt><trkpt lat="48.8859922998" lon="11.1853565834"><ele>417.00</ele><time>2026-08-30T08:56:58Z</time></trkpt><trkpt lat="48.8860050403" lon="11.1853759456"><ele>416.63</ele><time>2026-08-30T08:56:59Z</time></trkpt><trkpt lat="48.8860156853" lon="11.1853937153"><ele>416.25</ele><time>2026-08-30T08:57:00Z</time></trkpt><trkpt lat="48.8860254083" lon="11.1854119040"><ele>415.83</ele><time>2026-08-30T08:57:01Z</time></trkpt><trkpt lat="48.8860692456" lon="11.1854560766"><ele>413.90</ele><time>2026-08-30T08:57:07Z</time></trkpt><trkpt lat="48.8860361371" lon="11.1854780372"><ele>413.19</ele><time>2026-08-30T08:57:14Z</time></trkpt><trkpt lat="48.8860158529" lon="11.1855110619"><ele>411.79</ele><time>2026-08-30T08:57:24Z</time></trkpt><trkpt lat="48.8860651385" lon="11.1856018379"><ele>411.16</ele><time>2026-08-30T08:57:29Z</time></trkpt><trkpt lat="48.8861251529" lon="11.1857182626"><ele>408.12</ele><time>2026-08-30T08:57:34Z</time></trkpt><trkpt lat="48.8861331996" lon="11.1857488565"><ele>407.52</ele><time>2026-08-30T08:57:35Z</time></trkpt><trkpt lat="48.8861502148" lon="11.1857795343"><ele>407.06</ele><time>2026-08-30T08:57:36Z</time></trkpt><trkpt lat="48.8862722553" lon="11.1859159917"><ele>403.36</ele><time>2026-08-30T08:57:41Z</time></trkpt><trkpt lat="48.8863205351" lon="11.1859222781"><ele>402.43</ele><time>2026-08-30T08:57:42Z</time></trkpt><trkpt lat="48.8863554876" lon="11.1859362759"><ele>401.51</ele><time>2026-08-30T08:57:43Z</time></trkpt><trkpt lat="48.8864751812" lon="11.1859934404"><ele>398.18</ele><time>2026-08-30T08:57:46Z</time></trkpt><trkpt lat="48.8865335193" lon="11.1859891657"><ele>396.77</ele><time>2026-08-30T08:57:48Z</time></trkpt><trkpt lat="48.8865527138" lon="11.1859731562"><ele>396.27</ele><time>2026-08-30T08:57:49Z</time></trkpt><trkpt lat="48.8865705673" lon="11.1859554704"><ele>395.85</ele><time>2026-08-30T08:57:50Z</time></trkpt><trkpt lat="48.8865895104" lon="11.1859402154"><ele>395.50</ele><time>2026-08-30T08:57:51Z</time></trkpt><trkpt lat="48.8866083696" lon="11.1859522853"><ele>394.96</ele><time>2026-08-30T08:57:53Z</time></trkpt><trkpt lat="48.8866206072" lon="11.1859704740"><ele>394.75</ele><time>2026-08-30T08:57:54Z</time></trkpt><trkpt lat="48.8866410591" lon="11.1859927699"><ele>394.53</ele><time>2026-08-30T08:57:55Z</time></trkpt><trkpt lat="48.8866648637" lon="11.1860139761"><ele>394.24</ele><time>2026-08-30T08:57:56Z</time></trkpt><trkpt lat="48.8866879977" lon="11.1860356852"><ele>393.78</ele><time>2026-08-30T08:57:57Z</time></trkpt><trkpt lat="48.8867055159" lon="11.1860521138"><ele>393.25</ele><time>2026-08-30T08:57:58Z</time></trkpt><trkpt lat="48.8867293205" lon="11.1860604957"><ele>392.73</ele><time>2026-08-30T08:57:59Z</time></trkpt><trkpt lat="48.8867525384" lon="11.1860624235"><ele>392.28</ele><time>2026-08-30T08:58:00Z</time></trkpt><trkpt lat="48.8867635187" lon="11.1860611662"><ele>391.85</ele><time>2026-08-30T08:58:01Z</time></trkpt><trkpt lat="48.8867838029" lon="11.1860548798"><ele>390.54</ele><time>2026-08-30T08:58:16Z</time></trkpt><trkpt lat="48.8868376985" lon="11.1859989725"><ele>390.51</ele><time>2026-08-30T08:58:24Z</time></trkpt><trkpt lat="48.8869630918" lon="11.1858056858"><ele>390.09</ele><time>2026-08-30T08:58:32Z</time></trkpt><trkpt lat="48.8871034048" lon="11.1855751835"><ele>389.86</ele><time>2026-08-30T08:58:42Z</time></trkpt><trkpt lat="48.8871058356" lon="11.1855732556"><ele>390.06</ele><time>2026-08-30T08:58:50Z</time></trkpt><trkpt lat="48.8871230185" lon="11.1855542287"><ele>390.31</ele><time>2026-08-30T08:58:58Z</time></trkpt><trkpt lat="48.8871357590" lon="11.1855353694"><ele>390.32</ele><time>2026-08-30T08:58:59Z</time></trkpt><trkpt lat="48.8871519361" lon="11.1855098885"><ele>390.32</ele><time>2026-08-30T08:59:00Z</time></trkpt><trkpt lat="48.8871707954" lon="11.1854781210"><ele>390.32</ele><time>2026-08-30T08:59:01Z</time></trkpt><trkpt lat="48.8873110246" lon="11.1852324475"><ele>390.32</ele><time>2026-08-30T08:59:08Z</time></trkpt><trkpt lat="48.8874856196" lon="11.1849689204"><ele>390.72</ele><time>2026-08-30T08:59:16Z</time></trkpt><trkpt lat="48.8875145372" lon="11.1849198025"><ele>390.64</ele><time>2026-08-30T08:59:17Z</time></trkpt><trkpt lat="48.8877892122" lon="11.1844176427"><ele>388.29</ele><time>2026-08-30T08:59:27Z</time></trkpt><trkpt lat="48.8880569302" lon="11.1839132197"><ele>388.19</ele><time>2026-08-30T08:59:38Z</time></trkpt><trkpt lat="48.8881114963" lon="11.1838192586"><ele>388.17</ele><time>2026-08-30T08:59:40Z</time></trkpt><trkpt lat="48.8882813137" lon="11.1834875029"><ele>387.65</ele><time>2026-08-30T08:59:47Z</time></trkpt><trkpt lat="48.8884685654" lon="11.1832490377"><ele>387.50</ele><time>2026-08-30T08:59:54Z</time></trkpt><trkpt lat="48.8886342756" lon="11.1829899531"><ele>387.60</ele><time>2026-08-30T09:00:02Z</time></trkpt><trkpt lat="48.8887709007" lon="11.1828347202"><ele>387.55</ele><time>2026-08-30T09:00:10Z</time></trkpt><trkpt lat="48.8887677994" lon="11.1827966664"><ele>387.82</ele><time>2026-08-30T09:00:14Z</time></trkpt><trkpt lat="48.8887567353" lon="11.1827964149"><ele>387.88</ele><time>2026-08-30T09:00:15Z</time></trkpt><trkpt lat="48.8887458388" lon="11.1827978399"><ele>387.95</ele><time>2026-08-30T09:00:16Z</time></trkpt><trkpt lat="48.8887353614" lon="11.1828007735"><ele>388.04</ele><time>2026-08-30T09:00:17Z</time></trkpt><trkpt lat="48.8886236306" lon="11.1828425992"><ele>389.96</ele><time>2026-08-30T09:00:27Z</time></trkpt><trkpt lat="48.8884880953" lon="11.1828912981"><ele>391.63</ele><time>2026-08-30T09:00:37Z</time></trkpt><trkpt lat="48.8884604350" lon="11.1828886159"><ele>392.18</ele><time>2026-08-30T09:00:40Z</time></trkpt><trkpt lat="48.8884217106" lon="11.1829299387"><ele>392.92</ele><time>2026-08-30T09:00:45Z</time></trkpt><trkpt lat="48.8884091377" lon="11.1829395778"><ele>393.06</ele><time>2026-08-30T09:00:46Z</time></trkpt><trkpt lat="48.8883023523" lon="11.1830182001"><ele>395.22</ele><time>2026-08-30T09:00:56Z</time></trkpt><trkpt lat="48.8881984167" lon="11.1830968224"><ele>397.67</ele><time>2026-08-30T09:01:06Z</time></trkpt><trkpt lat="48.8881140109" lon="11.1831737682"><ele>399.55</ele><time>2026-08-30T09:01:16Z</time></trkpt><trkpt lat="48.8880060520" lon="11.1832992453"><ele>402.09</ele><time>2026-08-30T09:01:27Z</time></trkpt><trkpt lat="48.8879959099" lon="11.1833065376"><ele>402.25</ele><time>2026-08-30T09:01:28Z</time></trkpt><trkpt lat="48.8879180420" lon="11.1833431665"><ele>403.87</ele><time>2026-08-30T09:01:37Z</time></trkpt><trkpt lat="48.8878312055" lon="11.1833956372"><ele>405.32</ele><time>2026-08-30T09:01:46Z</time></trkpt><trkpt lat="48.8877817523" lon="11.1833987385"><ele>406.40</ele><time>2026-08-30T09:01:51Z</time></trkpt><trkpt lat="48.8877695147" lon="11.1833994091"><ele>406.57</ele><time>2026-08-30T09:01:52Z</time></trkpt><trkpt lat="48.8877012022" lon="11.1834087968"><ele>408.21</ele><time>2026-08-30T09:01:59Z</time></trkpt><trkpt lat="48.8876192272" lon="11.1834287457"><ele>410.21</ele><time>2026-08-30T09:02:07Z</time></trkpt><trkpt lat="48.8875458855" lon="11.1834466830"><ele>412.25</ele><time>2026-08-30T09:02:14Z</time></trkpt><trkpt lat="48.8874821831" lon="11.1834781989"><ele>414.14</ele><time>2026-08-30T09:02:21Z</time></trkpt><trkpt lat="48.8874551933" lon="11.1834966391"><ele>415.55</ele><time>2026-08-30T09:02:29Z</time></trkpt><trkpt lat="48.8874655031" lon="11.1835222878"><ele>415.66</ele><time>2026-08-30T09:02:48Z</time></trkpt><trkpt lat="48.8874593843" lon="11.1835398059"><ele>415.61</ele><time>2026-08-30T09:03:02Z</time></trkpt><trkpt lat="48.8874424528" lon="11.1835131515"><ele>415.72</ele><time>2026-08-30T09:03:16Z</time></trkpt><trkpt lat="48.8873820193" lon="11.1835157499"><ele>417.62</ele><time>2026-08-30T09:03:27Z</time></trkpt><trkpt lat="48.8872956019" lon="11.1835698970"><ele>419.80</ele><time>2026-08-30T09:03:40Z</time></trkpt><trkpt lat="48.8872138783" lon="11.1836074479"><ele>422.25</ele><time>2026-08-30T09:03:53Z</time></trkpt><trkpt lat="48.8871312328" lon="11.1836592481"><ele>424.29</ele><time>2026-08-30T09:04:05Z</time></trkpt><trkpt lat="48.8870953582" lon="11.1836755928"><ele>426.37</ele><time>2026-08-30T09:04:16Z</time></trkpt><trkpt lat="48.8870242797" lon="11.1836957932"><ele>427.69</ele><time>2026-08-30T09:04:25Z</time></trkpt><trkpt lat="48.8869521115" lon="11.1837282311"><ele>429.41</ele><time>2026-08-30T09:04:35Z</time></trkpt><trkpt lat="48.8868861459" lon="11.1837462522"><ele>431.05</ele><time>2026-08-30T09:04:45Z</time></trkpt><trkpt lat="48.8868181687" lon="11.1837699730"><ele>432.46</ele><time>2026-08-30T09:04:55Z</time></trkpt><trkpt lat="48.8867283147" lon="11.1837775167"><ele>434.28</ele><time>2026-08-30T09:05:06Z</time></trkpt><trkpt lat="48.8867030013" lon="11.1837226152"><ele>435.86</ele><time>2026-08-30T09:05:17Z</time></trkpt><trkpt lat="48.8867093716" lon="11.1837061867"><ele>436.48</ele><time>2026-08-30T09:05:27Z</time></trkpt><trkpt lat="48.8867229503" lon="11.1836878303"><ele>436.65</ele><time>2026-08-30T09:05:48Z</time></trkpt><trkpt lat="48.8867305778" lon="11.1836789455"><ele>436.52</ele><time>2026-08-30T09:06:15Z</time></trkpt><trkpt lat="48.8867181726" lon="11.1837012414"><ele>436.54</ele><time>2026-08-30T09:06:41Z</time></trkpt><trkpt lat="48.8867287338" lon="11.1836813763"><ele>436.54</ele><time>2026-08-30T09:07:11Z</time></trkpt><trkpt lat="48.8867229503" lon="11.1836771015"><ele>436.54</ele><time>2026-08-30T09:07:47Z</time></trkpt><trkpt lat="48.8867129758" lon="11.1836696416"><ele>436.54</ele><time>2026-08-30T09:08:10Z</time></trkpt><trkpt lat="48.8866954576" lon="11.1836895905"><ele>436.54</ele><time>2026-08-30T09:08:26Z</time></trkpt><trkpt lat="48.8867014926" lon="11.1836925242"><ele>436.54</ele><time>2026-08-30T09:08:40Z</time></trkpt><trkpt lat="48.8867259677" lon="11.1836815439"><ele>436.54</ele><time>2026-08-30T09:08:51Z</time></trkpt><trkpt lat="48.8867383730" lon="11.1836693902"><ele>436.54</ele><time>2026-08-30T09:08:52Z</time></trkpt><trkpt lat="48.8867518678" lon="11.1836563982"><ele>436.54</ele><time>2026-08-30T09:08:53Z</time></trkpt><trkpt lat="48.8867641892" lon="11.1836463399"><ele>436.73</ele><time>2026-08-30T09:08:54Z</time></trkpt><trkpt lat="48.8867770135" lon="11.1836317554"><ele>437.15</ele><time>2026-08-30T09:08:55Z</time></trkpt><trkpt lat="48.8867904246" lon="11.1836202722"><ele>437.54</ele><time>2026-08-30T09:08:56Z</time></trkpt><trkpt lat="48.8868060987" lon="11.1836126447"><ele>437.74</ele><time>2026-08-30T09:08:57Z</time></trkpt><trkpt lat="48.8869467471" lon="11.1835014168"><ele>438.20</ele><time>2026-08-30T09:09:04Z</time></trkpt><trkpt lat="48.8870421331" lon="11.1833766103"><ele>439.60</ele><time>2026-08-30T09:09:10Z</time></trkpt><trkpt lat="48.8871608209" lon="11.1832052842"><ele>439.58</ele><time>2026-08-30T09:09:16Z</time></trkpt><trkpt lat="48.8872861303" lon="11.1830359697"><ele>438.99</ele><time>2026-08-30T09:09:23Z</time></trkpt><trkpt lat="48.8874560315" lon="11.1828361452"><ele>439.34</ele><time>2026-08-30T09:09:31Z</time></trkpt><trkpt lat="48.8876113482" lon="11.1826516595"><ele>439.73</ele><time>2026-08-30T09:09:38Z</time></trkpt><trkpt lat="48.8877024595" lon="11.1824240908"><ele>439.91</ele><time>2026-08-30T09:09:45Z</time></trkpt><trkpt lat="48.8877136912" lon="11.1821541097"><ele>440.50</ele><time>2026-08-30T09:09:52Z</time></trkpt><trkpt lat="48.8877604622" lon="11.1819314025"><ele>440.84</ele><time>2026-08-30T09:09:58Z</time></trkpt><trkpt lat="48.8879317045" lon="11.1816627625"><ele>440.61</ele><time>2026-08-30T09:10:05Z</time></trkpt><trkpt lat="48.8880861830" lon="11.1814102996"><ele>440.82</ele><time>2026-08-30T09:10:12Z</time></trkpt><trkpt lat="48.8882199582" lon="11.1813170929"><ele>440.97</ele><time>2026-08-30T09:10:17Z</time></trkpt><trkpt lat="48.8883613609" lon="11.1812973954"><ele>441.13</ele><time>2026-08-30T09:10:23Z</time></trkpt><trkpt lat="48.8884404022" lon="11.1812828947"><ele>441.48</ele><time>2026-08-30T09:10:29Z</time></trkpt><trkpt lat="48.8885638677" lon="11.1811819766"><ele>441.46</ele><time>2026-08-30T09:10:37Z</time></trkpt><trkpt lat="48.8887229562" lon="11.1809777934"><ele>441.01</ele><time>2026-08-30T09:10:44Z</time></trkpt><trkpt lat="48.8888990600" lon="11.1807325389"><ele>440.91</ele><time>2026-08-30T09:10:51Z</time></trkpt><trkpt lat="48.8890349306" lon="11.1805507354"><ele>441.32</ele><time>2026-08-30T09:10:56Z</time></trkpt><trkpt lat="48.8891774230" lon="11.1803418584"><ele>441.22</ele><time>2026-08-30T09:11:01Z</time></trkpt><trkpt lat="48.8893183228" lon="11.1801215820"><ele>441.16</ele><time>2026-08-30T09:11:06Z</time></trkpt><trkpt lat="48.8894328196" lon="11.1799413711"><ele>441.57</ele><time>2026-08-30T09:11:11Z</time></trkpt><trkpt lat="48.8895972725" lon="11.1796767544"><ele>441.57</ele><time>2026-08-30T09:11:17Z</time></trkpt><trkpt lat="48.8896911498" lon="11.1794988066"><ele>441.75</ele><time>2026-08-30T09:11:23Z</time></trkpt><trkpt lat="48.8897092547" lon="11.1794615909"><ele>442.47</ele><time>2026-08-30T09:11:32Z</time></trkpt><trkpt lat="48.8897205703" lon="11.1794261355"><ele>442.69</ele><time>2026-08-30T09:11:45Z</time></trkpt><trkpt lat="48.8897633180" lon="11.1793259718"><ele>442.90</ele><time>2026-08-30T09:11:54Z</time></trkpt><trkpt lat="48.8897822611" lon="11.1792959645"><ele>442.99</ele><time>2026-08-30T09:11:55Z</time></trkpt><trkpt lat="48.8898754679" lon="11.1790377181"><ele>444.51</ele><time>2026-08-30T09:12:02Z</time></trkpt><trkpt lat="48.8900006097" lon="11.1788021866"><ele>445.22</ele><time>2026-08-30T09:12:10Z</time></trkpt><trkpt lat="48.8900042139" lon="11.1787692457"><ele>445.50</ele><time>2026-08-30T09:12:12Z</time></trkpt><trkpt lat="48.8899913896" lon="11.1787523981"><ele>445.56</ele><time>2026-08-30T09:12:13Z</time></trkpt><trkpt lat="48.8899783138" lon="11.1787526496"><ele>445.61</ele><time>2026-08-30T09:12:14Z</time></trkpt><trkpt lat="48.8899673335" lon="11.1787659768"><ele>445.68</ele><time>2026-08-30T09:12:15Z</time></trkpt><trkpt lat="48.8899585325" lon="11.1787805613"><ele>445.73</ele><time>2026-08-30T09:12:16Z</time></trkpt><trkpt lat="48.8899009489" lon="11.1788371392"><ele>447.34</ele><time>2026-08-30T09:12:24Z</time></trkpt><trkpt lat="48.8898632303" lon="11.1788887717"><ele>448.25</ele><time>2026-08-30T09:12:29Z</time></trkpt><trkpt lat="48.8898504898" lon="11.1789014284"><ele>448.43</ele><time>2026-08-30T09:12:30Z</time></trkpt><trkpt lat="48.8898369949" lon="11.1789108999"><ele>448.59</ele><time>2026-08-30T09:12:31Z</time></trkpt><trkpt lat="48.8898243383" lon="11.1789200362"><ele>448.76</ele><time>2026-08-30T09:12:32Z</time></trkpt><trkpt lat="48.8897386752" lon="11.1789984070"><ele>450.76</ele><time>2026-08-30T09:12:41Z</time></trkpt><trkpt lat="48.8896625675" lon="11.1790584214"><ele>452.90</ele><time>2026-08-30T09:12:50Z</time></trkpt><trkpt lat="48.8896104321" lon="11.1790849082"><ele>453.70</ele><time>2026-08-30T09:12:55Z</time></trkpt><trkpt lat="48.8895116933" lon="11.1791825574"><ele>455.30</ele><time>2026-08-30T09:13:04Z</time></trkpt><trkpt lat="48.8894358370" lon="11.1792295799"><ele>456.83</ele><time>2026-08-30T09:13:10Z</time></trkpt><trkpt lat="48.8894249406" lon="11.1792395543"><ele>457.09</ele><time>2026-08-30T09:13:11Z</time></trkpt><trkpt lat="48.8894121163" lon="11.1792477686"><ele>457.34</ele><time>2026-08-30T09:13:12Z</time></trkpt><trkpt lat="48.8893280458" lon="11.1792809609"><ele>458.96</ele><time>2026-08-30T09:13:19Z</time></trkpt><trkpt lat="48.8892216794" lon="11.1793442443"><ele>460.82</ele><time>2026-08-30T09:13:28Z</time></trkpt><trkpt lat="48.8891343400" lon="11.1793842260"><ele>462.78</ele><time>2026-08-30T09:13:36Z</time></trkpt><trkpt lat="48.8890284766" lon="11.1794350203"><ele>464.39</ele><time>2026-08-30T09:13:45Z</time></trkpt><trkpt lat="48.8889361918" lon="11.1794520356"><ele>465.84</ele><time>2026-08-30T09:13:53Z</time></trkpt><trkpt lat="48.8888518699" lon="11.1794801988"><ele>467.51</ele><time>2026-08-30T09:14:01Z</time></trkpt><trkpt lat="48.8888040092" lon="11.1794718169"><ele>468.43</ele><time>2026-08-30T09:14:05Z</time></trkpt><trkpt lat="48.8887101319" lon="11.1794656981"><ele>469.65</ele><time>2026-08-30T09:14:13Z</time></trkpt><trkpt lat="48.8886084594" lon="11.1794595793"><ele>471.12</ele><time>2026-08-30T09:14:22Z</time></trkpt><trkpt lat="48.8884594291" lon="11.1794530414"><ele>473.09</ele><time>2026-08-30T09:14:34Z</time></trkpt><trkpt lat="48.8883440103" lon="11.1793980561"><ele>474.48</ele><time>2026-08-30T09:14:44Z</time></trkpt><trkpt lat="48.8882531505" lon="11.1793424003"><ele>476.49</ele><time>2026-08-30T09:14:52Z</time></trkpt><trkpt lat="48.8881162740" lon="11.1792488582"><ele>478.13</ele><time>2026-08-30T09:15:03Z</time></trkpt><trkpt lat="48.8879902940" lon="11.1791526340"><ele>479.51</ele><time>2026-08-30T09:15:13Z</time></trkpt><trkpt lat="48.8878356479" lon="11.1790560745"><ele>480.57</ele><time>2026-08-30T09:15:23Z</time></trkpt><trkpt lat="48.8876786549" lon="11.1790029332"><ele>481.84</ele><time>2026-08-30T09:15:33Z</time></trkpt><trkpt lat="48.8875142857" lon="11.1789858341"><ele>482.88</ele><time>2026-08-30T09:15:43Z</time></trkpt><trkpt lat="48.8873228431" lon="11.1789600179"><ele>484.19</ele><time>2026-08-30T09:15:54Z</time></trkpt><trkpt lat="48.8871345855" lon="11.1788378097"><ele>484.81</ele><time>2026-08-30T09:16:05Z</time></trkpt><trkpt lat="48.8869468309" lon="11.1787077226"><ele>485.61</ele><time>2026-08-30T09:16:17Z</time></trkpt><trkpt lat="48.8868539594" lon="11.1786440201"><ele>486.39</ele><time>2026-08-30T09:16:26Z</time></trkpt><trkpt lat="48.8867783546" lon="11.1786113307"><ele>487.12</ele><time>2026-08-30T09:16:34Z</time></trkpt><trkpt lat="48.8867102936" lon="11.1786466185"><ele>487.87</ele><time>2026-08-30T09:16:42Z</time></trkpt><trkpt lat="48.8867003191" lon="11.1786578503"><ele>488.05</ele><time>2026-08-30T09:16:43Z</time></trkpt><trkpt lat="48.8866349403" lon="11.1787387356"><ele>490.77</ele><time>2026-08-30T09:16:52Z</time></trkpt><trkpt lat="48.8866158295" lon="11.1788695771"><ele>492.38</ele><time>2026-08-30T09:17:01Z</time></trkpt><trkpt lat="48.8865921088" lon="11.1788914539"><ele>493.00</ele><time>2026-08-30T09:17:07Z</time></trkpt><trkpt lat="48.8865658734" lon="11.1788280867"><ele>493.22</ele><time>2026-08-30T09:17:16Z</time></trkpt><trkpt lat="48.8865398057" lon="11.1788263265"><ele>493.77</ele><time>2026-08-30T09:17:24Z</time></trkpt><trkpt lat="48.8865334354" lon="11.1789338663"><ele>495.72</ele><time>2026-08-30T09:17:34Z</time></trkpt><trkpt lat="48.8865336869" lon="11.1789352074"><ele>496.22</ele><time>2026-08-30T09:17:44Z</time></trkpt><trkpt lat="48.8865040988" lon="11.1789896898"><ele>496.36</ele><time>2026-08-30T09:17:51Z</time></trkpt><trkpt lat="48.8864289969" lon="11.1790677253"><ele>498.12</ele><time>2026-08-30T09:17:58Z</time></trkpt><trkpt lat="48.8864145800" lon="11.1790711619"><ele>498.51</ele><time>2026-08-30T09:17:59Z</time></trkpt><trkpt lat="48.8863477763" lon="11.1790582538"><ele>499.48</ele><time>2026-08-30T09:18:04Z</time></trkpt><trkpt lat="48.8863340300" lon="11.1790517159"><ele>499.69</ele><time>2026-08-30T09:18:05Z</time></trkpt><trkpt lat="48.8863213733" lon="11.1790475249"><ele>499.91</ele><time>2026-08-30T09:18:06Z</time></trkpt><trkpt lat="48.8863064535" lon="11.1790528055"><ele>500.14</ele><time>2026-08-30T09:18:07Z</time></trkpt><trkpt lat="48.8862944674" lon="11.1790651269"><ele>500.35</ele><time>2026-08-30T09:18:08Z</time></trkpt><trkpt lat="48.8862828165" lon="11.1790791247"><ele>500.53</ele><time>2026-08-30T09:18:09Z</time></trkpt><trkpt lat="48.8862715010" lon="11.1790960561"><ele>500.66</ele><time>2026-08-30T09:18:10Z</time></trkpt><trkpt lat="48.8861865085" lon="11.1792050209"><ele>500.89</ele><time>2026-08-30T09:18:17Z</time></trkpt><trkpt lat="48.8860514760" lon="11.1793271452"><ele>501.22</ele><time>2026-08-30T09:18:25Z</time></trkpt><trkpt lat="48.8859642204" lon="11.1793834716"><ele>501.48</ele><time>2026-08-30T09:18:30Z</time></trkpt><trkpt lat="48.8859491330" lon="11.1793765146"><ele>501.56</ele><time>2026-08-30T09:18:31Z</time></trkpt><trkpt lat="48.8859358057" lon="11.1793668754"><ele>501.66</ele><time>2026-08-30T09:18:32Z</time></trkpt><trkpt lat="48.8859238196" lon="11.1793528777"><ele>501.80</ele><time>2026-08-30T09:18:33Z</time></trkpt><trkpt lat="48.8859330397" lon="11.1792487744"><ele>502.13</ele><time>2026-08-30T09:18:38Z</time></trkpt><trkpt lat="48.8859548327" lon="11.1792168394"><ele>502.22</ele><time>2026-08-30T09:18:40Z</time></trkpt><trkpt lat="48.8859622087" lon="11.1791964713"><ele>502.35</ele><time>2026-08-30T09:18:41Z</time></trkpt><trkpt lat="48.8859728537" lon="11.1790996604"><ele>502.49</ele><time>2026-08-30T09:18:48Z</time></trkpt><trkpt lat="48.8859886955" lon="11.1790640373"><ele>502.82</ele><time>2026-08-30T09:19:01Z</time></trkpt><trkpt lat="48.8859840855" lon="11.1790719163"><ele>502.40</ele><time>2026-08-30T09:19:13Z</time></trkpt><trkpt lat="48.8859834149" lon="11.1790735926"><ele>502.35</ele><time>2026-08-30T09:19:42Z</time></trkpt><trkpt lat="48.8859820738" lon="11.1790871713"><ele>502.20</ele><time>2026-08-30T09:20:15Z</time></trkpt><trkpt lat="48.8859766256" lon="11.1790951341"><ele>502.20</ele><time>2026-08-30T09:20:42Z</time></trkpt><trkpt lat="48.8859679922" lon="11.1790875904"><ele>502.20</ele><time>2026-08-30T09:21:10Z</time></trkpt><trkpt lat="48.8859671541" lon="11.1790932063"><ele>502.20</ele><time>2026-08-30T09:21:53Z</time></trkpt><trkpt lat="48.8859627116" lon="11.1790746823"><ele>502.20</ele><time>2026-08-30T09:22:31Z</time></trkpt><trkpt lat="48.8859642204" lon="11.1790792085"><ele>502.20</ele><time>2026-08-30T09:23:01Z</time></trkpt><trkpt lat="48.8859567605" lon="11.1790745147"><ele>502.20</ele><time>2026-08-30T09:23:25Z</time></trkpt><trkpt lat="48.8859540783" lon="11.1790617742"><ele>502.20</ele><time>2026-08-30T09:23:59Z</time></trkpt><trkpt lat="48.8859575149" lon="11.1790514644"><ele>502.20</ele><time>2026-08-30T09:24:34Z</time></trkpt><trkpt lat="48.8859494682" lon="11.1790756881"><ele>502.20</ele><time>2026-08-30T09:25:16Z</time></trkpt><trkpt lat="48.8859392423" lon="11.1790797114"><ele>502.20</ele><time>2026-08-30T09:26:20Z</time></trkpt><trkpt lat="48.8859509770" lon="11.1790850759"><ele>502.20</ele><time>2026-08-30T09:27:24Z</time></trkpt><trkpt lat="48.8859627116" lon="11.1790741794"><ele>502.20</ele><time>2026-08-30T09:28:21Z</time></trkpt><trkpt lat="48.8859681599" lon="11.1790692341"><ele>502.20</ele><time>2026-08-30T09:28:54Z</time></trkpt><trkpt lat="48.8859636337" lon="11.1790777836"><ele>502.20</ele><time>2026-08-30T09:29:21Z</time></trkpt><trkpt lat="48.8859620411" lon="11.1790735088"><ele>502.20</ele><time>2026-08-30T09:29:44Z</time></trkpt><trkpt lat="48.8859714288" lon="11.1790673900"><ele>502.20</ele><time>2026-08-30T09:30:17Z</time></trkpt><trkpt lat="48.8859826606" lon="11.1790678930"><ele>502.20</ele><time>2026-08-30T09:30:58Z</time></trkpt><trkpt lat="48.8859902043" lon="11.1790661328"><ele>502.20</ele><time>2026-08-30T09:31:39Z</time></trkpt><trkpt lat="48.8859761227" lon="11.1790646240"><ele>502.20</ele><time>2026-08-30T09:32:39Z</time></trkpt><trkpt lat="48.8859718479" lon="11.1790628638"><ele>502.20</ele><time>2026-08-30T09:34:31Z</time></trkpt><trkpt lat="48.8859693334" lon="11.1790710781"><ele>502.20</ele><time>2026-08-30T09:36:55Z</time></trkpt><trkpt lat="48.8859658130" lon="11.1790713295"><ele>502.20</ele><time>2026-08-30T09:37:58Z</time></trkpt><trkpt lat="48.8859683275" lon="11.1790671386"><ele>502.20</ele><time>2026-08-30T09:38:09Z</time></trkpt><trkpt lat="48.8859684113" lon="11.1790577509"><ele>502.20</ele><time>2026-08-30T09:38:20Z</time></trkpt><trkpt lat="48.8860030286" lon="11.1789434217"><ele>502.20</ele><time>2026-08-30T09:38:24Z</time></trkpt><trkpt lat="48.8860250730" lon="11.1789181083"><ele>502.20</ele><time>2026-08-30T09:38:25Z</time></trkpt><trkpt lat="48.8860509731" lon="11.1788989138"><ele>502.20</ele><time>2026-08-30T09:38:26Z</time></trkpt><trkpt lat="48.8860780466" lon="11.1788892746"><ele>502.20</ele><time>2026-08-30T09:38:27Z</time></trkpt><trkpt lat="48.8861008454" lon="11.1788875982"><ele>502.20</ele><time>2026-08-30T09:38:28Z</time></trkpt><trkpt lat="48.8861233927" lon="11.1788744386"><ele>502.20</ele><time>2026-08-30T09:38:29Z</time></trkpt><trkpt lat="48.8861471973" lon="11.1788497958"><ele>502.20</ele><time>2026-08-30T09:38:30Z</time></trkpt><trkpt lat="48.8861695770" lon="11.1788269971"><ele>502.18</ele><time>2026-08-30T09:38:31Z</time></trkpt><trkpt lat="48.8861919567" lon="11.1788141727"><ele>502.10</ele><time>2026-08-30T09:38:32Z</time></trkpt><trkpt lat="48.8862077147" lon="11.1788054556"><ele>502.00</ele><time>2026-08-30T09:38:33Z</time></trkpt><trkpt lat="48.8862673100" lon="11.1787933018"><ele>500.64</ele><time>2026-08-30T09:38:39Z</time></trkpt><trkpt lat="48.8863333594" lon="11.1787983309"><ele>501.35</ele><time>2026-08-30T09:38:46Z</time></trkpt><trkpt lat="48.8863849081" lon="11.1787975766"><ele>502.37</ele><time>2026-08-30T09:38:56Z</time></trkpt><trkpt lat="48.8864055276" lon="11.1787728500"><ele>501.94</ele><time>2026-08-30T09:39:05Z</time></trkpt><trkpt lat="48.8864277396" lon="11.1787679885"><ele>501.61</ele><time>2026-08-30T09:39:13Z</time></trkpt><trkpt lat="48.8865249697" lon="11.1787952296"><ele>499.75</ele><time>2026-08-30T09:39:19Z</time></trkpt><trkpt lat="48.8865477685" lon="11.1787860096"><ele>498.95</ele><time>2026-08-30T09:39:20Z</time></trkpt><trkpt lat="48.8865754288" lon="11.1787681561"><ele>497.45</ele><time>2026-08-30T09:39:21Z</time></trkpt><trkpt lat="48.8866102975" lon="11.1787371431"><ele>497.45</ele><time>2026-08-30T09:39:22Z</time></trkpt><trkpt lat="48.8866511174" lon="11.1786982510"><ele>496.65</ele><time>2026-08-30T09:39:23Z</time></trkpt><trkpt lat="48.8868578989" lon="11.1786793079"><ele>490.85</ele><time>2026-08-30T09:39:27Z</time></trkpt><trkpt lat="48.8869108725" lon="11.1787192896"><ele>489.78</ele><time>2026-08-30T09:39:28Z</time></trkpt><trkpt lat="48.8872771617" lon="11.1789709982"><ele>487.20</ele><time>2026-08-30T09:39:34Z</time></trkpt><trkpt lat="48.8873378467" lon="11.1789914500"><ele>486.83</ele><time>2026-08-30T09:39:35Z</time></trkpt><trkpt lat="48.8874029741" lon="11.1790001672"><ele>485.62</ele><time>2026-08-30T09:39:38Z</time></trkpt><trkpt lat="48.8874007110" lon="11.1790012568"><ele>485.06</ele><time>2026-08-30T09:39:44Z</time></trkpt><trkpt lat="48.8873827737" lon="11.1789999995"><ele>485.06</ele><time>2026-08-30T09:39:46Z</time></trkpt><trkpt lat="48.8873218372" lon="11.1789735127"><ele>484.39</ele><time>2026-08-30T09:39:54Z</time></trkpt><trkpt lat="48.8872919977" lon="11.1789580062"><ele>484.87</ele><time>2026-08-30T09:39:57Z</time></trkpt><trkpt lat="48.8872765750" lon="11.1789519712"><ele>484.96</ele><time>2026-08-30T09:39:58Z</time></trkpt><trkpt lat="48.8872627448" lon="11.1789478641"><ele>485.00</ele><time>2026-08-30T09:39:59Z</time></trkpt><trkpt lat="48.8871415425" lon="11.1788743548"><ele>485.33</ele><time>2026-08-30T09:40:05Z</time></trkpt><trkpt lat="48.8870472461" lon="11.1787752807"><ele>485.82</ele><time>2026-08-30T09:40:10Z</time></trkpt><trkpt lat="48.8870441448" lon="11.1787464470"><ele>486.03</ele><time>2026-08-30T09:40:11Z</time></trkpt><trkpt lat="48.8870689552" lon="11.1786346324"><ele>486.84</ele><time>2026-08-30T09:40:15Z</time></trkpt><trkpt lat="48.8871271256" lon="11.1783956643"><ele>487.13</ele><time>2026-08-30T09:40:22Z</time></trkpt><trkpt lat="48.8872378506" lon="11.1782916449"><ele>486.91</ele><time>2026-08-30T09:40:27Z</time></trkpt><trkpt lat="48.8873795047" lon="11.1781211570"><ele>486.10</ele><time>2026-08-30T09:40:34Z</time></trkpt><trkpt lat="48.8875017129" lon="11.1779409461"><ele>485.06</ele><time>2026-08-30T09:40:40Z</time></trkpt><trkpt lat="48.8877660781" lon="11.1777046602"><ele>484.32</ele><time>2026-08-30T09:40:49Z</time></trkpt><trkpt lat="48.8879907969" lon="11.1774875689"><ele>484.44</ele><time>2026-08-30T09:40:58Z</time></trkpt><trkpt lat="48.8882247359" lon="11.1772935279"><ele>483.77</ele><time>2026-08-30T09:41:06Z</time></trkpt><trkpt lat="48.8884958904" lon="11.1770338565"><ele>482.74</ele><time>2026-08-30T09:41:15Z</time></trkpt><trkpt lat="48.8886471000" lon="11.1769243889"><ele>481.90</ele><time>2026-08-30T09:41:21Z</time></trkpt><trkpt lat="48.8886527997" lon="11.1769108940"><ele>481.82</ele><time>2026-08-30T09:41:22Z</time></trkpt><trkpt lat="48.8886214513" lon="11.1768765282"><ele>481.65</ele><time>2026-08-30T09:41:24Z</time></trkpt><trkpt lat="48.8886000775" lon="11.1768634524"><ele>481.56</ele><time>2026-08-30T09:41:25Z</time></trkpt><trkpt lat="48.8885792904" lon="11.1768498737"><ele>481.37</ele><time>2026-08-30T09:41:26Z</time></trkpt><trkpt lat="48.8885559049" lon="11.1768344510"><ele>481.06</ele><time>2026-08-30T09:41:27Z</time></trkpt><trkpt lat="48.8883293420" lon="11.1767703295"><ele>477.49</ele><time>2026-08-30T09:41:34Z</time></trkpt><trkpt lat="48.8881305233" lon="11.1767904460"><ele>474.37</ele><time>2026-08-30T09:41:39Z</time></trkpt><trkpt lat="48.8879589457" lon="11.1768297572"><ele>471.41</ele><time>2026-08-30T09:41:44Z</time></trkpt><trkpt lat="48.8877786510" lon="11.1769334413"><ele>468.26</ele><time>2026-08-30T09:41:49Z</time></trkpt><trkpt lat="48.8877315447" lon="11.1769444216"><ele>467.57</ele><time>2026-08-30T09:41:50Z</time></trkpt><trkpt lat="48.8875303790" lon="11.1769218743"><ele>464.28</ele><time>2026-08-30T09:41:55Z</time></trkpt><trkpt lat="48.8873651717" lon="11.1769194435"><ele>460.95</ele><time>2026-08-30T09:42:00Z</time></trkpt><trkpt lat="48.8871587254" lon="11.1769232992"><ele>457.56</ele><time>2026-08-30T09:42:05Z</time></trkpt><trkpt lat="48.8869877346" lon="11.1769253109"><ele>454.91</ele><time>2026-08-30T09:42:09Z</time></trkpt><trkpt lat="48.8869388681" lon="11.1769117322"><ele>454.17</ele><time>2026-08-30T09:42:10Z</time></trkpt><trkpt lat="48.8868905045" lon="11.1768956389"><ele>453.33</ele><time>2026-08-30T09:42:11Z</time></trkpt><trkpt lat="48.8866094593" lon="11.1768088862"><ele>447.65</ele><time>2026-08-30T09:42:17Z</time></trkpt><trkpt lat="48.8865729980" lon="11.1767954752"><ele>447.65</ele><time>2026-08-30T09:42:18Z</time></trkpt><trkpt lat="48.8864046056" lon="11.1767320242"><ele>444.99</ele><time>2026-08-30T09:42:23Z</time></trkpt><trkpt lat="48.8862097263" lon="11.1766435951"><ele>441.68</ele><time>2026-08-30T09:42:28Z</time></trkpt><trkpt lat="48.8860847522" lon="11.1765995063"><ele>439.49</ele><time>2026-08-30T09:42:31Z</time></trkpt><trkpt lat="48.8859120850" lon="11.1765010189"><ele>435.88</ele><time>2026-08-30T09:42:36Z</time></trkpt><trkpt lat="48.8858761266" lon="11.1764773820"><ele>435.88</ele><time>2026-08-30T09:42:37Z</time></trkpt><trkpt lat="48.8856690098" lon="11.1763802357"><ele>432.31</ele><time>2026-08-30T09:42:42Z</time></trkpt><trkpt lat="48.8855075743" lon="11.1763268430"><ele>429.27</ele><time>2026-08-30T09:42:46Z</time></trkpt><trkpt lat="48.8852640800" lon="11.1762301996"><ele>425.87</ele><time>2026-08-30T09:42:52Z</time></trkpt><trkpt lat="48.8851840328" lon="11.1762040481"><ele>424.85</ele><time>2026-08-30T09:42:54Z</time></trkpt><trkpt lat="48.8848920912" lon="11.1761747953"><ele>421.17</ele><time>2026-08-30T09:43:00Z</time></trkpt><trkpt lat="48.8846932724" lon="11.1761693470"><ele>419.35</ele><time>2026-08-30T09:43:05Z</time></trkpt><trkpt lat="48.8844515383" lon="11.1761311255"><ele>417.31</ele><time>2026-08-30T09:43:11Z</time></trkpt><trkpt lat="48.8842750993" lon="11.1761079077"><ele>416.20</ele><time>2026-08-30T09:43:16Z</time></trkpt><trkpt lat="48.8841407374" lon="11.1760789901"><ele>415.43</ele><time>2026-08-30T09:43:21Z</time></trkpt><trkpt lat="48.8839544076" lon="11.1760514136"><ele>414.73</ele><time>2026-08-30T09:43:26Z</time></trkpt><trkpt lat="48.8837166131" lon="11.1759701092"><ele>414.45</ele><time>2026-08-30T09:43:32Z</time></trkpt><trkpt lat="48.8834486436" lon="11.1759373359"><ele>415.18</ele><time>2026-08-30T09:43:39Z</time></trkpt><trkpt lat="48.8831907324" lon="11.1759046465"><ele>415.25</ele><time>2026-08-30T09:43:45Z</time></trkpt><trkpt lat="48.8830520958" lon="11.1759069934"><ele>415.03</ele><time>2026-08-30T09:43:48Z</time></trkpt><trkpt lat="48.8829541113" lon="11.1759261042"><ele>414.39</ele><time>2026-08-30T09:43:50Z</time></trkpt><trkpt lat="48.8827568851" lon="11.1759049818"><ele>413.39</ele><time>2026-08-30T09:43:55Z</time></trkpt><trkpt lat="48.8826104533" lon="11.1758426204"><ele>413.29</ele><time>2026-08-30T09:43:59Z</time></trkpt><trkpt lat="48.8824111316" lon="11.1757402774"><ele>413.90</ele><time>2026-08-30T09:44:05Z</time></trkpt><trkpt lat="48.8822944555" lon="11.1757048219"><ele>414.29</ele><time>2026-08-30T09:44:08Z</time></trkpt><trkpt lat="48.8821067009" lon="11.1755666882"><ele>414.15</ele><time>2026-08-30T09:44:13Z</time></trkpt><trkpt lat="48.8820051122" lon="11.1754955258"><ele>413.94</ele><time>2026-08-30T09:44:15Z</time></trkpt><trkpt lat="48.8819107320" lon="11.1754067615"><ele>413.69</ele><time>2026-08-30T09:44:17Z</time></trkpt><trkpt lat="48.8815035392" lon="11.1750774365"><ele>412.42</ele><time>2026-08-30T09:44:25Z</time></trkpt><trkpt lat="48.8812860288" lon="11.1749667116"><ele>412.64</ele><time>2026-08-30T09:44:31Z</time></trkpt><trkpt lat="48.8811147865" lon="11.1749505345"><ele>412.37</ele><time>2026-08-30T09:44:36Z</time></trkpt><trkpt lat="48.8808847032" lon="11.1749369558"><ele>412.30</ele><time>2026-08-30T09:44:43Z</time></trkpt><trkpt lat="48.8808357529" lon="11.1749186832"><ele>412.52</ele><time>2026-08-30T09:44:45Z</time></trkpt><trkpt lat="48.8808116131" lon="11.1749087088"><ele>412.64</ele><time>2026-08-30T09:44:46Z</time></trkpt><trkpt lat="48.8807854615" lon="11.1748992372"><ele>412.73</ele><time>2026-08-30T09:44:47Z</time></trkpt><trkpt lat="48.8805469964" lon="11.1747258995"><ele>413.16</ele><time>2026-08-30T09:44:55Z</time></trkpt><trkpt lat="48.8803314138" lon="11.1744420882"><ele>412.97</ele><time>2026-08-30T09:45:03Z</time></trkpt><trkpt lat="48.8802402187" lon="11.1743150186"><ele>412.19</ele><time>2026-08-30T09:45:06Z</time></trkpt><trkpt lat="48.8800471835" lon="11.1740371585"><ele>409.64</ele><time>2026-08-30T09:45:11Z</time></trkpt><trkpt lat="48.8800160866" lon="11.1739803292"><ele>409.24</ele><time>2026-08-30T09:45:12Z</time></trkpt><trkpt lat="48.8799944613" lon="11.1739267688"><ele>408.93</ele><time>2026-08-30T09:45:13Z</time></trkpt><trkpt lat="48.8799854927" lon="11.1738821771"><ele>408.73</ele><time>2026-08-30T09:45:14Z</time></trkpt><trkpt lat="48.8799811341" lon="11.1738473922"><ele>408.60</ele><time>2026-08-30T09:45:15Z</time></trkpt><trkpt lat="48.8799802959" lon="11.1738159601"><ele>408.51</ele><time>2026-08-30T09:45:16Z</time></trkpt><trkpt lat="48.8799833972" lon="11.1737912335"><ele>408.46</ele><time>2026-08-30T09:45:17Z</time></trkpt><trkpt lat="48.8799894322" lon="11.1737717874"><ele>408.42</ele><time>2026-08-30T09:45:18Z</time></trkpt><trkpt lat="48.8800020888" lon="11.1737482343"><ele>408.37</ele><time>2026-08-30T09:45:19Z</time></trkpt><trkpt lat="48.8800175115" lon="11.1737271119"><ele>408.30</ele><time>2026-08-30T09:45:20Z</time></trkpt><trkpt lat="48.8801198546" lon="11.1736789159"><ele>407.58</ele><time>2026-08-30T09:45:27Z</time></trkpt><trkpt lat="48.8801335171" lon="11.1736784130"><ele>407.00</ele><time>2026-08-30T09:45:32Z</time></trkpt><trkpt lat="48.8801413961" lon="11.1736739706"><ele>407.08</ele><time>2026-08-30T09:45:41Z</time></trkpt><trkpt lat="48.8801400550" lon="11.1736593861"><ele>406.32</ele><time>2026-08-30T09:46:51Z</time></trkpt><trkpt lat="48.8801299967" lon="11.1736756470"><ele>406.48</ele><time>2026-08-30T09:47:04Z</time></trkpt><trkpt lat="48.8801332656" lon="11.1736835260"><ele>406.27</ele><time>2026-08-30T09:47:33Z</time></trkpt><trkpt lat="48.8801343553" lon="11.1736769881"><ele>406.27</ele><time>2026-08-30T09:48:03Z</time></trkpt><trkpt lat="48.8801261410" lon="11.1736864597"><ele>406.27</ele><time>2026-08-30T09:48:34Z</time></trkpt><trkpt lat="48.8801268116" lon="11.1736818496"><ele>406.27</ele><time>2026-08-30T09:48:46Z</time></trkpt><trkpt lat="48.8801736664" lon="11.1736807600"><ele>406.27</ele><time>2026-08-30T09:48:56Z</time></trkpt><trkpt lat="48.8802034222" lon="11.1736853700"><ele>406.27</ele><time>2026-08-30T09:48:57Z</time></trkpt><trkpt lat="48.8804582320" lon="11.1736228410"><ele>404.33</ele><time>2026-08-30T09:49:05Z</time></trkpt><trkpt lat="48.8804872334" lon="11.1736009642"><ele>404.12</ele><time>2026-08-30T09:49:06Z</time></trkpt><trkpt lat="48.8806474954" lon="11.1735619884"><ele>403.36</ele><time>2026-08-30T09:49:10Z</time></trkpt><trkpt lat="48.8806940150" lon="11.1735448055"><ele>403.15</ele><time>2026-08-30T09:49:11Z</time></trkpt><trkpt lat="48.8811308797" lon="11.1733676959"><ele>400.62</ele><time>2026-08-30T09:49:19Z</time></trkpt><trkpt lat="48.8816391584" lon="11.1732592341"><ele>397.73</ele><time>2026-08-30T09:49:27Z</time></trkpt><trkpt lat="48.8817041181" lon="11.1732676998"><ele>397.54</ele><time>2026-08-30T09:49:28Z</time></trkpt><trkpt lat="48.8823390473" lon="11.1734627467"><ele>395.36</ele><time>2026-08-30T09:49:37Z</time></trkpt><trkpt lat="48.8828571327" lon="11.1736828554"><ele>392.29</ele><time>2026-08-30T09:49:44Z</time></trkpt><trkpt lat="48.8834635634" lon="11.1741221510"><ele>391.13</ele><time>2026-08-30T09:49:53Z</time></trkpt><trkpt lat="48.8839974906" lon="11.1745354626"><ele>392.09</ele><time>2026-08-30T09:50:02Z</time></trkpt><trkpt lat="48.8843781967" lon="11.1746570002"><ele>392.29</ele><time>2026-08-30T09:50:09Z</time></trkpt><trkpt lat="48.8849123754" lon="11.1746686511"><ele>392.52</ele><time>2026-08-30T09:50:20Z</time></trkpt><trkpt lat="48.8854025491" lon="11.1746445950"><ele>393.35</ele><time>2026-08-30T09:50:31Z</time></trkpt><trkpt lat="48.8859231491" lon="11.1746439245"><ele>392.94</ele><time>2026-08-30T09:50:42Z</time></trkpt><trkpt lat="48.8862529770" lon="11.1746591795"><ele>391.58</ele><time>2026-08-30T09:50:48Z</time></trkpt><trkpt lat="48.8865204435" lon="11.1745974887"><ele>391.72</ele><time>2026-08-30T09:50:53Z</time></trkpt><trkpt lat="48.8869047537" lon="11.1744461115"><ele>392.02</ele><time>2026-08-30T09:51:01Z</time></trkpt><trkpt lat="48.8874589652" lon="11.1742329597"><ele>392.85</ele><time>2026-08-30T09:51:14Z</time></trkpt><trkpt lat="48.8880236540" lon="11.1740056425"><ele>392.73</ele><time>2026-08-30T09:51:27Z</time></trkpt><trkpt lat="48.8884146698" lon="11.1736918241"><ele>393.13</ele><time>2026-08-30T09:51:37Z</time></trkpt><trkpt lat="48.8884590939" lon="11.1736511718"><ele>393.13</ele><time>2026-08-30T09:51:38Z</time></trkpt><trkpt lat="48.8885549828" lon="11.1735702865"><ele>393.06</ele><time>2026-08-30T09:51:40Z</time></trkpt><trkpt lat="48.8885847386" lon="11.1735313945"><ele>392.74</ele><time>2026-08-30T09:51:41Z</time></trkpt><trkpt lat="48.8886020891" lon="11.1734887306"><ele>392.25</ele><time>2026-08-30T09:51:42Z</time></trkpt><trkpt lat="48.8886074536" lon="11.1734341644"><ele>391.77</ele><time>2026-08-30T09:51:43Z</time></trkpt><trkpt lat="48.8885917794" lon="11.1733707134"><ele>391.42</ele><time>2026-08-30T09:51:44Z</time></trkpt><trkpt lat="48.8885737583" lon="11.1733271275"><ele>391.10</ele><time>2026-08-30T09:51:45Z</time></trkpt><trkpt lat="48.8885601796" lon="11.1733034067"><ele>390.75</ele><time>2026-08-30T09:51:46Z</time></trkpt><trkpt lat="48.8885489479" lon="11.1732854694"><ele>390.50</ele><time>2026-08-30T09:51:47Z</time></trkpt><trkpt lat="48.8885403983" lon="11.1732671130"><ele>390.37</ele><time>2026-08-30T09:51:48Z</time></trkpt><trkpt lat="48.8885332737" lon="11.1732526124"><ele>390.31</ele><time>2026-08-30T09:51:49Z</time></trkpt><trkpt lat="48.8885020092" lon="11.1732411291"><ele>390.29</ele><time>2026-08-30T09:51:52Z</time></trkpt><trkpt lat="48.8884861674" lon="11.1732266285"><ele>390.29</ele><time>2026-08-30T09:51:53Z</time></trkpt><trkpt lat="48.8884709962" lon="11.1731951963"><ele>390.27</ele><time>2026-08-30T09:51:54Z</time></trkpt><trkpt lat="48.8884540647" lon="11.1731511075"><ele>390.19</ele><time>2026-08-30T09:51:55Z</time></trkpt><trkpt lat="48.8884366304" lon="11.1731052585"><ele>389.84</ele><time>2026-08-30T09:51:56Z</time></trkpt><trkpt lat="48.8882939704" lon="11.1727356166"><ele>389.08</ele><time>2026-08-30T09:52:04Z</time></trkpt><trkpt lat="48.8880893681" lon="11.1722221412"><ele>388.89</ele><time>2026-08-30T09:52:14Z</time></trkpt><trkpt lat="48.8879441097" lon="11.1718323827"><ele>388.82</ele><time>2026-08-30T09:52:22Z</time></trkpt><trkpt lat="48.8877588697" lon="11.1713480763"><ele>389.04</ele><time>2026-08-30T09:52:32Z</time></trkpt><trkpt lat="48.8876323029" lon="11.1709961202"><ele>389.14</ele><time>2026-08-30T09:52:39Z</time></trkpt><trkpt lat="48.8874598872" lon="11.1705452576"><ele>389.36</ele><time>2026-08-30T09:52:48Z</time></trkpt><trkpt lat="48.8873735536" lon="11.1702226382"><ele>389.86</ele><time>2026-08-30T09:52:55Z</time></trkpt><trkpt lat="48.8873266149" lon="11.1700653099"><ele>391.13</ele><time>2026-08-30T09:53:01Z</time></trkpt><trkpt lat="48.8872621581" lon="11.1699602008"><ele>392.18</ele><time>2026-08-30T09:53:09Z</time></trkpt><trkpt lat="48.8871789258" lon="11.1697305366"><ele>392.05</ele><time>2026-08-30T09:53:17Z</time></trkpt><trkpt lat="48.8871985395" lon="11.1696999427"><ele>391.92</ele><time>2026-08-30T09:53:18Z</time></trkpt><trkpt lat="48.8873934187" lon="11.1694912333"><ele>391.38</ele><time>2026-08-30T09:53:25Z</time></trkpt><trkpt lat="48.8876281120" lon="11.1692355014"><ele>391.19</ele><time>2026-08-30T09:53:33Z</time></trkpt><trkpt lat="48.8878311217" lon="11.1690799333"><ele>391.09</ele><time>2026-08-30T09:53:39Z</time></trkpt><trkpt lat="48.8882114086" lon="11.1688642669"><ele>390.30</ele><time>2026-08-30T09:53:48Z</time></trkpt><trkpt lat="48.8882903662" lon="11.1687982175"><ele>390.23</ele><time>2026-08-30T09:53:50Z</time></trkpt><trkpt lat="48.8883253187" lon="11.1687563919"><ele>390.21</ele><time>2026-08-30T09:53:51Z</time></trkpt><trkpt lat="48.8883911166" lon="11.1686641909"><ele>390.20</ele><time>2026-08-30T09:53:53Z</time></trkpt><trkpt lat="48.8884196151" lon="11.1686142348"><ele>390.20</ele><time>2026-08-30T09:53:54Z</time></trkpt><trkpt lat="48.8884489518" lon="11.1685637757"><ele>390.17</ele><time>2026-08-30T09:53:55Z</time></trkpt><trkpt lat="48.8884797134" lon="11.1685192678"><ele>390.09</ele><time>2026-08-30T09:53:56Z</time></trkpt><trkpt lat="48.8885059487" lon="11.1684759334"><ele>390.06</ele><time>2026-08-30T09:53:57Z</time></trkpt><trkpt lat="48.8885220420" lon="11.1684256420"><ele>390.04</ele><time>2026-08-30T09:53:58Z</time></trkpt><trkpt lat="48.8885287475" lon="11.1683712434"><ele>390.04</ele><time>2026-08-30T09:53:59Z</time></trkpt><trkpt lat="48.8885335252" lon="11.1683161743"><ele>390.08</ele><time>2026-08-30T09:54:00Z</time></trkpt><trkpt lat="48.8885441702" lon="11.1682709958"><ele>390.14</ele><time>2026-08-30T09:54:01Z</time></trkpt><trkpt lat="48.8885635324" lon="11.1682399828"><ele>390.24</ele><time>2026-08-30T09:54:02Z</time></trkpt><trkpt lat="48.8885885105" lon="11.1682072934"><ele>390.42</ele><time>2026-08-30T09:54:03Z</time></trkpt><trkpt lat="48.8886168413" lon="11.1681750230"><ele>390.62</ele><time>2026-08-30T09:54:04Z</time></trkpt><trkpt lat="48.8886455912" lon="11.1681359634"><ele>390.74</ele><time>2026-08-30T09:54:05Z</time></trkpt><trkpt lat="48.8886732515" lon="11.1680947244"><ele>390.80</ele><time>2026-08-30T09:54:06Z</time></trkpt><trkpt lat="48.8886990678" lon="11.1680557486"><ele>390.83</ele><time>2026-08-30T09:54:07Z</time></trkpt><trkpt lat="48.8888331782" lon="11.1678661499"><ele>390.70</ele><time>2026-08-30T09:54:12Z</time></trkpt><trkpt lat="48.8890113775" lon="11.1676510703"><ele>390.63</ele><time>2026-08-30T09:54:18Z</time></trkpt><trkpt lat="48.8892413769" lon="11.1674338114"><ele>390.90</ele><time>2026-08-30T09:54:24Z</time></trkpt><trkpt lat="48.8895305526" lon="11.1671860423"><ele>390.72</ele><time>2026-08-30T09:54:31Z</time></trkpt><trkpt lat="48.8895712048" lon="11.1671570409"><ele>390.67</ele><time>2026-08-30T09:54:32Z</time></trkpt><trkpt lat="48.8898841850" lon="11.1669348367"><ele>390.06</ele><time>2026-08-30T09:54:39Z</time></trkpt><trkpt lat="48.8902258314" lon="11.1666669510"><ele>389.73</ele><time>2026-08-30T09:54:47Z</time></trkpt><trkpt lat="48.8905756921" lon="11.1663300823"><ele>389.64</ele><time>2026-08-30T09:54:56Z</time></trkpt><trkpt lat="48.8906567451" lon="11.1662240513"><ele>389.40</ele><time>2026-08-30T09:55:00Z</time></trkpt><trkpt lat="48.8906724192" lon="11.1661968939"><ele>389.78</ele><time>2026-08-30T09:55:06Z</time></trkpt><trkpt lat="48.8906993251" lon="11.1661678087"><ele>389.82</ele><time>2026-08-30T09:55:15Z</time></trkpt><trkpt lat="48.8907165080" lon="11.1661484465"><ele>389.80</ele><time>2026-08-30T09:55:16Z</time></trkpt><trkpt lat="48.8907363731" lon="11.1661276594"><ele>389.75</ele><time>2026-08-30T09:55:17Z</time></trkpt><trkpt lat="48.8909016643" lon="11.1659588479"><ele>388.91</ele><time>2026-08-30T09:55:25Z</time></trkpt><trkpt lat="48.8910386246" lon="11.1657976639"><ele>388.92</ele><time>2026-08-30T09:55:35Z</time></trkpt><trkpt lat="48.8910716493" lon="11.1657809000"><ele>388.78</ele><time>2026-08-30T09:55:42Z</time></trkpt><trkpt lat="48.8910900056" lon="11.1657665670"><ele>388.57</ele><time>2026-08-30T09:55:50Z</time></trkpt><trkpt lat="48.8910846412" lon="11.1657705065"><ele>388.45</ele><time>2026-08-30T09:57:05Z</time></trkpt><trkpt lat="48.8910437375" lon="11.1657716800"><ele>388.45</ele><time>2026-08-30T09:57:11Z</time></trkpt><trkpt lat="48.8910252973" lon="11.1658206303"><ele>388.48</ele><time>2026-08-30T09:57:15Z</time></trkpt><trkpt lat="48.8909786101" lon="11.1658508051"><ele>388.48</ele><time>2026-08-30T09:57:22Z</time></trkpt><trkpt lat="48.8909253851" lon="11.1658518109"><ele>388.78</ele><time>2026-08-30T09:57:31Z</time></trkpt><trkpt lat="48.8909176737" lon="11.1658604443"><ele>388.59</ele><time>2026-08-30T09:57:34Z</time></trkpt><trkpt lat="48.8908540551" lon="11.1659533158"><ele>388.61</ele><time>2026-08-30T09:57:39Z</time></trkpt><trkpt lat="48.8906865846" lon="11.1661196966"><ele>388.46</ele><time>2026-08-30T09:57:47Z</time></trkpt><trkpt lat="48.8906680606" lon="11.1661172658"><ele>388.52</ele><time>2026-08-30T09:57:48Z</time></trkpt><trkpt lat="48.8906538114" lon="11.1660996638"><ele>388.64</ele><time>2026-08-30T09:57:49Z</time></trkpt><trkpt lat="48.8906447589" lon="11.1660742667"><ele>388.79</ele><time>2026-08-30T09:57:50Z</time></trkpt><trkpt lat="48.8906369638" lon="11.1660478637"><ele>388.93</ele><time>2026-08-30T09:57:51Z</time></trkpt><trkpt lat="48.8906260673" lon="11.1660178564"><ele>389.07</ele><time>2026-08-30T09:57:52Z</time></trkpt><trkpt lat="48.8905426674" lon="11.1658452731"><ele>390.33</ele><time>2026-08-30T09:58:00Z</time></trkpt><trkpt lat="48.8904603571" lon="11.1656278465"><ele>390.32</ele><time>2026-08-30T09:58:07Z</time></trkpt><trkpt lat="48.8903877698" lon="11.1654149462"><ele>390.59</ele><time>2026-08-30T09:58:13Z</time></trkpt><trkpt lat="48.8903917931" lon="11.1653794907"><ele>390.66</ele><time>2026-08-30T09:58:14Z</time></trkpt><trkpt lat="48.8904071320" lon="11.1653476395"><ele>390.76</ele><time>2026-08-30T09:58:15Z</time></trkpt><trkpt lat="48.8904307690" lon="11.1653215718"><ele>390.86</ele><time>2026-08-30T09:58:16Z</time></trkpt><trkpt lat="48.8904595189" lon="11.1652989406"><ele>390.94</ele><time>2026-08-30T09:58:17Z</time></trkpt><trkpt lat="48.8904882688" lon="11.1652736273"><ele>390.99</ele><time>2026-08-30T09:58:18Z</time></trkpt><trkpt lat="48.8905165158" lon="11.1652437877"><ele>391.02</ele><time>2026-08-30T09:58:19Z</time></trkpt><trkpt lat="48.8908382971" lon="11.1649500020"><ele>389.72</ele><time>2026-08-30T09:58:28Z</time></trkpt><trkpt lat="48.8910817076" lon="11.1647457350"><ele>389.16</ele><time>2026-08-30T09:58:34Z</time></trkpt><trkpt lat="48.8911207672" lon="11.1647220980"><ele>389.01</ele><time>2026-08-30T09:58:35Z</time></trkpt><trkpt lat="48.8911961205" lon="11.1646785960"><ele>388.90</ele><time>2026-08-30T09:58:37Z</time></trkpt><trkpt lat="48.8912317436" lon="11.1646451522"><ele>388.88</ele><time>2026-08-30T09:58:38Z</time></trkpt><trkpt lat="48.8912654389" lon="11.1646066792"><ele>388.92</ele><time>2026-08-30T09:58:39Z</time></trkpt><trkpt lat="48.8912979607" lon="11.1645725649"><ele>388.99</ele><time>2026-08-30T09:58:40Z</time></trkpt><trkpt lat="48.8913323265" lon="11.1645443179"><ele>389.04</ele><time>2026-08-30T09:58:41Z</time></trkpt><trkpt lat="48.8913662732" lon="11.1645184178"><ele>389.08</ele><time>2026-08-30T09:58:42Z</time></trkpt><trkpt lat="48.8915117830" lon="11.1644251272"><ele>389.10</ele><time>2026-08-30T09:58:46Z</time></trkpt><trkpt lat="48.8915965240" lon="11.1643786076"><ele>388.84</ele><time>2026-08-30T09:58:48Z</time></trkpt><trkpt lat="48.8916343264" lon="11.1643473431"><ele>388.71</ele><time>2026-08-30T09:58:49Z</time></trkpt><trkpt lat="48.8919909764" lon="11.1640147492"><ele>388.53</ele><time>2026-08-30T09:58:58Z</time></trkpt><trkpt lat="48.8923114166" lon="11.1638457701"><ele>387.98</ele><time>2026-08-30T09:59:06Z</time></trkpt><trkpt lat="48.8926337846" lon="11.1638539005"><ele>387.66</ele><time>2026-08-30T09:59:14Z</time></trkpt><trkpt lat="48.8926664740" lon="11.1638929602"><ele>387.61</ele><time>2026-08-30T09:59:15Z</time></trkpt><trkpt lat="48.8926954754" lon="11.1639389768"><ele>387.54</ele><time>2026-08-30T09:59:16Z</time></trkpt><trkpt lat="48.8927202020" lon="11.1639901903"><ele>387.41</ele><time>2026-08-30T09:59:17Z</time></trkpt><trkpt lat="48.8927421626" lon="11.1640528869"><ele>387.28</ele><time>2026-08-30T09:59:18Z</time></trkpt><trkpt lat="48.8927658834" lon="11.1641144939"><ele>387.13</ele><time>2026-08-30T09:59:19Z</time></trkpt><trkpt lat="48.8927950524" lon="11.1641688086"><ele>386.94</ele><time>2026-08-30T09:59:20Z</time></trkpt><trkpt lat="48.8928291667" lon="11.1642216984"><ele>386.75</ele><time>2026-08-30T09:59:21Z</time></trkpt><trkpt lat="48.8928657118" lon="11.1642726604"><ele>386.57</ele><time>2026-08-30T09:59:22Z</time></trkpt><trkpt lat="48.8929098006" lon="11.1643083673"><ele>386.38</ele><time>2026-08-30T09:59:23Z</time></trkpt><trkpt lat="48.8929526322" lon="11.1643418111"><ele>386.25</ele><time>2026-08-30T09:59:24Z</time></trkpt><trkpt lat="48.8929957151" lon="11.1643668730"><ele>386.13</ele><time>2026-08-30T09:59:25Z</time></trkpt><trkpt lat="48.8930384628" lon="11.1643788591"><ele>386.02</ele><time>2026-08-30T09:59:26Z</time></trkpt><trkpt lat="48.8930836413" lon="11.1643827986"><ele>385.90</ele><time>2026-08-30T09:59:27Z</time></trkpt><trkpt lat="48.8931265566" lon="11.1643848941"><ele>385.85</ele><time>2026-08-30T09:59:28Z</time></trkpt><trkpt lat="48.8931712322" lon="11.1643846426"><ele>385.74</ele><time>2026-08-30T09:59:29Z</time></trkpt><trkpt lat="48.8935050834" lon="11.1643332615"><ele>386.85</ele><time>2026-08-30T09:59:37Z</time></trkpt><trkpt lat="48.8935505971" lon="11.1643334292"><ele>386.89</ele><time>2026-08-30T09:59:38Z</time></trkpt><trkpt lat="48.8935946859" lon="11.1643440742"><ele>386.88</ele><time>2026-08-30T09:59:39Z</time></trkpt><trkpt lat="48.8937100209" lon="11.1644263007"><ele>386.35</ele><time>2026-08-30T09:59:42Z</time></trkpt><trkpt lat="48.8937784173" lon="11.1645247042"><ele>386.21</ele><time>2026-08-30T09:59:44Z</time></trkpt><trkpt lat="48.8938100170" lon="11.1645815335"><ele>386.17</ele><time>2026-08-30T09:59:45Z</time></trkpt><trkpt lat="48.8938643318" lon="11.1647055019"><ele>386.16</ele><time>2026-08-30T09:59:47Z</time></trkpt><trkpt lat="48.8938899804" lon="11.1647626664"><ele>386.16</ele><time>2026-08-30T09:59:48Z</time></trkpt><trkpt lat="48.8939143717" lon="11.1648199987"><ele>386.18</ele><time>2026-08-30T09:59:49Z</time></trkpt><trkpt lat="48.8939398527" lon="11.1648764089"><ele>386.19</ele><time>2026-08-30T09:59:50Z</time></trkpt><trkpt lat="48.8939689379" lon="11.1649354175"><ele>386.21</ele><time>2026-08-30T09:59:51Z</time></trkpt><trkpt lat="48.8940022141" lon="11.1649885587"><ele>386.26</ele><time>2026-08-30T09:59:52Z</time></trkpt><trkpt lat="48.8940357417" lon="11.1650409456"><ele>386.26</ele><time>2026-08-30T09:59:53Z</time></trkpt><trkpt lat="48.8940715324" lon="11.1650909018"><ele>386.26</ele><time>2026-08-30T09:59:54Z</time></trkpt><trkpt lat="48.8943296112" lon="11.1655132659"><ele>386.31</ele><time>2026-08-30T10:00:02Z</time></trkpt><trkpt lat="48.8943697605" lon="11.1655515712"><ele>386.31</ele><time>2026-08-30T10:00:03Z</time></trkpt><trkpt lat="48.8944135141" lon="11.1655742861"><ele>386.29</ele><time>2026-08-30T10:00:04Z</time></trkpt><trkpt lat="48.8944598660" lon="11.1655778065"><ele>386.26</ele><time>2026-08-30T10:00:05Z</time></trkpt><trkpt lat="48.8945056312" lon="11.1655628029"><ele>386.24</ele><time>2026-08-30T10:00:06Z</time></trkpt><trkpt lat="48.8945479598" lon="11.1655338015"><ele>386.22</ele><time>2026-08-30T10:00:07Z</time></trkpt><trkpt lat="48.8945883606" lon="11.1654971726"><ele>386.20</ele><time>2026-08-30T10:00:08Z</time></trkpt><trkpt lat="48.8946671505" lon="11.1654163711"><ele>386.15</ele><time>2026-08-30T10:00:10Z</time></trkpt><trkpt lat="48.8947036956" lon="11.1653681751"><ele>386.13</ele><time>2026-08-30T10:00:11Z</time></trkpt><trkpt lat="48.8947362173" lon="11.1653126031"><ele>386.10</ele><time>2026-08-30T10:00:12Z</time></trkpt><trkpt lat="48.8947648834" lon="11.1652543489"><ele>386.07</ele><time>2026-08-30T10:00:13Z</time></trkpt><trkpt lat="48.8947920408" lon="11.1651955079"><ele>386.04</ele><time>2026-08-30T10:00:14Z</time></trkpt><trkpt lat="48.8948831521" lon="11.1650351621"><ele>385.61</ele><time>2026-08-30T10:00:17Z</time></trkpt><trkpt lat="48.8949177694" lon="11.1649872176"><ele>385.52</ele><time>2026-08-30T10:00:18Z</time></trkpt><trkpt lat="48.8951838110" lon="11.1645899992"><ele>385.38</ele><time>2026-08-30T10:00:26Z</time></trkpt><trkpt lat="48.8952792808" lon="11.1644366942"><ele>385.47</ele><time>2026-08-30T10:00:29Z</time></trkpt><trkpt lat="48.8954969589" lon="11.1638439260"><ele>386.02</ele><time>2026-08-30T10:00:38Z</time></trkpt><trkpt lat="48.8955954462" lon="11.1634886172"><ele>385.93</ele><time>2026-08-30T10:00:44Z</time></trkpt><trkpt lat="48.8956509344" lon="11.1633823346"><ele>385.98</ele><time>2026-08-30T10:00:46Z</time></trkpt><trkpt lat="48.8956847135" lon="11.1633322109"><ele>386.03</ele><time>2026-08-30T10:00:47Z</time></trkpt><trkpt lat="48.8957226835" lon="11.1632817518"><ele>386.07</ele><time>2026-08-30T10:00:48Z</time></trkpt><trkpt lat="48.8957996294" lon="11.1631904729"><ele>386.09</ele><time>2026-08-30T10:00:50Z</time></trkpt><trkpt lat="48.8958396949" lon="11.1631536763"><ele>386.09</ele><time>2026-08-30T10:00:51Z</time></trkpt><trkpt lat="48.8959223405" lon="11.1630986072"><ele>386.07</ele><time>2026-08-30T10:00:53Z</time></trkpt><trkpt lat="48.8961090054" lon="11.1629819311"><ele>386.12</ele><time>2026-08-30T10:00:59Z</time></trkpt><trkpt lat="48.8961260207" lon="11.1628382653"><ele>387.77</ele><time>2026-08-30T10:01:07Z</time></trkpt><trkpt lat="48.8961331453" lon="11.1626099423"><ele>388.43</ele><time>2026-08-30T10:01:17Z</time></trkpt><trkpt lat="48.8961390965" lon="11.1624295637"><ele>388.82</ele><time>2026-08-30T10:01:24Z</time></trkpt><trkpt lat="48.8961645775" lon="11.1621983908"><ele>389.45</ele><time>2026-08-30T10:01:33Z</time></trkpt><trkpt lat="48.8961895555" lon="11.1620426551"><ele>390.67</ele><time>2026-08-30T10:01:42Z</time></trkpt><trkpt lat="48.8961888012" lon="11.1620279867"><ele>391.10</ele><time>2026-08-30T10:02:07Z</time></trkpt><trkpt lat="48.8961945847" lon="11.1620102171"><ele>390.85</ele><time>2026-08-30T10:02:37Z</time></trkpt><trkpt lat="48.8961793296" lon="11.1620231252"><ele>390.87</ele><time>2026-08-30T10:02:41Z</time></trkpt><trkpt lat="48.8961481489" lon="11.1622455809"><ele>391.03</ele><time>2026-08-30T10:02:46Z</time></trkpt><trkpt lat="48.8961454667" lon="11.1623061821"><ele>390.91</ele><time>2026-08-30T10:02:47Z</time></trkpt><trkpt lat="48.8961616438" lon="11.1623573117"><ele>390.69</ele><time>2026-08-30T10:02:48Z</time></trkpt><trkpt lat="48.8961824309" lon="11.1624007300"><ele>390.00</ele><time>2026-08-30T10:02:49Z</time></trkpt><trkpt lat="48.8962032180" lon="11.1624468304"><ele>389.67</ele><time>2026-08-30T10:02:50Z</time></trkpt><trkpt lat="48.8962283637" lon="11.1624840461"><ele>389.40</ele><time>2026-08-30T10:02:51Z</time></trkpt><trkpt lat="48.8962572813" lon="11.1625037435"><ele>389.15</ele><time>2026-08-30T10:02:52Z</time></trkpt><trkpt lat="48.8962884620" lon="11.1625226866"><ele>388.92</ele><time>2026-08-30T10:02:53Z</time></trkpt><trkpt lat="48.8963214029" lon="11.1625365168"><ele>388.78</ele><time>2026-08-30T10:02:54Z</time></trkpt><trkpt lat="48.8965732791" lon="11.1626427155"><ele>388.63</ele><time>2026-08-30T10:03:02Z</time></trkpt><trkpt lat="48.8969224691" lon="11.1628620699"><ele>388.82</ele><time>2026-08-30T10:03:13Z</time></trkpt><trkpt lat="48.8970922027" lon="11.1629580427"><ele>388.95</ele><time>2026-08-30T10:03:19Z</time></trkpt><trkpt lat="48.8971203659" lon="11.1629401054"><ele>388.98</ele><time>2026-08-30T10:03:20Z</time></trkpt><trkpt lat="48.8973306678" lon="11.1627819389"><ele>389.40</ele><time>2026-08-30T10:03:29Z</time></trkpt><trkpt lat="48.8974987250" lon="11.1626935937"><ele>389.51</ele><time>2026-08-30T10:03:36Z</time></trkpt><trkpt lat="48.8977526128" lon="11.1626252811"><ele>390.23</ele><time>2026-08-30T10:03:45Z</time></trkpt><trkpt lat="48.8979715481" lon="11.1625049170"><ele>390.78</ele><time>2026-08-30T10:03:53Z</time></trkpt><trkpt lat="48.8981904835" lon="11.1623583175"><ele>391.20</ele><time>2026-08-30T10:04:01Z</time></trkpt><trkpt lat="48.8984644040" lon="11.1621180084"><ele>392.49</ele><time>2026-08-30T10:04:12Z</time></trkpt><trkpt lat="48.8986013643" lon="11.1619730014"><ele>393.38</ele><time>2026-08-30T10:04:19Z</time></trkpt><trkpt lat="48.8988284301" lon="11.1617523897"><ele>394.30</ele><time>2026-08-30T10:04:29Z</time></trkpt><trkpt lat="48.8989374787" lon="11.1616109870"><ele>395.08</ele><time>2026-08-30T10:04:36Z</time></trkpt><trkpt lat="48.8989379816" lon="11.1615749449"><ele>395.68</ele><time>2026-08-30T10:04:43Z</time></trkpt><trkpt lat="48.8989473693" lon="11.1615825724"><ele>395.86</ele><time>2026-08-30T10:05:17Z</time></trkpt><trkpt lat="48.8989590202" lon="11.1615435965"><ele>395.90</ele><time>2026-08-30T10:05:25Z</time></trkpt><trkpt lat="48.8989669830" lon="11.1615227256"><ele>395.91</ele><time>2026-08-30T10:05:26Z</time></trkpt><trkpt lat="48.8989742752" lon="11.1614959035"><ele>395.94</ele><time>2026-08-30T10:05:27Z</time></trkpt><trkpt lat="48.8989793882" lon="11.1614671536"><ele>395.99</ele><time>2026-08-30T10:05:28Z</time></trkpt><trkpt lat="48.8989824895" lon="11.1614328716"><ele>396.05</ele><time>2026-08-30T10:05:29Z</time></trkpt><trkpt lat="48.8989865128" lon="11.1613964103"><ele>396.09</ele><time>2026-08-30T10:05:30Z</time></trkpt><trkpt lat="48.8989918772" lon="11.1613619607"><ele>396.13</ele><time>2026-08-30T10:05:31Z</time></trkpt><trkpt lat="48.8989990856" lon="11.1613272596"><ele>396.18</ele><time>2026-08-30T10:05:32Z</time></trkpt><trkpt lat="48.8990663923" lon="11.1609546840"><ele>397.46</ele><time>2026-08-30T10:05:42Z</time></trkpt><trkpt lat="48.8991937134" lon="11.1605998781"><ele>398.72</ele><time>2026-08-30T10:05:53Z</time></trkpt><trkpt lat="48.8993725833" lon="11.1602982134"><ele>400.32</ele><time>2026-08-30T10:06:05Z</time></trkpt><trkpt lat="48.8994935341" lon="11.1600683816"><ele>401.99</ele><time>2026-08-30T10:06:15Z</time></trkpt><trkpt lat="48.8995674625" lon="11.1599836405"><ele>403.04</ele><time>2026-08-30T10:06:23Z</time></trkpt><trkpt lat="48.8996573165" lon="11.1599160824"><ele>404.40</ele><time>2026-08-30T10:06:32Z</time></trkpt><trkpt lat="48.8997141458" lon="11.1598557327"><ele>406.08</ele><time>2026-08-30T10:06:40Z</time></trkpt><trkpt lat="48.8997750822" lon="11.1597743444"><ele>407.39</ele><time>2026-08-30T10:06:52Z</time></trkpt><trkpt lat="48.8997959532" lon="11.1597686447"><ele>408.82</ele><time>2026-08-30T10:07:02Z</time></trkpt><trkpt lat="48.8997888286" lon="11.1598766875"><ele>410.35</ele><time>2026-08-30T10:07:14Z</time></trkpt><trkpt lat="48.8997883257" lon="11.1599579081"><ele>412.09</ele><time>2026-08-30T10:07:26Z</time></trkpt><trkpt lat="48.8997754175" lon="11.1600573175"><ele>413.17</ele><time>2026-08-30T10:07:34Z</time></trkpt><trkpt lat="48.8997658622" lon="11.1601574812"><ele>415.01</ele><time>2026-08-30T10:07:46Z</time></trkpt><trkpt lat="48.8997451589" lon="11.1602452397"><ele>416.42</ele><time>2026-08-30T10:07:56Z</time></trkpt><trkpt lat="48.8997282274" lon="11.1603348423"><ele>417.63</ele><time>2026-08-30T10:08:05Z</time></trkpt><trkpt lat="48.8997066021" lon="11.1604552902"><ele>419.14</ele><time>2026-08-30T10:08:16Z</time></trkpt><trkpt lat="48.8997111283" lon="11.1605337448"><ele>420.59</ele><time>2026-08-30T10:08:26Z</time></trkpt><trkpt lat="48.8997185044" lon="11.1606131215"><ele>421.72</ele><time>2026-08-30T10:08:35Z</time></trkpt><trkpt lat="48.8997067697" lon="11.1606832780"><ele>423.00</ele><time>2026-08-30T10:08:44Z</time></trkpt><trkpt lat="48.8996945322" lon="11.1607531831"><ele>424.55</ele><time>2026-08-30T10:08:53Z</time></trkpt><trkpt lat="48.8996765949" lon="11.1608569510"><ele>426.04</ele><time>2026-08-30T10:09:04Z</time></trkpt><trkpt lat="48.8996869884" lon="11.1608996987"><ele>426.86</ele><time>2026-08-30T10:09:12Z</time></trkpt><trkpt lat="48.8996940292" lon="11.1609761417"><ele>427.88</ele><time>2026-08-30T10:09:22Z</time></trkpt><trkpt lat="48.8997241203" lon="11.1610372458"><ele>428.82</ele><time>2026-08-30T10:09:31Z</time></trkpt><trkpt lat="48.8997561391" lon="11.1610203143"><ele>429.70</ele><time>2026-08-30T10:09:40Z</time></trkpt><trkpt lat="48.8998062629" lon="11.1609616410"><ele>430.63</ele><time>2026-08-30T10:09:49Z</time></trkpt><trkpt lat="48.8998574764" lon="11.1608818453"><ele>431.85</ele><time>2026-08-30T10:09:57Z</time></trkpt><trkpt lat="48.8998991344" lon="11.1608100124"><ele>432.82</ele><time>2026-08-30T10:10:05Z</time></trkpt><trkpt lat="48.8999044988" lon="11.1607959308"><ele>432.93</ele><time>2026-08-30T10:10:06Z</time></trkpt><trkpt lat="48.8999501802" lon="11.1607095134"><ele>433.46</ele><time>2026-08-30T10:10:14Z</time></trkpt><trkpt lat="48.9000174031" lon="11.1606539413"><ele>434.81</ele><time>2026-08-30T10:10:23Z</time></trkpt><trkpt lat="48.9000510983" lon="11.1606303882"><ele>435.60</ele><time>2026-08-30T10:10:31Z</time></trkpt><trkpt lat="48.9001009706" lon="11.1605826113"><ele>436.99</ele><time>2026-08-30T10:10:42Z</time></trkpt><trkpt lat="48.9001277089" lon="11.1605541967"><ele>438.22</ele><time>2026-08-30T10:10:53Z</time></trkpt><trkpt lat="48.9001681935" lon="11.1605324037"><ele>439.28</ele><time>2026-08-30T10:11:02Z</time></trkpt><trkpt lat="48.9001990389" lon="11.1605021451"><ele>440.52</ele><time>2026-08-30T10:11:11Z</time></trkpt><trkpt lat="48.9002422057" lon="11.1604731437"><ele>442.42</ele><time>2026-08-30T10:11:22Z</time></trkpt><trkpt lat="48.9002912398" lon="11.1604464892"><ele>444.09</ele><time>2026-08-30T10:11:33Z</time></trkpt><trkpt lat="48.9003108535" lon="11.1604373530"><ele>445.11</ele><time>2026-08-30T10:11:43Z</time></trkpt><trkpt lat="48.9003530983" lon="11.1603755783"><ele>446.96</ele><time>2026-08-30T10:11:55Z</time></trkpt><trkpt lat="48.9003885537" lon="11.1603407096"><ele>448.17</ele><time>2026-08-30T10:12:05Z</time></trkpt><trkpt lat="48.9004015457" lon="11.1603326630"><ele>449.29</ele><time>2026-08-30T10:12:14Z</time></trkpt><trkpt lat="48.9004442934" lon="11.1602910887"><ele>450.04</ele><time>2026-08-30T10:12:25Z</time></trkpt><trkpt lat="48.9004603866" lon="11.1602773424"><ele>451.09</ele><time>2026-08-30T10:12:34Z</time></trkpt><trkpt lat="48.9005033020" lon="11.1602498498"><ele>452.84</ele><time>2026-08-30T10:12:47Z</time></trkpt><trkpt lat="48.9005235024" lon="11.1602114607"><ele>454.25</ele><time>2026-08-30T10:12:55Z</time></trkpt><trkpt lat="48.9005520847" lon="11.1601356883"><ele>454.05</ele><time>2026-08-30T10:13:10Z</time></trkpt><trkpt lat="48.9005779009" lon="11.1601129733"><ele>454.04</ele><time>2026-08-30T10:13:17Z</time></trkpt><trkpt lat="48.9005547669" lon="11.1601584032"><ele>454.41</ele><time>2026-08-30T10:13:26Z</time></trkpt><trkpt lat="48.9005400985" lon="11.1602055933"><ele>454.84</ele><time>2026-08-30T10:13:34Z</time></trkpt><trkpt lat="48.9005347341" lon="11.1602228601"><ele>454.85</ele><time>2026-08-30T10:13:35Z</time></trkpt><trkpt lat="48.9005320519" lon="11.1602432281"><ele>454.72</ele><time>2026-08-30T10:13:42Z</time></trkpt><trkpt lat="48.9005401824" lon="11.1602671165"><ele>454.65</ele><time>2026-08-30T10:13:50Z</time></trkpt><trkpt lat="48.9005455468" lon="11.1602911726"><ele>454.65</ele><time>2026-08-30T10:13:51Z</time></trkpt><trkpt lat="48.9005483966" lon="11.1603221018"><ele>454.65</ele><time>2026-08-30T10:13:52Z</time></trkpt><trkpt lat="48.9005488157" lon="11.1603583954"><ele>454.63</ele><time>2026-08-30T10:13:53Z</time></trkpt><trkpt lat="48.9005465526" lon="11.1604001373"><ele>454.56</ele><time>2026-08-30T10:13:54Z</time></trkpt><trkpt lat="48.9004956745" lon="11.1608134490"><ele>452.63</ele><time>2026-08-30T10:14:02Z</time></trkpt><trkpt lat="48.9004659187" lon="11.1609763931"><ele>452.60</ele><time>2026-08-30T10:14:08Z</time></trkpt><trkpt lat="48.9004808385" lon="11.1609983537"><ele>452.60</ele><time>2026-08-30T10:14:09Z</time></trkpt><trkpt lat="48.9005024638" lon="11.1609993596"><ele>452.60</ele><time>2026-08-30T10:14:10Z</time></trkpt><trkpt lat="48.9005158748" lon="11.1609812547"><ele>452.57</ele><time>2026-08-30T10:14:11Z</time></trkpt><trkpt lat="48.9005214069" lon="11.1609509960"><ele>452.56</ele><time>2026-08-30T10:14:12Z</time></trkpt><trkpt lat="48.9005243406" lon="11.1609157920"><ele>452.47</ele><time>2026-08-30T10:14:13Z</time></trkpt><trkpt lat="48.9005244244" lon="11.1608806718"><ele>452.40</ele><time>2026-08-30T10:14:14Z</time></trkpt><trkpt lat="48.9005248435" lon="11.1608415283"><ele>452.37</ele><time>2026-08-30T10:14:15Z</time></trkpt><trkpt lat="48.9005247597" lon="11.1607983615"><ele>452.36</ele><time>2026-08-30T10:14:16Z</time></trkpt><trkpt lat="48.9005242568" lon="11.1607592180"><ele>452.38</ele><time>2026-08-30T10:14:17Z</time></trkpt><trkpt lat="48.9005439542" lon="11.1605812702"><ele>453.07</ele><time>2026-08-30T10:14:24Z</time></trkpt><trkpt lat="48.9005469717" lon="11.1605811026"><ele>454.13</ele><time>2026-08-30T10:14:38Z</time></trkpt><trkpt lat="48.9005430322" lon="11.1605723854"><ele>454.54</ele><time>2026-08-30T10:14:45Z</time></trkpt><trkpt lat="48.9005444571" lon="11.1605573818"><ele>454.65</ele><time>2026-08-30T10:14:53Z</time></trkpt><trkpt lat="48.9005687647" lon="11.1605593935"><ele>454.65</ele><time>2026-08-30T10:15:00Z</time></trkpt><trkpt lat="48.9005984366" lon="11.1605933402"><ele>454.65</ele><time>2026-08-30T10:15:10Z</time></trkpt><trkpt lat="48.9006408490" lon="11.1606676038"><ele>454.65</ele><time>2026-08-30T10:15:22Z</time></trkpt><trkpt lat="48.9006690960" lon="11.1607359163"><ele>454.65</ele><time>2026-08-30T10:15:31Z</time></trkpt><trkpt lat="48.9006917272" lon="11.1607829388"><ele>454.65</ele><time>2026-08-30T10:15:43Z</time></trkpt><trkpt lat="48.9006918110" lon="11.1607814301"><ele>465.43</ele><time>2026-08-30T10:15:50Z</time></trkpt><trkpt lat="48.9006918110" lon="11.1607817654"><ele>465.46</ele><time>2026-08-30T10:15:51Z</time></trkpt><trkpt lat="48.9006968401" lon="11.1607978586"><ele>465.43</ele><time>2026-08-30T10:16:00Z</time></trkpt><trkpt lat="48.9007447008" lon="11.1608607229"><ele>465.75</ele><time>2026-08-30T10:16:08Z</time></trkpt><trkpt lat="48.9007831737" lon="11.1609300412"><ele>466.87</ele><time>2026-08-30T10:16:16Z</time></trkpt><trkpt lat="48.9008451998" lon="11.1610350665"><ele>469.21</ele><time>2026-08-30T10:16:30Z</time></trkpt><trkpt lat="48.9008867741" lon="11.1611178797"><ele>470.88</ele><time>2026-08-30T10:16:40Z</time></trkpt><trkpt lat="48.9009451959" lon="11.1612010282"><ele>472.46</ele><time>2026-08-30T10:16:52Z</time></trkpt><trkpt lat="48.9010235667" lon="11.1612804886"><ele>474.11</ele><time>2026-08-30T10:17:04Z</time></trkpt><trkpt lat="48.9010831621" lon="11.1613524053"><ele>475.51</ele><time>2026-08-30T10:17:15Z</time></trkpt><trkpt lat="48.9011322800" lon="11.1614123359"><ele>477.09</ele><time>2026-08-30T10:17:26Z</time></trkpt><trkpt lat="48.9012027718" lon="11.1614534911"><ele>478.80</ele><time>2026-08-30T10:17:37Z</time></trkpt><trkpt lat="48.9012271632" lon="11.1614654772"><ele>479.89</ele><time>2026-08-30T10:17:48Z</time></trkpt><trkpt lat="48.9012316056" lon="11.1615086440"><ele>479.95</ele><time>2026-08-30T10:17:57Z</time></trkpt><trkpt lat="48.9012311865" lon="11.1615130864"><ele>480.43</ele><time>2026-08-30T10:18:14Z</time></trkpt><trkpt lat="48.9012386464" lon="11.1615252402"><ele>480.88</ele><time>2026-08-30T10:18:44Z</time></trkpt><trkpt lat="48.9012445975" lon="11.1615269165"><ele>480.59</ele><time>2026-08-30T10:19:02Z</time></trkpt><trkpt lat="48.9012430049" lon="11.1615175288"><ele>480.67</ele><time>2026-08-30T10:19:26Z</time></trkpt><trkpt lat="48.9012788795" lon="11.1615112424"><ele>481.25</ele><time>2026-08-30T10:19:39Z</time></trkpt><trkpt lat="48.9013316855" lon="11.1615479551"><ele>482.30</ele><time>2026-08-30T10:19:50Z</time></trkpt><trkpt lat="48.9013981540" lon="11.1615808960"><ele>485.23</ele><time>2026-08-30T10:20:02Z</time></trkpt><trkpt lat="48.9014117327" lon="11.1615773756"><ele>485.95</ele><time>2026-08-30T10:20:16Z</time></trkpt><trkpt lat="48.9014329389" lon="11.1615650542"><ele>486.20</ele><time>2026-08-30T10:20:32Z</time></trkpt><trkpt lat="48.9014718309" lon="11.1615886074"><ele>486.39</ele><time>2026-08-30T10:20:43Z</time></trkpt><trkpt lat="48.9015329350" lon="11.1616394017"><ele>487.92</ele><time>2026-08-30T10:20:51Z</time></trkpt><trkpt lat="48.9016080368" lon="11.1617220473"><ele>490.50</ele><time>2026-08-30T10:21:02Z</time></trkpt><trkpt lat="48.9016937837" lon="11.1618105602"><ele>492.22</ele><time>2026-08-30T10:21:10Z</time></trkpt><trkpt lat="48.9017767645" lon="11.1618901044"><ele>494.06</ele><time>2026-08-30T10:21:19Z</time></trkpt><trkpt lat="48.9018479269" lon="11.1619605962"><ele>495.73</ele><time>2026-08-30T10:21:27Z</time></trkpt><trkpt lat="48.9019194245" lon="11.1620542221"><ele>497.12</ele><time>2026-08-30T10:21:35Z</time></trkpt><trkpt lat="48.9020034950" lon="11.1621388793"><ele>498.48</ele><time>2026-08-30T10:21:43Z</time></trkpt><trkpt lat="48.9020692091" lon="11.1622230336"><ele>499.91</ele><time>2026-08-30T10:21:52Z</time></trkpt><trkpt lat="48.9021560457" lon="11.1623080261"><ele>501.43</ele><time>2026-08-30T10:22:02Z</time></trkpt><trkpt lat="48.9022355899" lon="11.1623662803"><ele>502.77</ele><time>2026-08-30T10:22:11Z</time></trkpt><trkpt lat="48.9023084287" lon="11.1624146439"><ele>504.09</ele><time>2026-08-30T10:22:19Z</time></trkpt><trkpt lat="48.9023952652" lon="11.1624674499"><ele>505.07</ele><time>2026-08-30T10:22:27Z</time></trkpt><trkpt lat="48.9025111869" lon="11.1625281349"><ele>506.49</ele><time>2026-08-30T10:22:37Z</time></trkpt><trkpt lat="48.9025997836" lon="11.1625834554"><ele>507.63</ele><time>2026-08-30T10:22:45Z</time></trkpt><trkpt lat="48.9026773162" lon="11.1626688670"><ele>509.01</ele><time>2026-08-30T10:22:54Z</time></trkpt><trkpt lat="48.9028094988" lon="11.1627479922"><ele>511.06</ele><time>2026-08-30T10:23:06Z</time></trkpt><trkpt lat="48.9029193856" lon="11.1628048215"><ele>512.65</ele><time>2026-08-30T10:23:15Z</time></trkpt><trkpt lat="48.9030130114" lon="11.1628942564"><ele>514.26</ele><time>2026-08-30T10:23:25Z</time></trkpt><trkpt lat="48.9030845929" lon="11.1629662570"><ele>515.53</ele><time>2026-08-30T10:23:33Z</time></trkpt><trkpt lat="48.9031912945" lon="11.1630891357"><ele>516.81</ele><time>2026-08-30T10:23:43Z</time></trkpt><trkpt lat="48.9032598585" lon="11.1631599627"><ele>517.20</ele><time>2026-08-30T10:23:50Z</time></trkpt><trkpt lat="48.9033900294" lon="11.1632794049"><ele>516.84</ele><time>2026-08-30T10:23:55Z</time></trkpt><trkpt lat="48.9035823103" lon="11.1635068059"><ele>514.71</ele><time>2026-08-30T10:24:01Z</time></trkpt><trkpt lat="48.9037083741" lon="11.1637137551"><ele>515.10</ele><time>2026-08-30T10:24:07Z</time></trkpt><trkpt lat="48.9038323425" lon="11.1638756096"><ele>516.09</ele><time>2026-08-30T10:24:13Z</time></trkpt><trkpt lat="48.9040056802" lon="11.1641493626"><ele>516.54</ele><time>2026-08-30T10:24:21Z</time></trkpt><trkpt lat="48.9041351806" lon="11.1644447409"><ele>517.89</ele><time>2026-08-30T10:24:29Z</time></trkpt><trkpt lat="48.9042178262" lon="11.1646460742"><ele>518.43</ele><time>2026-08-30T10:24:34Z</time></trkpt><trkpt lat="48.9042253699" lon="11.1646944378"><ele>518.45</ele><time>2026-08-30T10:24:35Z</time></trkpt><trkpt lat="48.9042315725" lon="11.1647369340"><ele>518.50</ele><time>2026-08-30T10:24:36Z</time></trkpt><trkpt lat="48.9042352606" lon="11.1647745688"><ele>518.57</ele><time>2026-08-30T10:24:37Z</time></trkpt><trkpt lat="48.9042432234" lon="11.1648148857"><ele>518.64</ele><time>2026-08-30T10:24:38Z</time></trkpt><trkpt lat="48.9042570535" lon="11.1648499221"><ele>518.71</ele><time>2026-08-30T10:24:39Z</time></trkpt><trkpt lat="48.9042724762" lon="11.1648866348"><ele>518.78</ele><time>2026-08-30T10:24:40Z</time></trkpt><trkpt lat="48.9043181576" lon="11.1651429534"><ele>519.57</ele><time>2026-08-30T10:24:46Z</time></trkpt><trkpt lat="48.9043728914" lon="11.1654099170"><ele>519.82</ele><time>2026-08-30T10:24:52Z</time></trkpt><trkpt lat="48.9044242725" lon="11.1656964105"><ele>519.99</ele><time>2026-08-30T10:24:58Z</time></trkpt><trkpt lat="48.9044614043" lon="11.1660176050"><ele>520.21</ele><time>2026-08-30T10:25:05Z</time></trkpt><trkpt lat="48.9044960216" lon="11.1663542222"><ele>520.54</ele><time>2026-08-30T10:25:12Z</time></trkpt><trkpt lat="48.9045344107" lon="11.1666903365"><ele>520.82</ele><time>2026-08-30T10:25:19Z</time></trkpt><trkpt lat="48.9045591373" lon="11.1669168156"><ele>520.98</ele><time>2026-08-30T10:25:24Z</time></trkpt><trkpt lat="48.9045709558" lon="11.1670686118"><ele>521.07</ele><time>2026-08-30T10:25:27Z</time></trkpt><trkpt lat="48.9045822714" lon="11.1671181489"><ele>521.11</ele><time>2026-08-30T10:25:28Z</time></trkpt><trkpt lat="48.9046468120" lon="11.1674742959"><ele>521.66</ele><time>2026-08-30T10:25:36Z</time></trkpt><trkpt lat="48.9047054853" lon="11.1677376553"><ele>522.05</ele><time>2026-08-30T10:25:42Z</time></trkpt><trkpt lat="48.9047350734" lon="11.1679102387"><ele>522.68</ele><time>2026-08-30T10:25:47Z</time></trkpt><trkpt lat="48.9047332294" lon="11.1679489631"><ele>522.80</ele><time>2026-08-30T10:25:48Z</time></trkpt><trkpt lat="48.9047330618" lon="11.1679918785"><ele>522.92</ele><time>2026-08-30T10:25:49Z</time></trkpt><trkpt lat="48.9047338162" lon="11.1680327822"><ele>523.03</ele><time>2026-08-30T10:25:50Z</time></trkpt><trkpt lat="48.9047351573" lon="11.1680833250"><ele>523.12</ele><time>2026-08-30T10:25:51Z</time></trkpt><trkpt lat="48.9047375880" lon="11.1684732512"><ele>524.08</ele><time>2026-08-30T10:25:59Z</time></trkpt><trkpt lat="48.9046990313" lon="11.1688014027"><ele>525.16</ele><time>2026-08-30T10:26:07Z</time></trkpt><trkpt lat="48.9046595525" lon="11.1691512633"><ele>525.98</ele><time>2026-08-30T10:26:16Z</time></trkpt><trkpt lat="48.9046729635" lon="11.1694496591"><ele>526.61</ele><time>2026-08-30T10:26:22Z</time></trkpt><trkpt lat="48.9047390968" lon="11.1697923951"><ele>525.91</ele><time>2026-08-30T10:26:28Z</time></trkpt><trkpt lat="48.9047592133" lon="11.1699839216"><ele>525.39</ele><time>2026-08-30T10:26:31Z</time></trkpt><trkpt lat="48.9047670923" lon="11.1700510606"><ele>525.32</ele><time>2026-08-30T10:26:32Z</time></trkpt><trkpt lat="48.9047730435" lon="11.1705840658"><ele>524.82</ele><time>2026-08-30T10:26:40Z</time></trkpt><trkpt lat="48.9047660027" lon="11.1706553958"><ele>524.81</ele><time>2026-08-30T10:26:41Z</time></trkpt><trkpt lat="48.9047235902" lon="11.1709540430"><ele>524.87</ele><time>2026-08-30T10:26:46Z</time></trkpt><trkpt lat="48.9047023002" lon="11.1712215096"><ele>526.33</ele><time>2026-08-30T10:26:52Z</time></trkpt><trkpt lat="48.9046536013" lon="11.1714796722"><ele>528.34</ele><time>2026-08-30T10:26:59Z</time></trkpt><trkpt lat="48.9046261925" lon="11.1717575323"><ele>528.52</ele><time>2026-08-30T10:27:04Z</time></trkpt><trkpt lat="48.9046321437" lon="11.1722839158"><ele>527.79</ele><time>2026-08-30T10:27:12Z</time></trkpt><trkpt lat="48.9046317246" lon="11.1724294256"><ele>527.28</ele><time>2026-08-30T10:27:14Z</time></trkpt><trkpt lat="48.9046243485" lon="11.1725023482"><ele>526.86</ele><time>2026-08-30T10:27:15Z</time></trkpt><trkpt lat="48.9046125300" lon="11.1725699902"><ele>526.46</ele><time>2026-08-30T10:27:16Z</time></trkpt><trkpt lat="48.9045986161" lon="11.1726335250"><ele>526.13</ele><time>2026-08-30T10:27:17Z</time></trkpt><trkpt lat="48.9045831934" lon="11.1726890970"><ele>525.71</ele><time>2026-08-30T10:27:18Z</time></trkpt><trkpt lat="48.9045644179" lon="11.1727466807"><ele>525.06</ele><time>2026-08-30T10:27:19Z</time></trkpt><trkpt lat="48.9045408648" lon="11.1728096288"><ele>524.34</ele><time>2026-08-30T10:27:20Z</time></trkpt><trkpt lat="48.9045143779" lon="11.1728776898"><ele>523.72</ele><time>2026-08-30T10:27:21Z</time></trkpt><trkpt lat="48.9044878073" lon="11.1729354411"><ele>523.09</ele><time>2026-08-30T10:27:22Z</time></trkpt><trkpt lat="48.9044612367" lon="11.1729919352"><ele>522.31</ele><time>2026-08-30T10:27:23Z</time></trkpt><trkpt lat="48.9044339955" lon="11.1730639357"><ele>521.39</ele><time>2026-08-30T10:27:24Z</time></trkpt><trkpt lat="48.9044159744" lon="11.1731413007"><ele>520.48</ele><time>2026-08-30T10:27:25Z</time></trkpt><trkpt lat="48.9043958578" lon="11.1732200906"><ele>519.63</ele><time>2026-08-30T10:27:26Z</time></trkpt><trkpt lat="48.9043756574" lon="11.1733039934"><ele>518.93</ele><time>2026-08-30T10:27:27Z</time></trkpt><trkpt lat="48.9043113682" lon="11.1736022215"><ele>517.95</ele><time>2026-08-30T10:27:32Z</time></trkpt><trkpt lat="48.9042928442" lon="11.1737271957"><ele>518.36</ele><time>2026-08-30T10:27:40Z</time></trkpt><trkpt lat="48.9042766672" lon="11.1738369148"><ele>518.41</ele><time>2026-08-30T10:27:46Z</time></trkpt><trkpt lat="48.9042780083" lon="11.1738749687"><ele>518.41</ele><time>2026-08-30T10:27:47Z</time></trkpt><trkpt lat="48.9042779244" lon="11.1739195604"><ele>518.41</ele><time>2026-08-30T10:27:48Z</time></trkpt><trkpt lat="48.9042570535" lon="11.1742396653"><ele>518.46</ele><time>2026-08-30T10:27:54Z</time></trkpt><trkpt lat="48.9042232744" lon="11.1744637135"><ele>519.20</ele><time>2026-08-30T10:27:59Z</time></trkpt><trkpt lat="48.9042049181" lon="11.1747751851"><ele>519.08</ele><time>2026-08-30T10:28:05Z</time></trkpt><trkpt lat="48.9042386971" lon="11.1751461681"><ele>517.24</ele><time>2026-08-30T10:28:10Z</time></trkpt><trkpt lat="48.9042573888" lon="11.1752159894"><ele>516.93</ele><time>2026-08-30T10:28:11Z</time></trkpt><trkpt lat="48.9042853843" lon="11.1752789374"><ele>516.68</ele><time>2026-08-30T10:28:12Z</time></trkpt><trkpt lat="48.9043129608" lon="11.1753361020"><ele>516.49</ele><time>2026-08-30T10:28:13Z</time></trkpt><trkpt lat="48.9043381903" lon="11.1753830407"><ele>516.27</ele><time>2026-08-30T10:28:14Z</time></trkpt><trkpt lat="48.9043607377" lon="11.1754174903"><ele>515.97</ele><time>2026-08-30T10:28:15Z</time></trkpt><trkpt lat="48.9044098556" lon="11.1755051650"><ele>514.64</ele><time>2026-08-30T10:28:21Z</time></trkpt><trkpt lat="48.9044235181" lon="11.1755384412"><ele>514.31</ele><time>2026-08-30T10:28:43Z</time></trkpt><trkpt lat="48.9045071695" lon="11.1756522674"><ele>514.05</ele><time>2026-08-30T10:28:50Z</time></trkpt><trkpt lat="48.9046402741" lon="11.1757809296"><ele>512.96</ele><time>2026-08-30T10:28:53Z</time></trkpt><trkpt lat="48.9046826027" lon="11.1758214142"><ele>512.28</ele><time>2026-08-30T10:28:54Z</time></trkpt><trkpt lat="48.9048152044" lon="11.1759616435"><ele>511.14</ele><time>2026-08-30T10:28:59Z</time></trkpt><trkpt lat="48.9048343990" lon="11.1760255974"><ele>511.95</ele><time>2026-08-30T10:29:02Z</time></trkpt><trkpt lat="48.9047852810" lon="11.1760286987"><ele>512.27</ele><time>2026-08-30T10:29:05Z</time></trkpt><trkpt lat="48.9045738894" lon="11.1760452110"><ele>511.46</ele><time>2026-08-30T10:29:12Z</time></trkpt><trkpt lat="48.9044381864" lon="11.1761214025"><ele>510.51</ele><time>2026-08-30T10:29:15Z</time></trkpt><trkpt lat="48.9041678701" lon="11.1762190517"><ele>507.85</ele><time>2026-08-30T10:29:20Z</time></trkpt><trkpt lat="48.9039324224" lon="11.1762708519"><ele>505.99</ele><time>2026-08-30T10:29:24Z</time></trkpt><trkpt lat="48.9037723280" lon="11.1762291938"><ele>505.46</ele><time>2026-08-30T10:29:28Z</time></trkpt><trkpt lat="48.9036662970" lon="11.1762669962"><ele>506.47</ele><time>2026-08-30T10:29:35Z</time></trkpt><trkpt lat="48.9035822265" lon="11.1763443612"><ele>507.08</ele><time>2026-08-30T10:29:44Z</time></trkpt><trkpt lat="48.9035651274" lon="11.1763842590"><ele>507.52</ele><time>2026-08-30T10:29:49Z</time></trkpt><trkpt lat="48.9034564979" lon="11.1765772942"><ele>507.72</ele><time>2026-08-30T10:29:57Z</time></trkpt><trkpt lat="48.9033578429" lon="11.1768334452"><ele>508.19</ele><time>2026-08-30T10:30:04Z</time></trkpt><trkpt lat="48.9032560028" lon="11.1770595051"><ele>509.60</ele><time>2026-08-30T10:30:10Z</time></trkpt><trkpt lat="48.9031459484" lon="11.1773615889"><ele>510.93</ele><time>2026-08-30T10:30:17Z</time></trkpt><trkpt lat="48.9030697569" lon="11.1776194163"><ele>511.35</ele><time>2026-08-30T10:30:22Z</time></trkpt><trkpt lat="48.9030139334" lon="11.1778312270"><ele>511.40</ele><time>2026-08-30T10:30:27Z</time></trkpt><trkpt lat="48.9029063936" lon="11.1781521700"><ele>511.43</ele><time>2026-08-30T10:30:35Z</time></trkpt><trkpt lat="48.9028166234" lon="11.1783909705"><ele>511.69</ele><time>2026-08-30T10:30:42Z</time></trkpt><trkpt lat="48.9027927350" lon="11.1784385797"><ele>511.75</ele><time>2026-08-30T10:30:54Z</time></trkpt><trkpt lat="48.9027708583" lon="11.1785011087"><ele>511.72</ele><time>2026-08-30T10:30:56Z</time></trkpt><trkpt lat="48.9027012885" lon="11.1786629632"><ele>511.71</ele><time>2026-08-30T10:31:02Z</time></trkpt><trkpt lat="48.9026477281" lon="11.1787651386"><ele>511.98</ele><time>2026-08-30T10:31:19Z</time></trkpt><trkpt lat="48.9026360773" lon="11.1787963193"><ele>511.96</ele><time>2026-08-30T10:31:20Z</time></trkpt><trkpt lat="48.9025703631" lon="11.1790554039"><ele>511.96</ele><time>2026-08-30T10:31:27Z</time></trkpt><trkpt lat="48.9026084170" lon="11.1794336792"><ele>511.40</ele><time>2026-08-30T10:31:34Z</time></trkpt><trkpt lat="48.9026489016" lon="11.1797736492"><ele>509.71</ele><time>2026-08-30T10:31:40Z</time></trkpt><trkpt lat="48.9026750531" lon="11.1798502598"><ele>509.28</ele><time>2026-08-30T10:31:42Z</time></trkpt><trkpt lat="48.9027104247" lon="11.1801062431"><ele>509.04</ele><time>2026-08-30T10:31:49Z</time></trkpt><trkpt lat="48.9026913140" lon="11.1802488193"><ele>508.72</ele><time>2026-08-30T10:31:54Z</time></trkpt><trkpt lat="48.9025588799" lon="11.1803631485"><ele>507.75</ele><time>2026-08-30T10:31:59Z</time></trkpt><trkpt lat="48.9024755638" lon="11.1804373283"><ele>507.48</ele><time>2026-08-30T10:32:02Z</time></trkpt><trkpt lat="48.9022049960" lon="11.1806387454"><ele>507.04</ele><time>2026-08-30T10:32:09Z</time></trkpt><trkpt lat="48.9020537864" lon="11.1807586905"><ele>506.46</ele><time>2026-08-30T10:32:14Z</time></trkpt><trkpt lat="48.9020206779" lon="11.1807731073"><ele>506.20</ele><time>2026-08-30T10:32:20Z</time></trkpt><trkpt lat="48.9017830510" lon="11.1809205450"><ele>505.37</ele><time>2026-08-30T10:32:28Z</time></trkpt><trkpt lat="48.9017479308" lon="11.1809654720"><ele>505.31</ele><time>2026-08-30T10:32:34Z</time></trkpt><trkpt lat="48.9017139003" lon="11.1810015142"><ele>505.35</ele><time>2026-08-30T10:32:57Z</time></trkpt><trkpt lat="48.9016028401" lon="11.1810694914"><ele>505.10</ele><time>2026-08-30T10:33:02Z</time></trkpt><trkpt lat="48.9014207013" lon="11.1812361237"><ele>504.90</ele><time>2026-08-30T10:33:08Z</time></trkpt><trkpt lat="48.9012741856" lon="11.1814347748"><ele>505.21</ele><time>2026-08-30T10:33:14Z</time></trkpt><trkpt lat="48.9011220541" lon="11.1816293187"><ele>505.44</ele><time>2026-08-30T10:33:22Z</time></trkpt><trkpt lat="48.9009954035" lon="11.1818000581"><ele>505.39</ele><time>2026-08-30T10:33:27Z</time></trkpt><trkpt lat="48.9008341357" lon="11.1820905749"><ele>504.46</ele><time>2026-08-30T10:33:33Z</time></trkpt><trkpt lat="48.9007053059" lon="11.1824615579"><ele>503.16</ele><time>2026-08-30T10:33:39Z</time></trkpt><trkpt lat="48.9006186370" lon="11.1826531682"><ele>502.62</ele><time>2026-08-30T10:33:42Z</time></trkpt><trkpt lat="48.9004423656" lon="11.1830361374"><ele>501.81</ele><time>2026-08-30T10:33:48Z</time></trkpt><trkpt lat="48.9004060719" lon="11.1830959003"><ele>501.77</ele><time>2026-08-30T10:33:50Z</time></trkpt><trkpt lat="48.9002479892" lon="11.1833252292"><ele>502.72</ele><time>2026-08-30T10:33:57Z</time></trkpt><trkpt lat="48.9000899903" lon="11.1835949589"><ele>502.83</ele><time>2026-08-30T10:34:03Z</time></trkpt><trkpt lat="48.8999533653" lon="11.1838707235"><ele>503.60</ele><time>2026-08-30T10:34:09Z</time></trkpt><trkpt lat="48.8997989707" lon="11.1842086818"><ele>505.20</ele><time>2026-08-30T10:34:17Z</time></trkpt><trkpt lat="48.8997817039" lon="11.1842458136"><ele>505.49</ele><time>2026-08-30T10:34:23Z</time></trkpt><trkpt lat="48.8997740764" lon="11.1842400301"><ele>505.49</ele><time>2026-08-30T10:34:30Z</time></trkpt><trkpt lat="48.8997724000" lon="11.1842387728"><ele>505.49</ele><time>2026-08-30T10:34:36Z</time></trkpt><trkpt lat="48.8998153992" lon="11.1841099430"><ele>505.49</ele><time>2026-08-30T10:34:41Z</time></trkpt><trkpt lat="48.8999381103" lon="11.1838493496"><ele>503.43</ele><time>2026-08-30T10:34:49Z</time></trkpt><trkpt lat="48.8999306504" lon="11.1838151515"><ele>502.55</ele><time>2026-08-30T10:34:52Z</time></trkpt><trkpt lat="48.8998652715" lon="11.1838501040"><ele>501.95</ele><time>2026-08-30T10:34:56Z</time></trkpt><trkpt lat="48.8996157423" lon="11.1839881539"><ele>499.84</ele><time>2026-08-30T10:35:03Z</time></trkpt><trkpt lat="48.8994698133" lon="11.1840329971"><ele>496.96</ele><time>2026-08-30T10:35:08Z</time></trkpt><trkpt lat="48.8994628564" lon="11.1840414628"><ele>495.13</ele><time>2026-08-30T10:35:16Z</time></trkpt><trkpt lat="48.8994771056" lon="11.1840409599"><ele>495.30</ele><time>2026-08-30T10:35:26Z</time></trkpt><trkpt lat="48.8994751777" lon="11.1840642616"><ele>495.66</ele><time>2026-08-30T10:35:35Z</time></trkpt><trkpt lat="48.8994700648" lon="11.1840672791"><ele>495.74</ele><time>2026-08-30T10:35:56Z</time></trkpt><trkpt lat="48.8994600065" lon="11.1840625852"><ele>495.86</ele><time>2026-08-30T10:36:36Z</time></trkpt><trkpt lat="48.8994579948" lon="11.1840732303"><ele>495.62</ele><time>2026-08-30T10:37:05Z</time></trkpt><trkpt lat="48.8994555641" lon="11.1840728950"><ele>496.17</ele><time>2026-08-30T10:37:32Z</time></trkpt><trkpt lat="48.8994472660" lon="11.1840652674"><ele>496.43</ele><time>2026-08-30T10:38:02Z</time></trkpt><trkpt lat="48.8994473498" lon="11.1840616632"><ele>496.82</ele><time>2026-08-30T10:38:17Z</time></trkpt><trkpt lat="48.8994401414" lon="11.1840777565"><ele>497.02</ele><time>2026-08-30T10:38:27Z</time></trkpt><trkpt lat="48.8993238844" lon="11.1841030698"><ele>495.87</ele><time>2026-08-30T10:38:35Z</time></trkpt><trkpt lat="48.8992687315" lon="11.1840983760"><ele>493.88</ele><time>2026-08-30T10:38:39Z</time></trkpt><trkpt lat="48.8992255647" lon="11.1842039879"><ele>492.15</ele><time>2026-08-30T10:38:43Z</time></trkpt><trkpt lat="48.8991766144" lon="11.1844374239"><ele>490.12</ele><time>2026-08-30T10:38:48Z</time></trkpt><trkpt lat="48.8990474492" lon="11.1844930798"><ele>488.81</ele><time>2026-08-30T10:38:52Z</time></trkpt><trkpt lat="48.8989068009" lon="11.1844722927"><ele>486.11</ele><time>2026-08-30T10:38:59Z</time></trkpt><trkpt lat="48.8988206349" lon="11.1843630765"><ele>484.56</ele><time>2026-08-30T10:39:09Z</time></trkpt><trkpt lat="48.8987370674" lon="11.1842448078"><ele>483.62</ele><time>2026-08-30T10:39:20Z</time></trkpt><trkpt lat="48.8986027893" lon="11.1840837914"><ele>482.46</ele><time>2026-08-30T10:39:26Z</time></trkpt><trkpt lat="48.8984925672" lon="11.1839377787"><ele>482.07</ele><time>2026-08-30T10:39:31Z</time></trkpt><trkpt lat="48.8983723707" lon="11.1837479286"><ele>482.44</ele><time>2026-08-30T10:39:37Z</time></trkpt><trkpt lat="48.8983426150" lon="11.1836657859"><ele>482.02</ele><time>2026-08-30T10:39:39Z</time></trkpt><trkpt lat="48.8982487377" lon="11.1836081184"><ele>480.70</ele><time>2026-08-30T10:39:44Z</time></trkpt><trkpt lat="48.8981879689" lon="11.1836335994"><ele>481.93</ele><time>2026-08-30T10:39:51Z</time></trkpt><trkpt lat="48.8981608953" lon="11.1836471781"><ele>482.55</ele><time>2026-08-30T10:40:07Z</time></trkpt><trkpt lat="48.8981403597" lon="11.1836154107"><ele>482.43</ele><time>2026-08-30T10:40:20Z</time></trkpt><trkpt lat="48.8981187344" lon="11.1836169194"><ele>482.64</ele><time>2026-08-30T10:40:29Z</time></trkpt><trkpt lat="48.8980743941" lon="11.1836364493"><ele>482.86</ele><time>2026-08-30T10:40:32Z</time></trkpt><trkpt lat="48.8980183192" lon="11.1837314162"><ele>484.16</ele><time>2026-08-30T10:40:37Z</time></trkpt><trkpt lat="48.8980100211" lon="11.1837734934"><ele>484.85</ele><time>2026-08-30T10:40:39Z</time></trkpt><trkpt lat="48.8980041537" lon="11.1837928556"><ele>485.13</ele><time>2026-08-30T10:40:40Z</time></trkpt><trkpt lat="48.8979992084" lon="11.1838128883"><ele>485.39</ele><time>2026-08-30T10:40:41Z</time></trkpt><trkpt lat="48.8979924191" lon="11.1838344298"><ele>485.67</ele><time>2026-08-30T10:40:42Z</time></trkpt><trkpt lat="48.8979878090" lon="11.1838568933"><ele>485.92</ele><time>2026-08-30T10:40:43Z</time></trkpt><trkpt lat="48.8979807682" lon="11.1838755012"><ele>486.17</ele><time>2026-08-30T10:40:44Z</time></trkpt><trkpt lat="48.8979618251" lon="11.1838992219"><ele>486.75</ele><time>2026-08-30T10:40:46Z</time></trkpt><trkpt lat="48.8978386112" lon="11.1839567218"><ele>487.85</ele><time>2026-08-30T10:40:53Z</time></trkpt><trkpt lat="48.8976029120" lon="11.1839677021"><ele>487.23</ele><time>2026-08-30T10:41:00Z</time></trkpt><trkpt lat="48.8974990603" lon="11.1839837953"><ele>486.45</ele><time>2026-08-30T10:41:03Z</time></trkpt><trkpt lat="48.8974267244" lon="11.1840717215"><ele>484.57</ele><time>2026-08-30T10:41:08Z</time></trkpt><trkpt lat="48.8973957114" lon="11.1841983721"><ele>484.51</ele><time>2026-08-30T10:41:19Z</time></trkpt><trkpt lat="48.8973867428" lon="11.1842848733"><ele>484.24</ele><time>2026-08-30T10:41:21Z</time></trkpt><trkpt lat="48.8973791152" lon="11.1843489949"><ele>483.92</ele><time>2026-08-30T10:41:22Z</time></trkpt><trkpt lat="48.8973724935" lon="11.1844159663"><ele>483.43</ele><time>2026-08-30T10:41:23Z</time></trkpt><trkpt lat="48.8973391335" lon="11.1846873723"><ele>480.72</ele><time>2026-08-30T10:41:27Z</time></trkpt><trkpt lat="48.8973387983" lon="11.1847658269"><ele>479.93</ele><time>2026-08-30T10:41:28Z</time></trkpt><trkpt lat="48.8973465096" lon="11.1848353129"><ele>478.96</ele><time>2026-08-30T10:41:29Z</time></trkpt><trkpt lat="48.8973470125" lon="11.1849027872"><ele>477.86</ele><time>2026-08-30T10:41:30Z</time></trkpt><trkpt lat="48.8973370381" lon="11.1849690042"><ele>476.72</ele><time>2026-08-30T10:41:31Z</time></trkpt><trkpt lat="48.8973196037" lon="11.1850306112"><ele>475.61</ele><time>2026-08-30T10:41:32Z</time></trkpt><trkpt lat="48.8972989842" lon="11.1850749515"><ele>474.64</ele><time>2026-08-30T10:41:33Z</time></trkpt><trkpt lat="48.8971763570" lon="11.1851769593"><ele>472.87</ele><time>2026-08-30T10:41:37Z</time></trkpt><trkpt lat="48.8971009199" lon="11.1852143425"><ele>471.72</ele><time>2026-08-30T10:41:39Z</time></trkpt><trkpt lat="48.8970683981" lon="11.1852275860"><ele>471.37</ele><time>2026-08-30T10:41:40Z</time></trkpt><trkpt lat="48.8970382232" lon="11.1852463614"><ele>471.16</ele><time>2026-08-30T10:41:41Z</time></trkpt><trkpt lat="48.8967870176" lon="11.1853365507"><ele>469.66</ele><time>2026-08-30T10:41:48Z</time></trkpt><trkpt lat="48.8964787312" lon="11.1854421627"><ele>468.72</ele><time>2026-08-30T10:41:54Z</time></trkpt><trkpt lat="48.8962507434" lon="11.1854977347"><ele>470.78</ele><time>2026-08-30T10:42:00Z</time></trkpt><trkpt lat="48.8961222488" lon="11.1855113134"><ele>472.28</ele><time>2026-08-30T10:42:05Z</time></trkpt><trkpt lat="48.8961053174" lon="11.1855102237"><ele>472.32</ele><time>2026-08-30T10:42:06Z</time></trkpt><trkpt lat="48.8960879669" lon="11.1855303403"><ele>472.31</ele><time>2026-08-30T10:42:07Z</time></trkpt><trkpt lat="48.8959318120" lon="11.1856942903"><ele>471.40</ele><time>2026-08-30T10:42:13Z</time></trkpt><trkpt lat="48.8957702089" lon="11.1858975515"><ele>470.32</ele><time>2026-08-30T10:42:18Z</time></trkpt><trkpt lat="48.8956386130" lon="11.1860986333"><ele>470.21</ele><time>2026-08-30T10:42:23Z</time></trkpt><trkpt lat="48.8955185842" lon="11.1861876491"><ele>470.27</ele><time>2026-08-30T10:42:29Z</time></trkpt><trkpt lat="48.8954218570" lon="11.1861734837"><ele>467.75</ele><time>2026-08-30T10:42:34Z</time></trkpt><trkpt lat="48.8954009023" lon="11.1861822847"><ele>467.24</ele><time>2026-08-30T10:42:35Z</time></trkpt><trkpt lat="48.8953845575" lon="11.1861905828"><ele>466.77</ele><time>2026-08-30T10:42:36Z</time></trkpt><trkpt lat="48.8953221124" lon="11.1862072628"><ele>464.70</ele><time>2026-08-30T10:42:40Z</time></trkpt><trkpt lat="48.8953022473" lon="11.1862058379"><ele>464.24</ele><time>2026-08-30T10:42:41Z</time></trkpt><trkpt lat="48.8952775206" lon="11.1862035748"><ele>463.78</ele><time>2026-08-30T10:42:42Z</time></trkpt><trkpt lat="48.8952547219" lon="11.1861971207"><ele>463.33</ele><time>2026-08-30T10:42:43Z</time></trkpt><trkpt lat="48.8952313364" lon="11.1861904990"><ele>462.79</ele><time>2026-08-30T10:42:44Z</time></trkpt><trkpt lat="48.8952043466" lon="11.1861982942"><ele>459.62</ele><time>2026-08-30T10:42:48Z</time></trkpt><trkpt lat="48.8951812964" lon="11.1862081010"><ele>458.63</ele><time>2026-08-30T10:43:11Z</time></trkpt><trkpt lat="48.8951680530" lon="11.1862155609"><ele>458.80</ele><time>2026-08-30T10:43:31Z</time></trkpt><trkpt lat="48.8951614313" lon="11.1862087715"><ele>458.79</ele><time>2026-08-30T10:43:43Z</time></trkpt><trkpt lat="48.8951444998" lon="11.1862043291"><ele>459.00</ele><time>2026-08-30T10:44:01Z</time></trkpt><trkpt lat="48.8951092120" lon="11.1862269603"><ele>459.00</ele><time>2026-08-30T10:44:10Z</time></trkpt><trkpt lat="48.8951022550" lon="11.1862239428"><ele>459.00</ele><time>2026-08-30T10:44:22Z</time></trkpt><trkpt lat="48.8951003272" lon="11.1862459034"><ele>459.00</ele><time>2026-08-30T10:44:54Z</time></trkpt><trkpt lat="48.8951006625" lon="11.1862407904"><ele>459.00</ele><time>2026-08-30T10:45:09Z</time></trkpt><trkpt lat="48.8950866647" lon="11.1862179078"><ele>459.00</ele><time>2026-08-30T10:45:17Z</time></trkpt><trkpt lat="48.8950776123" lon="11.1862003058"><ele>459.00</ele><time>2026-08-30T10:45:25Z</time></trkpt><trkpt lat="48.8950732537" lon="11.1861834582"><ele>459.00</ele><time>2026-08-30T10:45:41Z</time></trkpt><trkpt lat="48.8950671349" lon="11.1861760821"><ele>456.42</ele><time>2026-08-30T10:45:53Z</time></trkpt><trkpt lat="48.8950558193" lon="11.1861726455"><ele>455.87</ele><time>2026-08-30T10:46:02Z</time></trkpt><trkpt lat="48.8950346969" lon="11.1861707177"><ele>454.97</ele><time>2026-08-30T10:46:15Z</time></trkpt><trkpt lat="48.8950189389" lon="11.1861763336"><ele>454.16</ele><time>2026-08-30T10:46:25Z</time></trkpt><trkpt lat="48.8950162567" lon="11.1861868948"><ele>453.62</ele><time>2026-08-30T10:46:36Z</time></trkpt><trkpt lat="48.8949880935" lon="11.1861904152"><ele>453.21</ele><time>2026-08-30T10:46:46Z</time></trkpt><trkpt lat="48.8949925359" lon="11.1861509364"><ele>452.65</ele><time>2026-08-30T10:46:53Z</time></trkpt><trkpt lat="48.8949945476" lon="11.1861410458"><ele>452.51</ele><time>2026-08-30T10:47:03Z</time></trkpt><trkpt lat="48.8949993253" lon="11.1861251201"><ele>452.51</ele><time>2026-08-30T10:47:04Z</time></trkpt><trkpt lat="48.8950279914" lon="11.1860430613"><ele>452.40</ele><time>2026-08-30T10:47:08Z</time></trkpt><trkpt lat="48.8950506225" lon="11.1859770957"><ele>450.85</ele><time>2026-08-30T10:47:16Z</time></trkpt><trkpt lat="48.8950373791" lon="11.1859890819"><ele>450.76</ele><time>2026-08-30T10:47:17Z</time></trkpt><trkpt lat="48.8950176816" lon="11.1860076059"><ele>450.69</ele><time>2026-08-30T10:47:18Z</time></trkpt><trkpt lat="48.8949932065" lon="11.1860249564"><ele>450.46</ele><time>2026-08-30T10:47:19Z</time></trkpt><trkpt lat="48.8949185237" lon="11.1861720588"><ele>448.83</ele><time>2026-08-30T10:47:25Z</time></trkpt><trkpt lat="48.8949389756" lon="11.1862909142"><ele>446.53</ele><time>2026-08-30T10:47:32Z</time></trkpt><trkpt lat="48.8949080463" lon="11.1862710491"><ele>445.81</ele><time>2026-08-30T10:47:37Z</time></trkpt><trkpt lat="48.8948889356" lon="11.1862507649"><ele>445.71</ele><time>2026-08-30T10:47:38Z</time></trkpt><trkpt lat="48.8948654663" lon="11.1862272955"><ele>445.57</ele><time>2026-08-30T10:47:39Z</time></trkpt><trkpt lat="48.8948160969" lon="11.1861452367"><ele>444.73</ele><time>2026-08-30T10:47:42Z</time></trkpt><trkpt lat="48.8948199525" lon="11.1861116253"><ele>443.87</ele><time>2026-08-30T10:47:43Z</time></trkpt><trkpt lat="48.8948576711" lon="11.1859625950"><ele>441.58</ele><time>2026-08-30T10:47:49Z</time></trkpt><trkpt lat="48.8948356267" lon="11.1859588232"><ele>440.85</ele><time>2026-08-30T10:47:52Z</time></trkpt><trkpt lat="48.8948220480" lon="11.1859758385"><ele>440.63</ele><time>2026-08-30T10:47:53Z</time></trkpt><trkpt lat="48.8948089723" lon="11.1859986372"><ele>440.39</ele><time>2026-08-30T10:47:54Z</time></trkpt><trkpt lat="48.8947311882" lon="11.1861919239"><ele>438.89</ele><time>2026-08-30T10:48:00Z</time></trkpt><trkpt lat="48.8946990017" lon="11.1862160638"><ele>437.54</ele><time>2026-08-30T10:48:07Z</time></trkpt><trkpt lat="48.8947003428" lon="11.1861390341"><ele>435.98</ele><time>2026-08-30T10:48:14Z</time></trkpt><trkpt lat="48.8946855068" lon="11.1861430574"><ele>435.59</ele><time>2026-08-30T10:48:20Z</time></trkpt><trkpt lat="48.8946141768" lon="11.1863256991"><ele>434.25</ele><time>2026-08-30T10:48:27Z</time></trkpt><trkpt lat="48.8947079703" lon="11.1864826921"><ele>432.63</ele><time>2026-08-30T10:48:31Z</time></trkpt><trkpt lat="48.8949383050" lon="11.1866737157"><ele>430.23</ele><time>2026-08-30T10:48:37Z</time></trkpt><trkpt lat="48.8951212820" lon="11.1869818345"><ele>429.46</ele><time>2026-08-30T10:48:44Z</time></trkpt><trkpt lat="48.8951356988" lon="11.1870034598"><ele>429.52</ele><time>2026-08-30T10:48:45Z</time></trkpt><trkpt lat="48.8951465115" lon="11.1870212294"><ele>429.81</ele><time>2026-08-30T10:48:49Z</time></trkpt><trkpt lat="48.8950504549" lon="11.1869467981"><ele>429.67</ele><time>2026-08-30T10:48:53Z</time></trkpt><trkpt lat="48.8950019237" lon="11.1869200598"><ele>429.21</ele><time>2026-08-30T10:48:54Z</time></trkpt><trkpt lat="48.8949414063" lon="11.1868894659"><ele>427.73</ele><time>2026-08-30T10:48:55Z</time></trkpt><trkpt lat="48.8948757760" lon="11.1868464667"><ele>427.73</ele><time>2026-08-30T10:48:56Z</time></trkpt><trkpt lat="48.8947351277" lon="11.1867385078"><ele>424.29</ele><time>2026-08-30T10:48:58Z</time></trkpt><trkpt lat="48.8945815712" lon="11.1866182275"><ele>421.03</ele><time>2026-08-30T10:49:00Z</time></trkpt><trkpt lat="48.8944301941" lon="11.1865315586"><ele>417.32</ele><time>2026-08-30T10:49:02Z</time></trkpt><trkpt lat="48.8943782263" lon="11.1864935048"><ele>415.69</ele><time>2026-08-30T10:49:03Z</time></trkpt><trkpt lat="48.8943348080" lon="11.1864671018"><ele>414.59</ele><time>2026-08-30T10:49:04Z</time></trkpt><trkpt lat="48.8943020348" lon="11.1864645034"><ele>413.96</ele><time>2026-08-30T10:49:05Z</time></trkpt><trkpt lat="48.8942571916" lon="11.1865152977"><ele>413.62</ele><time>2026-08-30T10:49:06Z</time></trkpt><trkpt lat="48.8942224067" lon="11.1865790840"><ele>413.42</ele><time>2026-08-30T10:49:07Z</time></trkpt><trkpt lat="48.8941879570" lon="11.1866488215"><ele>413.25</ele><time>2026-08-30T10:49:08Z</time></trkpt><trkpt lat="48.8941788208" lon="11.1867243424"><ele>412.98</ele><time>2026-08-30T10:49:09Z</time></trkpt><trkpt lat="48.8941882923" lon="11.1867948342"><ele>412.55</ele><time>2026-08-30T10:49:10Z</time></trkpt><trkpt lat="48.8942060620" lon="11.1868514959"><ele>412.02</ele><time>2026-08-30T10:49:11Z</time></trkpt><trkpt lat="48.8942188863" lon="11.1868927348"><ele>411.49</ele><time>2026-08-30T10:49:12Z</time></trkpt><trkpt lat="48.8942244183" lon="11.1869193055"><ele>411.02</ele><time>2026-08-30T10:49:13Z</time></trkpt><trkpt lat="48.8942218199" lon="11.1869473848"><ele>410.10</ele><time>2026-08-30T10:49:18Z</time></trkpt><trkpt lat="48.8942004461" lon="11.1869622208"><ele>409.93</ele><time>2026-08-30T10:49:22Z</time></trkpt><trkpt lat="48.8941800781" lon="11.1869636457"><ele>409.88</ele><time>2026-08-30T10:49:23Z</time></trkpt><trkpt lat="48.8941623922" lon="11.1869512405"><ele>409.84</ele><time>2026-08-30T10:49:24Z</time></trkpt><trkpt lat="48.8941437006" lon="11.1869321298"><ele>409.80</ele><time>2026-08-30T10:49:25Z</time></trkpt><trkpt lat="48.8941260148" lon="11.1869038828"><ele>409.77</ele><time>2026-08-30T10:49:26Z</time></trkpt><trkpt lat="48.8941041380" lon="11.1868936568"><ele>409.70</ele><time>2026-08-30T10:49:27Z</time></trkpt><trkpt lat="48.8940842729" lon="11.1869105045"><ele>409.56</ele><time>2026-08-30T10:49:28Z</time></trkpt><trkpt lat="48.8939701952" lon="11.1870576907"><ele>409.30</ele><time>2026-08-30T10:49:34Z</time></trkpt><trkpt lat="48.8937320653" lon="11.1872197967"><ele>409.90</ele><time>2026-08-30T10:49:42Z</time></trkpt><trkpt lat="48.8935286365" lon="11.1874064617"><ele>409.85</ele><time>2026-08-30T10:49:49Z</time></trkpt><trkpt lat="48.8933078572" lon="11.1875655502"><ele>409.61</ele><time>2026-08-30T10:49:57Z</time></trkpt><trkpt lat="48.8930170052" lon="11.1877719965"><ele>409.36</ele><time>2026-08-30T10:50:05Z</time></trkpt><trkpt lat="48.8929288276" lon="11.1878559832"><ele>408.39</ele><time>2026-08-30T10:50:10Z</time></trkpt><trkpt lat="48.8928993233" lon="11.1878843140"><ele>408.42</ele><time>2026-08-30T10:50:19Z</time></trkpt><trkpt lat="48.8928378839" lon="11.1878668796"><ele>408.32</ele><time>2026-08-30T10:50:33Z</time></trkpt><trkpt lat="48.8927992433" lon="11.1878602579"><ele>408.17</ele><time>2026-08-30T10:50:41Z</time></trkpt><trkpt lat="48.8927701581" lon="11.1878450867"><ele>408.48</ele><time>2026-08-30T10:51:06Z</time></trkpt><trkpt lat="48.8927463535" lon="11.1878497805"><ele>408.47</ele><time>2026-08-30T10:51:32Z</time></trkpt><trkpt lat="48.8927484490" lon="11.1878741719"><ele>408.47</ele><time>2026-08-30T10:51:53Z</time></trkpt><trkpt lat="48.8927661348" lon="11.1879086215"><ele>408.47</ele><time>2026-08-30T10:52:20Z</time></trkpt><trkpt lat="48.8927566633" lon="11.1879176740"><ele>408.47</ele><time>2026-08-30T10:52:48Z</time></trkpt><trkpt lat="48.8927585911" lon="11.1879082024"><ele>408.47</ele><time>2026-08-30T10:53:07Z</time></trkpt><trkpt lat="48.8927452639" lon="11.1879171710"><ele>408.47</ele><time>2026-08-30T10:53:32Z</time></trkpt><trkpt lat="48.8927417435" lon="11.1879036762"><ele>408.47</ele><time>2026-08-30T10:53:54Z</time></trkpt><trkpt lat="48.8927449286" lon="11.1878942046"><ele>408.47</ele><time>2026-08-30T10:54:23Z</time></trkpt><trkpt lat="48.8927444257" lon="11.1878990661"><ele>408.47</ele><time>2026-08-30T10:54:50Z</time></trkpt><trkpt lat="48.8927603513" lon="11.1879115552"><ele>408.47</ele><time>2026-08-30T10:55:12Z</time></trkpt><trkpt lat="48.8927597646" lon="11.1878975574"><ele>408.47</ele><time>2026-08-30T10:55:37Z</time></trkpt><trkpt lat="48.8927649613" lon="11.1879027542"><ele>408.47</ele><time>2026-08-30T10:56:04Z</time></trkpt><trkpt lat="48.8927360438" lon="11.1878804583"><ele>408.47</ele><time>2026-08-30T10:56:20Z</time></trkpt><trkpt lat="48.8927051984" lon="11.1878771894"><ele>408.47</ele><time>2026-08-30T10:56:26Z</time></trkpt><trkpt lat="48.8926802203" lon="11.1878937017"><ele>408.47</ele><time>2026-08-30T10:56:27Z</time></trkpt><trkpt lat="48.8926533144" lon="11.1879181769"><ele>408.47</ele><time>2026-08-30T10:56:28Z</time></trkpt><trkpt lat="48.8926254027" lon="11.1879626010"><ele>408.51</ele><time>2026-08-30T10:56:29Z</time></trkpt><trkpt lat="48.8925922941" lon="11.1880135629"><ele>408.53</ele><time>2026-08-30T10:56:30Z</time></trkpt><trkpt lat="48.8925579283" lon="11.1880662851"><ele>408.54</ele><time>2026-08-30T10:56:31Z</time></trkpt><trkpt lat="48.8924601953" lon="11.1882578116"><ele>408.54</ele><time>2026-08-30T10:56:36Z</time></trkpt><trkpt lat="48.8924147654" lon="11.1884277966"><ele>410.39</ele><time>2026-08-30T10:56:43Z</time></trkpt><trkpt lat="48.8922568504" lon="11.1887854524"><ele>410.17</ele><time>2026-08-30T10:56:53Z</time></trkpt><trkpt lat="48.8920943253" lon="11.1890493147"><ele>409.43</ele><time>2026-08-30T10:57:00Z</time></trkpt><trkpt lat="48.8919768110" lon="11.1892906297"><ele>409.16</ele><time>2026-08-30T10:57:07Z</time></trkpt><trkpt lat="48.8919431157" lon="11.1893832497"><ele>409.35</ele><time>2026-08-30T10:57:13Z</time></trkpt><trkpt lat="48.8920094166" lon="11.1893158592"><ele>409.39</ele><time>2026-08-30T10:57:18Z</time></trkpt><trkpt lat="48.8920281921" lon="11.1892829183"><ele>409.39</ele><time>2026-08-30T10:57:19Z</time></trkpt><trkpt lat="48.8922325429" lon="11.1889661662"><ele>408.97</ele><time>2026-08-30T10:57:30Z</time></trkpt><trkpt lat="48.8923539128" lon="11.1887164693"><ele>409.09</ele><time>2026-08-30T10:57:38Z</time></trkpt><trkpt lat="48.8924391568" lon="11.1884606536"><ele>409.54</ele><time>2026-08-30T10:57:45Z</time></trkpt><trkpt lat="48.8925390691" lon="11.1882113758"><ele>410.01</ele><time>2026-08-30T10:57:52Z</time></trkpt><trkpt lat="48.8926042803" lon="11.1880599987"><ele>409.32</ele><time>2026-08-30T10:57:56Z</time></trkpt><trkpt lat="48.8926030230" lon="11.1880331766"><ele>408.96</ele><time>2026-08-30T10:57:57Z</time></trkpt><trkpt lat="48.8925837446" lon="11.1880123056"><ele>408.67</ele><time>2026-08-30T10:57:58Z</time></trkpt><trkpt lat="48.8925669808" lon="11.1879948713"><ele>408.41</ele><time>2026-08-30T10:57:59Z</time></trkpt><trkpt lat="48.8925321959" lon="11.1879769340"><ele>408.11</ele><time>2026-08-30T10:58:00Z</time></trkpt><trkpt lat="48.8924924657" lon="11.1879613437"><ele>407.73</ele><time>2026-08-30T10:58:01Z</time></trkpt><trkpt lat="48.8924489636" lon="11.1879458372"><ele>407.28</ele><time>2026-08-30T10:58:02Z</time></trkpt><trkpt lat="48.8924012706" lon="11.1879272293"><ele>406.79</ele><time>2026-08-30T10:58:03Z</time></trkpt><trkpt lat="48.8921350613" lon="11.1878113914"><ele>404.84</ele><time>2026-08-30T10:58:08Z</time></trkpt><trkpt lat="48.8918706961" lon="11.1876589246"><ele>403.16</ele><time>2026-08-30T10:58:14Z</time></trkpt><trkpt lat="48.8918278646" lon="11.1876142491"><ele>402.68</ele><time>2026-08-30T10:58:15Z</time></trkpt><trkpt lat="48.8917809259" lon="11.1875725072"><ele>402.41</ele><time>2026-08-30T10:58:16Z</time></trkpt><trkpt lat="48.8913138863" lon="11.1873089802"><ele>400.90</ele><time>2026-08-30T10:58:25Z</time></trkpt><trkpt lat="48.8908628561" lon="11.1870150268"><ele>399.65</ele><time>2026-08-30T10:58:33Z</time></trkpt><trkpt lat="48.8906926196" lon="11.1869227421"><ele>399.22</ele><time>2026-08-30T10:58:38Z</time></trkpt><trkpt lat="48.8905794639" lon="11.1868721154"><ele>399.08</ele><time>2026-08-30T10:58:44Z</time></trkpt><trkpt lat="48.8905632030" lon="11.1868706904"><ele>399.00</ele><time>2026-08-30T10:58:45Z</time></trkpt><trkpt lat="48.8905459363" lon="11.1868748814"><ele>398.96</ele><time>2026-08-30T10:58:46Z</time></trkpt><trkpt lat="48.8905312680" lon="11.1868826766"><ele>398.93</ele><time>2026-08-30T10:58:47Z</time></trkpt><trkpt lat="48.8905119896" lon="11.1868921481"><ele>398.90</ele><time>2026-08-30T10:58:48Z</time></trkpt><trkpt lat="48.8904958963" lon="11.1869117618"><ele>398.87</ele><time>2026-08-30T10:58:49Z</time></trkpt><trkpt lat="48.8904824853" lon="11.1869415175"><ele>398.83</ele><time>2026-08-30T10:58:50Z</time></trkpt><trkpt lat="48.8904690742" lon="11.1869710218"><ele>398.75</ele><time>2026-08-30T10:58:51Z</time></trkpt><trkpt lat="48.8904344570" lon="11.1870627198"><ele>398.50</ele><time>2026-08-30T10:58:54Z</time></trkpt><trkpt lat="48.8904208783" lon="11.1870752089"><ele>398.44</ele><time>2026-08-30T10:58:55Z</time></trkpt><trkpt lat="48.8904079702" lon="11.1870946549"><ele>398.28</ele><time>2026-08-30T10:59:01Z</time></trkpt><trkpt lat="48.8904170226" lon="11.1870661564"><ele>398.10</ele><time>2026-08-30T10:59:16Z</time></trkpt><trkpt lat="48.8904456887" lon="11.1870404240"><ele>398.19</ele><time>2026-08-30T10:59:28Z</time></trkpt><trkpt lat="48.8904654700" lon="11.1870395858"><ele>397.97</ele><time>2026-08-30T10:59:43Z</time></trkpt><trkpt lat="48.8904612791" lon="11.1870296113"><ele>397.66</ele><time>2026-08-30T10:59:56Z</time></trkpt><trkpt lat="48.8904823177" lon="11.1870582774"><ele>397.74</ele><time>2026-08-30T11:00:09Z</time></trkpt><trkpt lat="48.8904888555" lon="11.1870855186"><ele>397.83</ele><time>2026-08-30T11:00:22Z</time></trkpt><trkpt lat="48.8905077148" lon="11.1870686710"><ele>397.81</ele><time>2026-08-30T11:00:39Z</time></trkpt><trkpt lat="48.8904922921" lon="11.1870742030"><ele>397.85</ele><time>2026-08-30T11:00:54Z</time></trkpt><trkpt lat="48.8904793002" lon="11.1870900448"><ele>397.94</ele><time>2026-08-30T11:01:05Z</time></trkpt><trkpt lat="48.8904672302" lon="11.1871104967"><ele>397.94</ele><time>2026-08-30T11:01:14Z</time></trkpt><trkpt lat="48.8904796354" lon="11.1871018633"><ele>397.94</ele><time>2026-08-30T11:01:28Z</time></trkpt><trkpt lat="48.8904025219" lon="11.1871316191"><ele>397.94</ele><time>2026-08-30T11:02:15Z</time></trkpt><trkpt lat="48.8906964753" lon="11.1868931539"><ele>397.94</ele><time>2026-08-30T11:02:28Z</time></trkpt><trkpt lat="48.8908820506" lon="11.1867531762"><ele>398.11</ele><time>2026-08-30T11:02:35Z</time></trkpt><trkpt lat="48.8909014966" lon="11.1867535952"><ele>398.14</ele><time>2026-08-30T11:02:37Z</time></trkpt><trkpt lat="48.8908479363" lon="11.1868426111"><ele>398.23</ele><time>2026-08-30T11:02:52Z</time></trkpt><trkpt lat="48.8907656260" lon="11.1869548447"><ele>398.22</ele><time>2026-08-30T11:02:57Z</time></trkpt><trkpt lat="48.8907393906" lon="11.1869637296"><ele>398.20</ele><time>2026-08-30T11:02:59Z</time></trkpt><trkpt lat="48.8905316871" lon="11.1873185355"><ele>398.06</ele><time>2026-08-30T11:03:14Z</time></trkpt><trkpt lat="48.8905210420" lon="11.1873137578"><ele>398.05</ele><time>2026-08-30T11:03:15Z</time></trkpt><trkpt lat="48.8905045297" lon="11.1873612832"><ele>398.12</ele><time>2026-08-30T11:03:23Z</time></trkpt><trkpt lat="48.8904933818" lon="11.1873202957"><ele>398.00</ele><time>2026-08-30T11:03:37Z</time></trkpt><trkpt lat="48.8905059546" lon="11.1872325372"><ele>398.00</ele><time>2026-08-30T11:03:49Z</time></trkpt><trkpt lat="48.8905195333" lon="11.1872213054"><ele>398.00</ele><time>2026-08-30T11:04:07Z</time></trkpt><trkpt lat="48.8905322738" lon="11.1871224828"><ele>398.18</ele><time>2026-08-30T11:04:34Z</time></trkpt><trkpt lat="48.8905083016" lon="11.1871685833"><ele>398.14</ele><time>2026-08-30T11:04:45Z</time></trkpt><trkpt lat="48.8904827368" lon="11.1872006021"><ele>398.14</ele><time>2026-08-30T11:04:51Z</time></trkpt><trkpt lat="48.8904114068" lon="11.1872204673"><ele>398.05</ele><time>2026-08-30T11:05:14Z</time></trkpt><trkpt lat="48.8903635461" lon="11.1872575153"><ele>397.78</ele><time>2026-08-30T11:05:26Z</time></trkpt><trkpt lat="48.8903800584" lon="11.1872772127"><ele>397.82</ele><time>2026-08-30T11:05:40Z</time></trkpt><trkpt lat="48.8904404081" lon="11.1872080620"><ele>397.82</ele><time>2026-08-30T11:06:34Z</time></trkpt><trkpt lat="48.8903506380" lon="11.1872301064"><ele>397.30</ele><time>2026-08-30T11:07:22Z</time></trkpt><trkpt lat="48.8903661445" lon="11.1871494725"><ele>397.27</ele><time>2026-08-30T11:07:42Z</time></trkpt><trkpt lat="48.8903738558" lon="11.1872032005"><ele>397.25</ele><time>2026-08-30T11:08:02Z</time></trkpt><trkpt lat="48.8903252408" lon="11.1872137617"><ele>397.16</ele><time>2026-08-30T11:08:13Z</time></trkpt><trkpt lat="48.8903040346" lon="11.1872266699"><ele>397.20</ele><time>2026-08-30T11:08:27Z</time></trkpt><trkpt lat="48.8902833313" lon="11.1872590240"><ele>397.20</ele><time>2026-08-30T11:08:41Z</time></trkpt><trkpt lat="48.8902611192" lon="11.1871588603"><ele>397.13</ele><time>2026-08-30T11:10:01Z</time></trkpt><trkpt lat="48.8905143365" lon="11.1871035397"><ele>396.60</ele><time>2026-08-30T11:10:31Z</time></trkpt><trkpt lat="48.8905116543" lon="11.1872240715"><ele>396.40</ele><time>2026-08-30T11:10:57Z</time></trkpt><trkpt lat="48.8905339502" lon="11.1872475408"><ele>396.22</ele><time>2026-08-30T11:11:25Z</time></trkpt><trkpt lat="48.8905115705" lon="11.1871986743"><ele>396.22</ele><time>2026-08-30T11:11:45Z</time></trkpt><trkpt lat="48.8904039469" lon="11.1872384045"><ele>396.22</ele><time>2026-08-30T11:12:09Z</time></trkpt><trkpt lat="48.8904508017" lon="11.1871211417"><ele>395.46</ele><time>2026-08-30T11:13:41Z</time></trkpt><trkpt lat="48.8904447667" lon="11.1871208902"><ele>395.41</ele><time>2026-08-30T11:13:57Z</time></trkpt><trkpt lat="48.8904570043" lon="11.1871339660"><ele>395.37</ele><time>2026-08-30T11:14:13Z</time></trkpt><trkpt lat="48.8904306013" lon="11.1871063057"><ele>395.19</ele><time>2026-08-30T11:15:44Z</time></trkpt><trkpt lat="48.8904259913" lon="11.1870915536"><ele>395.04</ele><time>2026-08-30T11:16:03Z</time></trkpt><trkpt lat="48.8903503865" lon="11.1871869396"><ele>394.93</ele><time>2026-08-30T11:16:36Z</time></trkpt><trkpt lat="48.8903206307" lon="11.1871319544"><ele>394.54</ele><time>2026-08-30T11:16:59Z</time></trkpt><trkpt lat="48.8903747778" lon="11.1872794759"><ele>394.54</ele><time>2026-08-30T11:17:36Z</time></trkpt><trkpt lat="48.8903788850" lon="11.1872408353"><ele>394.54</ele><time>2026-08-30T11:18:10Z</time></trkpt><trkpt lat="48.8903648034" lon="11.1872317828"><ele>394.54</ele><time>2026-08-30T11:18:25Z</time></trkpt><trkpt lat="48.8902757037" lon="11.1872374825"><ele>394.54</ele><time>2026-08-30T11:19:11Z</time></trkpt><trkpt lat="48.8902784698" lon="11.1872114986"><ele>394.54</ele><time>2026-08-30T11:19:31Z</time></trkpt><trkpt lat="48.8903446868" lon="11.1871823296"><ele>394.54</ele><time>2026-08-30T11:19:44Z</time></trkpt><trkpt lat="48.8905062899" lon="11.1872005183"><ele>393.44</ele><time>2026-08-30T11:20:18Z</time></trkpt><trkpt lat="48.8904905319" lon="11.1871109996"><ele>393.31</ele><time>2026-08-30T11:20:37Z</time></trkpt><trkpt lat="48.8905178569" lon="11.1870816629"><ele>393.28</ele><time>2026-08-30T11:20:53Z</time></trkpt><trkpt lat="48.8905057032" lon="11.1870487221"><ele>393.24</ele><time>2026-08-30T11:21:13Z</time></trkpt><trkpt lat="48.8904850837" lon="11.1870677490"><ele>393.24</ele><time>2026-08-30T11:21:31Z</time></trkpt><trkpt lat="48.8904583454" lon="11.1871083174"><ele>393.24</ele><time>2026-08-30T11:21:36Z</time></trkpt><trkpt lat="48.8904176932" lon="11.1870265100"><ele>392.90</ele><time>2026-08-30T11:22:07Z</time></trkpt><trkpt lat="48.8904041983" lon="11.1869579460"><ele>392.83</ele><time>2026-08-30T11:22:23Z</time></trkpt><trkpt lat="48.8903873507" lon="11.1870161165"><ele>392.87</ele><time>2026-08-30T11:22:38Z</time></trkpt><trkpt lat="48.8903669827" lon="11.1870849319"><ele>392.76</ele><time>2026-08-30T11:22:56Z</time></trkpt><trkpt lat="48.8903707545" lon="11.1871402524"><ele>392.82</ele><time>2026-08-30T11:23:11Z</time></trkpt><trkpt lat="48.8903873507" lon="11.1871405039"><ele>392.99</ele><time>2026-08-30T11:23:25Z</time></trkpt><trkpt lat="48.8904342055" lon="11.1870575231"><ele>392.98</ele><time>2026-08-30T11:23:41Z</time></trkpt><trkpt lat="48.8904529810" lon="11.1870107520"><ele>392.89</ele><time>2026-08-30T11:23:57Z</time></trkpt><trkpt lat="48.8904177770" lon="11.1870204750"><ele>392.60</ele><time>2026-08-30T11:24:11Z</time></trkpt><trkpt lat="48.8904716726" lon="11.1870842613"><ele>392.64</ele><time>2026-08-30T11:24:26Z</time></trkpt><trkpt lat="48.8904757798" lon="11.1871089879"><ele>392.88</ele><time>2026-08-30T11:24:41Z</time></trkpt><trkpt lat="48.8903700840" lon="11.1871267576"><ele>392.91</ele><time>2026-08-30T11:24:56Z</time></trkpt><trkpt lat="48.8903165236" lon="11.1871786416"><ele>392.96</ele><time>2026-08-30T11:25:11Z</time></trkpt><trkpt lat="48.8902737759" lon="11.1872067209"><ele>393.02</ele><time>2026-08-30T11:25:26Z</time></trkpt><trkpt lat="48.8902720995" lon="11.1872030329"><ele>392.92</ele><time>2026-08-30T11:25:39Z</time></trkpt><trkpt lat="48.8902913779" lon="11.1871614587"><ele>392.92</ele><time>2026-08-30T11:25:53Z</time></trkpt><trkpt lat="48.8902983349" lon="11.1871743668"><ele>392.92</ele><time>2026-08-30T11:26:07Z</time></trkpt><trkpt lat="48.8903380651" lon="11.1872238200"><ele>392.92</ele><time>2026-08-30T11:26:21Z</time></trkpt><trkpt lat="48.8903717604" lon="11.1872242391"><ele>392.92</ele><time>2026-08-30T11:26:37Z</time></trkpt><trkpt lat="48.8903712574" lon="11.1871961597"><ele>392.92</ele><time>2026-08-30T11:26:54Z</time></trkpt><trkpt lat="48.8903757837" lon="11.1871676613"><ele>392.92</ele><time>2026-08-30T11:27:10Z</time></trkpt><trkpt lat="48.8903773762" lon="11.1871491373"><ele>392.92</ele><time>2026-08-30T11:27:16Z</time></trkpt><trkpt lat="48.8903974090" lon="11.1871562619"><ele>392.92</ele><time>2026-08-30T11:27:18Z</time></trkpt><trkpt lat="48.8904431742" lon="11.1871874426"><ele>392.58</ele><time>2026-08-30T11:27:34Z</time></trkpt><trkpt lat="48.8905052841" lon="11.1872306094"><ele>392.47</ele><time>2026-08-30T11:28:15Z</time></trkpt><trkpt lat="48.8905176893" lon="11.1871968303"><ele>392.43</ele><time>2026-08-30T11:28:21Z</time></trkpt><trkpt lat="48.8906391431" lon="11.1869609635"><ele>392.37</ele><time>2026-08-30T11:28:35Z</time></trkpt><trkpt lat="48.8906460162" lon="11.1869493965"><ele>392.37</ele><time>2026-08-30T11:28:36Z</time></trkpt><trkpt lat="48.8905080501" lon="11.1870725267"><ele>392.35</ele><time>2026-08-30T11:28:56Z</time></trkpt><trkpt lat="48.8905131631" lon="11.1870378256"><ele>392.51</ele><time>2026-08-30T11:29:07Z</time></trkpt><trkpt lat="48.8905260712" lon="11.1870446149"><ele>392.55</ele><time>2026-08-30T11:29:19Z</time></trkpt><trkpt lat="48.8905281667" lon="11.1870257556"><ele>392.64</ele><time>2026-08-30T11:29:34Z</time></trkpt><trkpt lat="48.8905276638" lon="11.1870162003"><ele>392.69</ele><time>2026-08-30T11:29:51Z</time></trkpt><trkpt lat="48.8905520551" lon="11.1870442796"><ele>392.70</ele><time>2026-08-30T11:30:07Z</time></trkpt><trkpt lat="48.8905518036" lon="11.1870416813"><ele>393.26</ele><time>2026-08-30T11:30:18Z</time></trkpt><trkpt lat="48.8905184437" lon="11.1870429385"><ele>393.38</ele><time>2026-08-30T11:30:33Z</time></trkpt><trkpt lat="48.8905157614" lon="11.1870330479"><ele>393.38</ele><time>2026-08-30T11:30:42Z</time></trkpt><trkpt lat="48.8905431703" lon="11.1869949941"><ele>393.21</ele><time>2026-08-30T11:30:54Z</time></trkpt><trkpt lat="48.8905518036" lon="11.1869954132"><ele>393.39</ele><time>2026-08-30T11:31:00Z</time></trkpt><trkpt lat="48.8905757759" lon="11.1869828403"><ele>393.43</ele><time>2026-08-30T11:31:02Z</time></trkpt><trkpt lat="48.8905964792" lon="11.1869742908"><ele>393.46</ele><time>2026-08-30T11:31:03Z</time></trkpt><trkpt lat="48.8907051925" lon="11.1869752966"><ele>393.76</ele><time>2026-08-30T11:31:09Z</time></trkpt><trkpt lat="48.8908412308" lon="11.1870733649"><ele>393.84</ele><time>2026-08-30T11:31:16Z</time></trkpt><trkpt lat="48.8909615111" lon="11.1871579383"><ele>394.26</ele><time>2026-08-30T11:31:22Z</time></trkpt><trkpt lat="48.8910626806" lon="11.1872283462"><ele>394.79</ele><time>2026-08-30T11:31:27Z</time></trkpt><trkpt lat="48.8912840467" lon="11.1873735208"><ele>395.44</ele><time>2026-08-30T11:31:37Z</time></trkpt><trkpt lat="48.8914189115" lon="11.1874776240"><ele>396.47</ele><time>2026-08-30T11:31:44Z</time></trkpt><trkpt lat="48.8915659301" lon="11.1875810567"><ele>396.84</ele><time>2026-08-30T11:31:51Z</time></trkpt><trkpt lat="48.8917335682" lon="11.1876535602"><ele>397.30</ele><time>2026-08-30T11:31:58Z</time></trkpt><trkpt lat="48.8919004519" lon="11.1876984034"><ele>398.05</ele><time>2026-08-30T11:32:05Z</time></trkpt><trkpt lat="48.8920547627" lon="11.1877290811"><ele>398.62</ele><time>2026-08-30T11:32:12Z</time></trkpt><trkpt lat="48.8922724407" lon="11.1878441647"><ele>399.76</ele><time>2026-08-30T11:32:21Z</time></trkpt><trkpt lat="48.8924922142" lon="11.1879538838"><ele>400.79</ele><time>2026-08-30T11:32:33Z</time></trkpt><trkpt lat="48.8925938867" lon="11.1880496889"><ele>402.22</ele><time>2026-08-30T11:32:40Z</time></trkpt><trkpt lat="48.8925938867" lon="11.1880709790"><ele>402.41</ele><time>2026-08-30T11:32:41Z</time></trkpt><trkpt lat="48.8925885223" lon="11.1880931910"><ele>402.61</ele><time>2026-08-30T11:32:42Z</time></trkpt><trkpt lat="48.8925815653" lon="11.1881161574"><ele>402.81</ele><time>2026-08-30T11:32:43Z</time></trkpt><trkpt lat="48.8925744407" lon="11.1881387886"><ele>402.99</ele><time>2026-08-30T11:32:44Z</time></trkpt><trkpt lat="48.8925109059" lon="11.1883182451"><ele>404.38</ele><time>2026-08-30T11:32:52Z</time></trkpt><trkpt lat="48.8925064635" lon="11.1883713864"><ele>405.31</ele><time>2026-08-30T11:32:59Z</time></trkpt><trkpt lat="48.8924902864" lon="11.1884117033"><ele>405.36</ele><time>2026-08-30T11:33:02Z</time></trkpt><trkpt lat="48.8925140072" lon="11.1885873042"><ele>405.36</ele><time>2026-08-30T11:33:08Z</time></trkpt><trkpt lat="48.8925213832" lon="11.1887316406"><ele>405.55</ele><time>2026-08-30T11:33:15Z</time></trkpt><trkpt lat="48.8925140910" lon="11.1888473108"><ele>406.47</ele><time>2026-08-30T11:33:22Z</time></trkpt><trkpt lat="48.8924687449" lon="11.1890328024"><ele>408.00</ele><time>2026-08-30T11:33:32Z</time></trkpt><trkpt lat="48.8924479578" lon="11.1891123466"><ele>408.73</ele><time>2026-08-30T11:33:37Z</time></trkpt><trkpt lat="48.8924437668" lon="11.1891473830"><ele>409.02</ele><time>2026-08-30T11:33:39Z</time></trkpt><trkpt lat="48.8924145978" lon="11.1892669089"><ele>409.85</ele><time>2026-08-30T11:33:46Z</time></trkpt><trkpt lat="48.8923377357" lon="11.1894684937"><ele>411.39</ele><time>2026-08-30T11:33:57Z</time></trkpt><trkpt lat="48.8922671601" lon="11.1896291748"><ele>412.33</ele><time>2026-08-30T11:34:06Z</time></trkpt><trkpt lat="48.8921929803" lon="11.1898018420"><ele>413.62</ele><time>2026-08-30T11:34:16Z</time></trkpt><trkpt lat="48.8921818323" lon="11.1900212802"><ele>414.98</ele><time>2026-08-30T11:34:26Z</time></trkpt><trkpt lat="48.8921797369" lon="11.1902070232"><ele>416.12</ele><time>2026-08-30T11:34:35Z</time></trkpt><trkpt lat="48.8921994343" lon="11.1903362721"><ele>417.67</ele><time>2026-08-30T11:34:43Z</time></trkpt><trkpt lat="48.8921936508" lon="11.1903532874"><ele>417.87</ele><time>2026-08-30T11:34:44Z</time></trkpt><trkpt lat="48.8921525795" lon="11.1905234400"><ele>419.20</ele><time>2026-08-30T11:34:53Z</time></trkpt><trkpt lat="48.8921327982" lon="11.1906718835"><ele>419.91</ele><time>2026-08-30T11:35:00Z</time></trkpt><trkpt lat="48.8921325468" lon="11.1906913295"><ele>420.03</ele><time>2026-08-30T11:35:01Z</time></trkpt><trkpt lat="48.8921048027" lon="11.1909048166"><ele>421.22</ele><time>2026-08-30T11:35:11Z</time></trkpt><trkpt lat="48.8920914754" lon="11.1910593789"><ele>422.37</ele><time>2026-08-30T11:35:20Z</time></trkpt><trkpt lat="48.8920721132" lon="11.1912255082"><ele>424.58</ele><time>2026-08-30T11:35:30Z</time></trkpt><trkpt lat="48.8920936547" lon="11.1913153622"><ele>425.33</ele><time>2026-08-30T11:35:35Z</time></trkpt><trkpt lat="48.8920931518" lon="11.1913338024"><ele>425.50</ele><time>2026-08-30T11:35:36Z</time></trkpt><trkpt lat="48.8920893800" lon="11.1913532484"><ele>425.69</ele><time>2026-08-30T11:35:37Z</time></trkpt><trkpt lat="48.8920590375" lon="11.1915503908"><ele>427.78</ele><time>2026-08-30T11:35:48Z</time></trkpt><trkpt lat="48.8920482248" lon="11.1916685756"><ele>429.25</ele><time>2026-08-30T11:35:56Z</time></trkpt><trkpt lat="48.8920383342" lon="11.1918382253"><ele>430.86</ele><time>2026-08-30T11:36:06Z</time></trkpt><trkpt lat="48.8920109253" lon="11.1919991579"><ele>432.06</ele><time>2026-08-30T11:36:15Z</time></trkpt><trkpt lat="48.8919936586" lon="11.1921279039"><ele>433.27</ele><time>2026-08-30T11:36:23Z</time></trkpt><trkpt lat="48.8919826783" lon="11.1922614276"><ele>434.17</ele><time>2026-08-30T11:36:30Z</time></trkpt><trkpt lat="48.8919765595" lon="11.1922814604"><ele>434.33</ele><time>2026-08-30T11:36:31Z</time></trkpt><trkpt lat="48.8919685967" lon="11.1923002359"><ele>434.47</ele><time>2026-08-30T11:36:32Z</time></trkpt><trkpt lat="48.8919106778" lon="11.1925369408"><ele>436.72</ele><time>2026-08-30T11:36:45Z</time></trkpt><trkpt lat="48.8918908127" lon="11.1927281320"><ele>438.93</ele><time>2026-08-30T11:36:56Z</time></trkpt><trkpt lat="48.8918647449" lon="11.1928679422"><ele>441.08</ele><time>2026-08-30T11:37:05Z</time></trkpt><trkpt lat="48.8918307144" lon="11.1930310540"><ele>442.89</ele><time>2026-08-30T11:37:15Z</time></trkpt><trkpt lat="48.8918028027" lon="11.1932570301"><ele>444.57</ele><time>2026-08-30T11:37:27Z</time></trkpt><trkpt lat="48.8917853683" lon="11.1934636440"><ele>446.10</ele><time>2026-08-30T11:37:38Z</time></trkpt><trkpt lat="48.8917822670" lon="11.1936151888"><ele>447.33</ele><time>2026-08-30T11:37:47Z</time></trkpt><trkpt lat="48.8917834405" lon="11.1937879398"><ele>448.93</ele><time>2026-08-30T11:37:57Z</time></trkpt><trkpt lat="48.8917688560" lon="11.1940016784"><ele>450.91</ele><time>2026-08-30T11:38:10Z</time></trkpt><trkpt lat="48.8917551935" lon="11.1940699071"><ele>451.52</ele><time>2026-08-30T11:38:14Z</time></trkpt><trkpt lat="48.8917287905" lon="11.1942191888"><ele>453.18</ele><time>2026-08-30T11:38:23Z</time></trkpt><trkpt lat="48.8917262759" lon="11.1942846514"><ele>453.94</ele><time>2026-08-30T11:38:27Z</time></trkpt><trkpt lat="48.8917220850" lon="11.1943024211"><ele>454.10</ele><time>2026-08-30T11:38:28Z</time></trkpt><trkpt lat="48.8917173911" lon="11.1943211965"><ele>454.23</ele><time>2026-08-30T11:38:29Z</time></trkpt><trkpt lat="48.8917057402" lon="11.1944476794"><ele>455.45</ele><time>2026-08-30T11:38:37Z</time></trkpt><trkpt lat="48.8916981127" lon="11.1946011521"><ele>456.90</ele><time>2026-08-30T11:38:46Z</time></trkpt><trkpt lat="48.8917051535" lon="11.1947811116"><ele>458.46</ele><time>2026-08-30T11:38:56Z</time></trkpt><trkpt lat="48.8917057402" lon="11.1949702073"><ele>460.15</ele><time>2026-08-30T11:39:07Z</time></trkpt><trkpt lat="48.8917090930" lon="11.1951608118"><ele>461.55</ele><time>2026-08-30T11:39:17Z</time></trkpt><trkpt lat="48.8917472307" lon="11.1953568645"><ele>462.91</ele><time>2026-08-30T11:39:28Z</time></trkpt><trkpt lat="48.8917497452" lon="11.1955239996"><ele>464.22</ele><time>2026-08-30T11:39:37Z</time></trkpt><trkpt lat="48.8917834405" lon="11.1957154423"><ele>465.34</ele><time>2026-08-30T11:39:48Z</time></trkpt><trkpt lat="48.8918219134" lon="11.1958943121"><ele>466.82</ele><time>2026-08-30T11:39:59Z</time></trkpt><trkpt lat="48.8918878790" lon="11.1960316077"><ele>468.03</ele><time>2026-08-30T11:40:08Z</time></trkpt><trkpt lat="48.8919255137" lon="11.1961771175"><ele>468.99</ele><time>2026-08-30T11:40:17Z</time></trkpt><trkpt lat="48.8919313811" lon="11.1962261517"><ele>469.63</ele><time>2026-08-30T11:40:20Z</time></trkpt><trkpt lat="48.8919478096" lon="11.1962786224"><ele>469.98</ele><time>2026-08-30T11:40:23Z</time></trkpt><trkpt lat="48.8919529226" lon="11.1962993257"><ele>470.13</ele><time>2026-08-30T11:40:24Z</time></trkpt><trkpt lat="48.8919571135" lon="11.1963199452"><ele>470.25</ele><time>2026-08-30T11:40:25Z</time></trkpt><trkpt lat="48.8919629809" lon="11.1963404808"><ele>470.36</ele><time>2026-08-30T11:40:26Z</time></trkpt><trkpt lat="48.8919685967" lon="11.1963607650"><ele>470.50</ele><time>2026-08-30T11:40:27Z</time></trkpt><trkpt lat="48.8919745479" lon="11.1963802110"><ele>470.64</ele><time>2026-08-30T11:40:28Z</time></trkpt><trkpt lat="48.8919888809" lon="11.1964562349"><ele>471.11</ele><time>2026-08-30T11:40:32Z</time></trkpt><trkpt lat="48.8919856958" lon="11.1964720767"><ele>471.19</ele><time>2026-08-30T11:40:33Z</time></trkpt><trkpt lat="48.8919955026" lon="11.1965108011"><ele>471.39</ele><time>2026-08-30T11:40:35Z</time></trkpt><trkpt lat="48.8919996098" lon="11.1965337675"><ele>471.54</ele><time>2026-08-30T11:40:36Z</time></trkpt><trkpt lat="48.8920336403" lon="11.1966868211"><ele>472.49</ele><time>2026-08-30T11:40:44Z</time></trkpt><trkpt lat="48.8920382503" lon="11.1967049260"><ele>472.59</ele><time>2026-08-30T11:40:45Z</time></trkpt><trkpt lat="48.8920445368" lon="11.1967251264"><ele>472.68</ele><time>2026-08-30T11:40:46Z</time></trkpt><trkpt lat="48.8920446206" lon="11.1967437342"><ele>472.78</ele><time>2026-08-30T11:40:47Z</time></trkpt><trkpt lat="48.8920483924" lon="11.1967623420"><ele>472.91</ele><time>2026-08-30T11:40:48Z</time></trkpt><trkpt lat="48.8920508232" lon="11.1967813689"><ele>473.05</ele><time>2026-08-30T11:40:49Z</time></trkpt><trkpt lat="48.8920584507" lon="11.1969349254"><ele>473.73</ele><time>2026-08-30T11:40:57Z</time></trkpt><trkpt lat="48.8920613006" lon="11.1971205007"><ele>475.11</ele><time>2026-08-30T11:41:06Z</time></trkpt><trkpt lat="48.8920781482" lon="11.1971961055"><ele>475.78</ele><time>2026-08-30T11:41:10Z</time></trkpt><trkpt lat="48.8920633961" lon="11.1973646656"><ele>476.21</ele><time>2026-08-30T11:41:18Z</time></trkpt><trkpt lat="48.8920714427" lon="11.1975478102"><ele>477.14</ele><time>2026-08-30T11:41:27Z</time></trkpt><trkpt lat="48.8920325506" lon="11.1977368221"><ele>478.14</ele><time>2026-08-30T11:41:35Z</time></trkpt><trkpt lat="48.8919895515" lon="11.1979174521"><ele>479.08</ele><time>2026-08-30T11:41:43Z</time></trkpt><trkpt lat="48.8919289503" lon="11.1980860960"><ele>480.42</ele><time>2026-08-30T11:41:52Z</time></trkpt><trkpt lat="48.8918717857" lon="11.1982316058"><ele>481.27</ele><time>2026-08-30T11:42:01Z</time></trkpt><trkpt lat="48.8917918224" lon="11.1984544806"><ele>481.93</ele><time>2026-08-30T11:42:10Z</time></trkpt><trkpt lat="48.8917881344" lon="11.1987038422"><ele>482.26</ele><time>2026-08-30T11:42:18Z</time></trkpt><trkpt lat="48.8918463048" lon="11.1988125555"><ele>483.01</ele><time>2026-08-30T11:42:24Z</time></trkpt><trkpt lat="48.8918808382" lon="11.1988470890"><ele>483.28</ele><time>2026-08-30T11:42:27Z</time></trkpt><trkpt lat="48.8918912318" lon="11.1988605000"><ele>483.41</ele><time>2026-08-30T11:42:28Z</time></trkpt><trkpt lat="48.8920173794" lon="11.1989361048"><ele>484.99</ele><time>2026-08-30T11:42:38Z</time></trkpt><trkpt lat="48.8921296131" lon="11.1990124639"><ele>486.02</ele><time>2026-08-30T11:42:46Z</time></trkpt><trkpt lat="48.8922461215" lon="11.1991624162"><ele>487.58</ele><time>2026-08-30T11:42:57Z</time></trkpt><trkpt lat="48.8922546711" lon="11.1991842091"><ele>487.69</ele><time>2026-08-30T11:42:58Z</time></trkpt><trkpt lat="48.8922631368" lon="11.1992061697"><ele>487.77</ele><time>2026-08-30T11:42:59Z</time></trkpt><trkpt lat="48.8922669087" lon="11.1992301419"><ele>487.83</ele><time>2026-08-30T11:43:00Z</time></trkpt><trkpt lat="48.8922700938" lon="11.1992588080"><ele>487.88</ele><time>2026-08-30T11:43:01Z</time></trkpt><trkpt lat="48.8922721054" lon="11.1992904916"><ele>487.92</ele><time>2026-08-30T11:43:02Z</time></trkpt><trkpt lat="48.8922695909" lon="11.1993247736"><ele>487.96</ele><time>2026-08-30T11:43:03Z</time></trkpt><trkpt lat="48.8922689203" lon="11.1993593071"><ele>487.98</ele><time>2026-08-30T11:43:04Z</time></trkpt><trkpt lat="48.8922908809" lon="11.1995491572"><ele>488.06</ele><time>2026-08-30T11:43:11Z</time></trkpt><trkpt lat="48.8922881987" lon="11.1995666754"><ele>488.44</ele><time>2026-08-30T11:43:22Z</time></trkpt><trkpt lat="48.8923023641" lon="11.1995700281"><ele>488.41</ele><time>2026-08-30T11:43:40Z</time></trkpt><trkpt lat="48.8923023641" lon="11.1995822657"><ele>487.99</ele><time>2026-08-30T11:44:10Z</time></trkpt><trkpt lat="48.8923061360" lon="11.1995995324"><ele>488.04</ele><time>2026-08-30T11:44:37Z</time></trkpt><trkpt lat="48.8923037890" lon="11.1995961796"><ele>487.86</ele><time>2026-08-30T11:45:12Z</time></trkpt><trkpt lat="48.8923060521" lon="11.1996100936"><ele>487.94</ele><time>2026-08-30T11:45:33Z</time></trkpt><trkpt lat="48.8923109975" lon="11.1996614747"><ele>487.94</ele><time>2026-08-30T11:45:36Z</time></trkpt><trkpt lat="48.8923129253" lon="11.1996869557"><ele>487.94</ele><time>2026-08-30T11:45:37Z</time></trkpt><trkpt lat="48.8923105784" lon="11.1997114308"><ele>487.94</ele><time>2026-08-30T11:45:38Z</time></trkpt><trkpt lat="48.8923301920" lon="11.1999540031"><ele>487.82</ele><time>2026-08-30T11:45:46Z</time></trkpt><trkpt lat="48.8923328742" lon="11.2003107369"><ele>487.88</ele><time>2026-08-30T11:45:55Z</time></trkpt><trkpt lat="48.8923567627" lon="11.2007265631"><ele>488.64</ele><time>2026-08-30T11:46:06Z</time></trkpt><trkpt lat="48.8923700899" lon="11.2010076921"><ele>489.11</ele><time>2026-08-30T11:46:14Z</time></trkpt><trkpt lat="48.8923995942" lon="11.2012424693"><ele>489.60</ele><time>2026-08-30T11:46:22Z</time></trkpt><trkpt lat="48.8924349658" lon="11.2015083432"><ele>490.64</ele><time>2026-08-30T11:46:32Z</time></trkpt><trkpt lat="48.8924874365" lon="11.2017276976"><ele>491.93</ele><time>2026-08-30T11:46:41Z</time></trkpt><trkpt lat="48.8925909530" lon="11.2018705253"><ele>492.87</ele><time>2026-08-30T11:46:49Z</time></trkpt><trkpt lat="48.8926833216" lon="11.2020276859"><ele>493.92</ele><time>2026-08-30T11:46:58Z</time></trkpt><trkpt lat="48.8927973993" lon="11.2022104952"><ele>495.54</ele><time>2026-08-30T11:47:08Z</time></trkpt><trkpt lat="48.8929056097" lon="11.2023474555"><ele>496.83</ele><time>2026-08-30T11:47:16Z</time></trkpt><trkpt lat="48.8929227088" lon="11.2023586035"><ele>497.03</ele><time>2026-08-30T11:47:17Z</time></trkpt><trkpt lat="48.8929382991" lon="11.2023715116"><ele>497.15</ele><time>2026-08-30T11:47:18Z</time></trkpt><trkpt lat="48.8929522969" lon="11.2023877725"><ele>497.24</ele><time>2026-08-30T11:47:19Z</time></trkpt><trkpt lat="48.8929648697" lon="11.2024068832"><ele>497.30</ele><time>2026-08-30T11:47:20Z</time></trkpt><trkpt lat="48.8929751795" lon="11.2024254072"><ele>497.33</ele><time>2026-08-30T11:47:21Z</time></trkpt><trkpt lat="48.8931085356" lon="11.2026715837"><ele>498.79</ele><time>2026-08-30T11:47:34Z</time></trkpt><trkpt lat="48.8932193443" lon="11.2029103842"><ele>499.91</ele><time>2026-08-30T11:47:46Z</time></trkpt><trkpt lat="48.8933135569" lon="11.2031959556"><ele>501.78</ele><time>2026-08-30T11:47:59Z</time></trkpt><trkpt lat="48.8934127986" lon="11.2034662720"><ele>503.04</ele><time>2026-08-30T11:48:12Z</time></trkpt><trkpt lat="48.8934723940" lon="11.2036268692"><ele>503.93</ele><time>2026-08-30T11:48:19Z</time></trkpt><trkpt lat="48.8935797662" lon="11.2039141171"><ele>505.63</ele><time>2026-08-30T11:48:32Z</time></trkpt><trkpt lat="48.8936557900" lon="11.2041508220"><ele>506.62</ele><time>2026-08-30T11:48:43Z</time></trkpt><trkpt lat="48.8937259465" lon="11.2044340465"><ele>508.42</ele><time>2026-08-30T11:48:55Z</time></trkpt><trkpt lat="48.8937802613" lon="11.2046602741"><ele>509.57</ele><time>2026-08-30T11:49:04Z</time></trkpt><trkpt lat="48.8938338216" lon="11.2048611045"><ele>510.19</ele><time>2026-08-30T11:49:12Z</time></trkpt><trkpt lat="48.8938878011" lon="11.2051206082"><ele>510.96</ele><time>2026-08-30T11:49:21Z</time></trkpt><trkpt lat="48.8939706981" lon="11.2054762524"><ele>510.93</ele><time>2026-08-30T11:49:31Z</time></trkpt><trkpt lat="48.8940514158" lon="11.2057509273"><ele>510.71</ele><time>2026-08-30T11:49:40Z</time></trkpt><trkpt lat="48.8940538466" lon="11.2057564594"><ele>510.77</ele><time>2026-08-30T11:49:49Z</time></trkpt><trkpt lat="48.8940795790" lon="11.2058353331"><ele>510.79</ele><time>2026-08-30T11:49:59Z</time></trkpt><trkpt lat="48.8941692654" lon="11.2061677594"><ele>510.60</ele><time>2026-08-30T11:50:07Z</time></trkpt><trkpt lat="48.8942566887" lon="11.2065010238"><ele>509.91</ele><time>2026-08-30T11:50:15Z</time></trkpt><trkpt lat="48.8942871150" lon="11.2069032714"><ele>509.40</ele><time>2026-08-30T11:50:22Z</time></trkpt><trkpt lat="48.8942985144" lon="11.2071202789"><ele>508.99</ele><time>2026-08-30T11:50:26Z</time></trkpt><trkpt lat="48.8943352271" lon="11.2072732486"><ele>508.80</ele><time>2026-08-30T11:50:28Z</time></trkpt><trkpt lat="48.8944932260" lon="11.2078780867"><ele>507.19</ele><time>2026-08-30T11:50:36Z</time></trkpt><trkpt lat="48.8945325371" lon="11.2079458125"><ele>507.07</ele><time>2026-08-30T11:50:37Z</time></trkpt><trkpt lat="48.8945759553" lon="11.2080127839"><ele>506.92</ele><time>2026-08-30T11:50:38Z</time></trkpt><trkpt lat="48.8948737644" lon="11.2083871197"><ele>503.33</ele><time>2026-08-30T11:50:43Z</time></trkpt><trkpt lat="48.8950989023" lon="11.2086571008"><ele>501.22</ele><time>2026-08-30T11:50:47Z</time></trkpt><trkpt lat="48.8951522112" lon="11.2087005191"><ele>501.13</ele><time>2026-08-30T11:50:48Z</time></trkpt><trkpt lat="48.8951999880" lon="11.2087358907"><ele>501.30</ele><time>2026-08-30T11:50:49Z</time></trkpt><trkpt lat="48.8955184165" lon="11.2089606095"><ele>503.26</ele><time>2026-08-30T11:50:57Z</time></trkpt><trkpt lat="48.8957697060" lon="11.2091258168"><ele>504.72</ele><time>2026-08-30T11:51:05Z</time></trkpt><trkpt lat="48.8959858753" lon="11.2093151640"><ele>506.10</ele><time>2026-08-30T11:51:14Z</time></trkpt><trkpt lat="48.8961204886" lon="11.2095249631"><ele>507.19</ele><time>2026-08-30T11:51:23Z</time></trkpt><trkpt lat="48.8962280285" lon="11.2096926011"><ele>508.83</ele><time>2026-08-30T11:51:33Z</time></trkpt><trkpt lat="48.8963110931" lon="11.2098514382"><ele>510.73</ele><time>2026-08-30T11:51:43Z</time></trkpt><trkpt lat="48.8963597920" lon="11.2099309824"><ele>512.02</ele><time>2026-08-30T11:51:50Z</time></trkpt><trkpt lat="48.8963716105" lon="11.2099464890"><ele>512.15</ele><time>2026-08-30T11:51:51Z</time></trkpt><trkpt lat="48.8963851053" lon="11.2099697907"><ele>512.28</ele><time>2026-08-30T11:51:52Z</time></trkpt><trkpt lat="48.8964022882" lon="11.2099905778"><ele>512.41</ele><time>2026-08-30T11:51:53Z</time></trkpt><trkpt lat="48.8964199740" lon="11.2100107782"><ele>512.52</ele><time>2026-08-30T11:51:54Z</time></trkpt><trkpt lat="48.8965589460" lon="11.2102580443"><ele>512.63</ele><time>2026-08-30T11:52:02Z</time></trkpt><trkpt lat="48.8966681622" lon="11.2105017062"><ele>513.48</ele><time>2026-08-30T11:52:11Z</time></trkpt><trkpt lat="48.8967824075" lon="11.2107373215"><ele>514.93</ele><time>2026-08-30T11:52:21Z</time></trkpt><trkpt lat="48.8969150931" lon="11.2110340409"><ele>516.14</ele><time>2026-08-30T11:52:33Z</time></trkpt><trkpt lat="48.8969459385" lon="11.2112611905"><ele>516.76</ele><time>2026-08-30T11:52:41Z</time></trkpt><trkpt lat="48.8968559168" lon="11.2115515396"><ele>517.04</ele><time>2026-08-30T11:52:49Z</time></trkpt><trkpt lat="48.8966779690" lon="11.2120397855"><ele>516.37</ele><time>2026-08-30T11:52:58Z</time></trkpt><trkpt lat="48.8964090776" lon="11.2127654906"><ele>514.99</ele><time>2026-08-30T11:53:10Z</time></trkpt><trkpt lat="48.8961346541" lon="11.2134571653"><ele>514.08</ele><time>2026-08-30T11:53:21Z</time></trkpt><trkpt lat="48.8958239369" lon="11.2140806112"><ele>513.33</ele><time>2026-08-30T11:53:31Z</time></trkpt><trkpt lat="48.8953627646" lon="11.2148287799"><ele>511.70</ele><time>2026-08-30T11:53:44Z</time></trkpt><trkpt lat="48.8948947191" lon="11.2154606078"><ele>510.80</ele><time>2026-08-30T11:53:56Z</time></trkpt><trkpt lat="48.8947044499" lon="11.2157502025"><ele>510.55</ele><time>2026-08-30T11:54:01Z</time></trkpt><trkpt lat="48.8945460320" lon="11.2159721553"><ele>510.23</ele><time>2026-08-30T11:54:05Z</time></trkpt><trkpt lat="48.8945131749" lon="11.2160402164"><ele>510.09</ele><time>2026-08-30T11:54:06Z</time></trkpt><trkpt lat="48.8944847602" lon="11.2161117978"><ele>509.97</ele><time>2026-08-30T11:54:07Z</time></trkpt><trkpt lat="48.8944645599" lon="11.2161916774"><ele>509.86</ele><time>2026-08-30T11:54:08Z</time></trkpt><trkpt lat="48.8944523223" lon="11.2162773404"><ele>509.77</ele><time>2026-08-30T11:54:09Z</time></trkpt><trkpt lat="48.8944415096" lon="11.2163654342"><ele>509.66</ele><time>2026-08-30T11:54:10Z</time></trkpt><trkpt lat="48.8942737877" lon="11.2171037123"><ele>507.80</ele><time>2026-08-30T11:54:18Z</time></trkpt><trkpt lat="48.8940161280" lon="11.2178223766"><ele>505.04</ele><time>2026-08-30T11:54:25Z</time></trkpt><trkpt lat="48.8939805888" lon="11.2179411482"><ele>504.37</ele><time>2026-08-30T11:54:26Z</time></trkpt><trkpt lat="48.8939506654" lon="11.2180662062"><ele>503.78</ele><time>2026-08-30T11:54:27Z</time></trkpt><trkpt lat="48.8937850390" lon="11.2188417837"><ele>500.73</ele><time>2026-08-30T11:54:33Z</time></trkpt><trkpt lat="48.8935217634" lon="11.2196824886"><ele>497.40</ele><time>2026-08-30T11:54:40Z</time></trkpt><trkpt lat="48.8931589108" lon="11.2206032407"><ele>495.58</ele><time>2026-08-30T11:54:49Z</time></trkpt><trkpt lat="48.8928375486" lon="11.2213662453"><ele>494.52</ele><time>2026-08-30T11:54:58Z</time></trkpt><trkpt lat="48.8924893644" lon="11.2222454231"><ele>493.69</ele><time>2026-08-30T11:55:09Z</time></trkpt><trkpt lat="48.8923425972" lon="11.2225843035"><ele>493.50</ele><time>2026-08-30T11:55:14Z</time></trkpt><trkpt lat="48.8920986000" lon="11.2228955235"><ele>494.29</ele><time>2026-08-30T11:55:22Z</time></trkpt><trkpt lat="48.8918466400" lon="11.2231448852"><ele>496.67</ele><time>2026-08-30T11:55:33Z</time></trkpt><trkpt lat="48.8917066623" lon="11.2234102562"><ele>497.79</ele><time>2026-08-30T11:55:42Z</time></trkpt><trkpt lat="48.8915777486" lon="11.2238150183"><ele>499.87</ele><time>2026-08-30T11:55:54Z</time></trkpt><trkpt lat="48.8914661016" lon="11.2243086286"><ele>501.34</ele><time>2026-08-30T11:56:07Z</time></trkpt><trkpt lat="48.8913830370" lon="11.2247523665"><ele>502.86</ele><time>2026-08-30T11:56:19Z</time></trkpt><trkpt lat="48.8913058396" lon="11.2250635028"><ele>503.61</ele><time>2026-08-30T11:56:27Z</time></trkpt><trkpt lat="48.8912010659" lon="11.2255237531"><ele>503.54</ele><time>2026-08-30T11:56:35Z</time></trkpt><trkpt lat="48.8910116348" lon="11.2262111530"><ele>501.76</ele><time>2026-08-30T11:56:44Z</time></trkpt><trkpt lat="48.8908011653" lon="11.2267078646"><ele>500.11</ele><time>2026-08-30T11:56:50Z</time></trkpt><trkpt lat="48.8907729182" lon="11.2268073577"><ele>499.60</ele><time>2026-08-30T11:56:51Z</time></trkpt><trkpt lat="48.8905776199" lon="11.2275945861"><ele>496.56</ele><time>2026-08-30T11:56:58Z</time></trkpt><trkpt lat="48.8904690742" lon="11.2281155214"><ele>493.48</ele><time>2026-08-30T11:57:02Z</time></trkpt><trkpt lat="48.8903101534" lon="11.2287319265"><ele>490.37</ele><time>2026-08-30T11:57:07Z</time></trkpt><trkpt lat="48.8900479674" lon="11.2293624971"><ele>488.55</ele><time>2026-08-30T11:57:13Z</time></trkpt><trkpt lat="48.8898343127" lon="11.2298440374"><ele>488.23</ele><time>2026-08-30T11:57:19Z</time></trkpt><trkpt lat="48.8897986058" lon="11.2298996095"><ele>488.20</ele><time>2026-08-30T11:57:20Z</time></trkpt><trkpt lat="48.8897619769" lon="11.2299474701"><ele>488.17</ele><time>2026-08-30T11:57:21Z</time></trkpt><trkpt lat="48.8897211570" lon="11.2299911398"><ele>488.11</ele><time>2026-08-30T11:57:22Z</time></trkpt><trkpt lat="48.8896807563" lon="11.2300286070"><ele>488.04</ele><time>2026-08-30T11:57:23Z</time></trkpt><trkpt lat="48.8894444704" lon="11.2303311098"><ele>488.30</ele><time>2026-08-30T11:57:31Z</time></trkpt><trkpt lat="48.8892905787" lon="11.2305178586"><ele>488.98</ele><time>2026-08-30T11:57:37Z</time></trkpt><trkpt lat="48.8890616689" lon="11.2307316810"><ele>488.69</ele><time>2026-08-30T11:57:43Z</time></trkpt><trkpt lat="48.8890252076" lon="11.2307823077"><ele>488.53</ele><time>2026-08-30T11:57:44Z</time></trkpt><trkpt lat="48.8887861557" lon="11.2310838047"><ele>488.10</ele><time>2026-08-30T11:57:51Z</time></trkpt><trkpt lat="48.8885833137" lon="11.2314065080"><ele>488.17</ele><time>2026-08-30T11:57:58Z</time></trkpt><trkpt lat="48.8884904422" lon="11.2315672729"><ele>487.67</ele><time>2026-08-30T11:58:02Z</time></trkpt><trkpt lat="48.8884160947" lon="11.2316813506"><ele>487.08</ele><time>2026-08-30T11:58:04Z</time></trkpt><trkpt lat="48.8883818965" lon="11.2317341566"><ele>486.79</ele><time>2026-08-30T11:58:05Z</time></trkpt><trkpt lat="48.8883197866" lon="11.2318515033"><ele>486.03</ele><time>2026-08-30T11:58:07Z</time></trkpt><trkpt lat="48.8882910367" lon="11.2319160439"><ele>485.40</ele><time>2026-08-30T11:58:08Z</time></trkpt><trkpt lat="48.8882707525" lon="11.2319820095"><ele>484.66</ele><time>2026-08-30T11:58:09Z</time></trkpt><trkpt lat="48.8882192876" lon="11.2321252562"><ele>483.35</ele><time>2026-08-30T11:58:11Z</time></trkpt><trkpt lat="48.8881871011" lon="11.2321869470"><ele>482.84</ele><time>2026-08-30T11:58:12Z</time></trkpt><trkpt lat="48.8881555852" lon="11.2322296109"><ele>482.12</ele><time>2026-08-30T11:58:13Z</time></trkpt><trkpt lat="48.8881289307" lon="11.2322764657"><ele>481.15</ele><time>2026-08-30T11:58:14Z</time></trkpt><trkpt lat="48.8881132565" lon="11.2323270086"><ele>479.70</ele><time>2026-08-30T11:58:15Z</time></trkpt><trkpt lat="48.8880973309" lon="11.2323716842"><ele>479.70</ele><time>2026-08-30T11:58:16Z</time></trkpt><trkpt lat="48.8880803995" lon="11.2324239034"><ele>478.49</ele><time>2026-08-30T11:58:17Z</time></trkpt><trkpt lat="48.8880678266" lon="11.2324845046"><ele>478.49</ele><time>2026-08-30T11:58:18Z</time></trkpt><trkpt lat="48.8880544156" lon="11.2325480394"><ele>476.70</ele><time>2026-08-30T11:58:19Z</time></trkpt><trkpt lat="48.8880420104" lon="11.2326096464"><ele>476.19</ele><time>2026-08-30T11:58:20Z</time></trkpt><trkpt lat="48.8880320359" lon="11.2326692417"><ele>475.73</ele><time>2026-08-30T11:58:21Z</time></trkpt><trkpt lat="48.8880157750" lon="11.2327314354"><ele>475.30</ele><time>2026-08-30T11:58:22Z</time></trkpt><trkpt lat="48.8879468758" lon="11.2330082897"><ele>471.58</ele><time>2026-08-30T11:58:27Z</time></trkpt><trkpt lat="48.8877736218" lon="11.2332929391"><ele>468.50</ele><time>2026-08-30T11:58:33Z</time></trkpt><trkpt lat="48.8876653276" lon="11.2334340904"><ele>465.52</ele><time>2026-08-30T11:58:38Z</time></trkpt><trkpt lat="48.8875204884" lon="11.2336267065"><ele>461.16</ele><time>2026-08-30T11:58:42Z</time></trkpt><trkpt lat="48.8873613160" lon="11.2338491622"><ele>457.49</ele><time>2026-08-30T11:58:47Z</time></trkpt><trkpt lat="48.8872004673" lon="11.2340515014"><ele>454.12</ele><time>2026-08-30T11:58:52Z</time></trkpt><trkpt lat="48.8870697934" lon="11.2343129329"><ele>450.28</ele><time>2026-08-30T11:58:57Z</time></trkpt><trkpt lat="48.8868736569" lon="11.2346022762"><ele>446.66</ele><time>2026-08-30T11:59:02Z</time></trkpt><trkpt lat="48.8868186716" lon="11.2346905377"><ele>445.84</ele><time>2026-08-30T11:59:03Z</time></trkpt><trkpt lat="48.8867669553" lon="11.2348087225"><ele>444.99</ele><time>2026-08-30T11:59:04Z</time></trkpt><trkpt lat="48.8867163286" lon="11.2349310145"><ele>444.11</ele><time>2026-08-30T11:59:05Z</time></trkpt><trkpt lat="48.8866659533" lon="11.2350362074"><ele>442.48</ele><time>2026-08-30T11:59:06Z</time></trkpt><trkpt lat="48.8866159972" lon="11.2351336889"><ele>441.72</ele><time>2026-08-30T11:59:07Z</time></trkpt><trkpt lat="48.8863462675" lon="11.2355493475"><ele>438.46</ele><time>2026-08-30T11:59:11Z</time></trkpt><trkpt lat="48.8861404080" lon="11.2359292991"><ele>436.44</ele><time>2026-08-30T11:59:15Z</time></trkpt><trkpt lat="48.8861231413" lon="11.2359842844"><ele>436.04</ele><time>2026-08-30T11:59:16Z</time></trkpt><trkpt lat="48.8861133344" lon="11.2360283732"><ele>435.78</ele><time>2026-08-30T11:59:17Z</time></trkpt><trkpt lat="48.8861006778" lon="11.2360645831"><ele>435.64</ele><time>2026-08-30T11:59:18Z</time></trkpt><trkpt lat="48.8860846683" lon="11.2360947579"><ele>435.54</ele><time>2026-08-30T11:59:19Z</time></trkpt><trkpt lat="48.8860632107" lon="11.2361241784"><ele>435.42</ele><time>2026-08-30T11:59:20Z</time></trkpt><trkpt lat="48.8860361371" lon="11.2361639924"><ele>435.24</ele><time>2026-08-30T11:59:21Z</time></trkpt><trkpt lat="48.8860094827" lon="11.2362173852"><ele>434.95</ele><time>2026-08-30T11:59:22Z</time></trkpt><trkpt lat="48.8859790564" lon="11.2362773996"><ele>434.56</ele><time>2026-08-30T11:59:23Z</time></trkpt><trkpt lat="48.8859136775" lon="11.2364758831"><ele>433.13</ele><time>2026-08-30T11:59:27Z</time></trkpt><trkpt lat="48.8859215565" lon="11.2364986818"><ele>432.89</ele><time>2026-08-30T11:59:28Z</time></trkpt><trkpt lat="48.8859353866" lon="11.2365066446"><ele>432.76</ele><time>2026-08-30T11:59:29Z</time></trkpt><trkpt lat="48.8859570120" lon="11.2365050521"><ele>432.67</ele><time>2026-08-30T11:59:30Z</time></trkpt><trkpt lat="48.8859805651" lon="11.2364944909"><ele>432.41</ele><time>2026-08-30T11:59:31Z</time></trkpt><trkpt lat="48.8860187028" lon="11.2364742905"><ele>432.10</ele><time>2026-08-30T11:59:32Z</time></trkpt><trkpt lat="48.8860582653" lon="11.2364493124"><ele>431.63</ele><time>2026-08-30T11:59:33Z</time></trkpt><trkpt lat="48.8860990014" lon="11.2364149466"><ele>431.04</ele><time>2026-08-30T11:59:34Z</time></trkpt><trkpt lat="48.8861352950" lon="11.2363727856"><ele>430.21</ele><time>2026-08-30T11:59:35Z</time></trkpt><trkpt lat="48.8862505462" lon="11.2362126913"><ele>427.19</ele><time>2026-08-30T11:59:39Z</time></trkpt><trkpt lat="48.8863745145" lon="11.2360942550"><ele>425.56</ele><time>2026-08-30T11:59:42Z</time></trkpt><trkpt lat="48.8864242192" lon="11.2360548601"><ele>424.76</ele><time>2026-08-30T11:59:43Z</time></trkpt><trkpt lat="48.8864704035" lon="11.2360160518"><ele>423.74</ele><time>2026-08-30T11:59:44Z</time></trkpt><trkpt lat="48.8866091240" lon="11.2359107751"><ele>419.79</ele><time>2026-08-30T11:59:47Z</time></trkpt><trkpt lat="48.8867933583" lon="11.2358795945"><ele>416.95</ele><time>2026-08-30T11:59:52Z</time></trkpt><trkpt lat="48.8869045861" lon="11.2360312231"><ele>414.96</ele><time>2026-08-30T11:59:57Z</time></trkpt><trkpt lat="48.8869726472" lon="11.2361649144"><ele>414.04</ele><time>2026-08-30T12:00:00Z</time></trkpt><trkpt lat="48.8870297279" lon="11.2363134418"><ele>412.96</ele><time>2026-08-30T12:00:02Z</time></trkpt><trkpt lat="48.8870690390" lon="11.2364117615"><ele>412.21</ele><time>2026-08-30T12:00:03Z</time></trkpt><trkpt lat="48.8871064223" lon="11.2365194689"><ele>411.39</ele><time>2026-08-30T12:00:04Z</time></trkpt><trkpt lat="48.8871402014" lon="11.2366384920"><ele>410.41</ele><time>2026-08-30T12:00:05Z</time></trkpt><trkpt lat="48.8871593960" lon="11.2367602810"><ele>409.31</ele><time>2026-08-30T12:00:06Z</time></trkpt><trkpt lat="48.8871538639" lon="11.2368734367"><ele>408.27</ele><time>2026-08-30T12:00:07Z</time></trkpt><trkpt lat="48.8871466555" lon="11.2369637936"><ele>407.29</ele><time>2026-08-30T12:00:08Z</time></trkpt><trkpt lat="48.8871372677" lon="11.2370395660"><ele>406.56</ele><time>2026-08-30T12:00:09Z</time></trkpt><trkpt lat="48.8871152233" lon="11.2371015921"><ele>406.14</ele><time>2026-08-30T12:00:10Z</time></trkpt><trkpt lat="48.8871041592" lon="11.2371637020"><ele>405.93</ele><time>2026-08-30T12:00:11Z</time></trkpt><trkpt lat="48.8870696258" lon="11.2373870797"><ele>406.56</ele><time>2026-08-30T12:00:16Z</time></trkpt><trkpt lat="48.8869553804" lon="11.2377144769"><ele>406.23</ele><time>2026-08-30T12:00:22Z</time></trkpt><trkpt lat="48.8868493494" lon="11.2380599789"><ele>405.67</ele><time>2026-08-30T12:00:28Z</time></trkpt><trkpt lat="48.8867805339" lon="11.2383879628"><ele>404.82</ele><time>2026-08-30T12:00:33Z</time></trkpt><trkpt lat="48.8867613394" lon="11.2385968398"><ele>404.39</ele><time>2026-08-30T12:00:36Z</time></trkpt><trkpt lat="48.8867446594" lon="11.2388118356"><ele>403.88</ele><time>2026-08-30T12:00:39Z</time></trkpt><trkpt lat="48.8867394626" lon="11.2388878595"><ele>403.70</ele><time>2026-08-30T12:00:40Z</time></trkpt><trkpt lat="48.8867126405" lon="11.2391307671"><ele>403.06</ele><time>2026-08-30T12:00:43Z</time></trkpt><trkpt lat="48.8867011573" lon="11.2392119877"><ele>402.90</ele><time>2026-08-30T12:00:44Z</time></trkpt><trkpt lat="48.8866785262" lon="11.2393662147"><ele>402.63</ele><time>2026-08-30T12:00:46Z</time></trkpt><trkpt lat="48.8866448309" lon="11.2396105472"><ele>402.55</ele><time>2026-08-30T12:00:49Z</time></trkpt><trkpt lat="48.8866139855" lon="11.2402808480"><ele>401.31</ele><time>2026-08-30T12:00:57Z</time></trkpt><trkpt lat="48.8866010774" lon="11.2404569518"><ele>401.13</ele><time>2026-08-30T12:00:59Z</time></trkpt><trkpt lat="48.8865051884" lon="11.2412834074"><ele>399.83</ele><time>2026-08-30T12:01:08Z</time></trkpt><trkpt lat="48.8863968104" lon="11.2420355156"><ele>398.45</ele><time>2026-08-30T12:01:16Z</time></trkpt><trkpt lat="48.8863053638" lon="11.2427187245"><ele>398.29</ele><time>2026-08-30T12:01:24Z</time></trkpt><trkpt lat="48.8862056192" lon="11.2434848305"><ele>397.38</ele><time>2026-08-30T12:01:34Z</time></trkpt><trkpt lat="48.8861968182" lon="11.2436189409"><ele>397.34</ele><time>2026-08-30T12:01:36Z</time></trkpt><trkpt lat="48.8861889392" lon="11.2436829787"><ele>397.31</ele><time>2026-08-30T12:01:37Z</time></trkpt><trkpt lat="48.8861780427" lon="11.2438167538"><ele>397.24</ele><time>2026-08-30T12:01:39Z</time></trkpt><trkpt lat="48.8861319423" lon="11.2440947816"><ele>397.04</ele><time>2026-08-30T12:01:45Z</time></trkpt><trkpt lat="48.8861069642" lon="11.2441987172"><ele>397.04</ele><time>2026-08-30T12:01:48Z</time></trkpt><trkpt lat="48.8861122448" lon="11.2442276347"><ele>397.05</ele><time>2026-08-30T12:01:49Z</time></trkpt><trkpt lat="48.8861240633" lon="11.2442470808"><ele>397.07</ele><time>2026-08-30T12:01:50Z</time></trkpt><trkpt lat="48.8861386478" lon="11.2442605756"><ele>397.11</ele><time>2026-08-30T12:01:51Z</time></trkpt><trkpt lat="48.8861568365" lon="11.2442724779"><ele>397.17</ele><time>2026-08-30T12:01:52Z</time></trkpt><trkpt lat="48.8862695731" lon="11.2443383597"><ele>398.53</ele><time>2026-08-30T12:01:58Z</time></trkpt><trkpt lat="48.8864367921" lon="11.2444465701"><ele>400.84</ele><time>2026-08-30T12:02:07Z</time></trkpt><trkpt lat="48.8865896780" lon="11.2445489131"><ele>402.98</ele><time>2026-08-30T12:02:15Z</time></trkpt><trkpt lat="48.8867369480" lon="11.2446567044"><ele>404.89</ele><time>2026-08-30T12:02:23Z</time></trkpt><trkpt lat="48.8868877385" lon="11.2447074987"><ele>406.64</ele><time>2026-08-30T12:02:31Z</time></trkpt><trkpt lat="48.8869837951" lon="11.2447991129"><ele>407.86</ele><time>2026-08-30T12:02:38Z</time></trkpt><trkpt lat="48.8870618306" lon="11.2450417690"><ele>408.37</ele><time>2026-08-30T12:02:46Z</time></trkpt><trkpt lat="48.8871752378" lon="11.2452874426"><ele>408.41</ele><time>2026-08-30T12:02:54Z</time></trkpt><trkpt lat="48.8873191550" lon="11.2454881892"><ele>409.30</ele><time>2026-08-30T12:03:04Z</time></trkpt><trkpt lat="48.8875513338" lon="11.2457660493"><ele>410.64</ele><time>2026-08-30T12:03:17Z</time></trkpt><trkpt lat="48.8877531700" lon="11.2460066099"><ele>412.19</ele><time>2026-08-30T12:03:30Z</time></trkpt><trkpt lat="48.8878770545" lon="11.2461330928"><ele>413.50</ele><time>2026-08-30T12:03:39Z</time></trkpt><trkpt lat="48.8880321197" lon="11.2461580709"><ele>414.87</ele><time>2026-08-30T12:03:49Z</time></trkpt><trkpt lat="48.8881477062" lon="11.2462940253"><ele>416.20</ele><time>2026-08-30T12:03:58Z</time></trkpt><trkpt lat="48.8882956468" lon="11.2465303950"><ele>417.69</ele><time>2026-08-30T12:04:11Z</time></trkpt><trkpt lat="48.8884190284" lon="11.2467900664"><ele>418.79</ele><time>2026-08-30T12:04:21Z</time></trkpt><trkpt lat="48.8885310106" lon="11.2470100913"><ele>419.91</ele><time>2026-08-30T12:04:30Z</time></trkpt><trkpt lat="48.8886123151" lon="11.2471937388"><ele>420.87</ele><time>2026-08-30T12:04:37Z</time></trkpt><trkpt lat="48.8887180947" lon="11.2475279253"><ele>420.86</ele><time>2026-08-30T12:04:45Z</time></trkpt><trkpt lat="48.8888521213" lon="11.2480340246"><ele>419.49</ele><time>2026-08-30T12:04:54Z</time></trkpt><trkpt lat="48.8889066037" lon="11.2482183427"><ele>419.26</ele><time>2026-08-30T12:04:57Z</time></trkpt><trkpt lat="48.8889315818" lon="11.2482780218"><ele>419.12</ele><time>2026-08-30T12:04:58Z</time></trkpt><trkpt lat="48.8889527880" lon="11.2483308278"><ele>418.99</ele><time>2026-08-30T12:04:59Z</time></trkpt><trkpt lat="48.8889705576" lon="11.2483798619"><ele>418.92</ele><time>2026-08-30T12:05:00Z</time></trkpt><trkpt lat="48.8889862318" lon="11.2484278902"><ele>418.89</ele><time>2026-08-30T12:05:01Z</time></trkpt><trkpt lat="48.8890653569" lon="11.2488005497"><ele>418.98</ele><time>2026-08-30T12:05:08Z</time></trkpt><trkpt lat="48.8891754113" lon="11.2493958324"><ele>419.26</ele><time>2026-08-30T12:05:18Z</time></trkpt><trkpt lat="48.8892278820" lon="11.2496928871"><ele>418.37</ele><time>2026-08-30T12:05:22Z</time></trkpt><trkpt lat="48.8893863000" lon="11.2502802908"><ele>418.31</ele><time>2026-08-30T12:05:31Z</time></trkpt><trkpt lat="48.8894628268" lon="11.2505732384"><ele>418.75</ele><time>2026-08-30T12:05:37Z</time></trkpt><trkpt lat="48.8894834463" lon="11.2507547066"><ele>418.76</ele><time>2026-08-30T12:05:40Z</time></trkpt><trkpt lat="48.8895124476" lon="11.2509111129"><ele>418.32</ele><time>2026-08-30T12:05:42Z</time></trkpt><trkpt lat="48.8895981107" lon="11.2510873843"><ele>417.50</ele><time>2026-08-30T12:05:46Z</time></trkpt><trkpt lat="48.8896681834" lon="11.2513233349"><ele>419.01</ele><time>2026-08-30T12:05:53Z</time></trkpt><trkpt lat="48.8897525892" lon="11.2516376562"><ele>418.84</ele><time>2026-08-30T12:05:59Z</time></trkpt><trkpt lat="48.8897705264" lon="11.2516875286"><ele>418.62</ele><time>2026-08-30T12:06:00Z</time></trkpt><trkpt lat="48.8897796627" lon="11.2517306954"><ele>418.54</ele><time>2026-08-30T12:06:01Z</time></trkpt><trkpt lat="48.8897827640" lon="11.2517766282"><ele>418.45</ele><time>2026-08-30T12:06:02Z</time></trkpt><trkpt lat="48.8897832669" lon="11.2518364750"><ele>418.29</ele><time>2026-08-30T12:06:03Z</time></trkpt><trkpt lat="48.8897812553" lon="11.2519028597"><ele>418.08</ele><time>2026-08-30T12:06:04Z</time></trkpt><trkpt lat="48.8897825126" lon="11.2519707531"><ele>417.71</ele><time>2026-08-30T12:06:05Z</time></trkpt><trkpt lat="48.8897923194" lon="11.2520347070"><ele>417.15</ele><time>2026-08-30T12:06:06Z</time></trkpt><trkpt lat="48.8898075745" lon="11.2520942185"><ele>416.62</ele><time>2026-08-30T12:06:07Z</time></trkpt><trkpt lat="48.8898204826" lon="11.2521511316"><ele>416.22</ele><time>2026-08-30T12:06:08Z</time></trkpt><trkpt lat="48.8898358215" lon="11.2522047758"><ele>415.93</ele><time>2026-08-30T12:06:09Z</time></trkpt><trkpt lat="48.8898511603" lon="11.2522598449"><ele>415.71</ele><time>2026-08-30T12:06:10Z</time></trkpt><trkpt lat="48.8898687623" lon="11.2523149140"><ele>415.52</ele><time>2026-08-30T12:06:11Z</time></trkpt><trkpt lat="48.8899923954" lon="11.2526945304"><ele>415.25</ele><time>2026-08-30T12:06:19Z</time></trkpt><trkpt lat="48.8900884520" lon="11.2531050760"><ele>415.57</ele><time>2026-08-30T12:06:27Z</time></trkpt><trkpt lat="48.8901802339" lon="11.2534141168"><ele>415.66</ele><time>2026-08-30T12:06:33Z</time></trkpt><trkpt lat="48.8902823254" lon="11.2537936494"><ele>415.16</ele><time>2026-08-30T12:06:40Z</time></trkpt><trkpt lat="48.8903244864" lon="11.2540905364"><ele>414.97</ele><time>2026-08-30T12:06:45Z</time></trkpt><trkpt lat="48.8903857581" lon="11.2543374673"><ele>415.76</ele><time>2026-08-30T12:06:50Z</time></trkpt><trkpt lat="48.8904036954" lon="11.2543730065"><ele>415.99</ele><time>2026-08-30T12:06:51Z</time></trkpt><trkpt lat="48.8904294278" lon="11.2544023432"><ele>416.19</ele><time>2026-08-30T12:06:52Z</time></trkpt><trkpt lat="48.8904538192" lon="11.2544370443"><ele>416.32</ele><time>2026-08-30T12:06:53Z</time></trkpt><trkpt lat="48.8904725108" lon="11.2544828933"><ele>416.40</ele><time>2026-08-30T12:06:54Z</time></trkpt><trkpt lat="48.8904874306" lon="11.2545364536"><ele>416.45</ele><time>2026-08-30T12:06:55Z</time></trkpt><trkpt lat="48.8906833157" lon="11.2549195066"><ele>417.34</ele><time>2026-08-30T12:07:03Z</time></trkpt><trkpt lat="48.8908341900" lon="11.2551483326"><ele>418.32</ele><time>2026-08-30T12:07:09Z</time></trkpt><trkpt lat="48.8908823859" lon="11.2552256975"><ele>418.51</ele><time>2026-08-30T12:07:11Z</time></trkpt><trkpt lat="48.8910062704" lon="11.2555004563"><ele>418.22</ele><time>2026-08-30T12:07:17Z</time></trkpt><trkpt lat="48.8911506068" lon="11.2558317091"><ele>418.26</ele><time>2026-08-30T12:07:25Z</time></trkpt><trkpt lat="48.8912691269" lon="11.2561538257"><ele>418.41</ele><time>2026-08-30T12:07:32Z</time></trkpt><trkpt lat="48.8913153950" lon="11.2562564202"><ele>418.54</ele><time>2026-08-30T12:07:36Z</time></trkpt><trkpt lat="48.8913645130" lon="11.2563707493"><ele>419.98</ele><time>2026-08-30T12:07:42Z</time></trkpt><trkpt lat="48.8915141299" lon="11.2565383874"><ele>422.23</ele><time>2026-08-30T12:07:52Z</time></trkpt><trkpt lat="48.8916077558" lon="11.2566898484"><ele>424.09</ele><time>2026-08-30T12:08:01Z</time></trkpt><trkpt lat="48.8916701172" lon="11.2568822969"><ele>424.75</ele><time>2026-08-30T12:08:08Z</time></trkpt><trkpt lat="48.8917766511" lon="11.2571710534"><ele>424.24</ele><time>2026-08-30T12:08:14Z</time></trkpt><trkpt lat="48.8919370808" lon="11.2574870512"><ele>423.82</ele><time>2026-08-30T12:08:21Z</time></trkpt><trkpt lat="48.8920555171" lon="11.2577888835"><ele>423.71</ele><time>2026-08-30T12:08:28Z</time></trkpt><trkpt lat="48.8921579439" lon="11.2580300309"><ele>423.81</ele><time>2026-08-30T12:08:33Z</time></trkpt><trkpt lat="48.8921895437" lon="11.2582082301"><ele>423.33</ele><time>2026-08-30T12:08:37Z</time></trkpt><trkpt lat="48.8922779728" lon="11.2585528102"><ele>424.08</ele><time>2026-08-30T12:08:44Z</time></trkpt><trkpt lat="48.8924183697" lon="11.2588503677"><ele>423.89</ele><time>2026-08-30T12:08:51Z</time></trkpt><trkpt lat="48.8925448526" lon="11.2591492664"><ele>425.48</ele><time>2026-08-30T12:09:01Z</time></trkpt><trkpt lat="48.8925561681" lon="11.2592198420"><ele>425.69</ele><time>2026-08-30T12:09:03Z</time></trkpt><trkpt lat="48.8925501332" lon="11.2592594046"><ele>425.76</ele><time>2026-08-30T12:09:04Z</time></trkpt><trkpt lat="48.8925311901" lon="11.2592967879"><ele>425.80</ele><time>2026-08-30T12:09:05Z</time></trkpt><trkpt lat="48.8924944773" lon="11.2593145575"><ele>425.82</ele><time>2026-08-30T12:09:06Z</time></trkpt><trkpt lat="48.8924488798" lon="11.2593056727"><ele>425.76</ele><time>2026-08-30T12:09:07Z</time></trkpt><trkpt lat="48.8924036175" lon="11.2592709716"><ele>425.48</ele><time>2026-08-30T12:09:08Z</time></trkpt><trkpt lat="48.8923590258" lon="11.2592197582"><ele>424.91</ele><time>2026-08-30T12:09:09Z</time></trkpt><trkpt lat="48.8923134282" lon="11.2591607496"><ele>423.99</ele><time>2026-08-30T12:09:10Z</time></trkpt><trkpt lat="48.8920877874" lon="11.2588432431"><ele>419.96</ele><time>2026-08-30T12:09:14Z</time></trkpt><trkpt lat="48.8920181338" lon="11.2587621063"><ele>418.97</ele><time>2026-08-30T12:09:15Z</time></trkpt><trkpt lat="48.8918720372" lon="11.2585987430"><ele>416.83</ele><time>2026-08-30T12:09:17Z</time></trkpt><trkpt lat="48.8918166328" lon="11.2584973220"><ele>415.67</ele><time>2026-08-30T12:09:18Z</time></trkpt><trkpt lat="48.8917775732" lon="11.2583792210"><ele>414.48</ele><time>2026-08-30T12:09:19Z</time></trkpt><trkpt lat="48.8917393517" lon="11.2582620420"><ele>413.37</ele><time>2026-08-30T12:09:20Z</time></trkpt><trkpt lat="48.8916890603" lon="11.2581653986"><ele>412.39</ele><time>2026-08-30T12:09:21Z</time></trkpt><trkpt lat="48.8916261122" lon="11.2581032049"><ele>411.40</ele><time>2026-08-30T12:09:22Z</time></trkpt><trkpt lat="48.8915512618" lon="11.2580747064"><ele>410.52</ele><time>2026-08-30T12:09:23Z</time></trkpt><trkpt lat="48.8914666884" lon="11.2580592837"><ele>409.91</ele><time>2026-08-30T12:09:24Z</time></trkpt><trkpt lat="48.8912791014" lon="11.2580129318"><ele>408.73</ele><time>2026-08-30T12:09:26Z</time></trkpt><trkpt lat="48.8911821228" lon="11.2579675019"><ele>407.62</ele><time>2026-08-30T12:09:27Z</time></trkpt><trkpt lat="48.8910871558" lon="11.2579069845"><ele>406.09</ele><time>2026-08-30T12:09:28Z</time></trkpt><trkpt lat="48.8908113074" lon="11.2576916534"><ele>401.91</ele><time>2026-08-30T12:09:31Z</time></trkpt><trkpt lat="48.8904430903" lon="11.2574990373"><ele>398.86</ele><time>2026-08-30T12:09:35Z</time></trkpt><trkpt lat="48.8902019430" lon="11.2574436329"><ele>397.66</ele><time>2026-08-30T12:09:39Z</time></trkpt><trkpt lat="48.8901451137" lon="11.2574310601"><ele>397.61</ele><time>2026-08-30T12:09:40Z</time></trkpt><trkpt lat="48.8900830038" lon="11.2574292161"><ele>397.56</ele><time>2026-08-30T12:09:41Z</time></trkpt><trkpt lat="48.8897894695" lon="11.2574500032"><ele>396.08</ele><time>2026-08-30T12:09:45Z</time></trkpt><trkpt lat="48.8897140324" lon="11.2574820220"><ele>395.48</ele><time>2026-08-30T12:09:46Z</time></trkpt><trkpt lat="48.8896519225" lon="11.2575314753"><ele>394.81</ele><time>2026-08-30T12:09:47Z</time></trkpt><trkpt lat="48.8896110188" lon="11.2575863767"><ele>394.07</ele><time>2026-08-30T12:09:48Z</time></trkpt><trkpt lat="48.8895893935" lon="11.2576445471"><ele>393.28</ele><time>2026-08-30T12:09:49Z</time></trkpt><trkpt lat="48.8895826880" lon="11.2577069085"><ele>392.61</ele><time>2026-08-30T12:09:50Z</time></trkpt><trkpt lat="48.8895912375" lon="11.2577701919"><ele>392.17</ele><time>2026-08-30T12:09:51Z</time></trkpt><trkpt lat="48.8896080013" lon="11.2578245066"><ele>391.87</ele><time>2026-08-30T12:09:52Z</time></trkpt><trkpt lat="48.8896325603" lon="11.2578772288"><ele>391.58</ele><time>2026-08-30T12:09:53Z</time></trkpt><trkpt lat="48.8896611426" lon="11.2579304539"><ele>391.24</ele><time>2026-08-30T12:09:54Z</time></trkpt><trkpt lat="48.8896978553" lon="11.2579813320"><ele>390.89</ele><time>2026-08-30T12:09:55Z</time></trkpt><trkpt lat="48.8897351548" lon="11.2580304500"><ele>390.59</ele><time>2026-08-30T12:09:56Z</time></trkpt><trkpt lat="48.8899723627" lon="11.2583839986"><ele>389.40</ele><time>2026-08-30T12:10:02Z</time></trkpt><trkpt lat="48.8900019508" lon="11.2584660575"><ele>388.94</ele><time>2026-08-30T12:10:03Z</time></trkpt><trkpt lat="48.8900127634" lon="11.2585515529"><ele>388.67</ele><time>2026-08-30T12:10:04Z</time></trkpt><trkpt lat="48.8900127634" lon="11.2586272415"><ele>388.39</ele><time>2026-08-30T12:10:05Z</time></trkpt><trkpt lat="48.8899964187" lon="11.2586959731"><ele>388.10</ele><time>2026-08-30T12:10:06Z</time></trkpt><trkpt lat="48.8899726141" lon="11.2587566581"><ele>387.84</ele><time>2026-08-30T12:10:07Z</time></trkpt><trkpt lat="48.8899447024" lon="11.2588174269"><ele>387.65</ele><time>2026-08-30T12:10:08Z</time></trkpt><trkpt lat="48.8896909822" lon="11.2593024038"><ele>386.50</ele><time>2026-08-30T12:10:16Z</time></trkpt><trkpt lat="48.8894184027" lon="11.2598018814"><ele>384.54</ele><time>2026-08-30T12:10:23Z</time></trkpt><trkpt lat="48.8892141357" lon="11.2602115888"><ele>381.76</ele><time>2026-08-30T12:10:28Z</time></trkpt><trkpt lat="48.8889658637" lon="11.2606986612"><ele>382.47</ele><time>2026-08-30T12:10:35Z</time></trkpt><trkpt lat="48.8889335096" lon="11.2607541494"><ele>382.58</ele><time>2026-08-30T12:10:36Z</time></trkpt><trkpt lat="48.8888928574" lon="11.2607975677"><ele>382.70</ele><time>2026-08-30T12:10:37Z</time></trkpt><trkpt lat="48.8888465054" lon="11.2608087156"><ele>382.78</ele><time>2026-08-30T12:10:38Z</time></trkpt><trkpt lat="48.8888028357" lon="11.2607856654"><ele>382.81</ele><time>2026-08-30T12:10:39Z</time></trkpt><trkpt lat="48.8887663744" lon="11.2607430853"><ele>382.83</ele><time>2026-08-30T12:10:40Z</time></trkpt><trkpt lat="48.8887321763" lon="11.2606907822"><ele>382.83</ele><time>2026-08-30T12:10:41Z</time></trkpt><trkpt lat="48.8886941224" lon="11.2606505491"><ele>382.81</ele><time>2026-08-30T12:10:42Z</time></trkpt><trkpt lat="48.8886513747" lon="11.2606431730"><ele>382.81</ele><time>2026-08-30T12:10:43Z</time></trkpt><trkpt lat="48.8886078727" lon="11.2606656365"><ele>382.80</ele><time>2026-08-30T12:10:44Z</time></trkpt><trkpt lat="48.8885635324" lon="11.2607006729"><ele>382.80</ele><time>2026-08-30T12:10:45Z</time></trkpt><trkpt lat="48.8885178510" lon="11.2607393134"><ele>382.80</ele><time>2026-08-30T12:10:46Z</time></trkpt><trkpt lat="48.8883507997" lon="11.2609316781"><ele>382.18</ele><time>2026-08-30T12:10:50Z</time></trkpt><trkpt lat="48.8883314375" lon="11.2609940395"><ele>381.94</ele><time>2026-08-30T12:10:51Z</time></trkpt><trkpt lat="48.8883316051" lon="11.2610577419"><ele>381.91</ele><time>2026-08-30T12:10:52Z</time></trkpt><trkpt lat="48.8883581758" lon="11.2614523619"><ele>383.56</ele><time>2026-08-30T12:10:59Z</time></trkpt><trkpt lat="48.8882673997" lon="11.2617022265"><ele>384.71</ele><time>2026-08-30T12:11:05Z</time></trkpt><trkpt lat="48.8882222213" lon="11.2618363369"><ele>384.71</ele><time>2026-08-30T12:11:08Z</time></trkpt><trkpt lat="48.8882264961" lon="11.2618893106"><ele>384.68</ele><time>2026-08-30T12:11:09Z</time></trkpt><trkpt lat="48.8882343750" lon="11.2619411945"><ele>384.64</ele><time>2026-08-30T12:11:10Z</time></trkpt><trkpt lat="48.8882385660" lon="11.2619933300"><ele>384.60</ele><time>2026-08-30T12:11:11Z</time></trkpt><trkpt lat="48.8882332854" lon="11.2620452140"><ele>384.54</ele><time>2026-08-30T12:11:12Z</time></trkpt><trkpt lat="48.8882235624" lon="11.2620900571"><ele>384.48</ele><time>2026-08-30T12:11:13Z</time></trkpt><trkpt lat="48.8882062957" lon="11.2621350680"><ele>384.35</ele><time>2026-08-30T12:11:14Z</time></trkpt><trkpt lat="48.8881828263" lon="11.2621799950"><ele>384.35</ele><time>2026-08-30T12:11:15Z</time></trkpt><trkpt lat="48.8881580159" lon="11.2622249220"><ele>384.28</ele><time>2026-08-30T12:11:16Z</time></trkpt><trkpt lat="48.8878825866" lon="11.2627234776"><ele>383.69</ele><time>2026-08-30T12:11:26Z</time></trkpt><trkpt lat="48.8876077440" lon="11.2632538844"><ele>383.70</ele><time>2026-08-30T12:11:36Z</time></trkpt><trkpt lat="48.8875341509" lon="11.2634175830"><ele>383.71</ele><time>2026-08-30T12:11:39Z</time></trkpt><trkpt lat="48.8875160459" lon="11.2634791061"><ele>383.71</ele><time>2026-08-30T12:11:40Z</time></trkpt><trkpt lat="48.8875047304" lon="11.2635464128"><ele>383.68</ele><time>2026-08-30T12:11:41Z</time></trkpt><trkpt lat="48.8874966837" lon="11.2636156473"><ele>383.63</ele><time>2026-08-30T12:11:42Z</time></trkpt><trkpt lat="48.8874933310" lon="11.2636844628"><ele>383.57</ele><time>2026-08-30T12:11:43Z</time></trkpt><trkpt lat="48.8874964323" lon="11.2637526076"><ele>383.54</ele><time>2026-08-30T12:11:44Z</time></trkpt><trkpt lat="48.8875047304" lon="11.2638191599"><ele>383.53</ele><time>2026-08-30T12:11:45Z</time></trkpt><trkpt lat="48.8875183929" lon="11.2638837844"><ele>383.53</ele><time>2026-08-30T12:11:46Z</time></trkpt><trkpt lat="48.8875352405" lon="11.2639496662"><ele>383.59</ele><time>2026-08-30T12:11:47Z</time></trkpt><trkpt lat="48.8875896391" lon="11.2641401030"><ele>383.76</ele><time>2026-08-30T12:11:50Z</time></trkpt><trkpt lat="48.8876067381" lon="11.2642010394"><ele>383.79</ele><time>2026-08-30T12:11:51Z</time></trkpt><trkpt lat="48.8876820914" lon="11.2645096611"><ele>384.15</ele><time>2026-08-30T12:11:56Z</time></trkpt><trkpt lat="48.8877530023" lon="11.2649740186"><ele>384.44</ele><time>2026-08-30T12:12:03Z</time></trkpt><trkpt lat="48.8877678383" lon="11.2654914334"><ele>384.39</ele><time>2026-08-30T12:12:10Z</time></trkpt><trkpt lat="48.8877789862" lon="11.2655605003"><ele>384.36</ele><time>2026-08-30T12:12:11Z</time></trkpt><trkpt lat="48.8877929002" lon="11.2656284776"><ele>384.35</ele><time>2026-08-30T12:12:12Z</time></trkpt><trkpt lat="48.8878084905" lon="11.2656952813"><ele>384.34</ele><time>2026-08-30T12:12:13Z</time></trkpt><trkpt lat="48.8878275175" lon="11.2657545414"><ele>384.32</ele><time>2026-08-30T12:12:14Z</time></trkpt><trkpt lat="48.8878498971" lon="11.2658150587"><ele>384.30</ele><time>2026-08-30T12:12:15Z</time></trkpt><trkpt lat="48.8878791500" lon="11.2658692058"><ele>384.29</ele><time>2026-08-30T12:12:16Z</time></trkpt><trkpt lat="48.8879149407" lon="11.2659140490"><ele>384.28</ele><time>2026-08-30T12:12:17Z</time></trkpt><trkpt lat="48.8879586104" lon="11.2659529410"><ele>384.28</ele><time>2026-08-30T12:12:18Z</time></trkpt><trkpt lat="48.8880061358" lon="11.2659861334"><ele>384.28</ele><time>2026-08-30T12:12:19Z</time></trkpt><trkpt lat="48.8880522363" lon="11.2660190742"><ele>384.29</ele><time>2026-08-30T12:12:20Z</time></trkpt><trkpt lat="48.8881770428" lon="11.2661225069"><ele>384.34</ele><time>2026-08-30T12:12:23Z</time></trkpt><trkpt lat="48.8884477783" lon="11.2663474772"><ele>384.84</ele><time>2026-08-30T12:12:31Z</time></trkpt><trkpt lat="48.8886992354" lon="11.2664959207"><ele>386.35</ele><time>2026-08-30T12:12:41Z</time></trkpt><trkpt lat="48.8888638560" lon="11.2666163687"><ele>387.55</ele><time>2026-08-30T12:12:49Z</time></trkpt><trkpt lat="48.8890397083" lon="11.2667426001"><ele>388.43</ele><time>2026-08-30T12:12:57Z</time></trkpt><trkpt lat="48.8892377727" lon="11.2669539917"><ele>390.07</ele><time>2026-08-30T12:13:07Z</time></trkpt><trkpt lat="48.8894828595" lon="11.2671804707"><ele>392.12</ele><time>2026-08-30T12:13:19Z</time></trkpt><trkpt lat="48.8896189816" lon="11.2672560755"><ele>393.01</ele><time>2026-08-30T12:13:27Z</time></trkpt><trkpt lat="48.8896499109" lon="11.2672597636"><ele>393.51</ele><time>2026-08-30T12:13:33Z</time></trkpt><trkpt lat="48.8896507490" lon="11.2672657147"><ele>393.62</ele><time>2026-08-30T12:13:47Z</time></trkpt><trkpt lat="48.8896669261" lon="11.2672675587"><ele>393.69</ele><time>2026-08-30T12:13:56Z</time></trkpt><trkpt lat="48.8896832708" lon="11.2672488671"><ele>388.93</ele><time>2026-08-30T12:14:35Z</time></trkpt><trkpt lat="48.8896837737" lon="11.2672493700"><ele>391.06</ele><time>2026-08-30T12:14:36Z</time></trkpt><trkpt lat="48.8896849472" lon="11.2672517169"><ele>392.99</ele><time>2026-08-30T12:14:39Z</time></trkpt><trkpt lat="48.8896816783" lon="11.2672597636"><ele>393.28</ele><time>2026-08-30T12:16:30Z</time></trkpt><trkpt lat="48.8896945864" lon="11.2672367971"><ele>393.28</ele><time>2026-08-30T12:18:25Z</time></trkpt><trkpt lat="48.8896941673" lon="11.2672481965"><ele>393.28</ele><time>2026-08-30T12:19:21Z</time></trkpt><trkpt lat="48.8896906469" lon="11.2672674749"><ele>393.28</ele><time>2026-08-30T12:19:30Z</time></trkpt><trkpt lat="48.8896963466" lon="11.2673009187"><ele>393.28</ele><time>2026-08-30T12:19:38Z</time></trkpt><trkpt lat="48.8897103444" lon="11.2673341110"><ele>393.28</ele><time>2026-08-30T12:19:40Z</time></trkpt><trkpt lat="48.8897178881" lon="11.2673566584"><ele>393.28</ele><time>2026-08-30T12:19:41Z</time></trkpt><trkpt lat="48.8897613063" lon="11.2675662898"><ele>392.91</ele><time>2026-08-30T12:19:50Z</time></trkpt><trkpt lat="48.8898176327" lon="11.2677630130"><ele>395.04</ele><time>2026-08-30T12:20:01Z</time></trkpt><trkpt lat="48.8898120169" lon="11.2677764241"><ele>395.21</ele><time>2026-08-30T12:20:02Z</time></trkpt><trkpt lat="48.8897988573" lon="11.2677781843"><ele>395.36</ele><time>2026-08-30T12:20:03Z</time></trkpt><trkpt lat="48.8896769006" lon="11.2677155714"><ele>396.50</ele><time>2026-08-30T12:20:12Z</time></trkpt><trkpt lat="48.8895551953" lon="11.2675714027"><ele>398.95</ele><time>2026-08-30T12:20:24Z</time></trkpt><trkpt lat="48.8894343283" lon="11.2674678862"><ele>401.00</ele><time>2026-08-30T12:20:35Z</time></trkpt><trkpt lat="48.8892578054" lon="11.2673840672"><ele>402.09</ele><time>2026-08-30T12:20:47Z</time></trkpt><trkpt lat="48.8890599087" lon="11.2673496176"><ele>403.13</ele><time>2026-08-30T12:21:00Z</time></trkpt><trkpt lat="48.8890096173" lon="11.2674826384"><ele>404.35</ele><time>2026-08-30T12:21:08Z</time></trkpt><trkpt lat="48.8890164066" lon="11.2675227039"><ele>404.64</ele><time>2026-08-30T12:21:10Z</time></trkpt><trkpt lat="48.8890240341" lon="11.2675400544"><ele>404.80</ele><time>2026-08-30T12:21:11Z</time></trkpt><trkpt lat="48.8891363516" lon="11.2676249631"><ele>406.24</ele><time>2026-08-30T12:21:20Z</time></trkpt><trkpt lat="48.8892441429" lon="11.2677431479"><ele>408.09</ele><time>2026-08-30T12:21:30Z</time></trkpt><trkpt lat="48.8892816100" lon="11.2678634282"><ele>409.62</ele><time>2026-08-30T12:21:39Z</time></trkpt><trkpt lat="48.8892861363" lon="11.2678730674"><ele>410.11</ele><time>2026-08-30T12:21:47Z</time></trkpt><trkpt lat="48.8892858848" lon="11.2678917591"><ele>409.96</ele><time>2026-08-30T12:23:20Z</time></trkpt><trkpt lat="48.8892916683" lon="11.2678844668"><ele>409.96</ele><time>2026-08-30T12:23:27Z</time></trkpt><trkpt lat="48.8893095218" lon="11.2678734027"><ele>409.96</ele><time>2026-08-30T12:23:32Z</time></trkpt><trkpt lat="48.8893373497" lon="11.2678697146"><ele>409.96</ele><time>2026-08-30T12:23:34Z</time></trkpt><trkpt lat="48.8893491682" lon="11.2678831257"><ele>409.96</ele><time>2026-08-30T12:23:35Z</time></trkpt><trkpt lat="48.8893604837" lon="11.2678977940"><ele>410.04</ele><time>2026-08-30T12:23:36Z</time></trkpt><trkpt lat="48.8893727213" lon="11.2679128814"><ele>410.27</ele><time>2026-08-30T12:23:37Z</time></trkpt><trkpt lat="48.8893830311" lon="11.2679296453"><ele>410.53</ele><time>2026-08-30T12:23:38Z</time></trkpt><trkpt lat="48.8893924188" lon="11.2679425534"><ele>410.76</ele><time>2026-08-30T12:23:39Z</time></trkpt><trkpt lat="48.8894034829" lon="11.2679539528"><ele>410.97</ele><time>2026-08-30T12:23:40Z</time></trkpt><trkpt lat="48.8894158881" lon="11.2679659389"><ele>411.18</ele><time>2026-08-30T12:23:41Z</time></trkpt><trkpt lat="48.8894360885" lon="11.2679924257"><ele>411.53</ele><time>2026-08-30T12:23:43Z</time></trkpt><trkpt lat="48.8894390222" lon="11.2680112850"><ele>411.85</ele><time>2026-08-30T12:23:44Z</time></trkpt><trkpt lat="48.8894431293" lon="11.2680324074"><ele>411.85</ele><time>2026-08-30T12:23:45Z</time></trkpt><trkpt lat="48.8894514274" lon="11.2680536136"><ele>412.09</ele><time>2026-08-30T12:23:46Z</time></trkpt><trkpt lat="48.8894593064" lon="11.2680733949"><ele>412.24</ele><time>2026-08-30T12:23:47Z</time></trkpt><trkpt lat="48.8895396888" lon="11.2682289630"><ele>413.36</ele><time>2026-08-30T12:23:56Z</time></trkpt><trkpt lat="48.8896276988" lon="11.2683692761"><ele>414.55</ele><time>2026-08-30T12:24:05Z</time></trkpt><trkpt lat="48.8896935806" lon="11.2685193960"><ele>416.00</ele><time>2026-08-30T12:24:15Z</time></trkpt><trkpt lat="48.8897028845" lon="11.2685320526"><ele>416.17</ele><time>2026-08-30T12:24:16Z</time></trkpt><trkpt lat="48.8897134457" lon="11.2685442902"><ele>416.37</ele><time>2026-08-30T12:24:17Z</time></trkpt><trkpt lat="48.8897383399" lon="11.2685867026"><ele>416.88</ele><time>2026-08-30T12:24:20Z</time></trkpt><trkpt lat="48.8898224104" lon="11.2687368225"><ele>418.16</ele><time>2026-08-30T12:24:29Z</time></trkpt><trkpt lat="48.8899065647" lon="11.2688873615"><ele>419.13</ele><time>2026-08-30T12:24:38Z</time></trkpt><trkpt lat="48.8899853546" lon="11.2690725178"><ele>420.69</ele><time>2026-08-30T12:24:48Z</time></trkpt><trkpt lat="48.8900581095" lon="11.2692536507"><ele>422.18</ele><time>2026-08-30T12:24:58Z</time></trkpt><trkpt lat="48.8901252486" lon="11.2694115657"><ele>423.21</ele><time>2026-08-30T12:25:07Z</time></trkpt><trkpt lat="48.8901781384" lon="11.2695616856"><ele>424.07</ele><time>2026-08-30T12:25:15Z</time></trkpt><trkpt lat="48.8902342971" lon="11.2697088718"><ele>424.87</ele><time>2026-08-30T12:25:22Z</time></trkpt><trkpt lat="48.8902927190" lon="11.2698323373"><ele>425.66</ele><time>2026-08-30T12:25:28Z</time></trkpt><trkpt lat="48.8903007656" lon="11.2698547170"><ele>425.81</ele><time>2026-08-30T12:25:29Z</time></trkpt><trkpt lat="48.8903110754" lon="11.2698752526"><ele>425.95</ele><time>2026-08-30T12:25:30Z</time></trkpt><trkpt lat="48.8903218880" lon="11.2698956206"><ele>426.07</ele><time>2026-08-30T12:25:31Z</time></trkpt><trkpt lat="48.8903302699" lon="11.2699179165"><ele>426.21</ele><time>2026-08-30T12:25:32Z</time></trkpt><trkpt lat="48.8903386518" lon="11.2699413020"><ele>426.36</ele><time>2026-08-30T12:25:33Z</time></trkpt><trkpt lat="48.8903808966" lon="11.2701792642"><ele>427.47</ele><time>2026-08-30T12:25:43Z</time></trkpt><trkpt lat="48.8903870154" lon="11.2702268735"><ele>427.72</ele><time>2026-08-30T12:25:45Z</time></trkpt><trkpt lat="48.8903845847" lon="11.2702519353"><ele>427.87</ele><time>2026-08-30T12:25:46Z</time></trkpt><trkpt lat="48.8903852552" lon="11.2702726386"><ele>428.05</ele><time>2026-08-30T12:25:47Z</time></trkpt><trkpt lat="48.8903875183" lon="11.2702921685"><ele>428.44</ele><time>2026-08-30T12:25:48Z</time></trkpt><trkpt lat="48.8903891947" lon="11.2703147158"><ele>428.63</ele><time>2026-08-30T12:25:49Z</time></trkpt><trkpt lat="48.8903873507" lon="11.2703375146"><ele>428.79</ele><time>2026-08-30T12:25:50Z</time></trkpt><trkpt lat="48.8903855905" lon="11.2703574635"><ele>428.91</ele><time>2026-08-30T12:25:51Z</time></trkpt><trkpt lat="48.8903846685" lon="11.2703774963"><ele>429.04</ele><time>2026-08-30T12:25:52Z</time></trkpt><trkpt lat="48.8903833274" lon="11.2703977805"><ele>429.22</ele><time>2026-08-30T12:25:53Z</time></trkpt><trkpt lat="48.8903780468" lon="11.2704189867"><ele>429.42</ele><time>2026-08-30T12:25:54Z</time></trkpt><trkpt lat="48.8903468661" lon="11.2705952581"><ele>430.60</ele><time>2026-08-30T12:26:02Z</time></trkpt><trkpt lat="48.8902969938" lon="11.2709086575"><ele>432.78</ele><time>2026-08-30T12:26:17Z</time></trkpt><trkpt lat="48.8902464509" lon="11.2710813247"><ele>433.97</ele><time>2026-08-30T12:26:26Z</time></trkpt><trkpt lat="48.8902002666" lon="11.2713123299"><ele>435.49</ele><time>2026-08-30T12:26:37Z</time></trkpt><trkpt lat="48.8901737798" lon="11.2714710832"><ele>436.67</ele><time>2026-08-30T12:26:45Z</time></trkpt><trkpt lat="48.8901482150" lon="11.2717151642"><ele>437.50</ele><time>2026-08-30T12:26:54Z</time></trkpt><trkpt lat="48.8901412580" lon="11.2720323354"><ele>438.28</ele><time>2026-08-30T12:27:04Z</time></trkpt><trkpt lat="48.8901401684" lon="11.2723143026"><ele>438.61</ele><time>2026-08-30T12:27:13Z</time></trkpt><trkpt lat="48.8901620451" lon="11.2723842915"><ele>438.72</ele><time>2026-08-30T12:27:17Z</time></trkpt><trkpt lat="48.8902445231" lon="11.2724059168"><ele>438.73</ele><time>2026-08-30T12:27:23Z</time></trkpt><trkpt lat="48.8902695011" lon="11.2724424619"><ele>438.87</ele><time>2026-08-30T12:27:34Z</time></trkpt><trkpt lat="48.8903399091" lon="11.2725047395"><ele>440.78</ele><time>2026-08-30T12:27:46Z</time></trkpt><trkpt lat="48.8904024381" lon="11.2725787517"><ele>441.36</ele><time>2026-08-30T12:27:56Z</time></trkpt><trkpt lat="48.8904016837" lon="11.2725873012"><ele>441.42</ele><time>2026-08-30T12:28:10Z</time></trkpt><trkpt lat="48.8904047012" lon="11.2726097647"><ele>441.41</ele><time>2026-08-30T12:28:12Z</time></trkpt><trkpt lat="48.8904672302" lon="11.2727061566"><ele>441.37</ele><time>2026-08-30T12:28:17Z</time></trkpt><trkpt lat="48.8906476088" lon="11.2729193084"><ele>441.27</ele><time>2026-08-30T12:28:27Z</time></trkpt><trkpt lat="48.8908413146" lon="11.2731058057"><ele>441.90</ele><time>2026-08-30T12:28:38Z</time></trkpt><trkpt lat="48.8908992335" lon="11.2731227372"><ele>441.93</ele><time>2026-08-30T12:28:41Z</time></trkpt><trkpt lat="48.8908998203" lon="11.2732042931"><ele>442.20</ele><time>2026-08-30T12:28:47Z</time></trkpt><trkpt lat="48.8909014128" lon="11.2732059695"><ele>442.54</ele><time>2026-08-30T12:28:59Z</time></trkpt><trkpt lat="48.8909098785" lon="11.2731900439"><ele>441.69</ele><time>2026-08-30T12:30:01Z</time></trkpt><trkpt lat="48.8909026701" lon="11.2731995992"><ele>441.83</ele><time>2026-08-30T12:33:16Z</time></trkpt><trkpt lat="48.8909022510" lon="11.2731865235"><ele>441.83</ele><time>2026-08-30T12:35:10Z</time></trkpt><trkpt lat="48.8908954617" lon="11.2731977552"><ele>441.83</ele><time>2026-08-30T12:37:40Z</time></trkpt><trkpt lat="48.8908900134" lon="11.2731951568"><ele>441.83</ele><time>2026-08-30T12:40:27Z</time></trkpt><trkpt lat="48.8908743393" lon="11.2732022814"><ele>441.83</ele><time>2026-08-30T12:42:01Z</time></trkpt><trkpt lat="48.8908463437" lon="11.2732140161"><ele>444.11</ele><time>2026-08-30T12:42:09Z</time></trkpt><trkpt lat="48.8908303343" lon="11.2732036225"><ele>444.09</ele><time>2026-08-30T12:42:11Z</time></trkpt><trkpt lat="48.8907644525" lon="11.2731124274"><ele>444.00</ele><time>2026-08-30T12:42:16Z</time></trkpt><trkpt lat="48.8905838225" lon="11.2728192285"><ele>443.28</ele><time>2026-08-30T12:42:25Z</time></trkpt><trkpt lat="48.8903427590" lon="11.2725121155"><ele>442.90</ele><time>2026-08-30T12:42:34Z</time></trkpt><trkpt lat="48.8902880251" lon="11.2724336609"><ele>442.82</ele><time>2026-08-30T12:42:37Z</time></trkpt><trkpt lat="48.8901947346" lon="11.2723788433"><ele>442.64</ele><time>2026-08-30T12:42:40Z</time></trkpt><trkpt lat="48.8901754562" lon="11.2724158075"><ele>442.27</ele><time>2026-08-30T12:42:41Z</time></trkpt><trkpt lat="48.8901679125" lon="11.2724567112"><ele>441.74</ele><time>2026-08-30T12:42:42Z</time></trkpt><trkpt lat="48.8901551720" lon="11.2727489043"><ele>440.99</ele><time>2026-08-30T12:42:48Z</time></trkpt><trkpt lat="48.8901263382" lon="11.2733071391"><ele>441.28</ele><time>2026-08-30T12:42:59Z</time></trkpt><trkpt lat="48.8901340496" lon="11.2736616097"><ele>442.06</ele><time>2026-08-30T12:43:07Z</time></trkpt><trkpt lat="48.8901461195" lon="11.2742661964"><ele>443.96</ele><time>2026-08-30T12:43:22Z</time></trkpt><trkpt lat="48.8901664875" lon="11.2747024745"><ele>445.04</ele><time>2026-08-30T12:43:33Z</time></trkpt><trkpt lat="48.8901953213" lon="11.2752270978"><ele>446.21</ele><time>2026-08-30T12:43:46Z</time></trkpt><trkpt lat="48.8902349677" lon="11.2755965721"><ele>447.15</ele><time>2026-08-30T12:43:55Z</time></trkpt><trkpt lat="48.8903020229" lon="11.2760783639"><ele>448.38</ele><time>2026-08-30T12:44:07Z</time></trkpt><trkpt lat="48.8903541584" lon="11.2764572259"><ele>449.69</ele><time>2026-08-30T12:44:17Z</time></trkpt><trkpt lat="48.8903985824" lon="11.2770073302"><ele>451.04</ele><time>2026-08-30T12:44:31Z</time></trkpt><trkpt lat="48.8904220518" lon="11.2774928100"><ele>452.10</ele><time>2026-08-30T12:44:43Z</time></trkpt><trkpt lat="48.8904485386" lon="11.2778903637"><ele>453.08</ele><time>2026-08-30T12:44:53Z</time></trkpt><trkpt lat="48.8904406596" lon="11.2783018313"><ele>453.70</ele><time>2026-08-30T12:45:03Z</time></trkpt><trkpt lat="48.8903902005" lon="11.2786420528"><ele>454.38</ele><time>2026-08-30T12:45:12Z</time></trkpt><trkpt lat="48.8903468661" lon="11.2789740600"><ele>455.29</ele><time>2026-08-30T12:45:21Z</time></trkpt><trkpt lat="48.8903419208" lon="11.2790060788"><ele>455.37</ele><time>2026-08-30T12:45:22Z</time></trkpt><trkpt lat="48.8903336227" lon="11.2790435459"><ele>455.47</ele><time>2026-08-30T12:45:23Z</time></trkpt><trkpt lat="48.8903260790" lon="11.2790781632"><ele>455.58</ele><time>2026-08-30T12:45:24Z</time></trkpt><trkpt lat="48.8903178647" lon="11.2791177258"><ele>455.70</ele><time>2026-08-30T12:45:25Z</time></trkpt><trkpt lat="48.8903093152" lon="11.2791546900"><ele>455.85</ele><time>2026-08-30T12:45:26Z</time></trkpt><trkpt lat="48.8903020229" lon="11.2791985273"><ele>456.02</ele><time>2026-08-30T12:45:27Z</time></trkpt><trkpt lat="48.8902809843" lon="11.2793071568"><ele>456.66</ele><time>2026-08-30T12:45:31Z</time></trkpt><trkpt lat="48.8902838342" lon="11.2793367449"><ele>456.78</ele><time>2026-08-30T12:45:32Z</time></trkpt><trkpt lat="48.8902838342" lon="11.2793710269"><ele>456.88</ele><time>2026-08-30T12:45:33Z</time></trkpt><trkpt lat="48.8902571797" lon="11.2795984279"><ele>457.46</ele><time>2026-08-30T12:45:40Z</time></trkpt><trkpt lat="48.8902204670" lon="11.2798184529"><ele>457.79</ele><time>2026-08-30T12:45:47Z</time></trkpt><trkpt lat="48.8901616260" lon="11.2800579239"><ele>458.19</ele><time>2026-08-30T12:45:53Z</time></trkpt><trkpt lat="48.8901194651" lon="11.2803043518"><ele>458.23</ele><time>2026-08-30T12:46:00Z</time></trkpt><trkpt lat="48.8900643960" lon="11.2805745844"><ele>458.26</ele><time>2026-08-30T12:46:07Z</time></trkpt><trkpt lat="48.8899861090" lon="11.2808350101"><ele>458.20</ele><time>2026-08-30T12:46:13Z</time></trkpt><trkpt lat="48.8899157848" lon="11.2810915802"><ele>457.90</ele><time>2026-08-30T12:46:19Z</time></trkpt><trkpt lat="48.8899013679" lon="11.2813370861"><ele>457.59</ele><time>2026-08-30T12:46:25Z</time></trkpt><trkpt lat="48.8899975922" lon="11.2816083245"><ele>457.65</ele><time>2026-08-30T12:46:32Z</time></trkpt><trkpt lat="48.8900837582" lon="11.2818257511"><ele>457.62</ele><time>2026-08-30T12:46:37Z</time></trkpt><trkpt lat="48.8902208861" lon="11.2821862567"><ele>457.70</ele><time>2026-08-30T12:46:44Z</time></trkpt><trkpt lat="48.8903611153" lon="11.2825439125"><ele>457.39</ele><time>2026-08-30T12:46:50Z</time></trkpt><trkpt lat="48.8904702477" lon="11.2828454096"><ele>457.06</ele><time>2026-08-30T12:46:55Z</time></trkpt><trkpt lat="48.8904798031" lon="11.2829113752"><ele>456.95</ele><time>2026-08-30T12:46:56Z</time></trkpt><trkpt lat="48.8904860895" lon="11.2829745747"><ele>456.83</ele><time>2026-08-30T12:46:57Z</time></trkpt><trkpt lat="48.8904885203" lon="11.2830369361"><ele>456.72</ele><time>2026-08-30T12:46:58Z</time></trkpt><trkpt lat="48.8904874306" lon="11.2830974534"><ele>456.68</ele><time>2026-08-30T12:46:59Z</time></trkpt><trkpt lat="48.8904852513" lon="11.2831583060"><ele>456.65</ele><time>2026-08-30T12:47:00Z</time></trkpt><trkpt lat="48.8904780429" lon="11.2834559474"><ele>456.57</ele><time>2026-08-30T12:47:05Z</time></trkpt><trkpt lat="48.8904767018" lon="11.2835191470"><ele>456.47</ele><time>2026-08-30T12:47:06Z</time></trkpt><trkpt lat="48.8904721756" lon="11.2835823465"><ele>456.36</ele><time>2026-08-30T12:47:07Z</time></trkpt><trkpt lat="48.8904719241" lon="11.2836489826"><ele>456.29</ele><time>2026-08-30T12:47:08Z</time></trkpt><trkpt lat="48.8904715050" lon="11.2837141939"><ele>456.24</ele><time>2026-08-30T12:47:09Z</time></trkpt><trkpt lat="48.8904668111" lon="11.2837886252"><ele>456.16</ele><time>2026-08-30T12:47:10Z</time></trkpt><trkpt lat="48.8904560823" lon="11.2839352246"><ele>455.86</ele><time>2026-08-30T12:47:12Z</time></trkpt><trkpt lat="48.8904576749" lon="11.2840135954"><ele>455.69</ele><time>2026-08-30T12:47:13Z</time></trkpt><trkpt lat="48.8904536515" lon="11.2843303476"><ele>454.56</ele><time>2026-08-30T12:47:17Z</time></trkpt><trkpt lat="48.8905004226" lon="11.2849105429"><ele>453.91</ele><time>2026-08-30T12:47:25Z</time></trkpt><trkpt lat="48.8905850798" lon="11.2851271313"><ele>454.37</ele><time>2026-08-30T12:47:30Z</time></trkpt><trkpt lat="48.8906928711" lon="11.2853184063"><ele>455.51</ele><time>2026-08-30T12:47:36Z</time></trkpt><trkpt lat="48.8908484392" lon="11.2855799217"><ele>456.25</ele><time>2026-08-30T12:47:44Z</time></trkpt><trkpt lat="48.8909890875" lon="11.2857627310"><ele>456.71</ele><time>2026-08-30T12:47:50Z</time></trkpt><trkpt lat="48.8911487628" lon="11.2859643158"><ele>456.93</ele><time>2026-08-30T12:47:57Z</time></trkpt><trkpt lat="48.8913225196" lon="11.2862421758"><ele>456.56</ele><time>2026-08-30T12:48:04Z</time></trkpt><trkpt lat="48.8914515171" lon="11.2866936252"><ele>456.76</ele><time>2026-08-30T12:48:13Z</time></trkpt><trkpt lat="48.8915396947" lon="11.2870746665"><ele>457.41</ele><time>2026-08-30T12:48:21Z</time></trkpt><trkpt lat="48.8916054089" lon="11.2873863894"><ele>457.95</ele><time>2026-08-30T12:48:28Z</time></trkpt><trkpt lat="48.8916824386" lon="11.2877562828"><ele>458.14</ele><time>2026-08-30T12:48:36Z</time></trkpt><trkpt lat="48.8917437941" lon="11.2880951632"><ele>458.15</ele><time>2026-08-30T12:48:43Z</time></trkpt><trkpt lat="48.8917740528" lon="11.2886096444"><ele>458.08</ele><time>2026-08-30T12:48:53Z</time></trkpt><trkpt lat="48.8917533495" lon="11.2889928650"><ele>457.96</ele><time>2026-08-30T12:49:01Z</time></trkpt><trkpt lat="48.8917489909" lon="11.2893397082"><ele>458.13</ele><time>2026-08-30T12:49:08Z</time></trkpt><trkpt lat="48.8917255215" lon="11.2897475716"><ele>457.86</ele><time>2026-08-30T12:49:16Z</time></trkpt><trkpt lat="48.8916973583" lon="11.2901448738"><ele>458.06</ele><time>2026-08-30T12:49:24Z</time></trkpt><trkpt lat="48.8916366734" lon="11.2906197086"><ele>458.58</ele><time>2026-08-30T12:49:35Z</time></trkpt><trkpt lat="48.8916161377" lon="11.2909061182"><ele>459.62</ele><time>2026-08-30T12:49:42Z</time></trkpt><trkpt lat="48.8916268665" lon="11.2911926117"><ele>459.99</ele><time>2026-08-30T12:49:49Z</time></trkpt><trkpt lat="48.8916206639" lon="11.2914031651"><ele>460.19</ele><time>2026-08-30T12:49:55Z</time></trkpt><trkpt lat="48.8916289620" lon="11.2916852999"><ele>460.61</ele><time>2026-08-30T12:50:02Z</time></trkpt><trkpt lat="48.8916348293" lon="11.2919617351"><ele>460.86</ele><time>2026-08-30T12:50:08Z</time></trkpt><trkpt lat="48.8916351646" lon="11.2921388447"><ele>461.07</ele><time>2026-08-30T12:50:12Z</time></trkpt><trkpt lat="48.8916417025" lon="11.2923838478"><ele>461.14</ele><time>2026-08-30T12:50:17Z</time></trkpt><trkpt lat="48.8916444685" lon="11.2925466243"><ele>461.01</ele><time>2026-08-30T12:50:21Z</time></trkpt><trkpt lat="48.8916541915" lon="11.2929255702"><ele>461.07</ele><time>2026-08-30T12:50:28Z</time></trkpt><trkpt lat="48.8916995376" lon="11.2934390455"><ele>461.48</ele><time>2026-08-30T12:50:37Z</time></trkpt><trkpt lat="48.8917614799" lon="11.2938507646"><ele>461.49</ele><time>2026-08-30T12:50:45Z</time></trkpt><trkpt lat="48.8918200694" lon="11.2942882162"><ele>461.29</ele><time>2026-08-30T12:50:54Z</time></trkpt><trkpt lat="48.8918390125" lon="11.2944408506"><ele>461.23</ele><time>2026-08-30T12:50:58Z</time></trkpt><trkpt lat="48.8918463048" lon="11.2944853585"><ele>461.24</ele><time>2026-08-30T12:50:59Z</time></trkpt><trkpt lat="48.8918569498" lon="11.2945317943"><ele>461.25</ele><time>2026-08-30T12:51:00Z</time></trkpt><trkpt lat="48.8918641582" lon="11.2945775595"><ele>461.26</ele><time>2026-08-30T12:51:01Z</time></trkpt><trkpt lat="48.8918696065" lon="11.2946279347"><ele>461.27</ele><time>2026-08-30T12:51:02Z</time></trkpt><trkpt lat="48.8918791618" lon="11.2946695089"><ele>461.29</ele><time>2026-08-30T12:51:03Z</time></trkpt><trkpt lat="48.8918896392" lon="11.2947101612"><ele>461.30</ele><time>2026-08-30T12:51:04Z</time></trkpt><trkpt lat="48.8919038884" lon="11.2949929666"><ele>461.35</ele><time>2026-08-30T12:51:10Z</time></trkpt><trkpt lat="48.8918945845" lon="11.2954020035"><ele>460.99</ele><time>2026-08-30T12:51:17Z</time></trkpt><trkpt lat="48.8919172995" lon="11.2956885807"><ele>460.30</ele><time>2026-08-30T12:51:22Z</time></trkpt><trkpt lat="48.8919378351" lon="11.2959838752"><ele>459.76</ele><time>2026-08-30T12:51:27Z</time></trkpt><trkpt lat="48.8919535931" lon="11.2962639984"><ele>459.07</ele><time>2026-08-30T12:51:31Z</time></trkpt><trkpt lat="48.8919940777" lon="11.2965579517"><ele>458.87</ele><time>2026-08-30T12:51:36Z</time></trkpt><trkpt lat="48.8920416869" lon="11.2967935670"><ele>459.72</ele><time>2026-08-30T12:51:42Z</time></trkpt><trkpt lat="48.8920580316" lon="11.2970597763"><ele>460.57</ele><time>2026-08-30T12:51:49Z</time></trkpt><trkpt lat="48.8920261804" lon="11.2973207049"><ele>461.37</ele><time>2026-08-30T12:51:56Z</time></trkpt><trkpt lat="48.8920181338" lon="11.2973625306"><ele>461.44</ele><time>2026-08-30T12:51:57Z</time></trkpt><trkpt lat="48.8920575287" lon="11.2977182586"><ele>462.17</ele><time>2026-08-30T12:52:06Z</time></trkpt><trkpt lat="48.8920770586" lon="11.2980001420"><ele>462.54</ele><time>2026-08-30T12:52:13Z</time></trkpt><trkpt lat="48.8921156991" lon="11.2983584683"><ele>463.35</ele><time>2026-08-30T12:52:22Z</time></trkpt><trkpt lat="48.8921518251" lon="11.2987064011"><ele>464.40</ele><time>2026-08-30T12:52:31Z</time></trkpt><trkpt lat="48.8921680860" lon="11.2990203872"><ele>465.17</ele><time>2026-08-30T12:52:40Z</time></trkpt><trkpt lat="48.8921693433" lon="11.2993262429"><ele>466.31</ele><time>2026-08-30T12:52:49Z</time></trkpt><trkpt lat="48.8921212312" lon="11.2996683083"><ele>466.99</ele><time>2026-08-30T12:52:58Z</time></trkpt><trkpt lat="48.8920997735" lon="11.2998936139"><ele>467.53</ele><time>2026-08-30T12:53:05Z</time></trkpt><trkpt lat="48.8920903858" lon="11.3000227790"><ele>468.02</ele><time>2026-08-30T12:53:09Z</time></trkpt><trkpt lat="48.8920851890" lon="11.3000528701"><ele>468.13</ele><time>2026-08-30T12:53:10Z</time></trkpt><trkpt lat="48.8920592889" lon="11.3002793491"><ele>469.16</ele><time>2026-08-30T12:53:18Z</time></trkpt><trkpt lat="48.8920473866" lon="11.3005013019"><ele>470.07</ele><time>2026-08-30T12:53:25Z</time></trkpt><trkpt lat="48.8920381665" lon="11.3007532619"><ele>471.21</ele><time>2026-08-30T12:53:33Z</time></trkpt><trkpt lat="48.8920080755" lon="11.3009902183"><ele>472.04</ele><time>2026-08-30T12:53:41Z</time></trkpt><trkpt lat="48.8920125179" lon="11.3012659829"><ele>473.07</ele><time>2026-08-30T12:53:50Z</time></trkpt><trkpt lat="48.8919906411" lon="11.3015060406"><ele>473.93</ele><time>2026-08-30T12:53:58Z</time></trkpt><trkpt lat="48.8919825945" lon="11.3017302565"><ele>474.38</ele><time>2026-08-30T12:54:04Z</time></trkpt><trkpt lat="48.8919592090" lon="11.3019239623"><ele>474.68</ele><time>2026-08-30T12:54:11Z</time></trkpt><trkpt lat="48.8919404335" lon="11.3021608349"><ele>475.01</ele><time>2026-08-30T12:54:18Z</time></trkpt><trkpt lat="48.8919237535" lon="11.3024198357"><ele>475.66</ele><time>2026-08-30T12:54:26Z</time></trkpt><trkpt lat="48.8919105940" lon="11.3026647549"><ele>476.36</ele><time>2026-08-30T12:54:33Z</time></trkpt><trkpt lat="48.8918701932" lon="11.3029615581"><ele>477.08</ele><time>2026-08-30T12:54:41Z</time></trkpt><trkpt lat="48.8918617275" lon="11.3032115903"><ele>477.59</ele><time>2026-08-30T12:54:48Z</time></trkpt><trkpt lat="48.8918572012" lon="11.3034522347"><ele>478.05</ele><time>2026-08-30T12:54:55Z</time></trkpt><trkpt lat="48.8918374199" lon="11.3037358783"><ele>478.60</ele><time>2026-08-30T12:55:03Z</time></trkpt><trkpt lat="48.8918377552" lon="11.3037762791"><ele>478.72</ele><time>2026-08-30T12:55:04Z</time></trkpt><trkpt lat="48.8918361627" lon="11.3038165122"><ele>478.80</ele><time>2026-08-30T12:55:05Z</time></trkpt><trkpt lat="48.8918271102" lon="11.3040679693"><ele>479.22</ele><time>2026-08-30T12:55:12Z</time></trkpt><trkpt lat="48.8917973544" lon="11.3044892438"><ele>480.02</ele><time>2026-08-30T12:55:22Z</time></trkpt><trkpt lat="48.8917924929" lon="11.3047645893"><ele>480.47</ele><time>2026-08-30T12:55:29Z</time></trkpt><trkpt lat="48.8917681854" lon="11.3050903101"><ele>481.09</ele><time>2026-08-30T12:55:38Z</time></trkpt><trkpt lat="48.8917418662" lon="11.3053854369"><ele>481.33</ele><time>2026-08-30T12:55:45Z</time></trkpt><trkpt lat="48.8917195704" lon="11.3056036178"><ele>481.39</ele><time>2026-08-30T12:55:50Z</time></trkpt><trkpt lat="48.8916943409" lon="11.3058852497"><ele>481.66</ele><time>2026-08-30T12:55:56Z</time></trkpt><trkpt lat="48.8916636631" lon="11.3062127307"><ele>481.86</ele><time>2026-08-30T12:56:04Z</time></trkpt><trkpt lat="48.8916596398" lon="11.3063955400"><ele>481.84</ele><time>2026-08-30T12:56:08Z</time></trkpt><trkpt lat="48.8916473184" lon="11.3067900762"><ele>481.40</ele><time>2026-08-30T12:56:15Z</time></trkpt><trkpt lat="48.8916154671" lon="11.3071228378"><ele>481.19</ele><time>2026-08-30T12:56:20Z</time></trkpt><trkpt lat="48.8915789220" lon="11.3077129237"><ele>480.25</ele><time>2026-08-30T12:56:29Z</time></trkpt><trkpt lat="48.8915163092" lon="11.3081450947"><ele>479.79</ele><time>2026-08-30T12:56:36Z</time></trkpt><trkpt lat="48.8914733939" lon="11.3085794449"><ele>479.28</ele><time>2026-08-30T12:56:44Z</time></trkpt><trkpt lat="48.8914537802" lon="11.3089329097"><ele>479.17</ele><time>2026-08-30T12:56:51Z</time></trkpt><trkpt lat="48.8914793450" lon="11.3092883863"><ele>478.68</ele><time>2026-08-30T12:56:58Z</time></trkpt><trkpt lat="48.8914224319" lon="11.3097924739"><ele>478.48</ele><time>2026-08-30T12:57:06Z</time></trkpt><trkpt lat="48.8913485873" lon="11.3104634453"><ele>478.44</ele><time>2026-08-30T12:57:16Z</time></trkpt><trkpt lat="48.8913180772" lon="11.3108050078"><ele>478.30</ele><time>2026-08-30T12:57:22Z</time></trkpt><trkpt lat="48.8913019840" lon="11.3111691177"><ele>478.41</ele><time>2026-08-30T12:57:29Z</time></trkpt><trkpt lat="48.8912984636" lon="11.3115232531"><ele>478.63</ele><time>2026-08-30T12:57:35Z</time></trkpt><trkpt lat="48.8912731502" lon="11.3118389156"><ele>478.84</ele><time>2026-08-30T12:57:41Z</time></trkpt><trkpt lat="48.8912582304" lon="11.3121953979"><ele>479.36</ele><time>2026-08-30T12:57:48Z</time></trkpt><trkpt lat="48.8912483398" lon="11.3122482039"><ele>479.40</ele><time>2026-08-30T12:57:49Z</time></trkpt><trkpt lat="48.8912301511" lon="11.3123451825"><ele>479.43</ele><time>2026-08-30T12:57:51Z</time></trkpt><trkpt lat="48.8912301511" lon="11.3123967312"><ele>479.46</ele><time>2026-08-30T12:57:52Z</time></trkpt><trkpt lat="48.8912239484" lon="11.3124470226"><ele>479.52</ele><time>2026-08-30T12:57:53Z</time></trkpt><trkpt lat="48.8912212662" lon="11.3125006668"><ele>479.57</ele><time>2026-08-30T12:57:54Z</time></trkpt><trkpt lat="48.8912217692" lon="11.3125515450"><ele>479.62</ele><time>2026-08-30T12:57:55Z</time></trkpt><trkpt lat="48.8912044186" lon="11.3128311653"><ele>479.79</ele><time>2026-08-30T12:58:00Z</time></trkpt><trkpt lat="48.8911741599" lon="11.3133841194"><ele>480.06</ele><time>2026-08-30T12:58:10Z</time></trkpt><trkpt lat="48.8911022432" lon="11.3139169570"><ele>480.79</ele><time>2026-08-30T12:58:20Z</time></trkpt><trkpt lat="48.8910528738" lon="11.3143792190"><ele>481.29</ele><time>2026-08-30T12:58:29Z</time></trkpt><trkpt lat="48.8910412230" lon="11.3145258185"><ele>481.43</ele><time>2026-08-30T12:58:32Z</time></trkpt><trkpt lat="48.8910465874" lon="11.3145732600"><ele>481.55</ele><time>2026-08-30T12:58:33Z</time></trkpt><trkpt lat="48.8910444919" lon="11.3146189414"><ele>481.60</ele><time>2026-08-30T12:58:34Z</time></trkpt><trkpt lat="48.8910440728" lon="11.3146675564"><ele>481.65</ele><time>2026-08-30T12:58:35Z</time></trkpt><trkpt lat="48.8910540473" lon="11.3147144113"><ele>481.71</ele><time>2026-08-30T12:58:36Z</time></trkpt><trkpt lat="48.8910734933" lon="11.3150449935"><ele>482.21</ele><time>2026-08-30T12:58:43Z</time></trkpt><trkpt lat="48.8910530414" lon="11.3152037468"><ele>482.48</ele><time>2026-08-30T12:58:46Z</time></trkpt><trkpt lat="48.8910487667" lon="11.3152576424"><ele>482.53</ele><time>2026-08-30T12:58:47Z</time></trkpt><trkpt lat="48.8910450786" lon="11.3153134659"><ele>482.61</ele><time>2026-08-30T12:58:48Z</time></trkpt><trkpt lat="48.8910413906" lon="11.3153595664"><ele>482.67</ele><time>2026-08-30T12:58:49Z</time></trkpt><trkpt lat="48.8910314161" lon="11.3154086843"><ele>482.71</ele><time>2026-08-30T12:58:50Z</time></trkpt><trkpt lat="48.8910270575" lon="11.3154536951"><ele>482.74</ele><time>2026-08-30T12:58:51Z</time></trkpt><trkpt lat="48.8910194300" lon="11.3154999632"><ele>482.76</ele><time>2026-08-30T12:58:52Z</time></trkpt><trkpt lat="48.8910141494" lon="11.3155431300"><ele>482.76</ele><time>2026-08-30T12:58:53Z</time></trkpt><trkpt lat="48.8910046779" lon="11.3155941758"><ele>482.77</ele><time>2026-08-30T12:58:54Z</time></trkpt><trkpt lat="48.8910003193" lon="11.3156429585"><ele>482.79</ele><time>2026-08-30T12:58:55Z</time></trkpt><trkpt lat="48.8909613434" lon="11.3160866126"><ele>482.83</ele><time>2026-08-30T12:59:03Z</time></trkpt><trkpt lat="48.8909389637" lon="11.3165586814"><ele>482.46</ele><time>2026-08-30T12:59:11Z</time></trkpt><trkpt lat="48.8908960484" lon="11.3170073647"><ele>482.42</ele><time>2026-08-30T12:59:18Z</time></trkpt><trkpt lat="48.8908672985" lon="11.3173583988"><ele>482.24</ele><time>2026-08-30T12:59:23Z</time></trkpt><trkpt lat="48.8908445835" lon="11.3175656833"><ele>481.99</ele><time>2026-08-30T12:59:26Z</time></trkpt><trkpt lat="48.8908380456" lon="11.3177024759"><ele>481.97</ele><time>2026-08-30T12:59:28Z</time></trkpt><trkpt lat="48.8908315916" lon="11.3177655917"><ele>482.00</ele><time>2026-08-30T12:59:29Z</time></trkpt><trkpt lat="48.8908266462" lon="11.3178282883"><ele>482.03</ele><time>2026-08-30T12:59:30Z</time></trkpt><trkpt lat="48.8908027578" lon="11.3181934040"><ele>482.24</ele><time>2026-08-30T12:59:37Z</time></trkpt><trkpt lat="48.8907654583" lon="11.3187249005"><ele>482.10</ele><time>2026-08-30T12:59:46Z</time></trkpt><trkpt lat="48.8907291647" lon="11.3193135615"><ele>482.36</ele><time>2026-08-30T12:59:56Z</time></trkpt><trkpt lat="48.8907323498" lon="11.3196042459"><ele>482.49</ele><time>2026-08-30T13:00:01Z</time></trkpt><trkpt lat="48.8907082938" lon="11.3198011369"><ele>482.47</ele><time>2026-08-30T13:00:04Z</time></trkpt><trkpt lat="48.8906927872" lon="11.3198673539"><ele>482.44</ele><time>2026-08-30T13:00:05Z</time></trkpt><trkpt lat="48.8906727545" lon="11.3199320622"><ele>482.39</ele><time>2026-08-30T13:00:06Z</time></trkpt><trkpt lat="48.8905512169" lon="11.3201317191"><ele>481.99</ele><time>2026-08-30T13:00:10Z</time></trkpt><trkpt lat="48.8902443554" lon="11.3204124290"><ele>481.42</ele><time>2026-08-30T13:00:17Z</time></trkpt><trkpt lat="48.8901523221" lon="11.3205094915"><ele>480.84</ele><time>2026-08-30T13:00:19Z</time></trkpt><trkpt lat="48.8901042100" lon="11.3205727749"><ele>480.50</ele><time>2026-08-30T13:00:20Z</time></trkpt><trkpt lat="48.8900597021" lon="11.3206493855"><ele>480.13</ele><time>2026-08-30T13:00:21Z</time></trkpt><trkpt lat="48.8900199719" lon="11.3207329530"><ele>479.75</ele><time>2026-08-30T13:00:22Z</time></trkpt><trkpt lat="48.8899792358" lon="11.3208172750"><ele>479.42</ele><time>2026-08-30T13:00:23Z</time></trkpt><trkpt lat="48.8896643277" lon="11.3215563074"><ele>476.28</ele><time>2026-08-30T13:00:30Z</time></trkpt><trkpt lat="48.8894737232" lon="11.3220160548"><ele>472.84</ele><time>2026-08-30T13:00:34Z</time></trkpt><trkpt lat="48.8894257788" lon="11.3221336529"><ele>472.84</ele><time>2026-08-30T13:00:35Z</time></trkpt><trkpt lat="48.8891108707" lon="11.3228806481"><ele>470.33</ele><time>2026-08-30T13:00:42Z</time></trkpt><trkpt lat="48.8890568074" lon="11.3229577616"><ele>470.19</ele><time>2026-08-30T13:00:43Z</time></trkpt><trkpt lat="48.8890003134" lon="11.3230170216"><ele>470.05</ele><time>2026-08-30T13:00:44Z</time></trkpt><trkpt lat="48.8889394607" lon="11.3230637088"><ele>469.93</ele><time>2026-08-30T13:00:45Z</time></trkpt><trkpt lat="48.8888804521" lon="11.3231004216"><ele>469.84</ele><time>2026-08-30T13:00:46Z</time></trkpt><trkpt lat="48.8888264727" lon="11.3231480308"><ele>469.80</ele><time>2026-08-30T13:00:47Z</time></trkpt><trkpt lat="48.8887814619" lon="11.3232125714"><ele>469.77</ele><time>2026-08-30T13:00:48Z</time></trkpt><trkpt lat="48.8887501135" lon="11.3232885953"><ele>469.76</ele><time>2026-08-30T13:00:49Z</time></trkpt><trkpt lat="48.8887330145" lon="11.3233684748"><ele>469.76</ele><time>2026-08-30T13:00:50Z</time></trkpt><trkpt lat="48.8887263928" lon="11.3234476000"><ele>469.79</ele><time>2026-08-30T13:00:51Z</time></trkpt><trkpt lat="48.8887222856" lon="11.3235254679"><ele>469.90</ele><time>2026-08-30T13:00:52Z</time></trkpt><trkpt lat="48.8887108024" lon="11.3237598259"><ele>470.34</ele><time>2026-08-30T13:00:55Z</time></trkpt><trkpt lat="48.8887052704" lon="11.3238343410"><ele>470.43</ele><time>2026-08-30T13:00:56Z</time></trkpt><trkpt lat="48.8887044322" lon="11.3239046652"><ele>470.65</ele><time>2026-08-30T13:00:57Z</time></trkpt><trkpt lat="48.8887026720" lon="11.3239735644"><ele>470.74</ele><time>2026-08-30T13:00:58Z</time></trkpt><trkpt lat="48.8887028396" lon="11.3240386918"><ele>470.74</ele><time>2026-08-30T13:00:59Z</time></trkpt><trkpt lat="48.8886983134" lon="11.3243244309"><ele>471.36</ele><time>2026-08-30T13:01:03Z</time></trkpt><trkpt lat="48.8886745088" lon="11.3251211308"><ele>471.84</ele><time>2026-08-30T13:01:14Z</time></trkpt><trkpt lat="48.8886590861" lon="11.3257880788"><ele>472.31</ele><time>2026-08-30T13:01:23Z</time></trkpt><trkpt lat="48.8886541408" lon="11.3258570619"><ele>472.31</ele><time>2026-08-30T13:01:24Z</time></trkpt><trkpt lat="48.8886477705" lon="11.3259865623"><ele>472.30</ele><time>2026-08-30T13:01:26Z</time></trkpt><trkpt lat="48.8886425737" lon="11.3260435592"><ele>472.30</ele><time>2026-08-30T13:01:27Z</time></trkpt><trkpt lat="48.8886415679" lon="11.3260956947"><ele>472.31</ele><time>2026-08-30T13:01:28Z</time></trkpt><trkpt lat="48.8886378799" lon="11.3261387777"><ele>472.45</ele><time>2026-08-30T13:01:29Z</time></trkpt><trkpt lat="48.8886357006" lon="11.3261742331"><ele>472.61</ele><time>2026-08-30T13:01:30Z</time></trkpt><trkpt lat="48.8886227086" lon="11.3264041487"><ele>473.40</ele><time>2026-08-30T13:01:36Z</time></trkpt><trkpt lat="48.8886163384" lon="11.3266395126"><ele>473.12</ele><time>2026-08-30T13:01:40Z</time></trkpt><trkpt lat="48.8885344472" lon="11.3273294270"><ele>470.21</ele><time>2026-08-30T13:01:49Z</time></trkpt><trkpt lat="48.8884502929" lon="11.3278618455"><ele>468.14</ele><time>2026-08-30T13:01:56Z</time></trkpt><trkpt lat="48.8882750273" lon="11.3283373509"><ele>466.13</ele><time>2026-08-30T13:02:02Z</time></trkpt><trkpt lat="48.8882058766" lon="11.3285047375"><ele>465.63</ele><time>2026-08-30T13:02:04Z</time></trkpt><trkpt lat="48.8880384900" lon="11.3290297799"><ele>464.32</ele><time>2026-08-30T13:02:10Z</time></trkpt><trkpt lat="48.8879952393" lon="11.3292680774"><ele>462.67</ele><time>2026-08-30T13:02:13Z</time></trkpt><trkpt lat="48.8879858516" lon="11.3295391481"><ele>461.53</ele><time>2026-08-30T13:02:16Z</time></trkpt><trkpt lat="48.8879734464" lon="11.3302091137"><ele>459.56</ele><time>2026-08-30T13:02:22Z</time></trkpt><trkpt lat="48.8879315369" lon="11.3305720501"><ele>458.72</ele><time>2026-08-30T13:02:25Z</time></trkpt><trkpt lat="48.8879392482" lon="11.3306732196"><ele>458.49</ele><time>2026-08-30T13:02:26Z</time></trkpt><trkpt lat="48.8879452832" lon="11.3307832740"><ele>458.33</ele><time>2026-08-30T13:02:27Z</time></trkpt><trkpt lat="48.8879523240" lon="11.3308917359"><ele>458.23</ele><time>2026-08-30T13:02:28Z</time></trkpt><trkpt lat="48.8879597001" lon="11.3310029637"><ele>458.10</ele><time>2026-08-30T13:02:29Z</time></trkpt><trkpt lat="48.8879680820" lon="11.3311227411"><ele>457.86</ele><time>2026-08-30T13:02:30Z</time></trkpt><trkpt lat="48.8879576046" lon="11.3319351152"><ele>455.02</ele><time>2026-08-30T13:02:36Z</time></trkpt><trkpt lat="48.8879163656" lon="11.3326703757"><ele>451.65</ele><time>2026-08-30T13:02:41Z</time></trkpt><trkpt lat="48.8878710195" lon="11.3337435946"><ele>448.53</ele><time>2026-08-30T13:02:48Z</time></trkpt><trkpt lat="48.8877899665" lon="11.3344675396"><ele>446.56</ele><time>2026-08-30T13:02:53Z</time></trkpt><trkpt lat="48.8877045549" lon="11.3349694479"><ele>445.48</ele><time>2026-08-30T13:02:57Z</time></trkpt><trkpt lat="48.8875929080" lon="11.3355958275"><ele>443.91</ele><time>2026-08-30T13:03:02Z</time></trkpt><trkpt lat="48.8875709474" lon="11.3357219752"><ele>443.66</ele><time>2026-08-30T13:03:03Z</time></trkpt><trkpt lat="48.8874176424" lon="11.3368409593"><ele>441.24</ele><time>2026-08-30T13:03:12Z</time></trkpt><trkpt lat="48.8873794209" lon="11.3371927477"><ele>440.81</ele><time>2026-08-30T13:03:15Z</time></trkpt><trkpt lat="48.8873802591" lon="11.3373001199"><ele>440.65</ele><time>2026-08-30T13:03:16Z</time></trkpt><trkpt lat="48.8873907365" lon="11.3374049775"><ele>440.45</ele><time>2026-08-30T13:03:17Z</time></trkpt><trkpt lat="48.8874121103" lon="11.3374922331"><ele>440.24</ele><time>2026-08-30T13:03:18Z</time></trkpt><trkpt lat="48.8874453027" lon="11.3375629764"><ele>439.97</ele><time>2026-08-30T13:03:19Z</time></trkpt><trkpt lat="48.8875066582" lon="11.3377123419"><ele>439.40</ele><time>2026-08-30T13:03:21Z</time></trkpt><trkpt lat="48.8875911478" lon="11.3378788903"><ele>438.69</ele><time>2026-08-30T13:03:23Z</time></trkpt><trkpt lat="48.8878260087" lon="11.3383451756"><ele>436.30</ele><time>2026-08-30T13:03:28Z</time></trkpt><trkpt lat="48.8881638832" lon="11.3388475031"><ele>434.36</ele><time>2026-08-30T13:03:34Z</time></trkpt><trkpt lat="48.8883320242" lon="11.3390619121"><ele>433.91</ele><time>2026-08-30T13:03:37Z</time></trkpt><trkpt lat="48.8887459226" lon="11.3394281175"><ele>433.17</ele><time>2026-08-30T13:03:43Z</time></trkpt><trkpt lat="48.8890135568" lon="11.3397257589"><ele>432.43</ele><time>2026-08-30T13:03:47Z</time></trkpt><trkpt lat="48.8890641835" lon="11.3398162834"><ele>432.12</ele><time>2026-08-30T13:03:48Z</time></trkpt><trkpt lat="48.8892207574" lon="11.3400888629"><ele>430.61</ele><time>2026-08-30T13:03:51Z</time></trkpt><trkpt lat="48.8896033075" lon="11.3409635983"><ele>428.07</ele><time>2026-08-30T13:04:00Z</time></trkpt><trkpt lat="48.8900483027" lon="11.3420786429"><ele>424.88</ele><time>2026-08-30T13:04:11Z</time></trkpt><trkpt lat="48.8902306929" lon="11.3428366184"><ele>421.43</ele><time>2026-08-30T13:04:17Z</time></trkpt><trkpt lat="48.8903924637" lon="11.3435793389"><ele>418.29</ele><time>2026-08-30T13:04:23Z</time></trkpt><trkpt lat="48.8904539030" lon="11.3438210730"><ele>417.41</ele><time>2026-08-30T13:04:25Z</time></trkpt><trkpt lat="48.8904819824" lon="11.3439380005"><ele>416.97</ele><time>2026-08-30T13:04:26Z</time></trkpt><trkpt lat="48.8904998358" lon="11.3440565206"><ele>416.61</ele><time>2026-08-30T13:04:27Z</time></trkpt><trkpt lat="48.8905054517" lon="11.3441862725"><ele>416.34</ele><time>2026-08-30T13:04:28Z</time></trkpt><trkpt lat="48.8905108999" lon="11.3443206344"><ele>416.08</ele><time>2026-08-30T13:04:29Z</time></trkpt><trkpt lat="48.8904955611" lon="11.3452394586"><ele>412.95</ele><time>2026-08-30T13:04:36Z</time></trkpt><trkpt lat="48.8904629555" lon="11.3458588813"><ele>411.86</ele><time>2026-08-30T13:04:41Z</time></trkpt><trkpt lat="48.8902928866" lon="11.3466597721"><ele>409.88</ele><time>2026-08-30T13:04:48Z</time></trkpt><trkpt lat="48.8902419247" lon="11.3468523044"><ele>409.51</ele><time>2026-08-30T13:04:50Z</time></trkpt><trkpt lat="48.8901968300" lon="11.3470489439"><ele>409.07</ele><time>2026-08-30T13:04:52Z</time></trkpt><trkpt lat="48.8901817426" lon="11.3471423183"><ele>408.91</ele><time>2026-08-30T13:04:53Z</time></trkpt><trkpt lat="48.8901752885" lon="11.3472296577"><ele>408.81</ele><time>2026-08-30T13:04:54Z</time></trkpt><trkpt lat="48.8901623804" lon="11.3473140635"><ele>408.74</ele><time>2026-08-30T13:04:55Z</time></trkpt><trkpt lat="48.8901392464" lon="11.3474056777"><ele>408.65</ele><time>2026-08-30T13:04:56Z</time></trkpt><trkpt lat="48.8901146874" lon="11.3474952802"><ele>408.57</ele><time>2026-08-30T13:04:57Z</time></trkpt><trkpt lat="48.8900911342" lon="11.3475794345"><ele>408.47</ele><time>2026-08-30T13:04:58Z</time></trkpt><trkpt lat="48.8900629710" lon="11.3476638403"><ele>408.37</ele><time>2026-08-30T13:04:59Z</time></trkpt><trkpt lat="48.8900338020" lon="11.3477578852"><ele>408.23</ele><time>2026-08-30T13:05:00Z</time></trkpt><trkpt lat="48.8900001906" lon="11.3478543609"><ele>407.86</ele><time>2026-08-30T13:05:01Z</time></trkpt><trkpt lat="48.8898007851" lon="11.3483630586"><ele>406.97</ele><time>2026-08-30T13:05:07Z</time></trkpt><trkpt lat="48.8896884676" lon="11.3486169465"><ele>406.63</ele><time>2026-08-30T13:05:10Z</time></trkpt><trkpt lat="48.8896541856" lon="11.3486939762"><ele>406.43</ele><time>2026-08-30T13:05:11Z</time></trkpt><trkpt lat="48.8896184787" lon="11.3487702515"><ele>406.21</ele><time>2026-08-30T13:05:12Z</time></trkpt><trkpt lat="48.8894903194" lon="11.3490009215"><ele>405.62</ele><time>2026-08-30T13:05:15Z</time></trkpt><trkpt lat="48.8892911654" lon="11.3494454138"><ele>405.04</ele><time>2026-08-30T13:05:20Z</time></trkpt><trkpt lat="48.8891664427" lon="11.3496782631"><ele>404.79</ele><time>2026-08-30T13:05:23Z</time></trkpt><trkpt lat="48.8891166542" lon="11.3497361820"><ele>404.74</ele><time>2026-08-30T13:05:24Z</time></trkpt><trkpt lat="48.8890586514" lon="11.3497657701"><ele>404.68</ele><time>2026-08-30T13:05:25Z</time></trkpt><trkpt lat="48.8884787075" lon="11.3499578834"><ele>403.92</ele><time>2026-08-30T13:05:35Z</time></trkpt><trkpt lat="48.8877939060" lon="11.3501327299"><ele>403.85</ele><time>2026-08-30T13:05:47Z</time></trkpt><trkpt lat="48.8873392716" lon="11.3501943368"><ele>404.87</ele><time>2026-08-30T13:05:56Z</time></trkpt><trkpt lat="48.8871967793" lon="11.3502541836"><ele>404.92</ele><time>2026-08-30T13:05:59Z</time></trkpt><trkpt lat="48.8871523552" lon="11.3502831850"><ele>404.94</ele><time>2026-08-30T13:06:00Z</time></trkpt><trkpt lat="48.8868387043" lon="11.3505589496"><ele>405.06</ele><time>2026-08-30T13:06:08Z</time></trkpt><trkpt lat="48.8867966272" lon="11.3505881187"><ele>405.06</ele><time>2026-08-30T13:06:09Z</time></trkpt><trkpt lat="48.8867565617" lon="11.3506148569"><ele>405.06</ele><time>2026-08-30T13:06:10Z</time></trkpt><trkpt lat="48.8864103053" lon="11.3509260770"><ele>404.93</ele><time>2026-08-30T13:06:18Z</time></trkpt><trkpt lat="48.8862102292" lon="11.3511250634"><ele>404.94</ele><time>2026-08-30T13:06:23Z</time></trkpt><trkpt lat="48.8859574310" lon="11.3514131494"><ele>405.18</ele><time>2026-08-30T13:06:29Z</time></trkpt><trkpt lat="48.8859084807" lon="11.3514503650"><ele>405.18</ele><time>2026-08-30T13:06:30Z</time></trkpt><trkpt lat="48.8858563453" lon="11.3514703978"><ele>405.18</ele><time>2026-08-30T13:06:31Z</time></trkpt><trkpt lat="48.8858032040" lon="11.3514727447"><ele>405.18</ele><time>2026-08-30T13:06:32Z</time></trkpt><trkpt lat="48.8857523259" lon="11.3514624350"><ele>405.16</ele><time>2026-08-30T13:06:33Z</time></trkpt><trkpt lat="48.8857042138" lon="11.3514425699"><ele>405.12</ele><time>2026-08-30T13:06:34Z</time></trkpt><trkpt lat="48.8856593706" lon="11.3514172565"><ele>405.06</ele><time>2026-08-30T13:06:35Z</time></trkpt><trkpt lat="48.8855561055" lon="11.3513424899"><ele>405.06</ele><time>2026-08-30T13:06:38Z</time></trkpt><trkpt lat="48.8855259307" lon="11.3513186853"><ele>405.08</ele><time>2026-08-30T13:06:39Z</time></trkpt><trkpt lat="48.8854919001" lon="11.3513056096"><ele>405.10</ele><time>2026-08-30T13:06:40Z</time></trkpt><trkpt lat="48.8852727972" lon="11.3512500376"><ele>405.11</ele><time>2026-08-30T13:06:45Z</time></trkpt><trkpt lat="48.8848967012" lon="11.3512834813"><ele>405.11</ele><time>2026-08-30T13:06:53Z</time></trkpt><trkpt lat="48.8845130615" lon="11.3513787836"><ele>405.81</ele><time>2026-08-30T13:07:01Z</time></trkpt><trkpt lat="48.8839839958" lon="11.3516325038"><ele>406.09</ele><time>2026-08-30T13:07:11Z</time></trkpt><trkpt lat="48.8836068939" lon="11.3518696278"><ele>406.03</ele><time>2026-08-30T13:07:19Z</time></trkpt><trkpt lat="48.8835680019" lon="11.3519166503"><ele>406.02</ele><time>2026-08-30T13:07:20Z</time></trkpt><trkpt lat="48.8835367374" lon="11.3519758265"><ele>406.02</ele><time>2026-08-30T13:07:21Z</time></trkpt><trkpt lat="48.8834829256" lon="11.3520943467"><ele>406.01</ele><time>2026-08-30T13:07:23Z</time></trkpt><trkpt lat="48.8834120147" lon="11.3522866275"><ele>406.03</ele><time>2026-08-30T13:07:27Z</time></trkpt><trkpt lat="48.8833932392" lon="11.3523180597"><ele>406.03</ele><time>2026-08-30T13:07:28Z</time></trkpt><trkpt lat="48.8833699375" lon="11.3523480669"><ele>406.06</ele><time>2026-08-30T13:07:29Z</time></trkpt><trkpt lat="48.8831681013" lon="11.3525895495"><ele>406.13</ele><time>2026-08-30T13:07:36Z</time></trkpt><trkpt lat="48.8828883134" lon="11.3529309444"><ele>405.91</ele><time>2026-08-30T13:07:45Z</time></trkpt><trkpt lat="48.8825890794" lon="11.3532182761"><ele>405.81</ele><time>2026-08-30T13:07:54Z</time></trkpt><trkpt lat="48.8821378816" lon="11.3537038397"><ele>406.23</ele><time>2026-08-30T13:08:07Z</time></trkpt><trkpt lat="48.8816992566" lon="11.3542450592"><ele>406.77</ele><time>2026-08-30T13:08:20Z</time></trkpt><trkpt lat="48.8813304529" lon="11.3546203170"><ele>406.95</ele><time>2026-08-30T13:08:31Z</time></trkpt><trkpt lat="48.8810345717" lon="11.3547104225"><ele>407.13</ele><time>2026-08-30T13:08:39Z</time></trkpt><trkpt lat="48.8805706333" lon="11.3547304552"><ele>407.77</ele><time>2026-08-30T13:08:51Z</time></trkpt><trkpt lat="48.8802561443" lon="11.3549022842"><ele>408.17</ele><time>2026-08-30T13:09:00Z</time></trkpt><trkpt lat="48.8799907733" lon="11.3552554976"><ele>407.92</ele><time>2026-08-30T13:09:10Z</time></trkpt><trkpt lat="48.8797960617" lon="11.3555940427"><ele>408.59</ele><time>2026-08-30T13:09:18Z</time></trkpt><trkpt lat="48.8795293495" lon="11.3559931889"><ele>408.57</ele><time>2026-08-30T13:09:28Z</time></trkpt><trkpt lat="48.8791854400" lon="11.3564465661"><ele>409.35</ele><time>2026-08-30T13:09:40Z</time></trkpt><trkpt lat="48.8788481522" lon="11.3569978438"><ele>408.81</ele><time>2026-08-30T13:09:53Z</time></trkpt><trkpt lat="48.8785777520" lon="11.3574782107"><ele>408.99</ele><time>2026-08-30T13:10:04Z</time></trkpt><trkpt lat="48.8784138020" lon="11.3577658776"><ele>409.16</ele><time>2026-08-30T13:10:11Z</time></trkpt><trkpt lat="48.8783128001" lon="11.3580289856"><ele>409.31</ele><time>2026-08-30T13:10:17Z</time></trkpt><trkpt lat="48.8781756721" lon="11.3583675306"><ele>409.59</ele><time>2026-08-30T13:10:25Z</time></trkpt><trkpt lat="48.8780454174" lon="11.3586890604"><ele>409.80</ele><time>2026-08-30T13:10:32Z</time></trkpt><trkpt lat="48.8778472692" lon="11.3590278570"><ele>409.83</ele><time>2026-08-30T13:10:40Z</time></trkpt><trkpt lat="48.8775841612" lon="11.3592301961"><ele>410.00</ele><time>2026-08-30T13:10:49Z</time></trkpt><trkpt lat="48.8773001824" lon="11.3593798131"><ele>410.18</ele><time>2026-08-30T13:10:58Z</time></trkpt><trkpt lat="48.8770341408" lon="11.3596324436"><ele>410.17</ele><time>2026-08-30T13:11:06Z</time></trkpt><trkpt lat="48.8768839370" lon="11.3600709010"><ele>410.38</ele><time>2026-08-30T13:11:14Z</time></trkpt><trkpt lat="48.8767393492" lon="11.3606710453"><ele>410.97</ele><time>2026-08-30T13:11:25Z</time></trkpt><trkpt lat="48.8766137045" lon="11.3611997757"><ele>410.94</ele><time>2026-08-30T13:11:34Z</time></trkpt><trkpt lat="48.8764074259" lon="11.3618259877"><ele>411.04</ele><time>2026-08-30T13:11:45Z</time></trkpt><trkpt lat="48.8762091938" lon="11.3625116274"><ele>411.65</ele><time>2026-08-30T13:11:57Z</time></trkpt><trkpt lat="48.8760682102" lon="11.3631501608"><ele>411.87</ele><time>2026-08-30T13:12:07Z</time></trkpt><trkpt lat="48.8758977223" lon="11.3636812381"><ele>412.35</ele><time>2026-08-30T13:12:16Z</time></trkpt><trkpt lat="48.8757647853" lon="11.3639435917"><ele>412.51</ele><time>2026-08-30T13:12:21Z</time></trkpt><trkpt lat="48.8757325150" lon="11.3639898598"><ele>412.51</ele><time>2026-08-30T13:12:22Z</time></trkpt><trkpt lat="48.8756968081" lon="11.3640298415"><ele>412.52</ele><time>2026-08-30T13:12:23Z</time></trkpt><trkpt lat="48.8756591734" lon="11.3640620280"><ele>412.54</ele><time>2026-08-30T13:12:24Z</time></trkpt><trkpt lat="48.8756187726" lon="11.3640906941"><ele>412.55</ele><time>2026-08-30T13:12:25Z</time></trkpt><trkpt lat="48.8755780365" lon="11.3641108107"><ele>412.55</ele><time>2026-08-30T13:12:26Z</time></trkpt><trkpt lat="48.8755425811" lon="11.3641222939"><ele>412.55</ele><time>2026-08-30T13:12:27Z</time></trkpt><trkpt lat="48.8755110651" lon="11.3641284965"><ele>412.55</ele><time>2026-08-30T13:12:28Z</time></trkpt><trkpt lat="48.8754808903" lon="11.3641340286"><ele>412.55</ele><time>2026-08-30T13:12:29Z</time></trkpt><trkpt lat="48.8752585184" lon="11.3642408140"><ele>412.75</ele><time>2026-08-30T13:12:35Z</time></trkpt><trkpt lat="48.8751261681" lon="11.3643605914"><ele>412.77</ele><time>2026-08-30T13:12:38Z</time></trkpt><trkpt lat="48.8748944085" lon="11.3647760823"><ele>413.31</ele><time>2026-08-30T13:12:46Z</time></trkpt><trkpt lat="48.8748333883" lon="11.3651722111"><ele>413.51</ele><time>2026-08-30T13:12:54Z</time></trkpt><trkpt lat="48.8748104218" lon="11.3657990098"><ele>413.59</ele><time>2026-08-30T13:13:04Z</time></trkpt><trkpt lat="48.8748009503" lon="11.3659236487"><ele>413.73</ele><time>2026-08-30T13:13:06Z</time></trkpt><trkpt lat="48.8746750541" lon="11.3665579911"><ele>414.11</ele><time>2026-08-30T13:13:16Z</time></trkpt><trkpt lat="48.8745243475" lon="11.3669013977"><ele>414.34</ele><time>2026-08-30T13:13:22Z</time></trkpt><trkpt lat="48.8744945917" lon="11.3669514377"><ele>414.32</ele><time>2026-08-30T13:13:23Z</time></trkpt><trkpt lat="48.8744641654" lon="11.3669992983"><ele>414.27</ele><time>2026-08-30T13:13:24Z</time></trkpt><trkpt lat="48.8744309731" lon="11.3670385256"><ele>414.25</ele><time>2026-08-30T13:13:25Z</time></trkpt><trkpt lat="48.8743968587" lon="11.3670720533"><ele>414.27</ele><time>2026-08-30T13:13:26Z</time></trkpt><trkpt lat="48.8740927633" lon="11.3674059045"><ele>415.10</ele><time>2026-08-30T13:13:35Z</time></trkpt><trkpt lat="48.8738815393" lon="11.3676001132"><ele>415.28</ele><time>2026-08-30T13:13:41Z</time></trkpt><trkpt lat="48.8737973850" lon="11.3676167931"><ele>415.22</ele><time>2026-08-30T13:13:43Z</time></trkpt><trkpt lat="48.8737543020" lon="11.3676115964"><ele>415.17</ele><time>2026-08-30T13:13:44Z</time></trkpt><trkpt lat="48.8737096265" lon="11.3675967604"><ele>415.12</ele><time>2026-08-30T13:13:45Z</time></trkpt><trkpt lat="48.8733137492" lon="11.3674645778"><ele>415.19</ele><time>2026-08-30T13:13:54Z</time></trkpt><trkpt lat="48.8732672296" lon="11.3674748037"><ele>415.30</ele><time>2026-08-30T13:13:55Z</time></trkpt><trkpt lat="48.8728879485" lon="11.3676918112"><ele>415.70</ele><time>2026-08-30T13:14:04Z</time></trkpt><trkpt lat="48.8728532474" lon="11.3677335531"><ele>415.73</ele><time>2026-08-30T13:14:05Z</time></trkpt><trkpt lat="48.8725769799" lon="11.3682247326"><ele>416.15</ele><time>2026-08-30T13:14:15Z</time></trkpt><trkpt lat="48.8725098409" lon="11.3683920354"><ele>416.32</ele><time>2026-08-30T13:14:18Z</time></trkpt><trkpt lat="48.8724630699" lon="11.3685007486"><ele>416.72</ele><time>2026-08-30T13:14:20Z</time></trkpt><trkpt lat="48.8724453002" lon="11.3685599249"><ele>416.83</ele><time>2026-08-30T13:14:21Z</time></trkpt><trkpt lat="48.8723306358" lon="11.3691724744"><ele>417.22</ele><time>2026-08-30T13:14:31Z</time></trkpt><trkpt lat="48.8722925819" lon="11.3698624726"><ele>417.81</ele><time>2026-08-30T13:14:42Z</time></trkpt><trkpt lat="48.8723154645" lon="11.3705279119"><ele>418.63</ele><time>2026-08-30T13:14:54Z</time></trkpt><trkpt lat="48.8723002933" lon="11.3709636033"><ele>419.47</ele><time>2026-08-30T13:15:03Z</time></trkpt><trkpt lat="48.8722390216" lon="11.3711273018"><ele>421.36</ele><time>2026-08-30T13:15:10Z</time></trkpt><trkpt lat="48.8721635006" lon="11.3712972030"><ele>421.50</ele><time>2026-08-30T13:15:16Z</time></trkpt><trkpt lat="48.8721632492" lon="11.3712981250"><ele>421.27</ele><time>2026-08-30T13:15:21Z</time></trkpt><trkpt lat="48.8721651770" lon="11.3712929282"><ele>421.39</ele><time>2026-08-30T13:15:40Z</time></trkpt><trkpt lat="48.8721722178" lon="11.3712749071"><ele>421.62</ele><time>2026-08-30T13:16:19Z</time></trkpt><trkpt lat="48.8721570466" lon="11.3712806907"><ele>421.67</ele><time>2026-08-30T13:16:59Z</time></trkpt><trkpt lat="48.8721578009" lon="11.3712718058"><ele>421.67</ele><time>2026-08-30T13:17:28Z</time></trkpt><trkpt lat="48.8721671049" lon="11.3712851331"><ele>421.67</ele><time>2026-08-30T13:17:47Z</time></trkpt><trkpt lat="48.8721758220" lon="11.3713011425"><ele>421.67</ele><time>2026-08-30T13:17:48Z</time></trkpt><trkpt lat="48.8721722178" lon="11.3713265397"><ele>421.67</ele><time>2026-08-30T13:17:49Z</time></trkpt><trkpt lat="48.8721649256" lon="11.3713496737"><ele>421.67</ele><time>2026-08-30T13:17:50Z</time></trkpt><trkpt lat="48.8721562084" lon="11.3713707961"><ele>421.67</ele><time>2026-08-30T13:17:51Z</time></trkpt><trkpt lat="48.8721457310" lon="11.3713923376"><ele>421.70</ele><time>2026-08-30T13:17:52Z</time></trkpt><trkpt lat="48.8720096927" lon="11.3715789188"><ele>422.20</ele><time>2026-08-30T13:18:00Z</time></trkpt><trkpt lat="48.8718568906" lon="11.3717256021"><ele>423.38</ele><time>2026-08-30T13:18:08Z</time></trkpt><trkpt lat="48.8717349339" lon="11.3718184736"><ele>423.56</ele><time>2026-08-30T13:18:13Z</time></trkpt><trkpt lat="48.8716895878" lon="11.3718648255"><ele>423.40</ele><time>2026-08-30T13:18:15Z</time></trkpt><trkpt lat="48.8716658670" lon="11.3718886301"><ele>423.27</ele><time>2026-08-30T13:18:16Z</time></trkpt><trkpt lat="48.8716336805" lon="11.3719115965"><ele>423.13</ele><time>2026-08-30T13:18:17Z</time></trkpt><trkpt lat="48.8716002367" lon="11.3719391730"><ele>422.99</ele><time>2026-08-30T13:18:18Z</time></trkpt><trkpt lat="48.8715624344" lon="11.3719768077"><ele>422.89</ele><time>2026-08-30T13:18:19Z</time></trkpt><trkpt lat="48.8713922817" lon="11.3721975870"><ele>422.79</ele><time>2026-08-30T13:18:25Z</time></trkpt><trkpt lat="48.8712369651" lon="11.3724285923"><ele>422.93</ele><time>2026-08-30T13:18:31Z</time></trkpt><trkpt lat="48.8711668085" lon="11.3724819850"><ele>422.99</ele><time>2026-08-30T13:18:33Z</time></trkpt><trkpt lat="48.8711277489" lon="11.3724834938"><ele>423.04</ele><time>2026-08-30T13:18:34Z</time></trkpt><trkpt lat="48.8710850850" lon="11.3724938035"><ele>423.09</ele><time>2026-08-30T13:18:35Z</time></trkpt><trkpt lat="48.8709709235" lon="11.3724602759"><ele>423.45</ele><time>2026-08-30T13:18:40Z</time></trkpt><trkpt lat="48.8709518965" lon="11.3724427577"><ele>423.52</ele><time>2026-08-30T13:18:41Z</time></trkpt><trkpt lat="48.8708387408" lon="11.3722298574"><ele>424.15</ele><time>2026-08-30T13:18:48Z</time></trkpt><trkpt lat="48.8707882818" lon="11.3721275143"><ele>424.38</ele><time>2026-08-30T13:18:51Z</time></trkpt><trkpt lat="48.8707272615" lon="11.3720862754"><ele>424.59</ele><time>2026-08-30T13:18:53Z</time></trkpt><trkpt lat="48.8706908841" lon="11.3720996864"><ele>424.69</ele><time>2026-08-30T13:18:54Z</time></trkpt><trkpt lat="48.8706576917" lon="11.3721256703"><ele>424.80</ele><time>2026-08-30T13:18:55Z</time></trkpt><trkpt lat="48.8706308696" lon="11.3721640594"><ele>424.97</ele><time>2026-08-30T13:18:56Z</time></trkpt><trkpt lat="48.8706039637" lon="11.3722149376"><ele>425.08</ele><time>2026-08-30T13:18:57Z</time></trkpt><trkpt lat="48.8705765549" lon="11.3722743653"><ele>425.14</ele><time>2026-08-30T13:18:58Z</time></trkpt><trkpt lat="48.8703850284" lon="11.3728240505"><ele>424.79</ele><time>2026-08-30T13:19:07Z</time></trkpt><trkpt lat="48.8702595513" lon="11.3734412938"><ele>424.80</ele><time>2026-08-30T13:19:17Z</time></trkpt><trkpt lat="48.8700736407" lon="11.3741999399"><ele>425.12</ele><time>2026-08-30T13:19:29Z</time></trkpt><trkpt lat="48.8698844612" lon="11.3748906087"><ele>425.09</ele><time>2026-08-30T13:19:40Z</time></trkpt><trkpt lat="48.8698080182" lon="11.3754646853"><ele>424.91</ele><time>2026-08-30T13:19:49Z</time></trkpt><trkpt lat="48.8697215170" lon="11.3760459702"><ele>425.02</ele><time>2026-08-30T13:19:58Z</time></trkpt><trkpt lat="48.8697128836" lon="11.3761116005"><ele>425.04</ele><time>2026-08-30T13:19:59Z</time></trkpt><trkpt lat="48.8697138056" lon="11.3761786558"><ele>425.05</ele><time>2026-08-30T13:20:00Z</time></trkpt><trkpt lat="48.8696619216" lon="11.3765742816"><ele>425.17</ele><time>2026-08-30T13:20:06Z</time></trkpt><trkpt lat="48.8696510252" lon="11.3766456954"><ele>425.19</ele><time>2026-08-30T13:20:07Z</time></trkpt><trkpt lat="48.8696559705" lon="11.3767105713"><ele>425.22</ele><time>2026-08-30T13:20:08Z</time></trkpt><trkpt lat="48.8696522824" lon="11.3767729327"><ele>425.23</ele><time>2026-08-30T13:20:09Z</time></trkpt><trkpt lat="48.8696441520" lon="11.3768372219"><ele>425.25</ele><time>2026-08-30T13:20:10Z</time></trkpt><trkpt lat="48.8696498517" lon="11.3769063726"><ele>425.25</ele><time>2026-08-30T13:20:11Z</time></trkpt><trkpt lat="48.8696501870" lon="11.3769764453"><ele>425.25</ele><time>2026-08-30T13:20:12Z</time></trkpt><trkpt lat="48.8696449902" lon="11.3770429138"><ele>425.27</ele><time>2026-08-30T13:20:13Z</time></trkpt><trkpt lat="48.8696356863" lon="11.3771688938"><ele>425.28</ele><time>2026-08-30T13:20:15Z</time></trkpt><trkpt lat="48.8696396258" lon="11.3772372901"><ele>425.28</ele><time>2026-08-30T13:20:16Z</time></trkpt><trkpt lat="48.8696421403" lon="11.3773001544"><ele>425.28</ele><time>2026-08-30T13:20:17Z</time></trkpt><trkpt lat="48.8696445711" lon="11.3773606718"><ele>425.31</ele><time>2026-08-30T13:20:18Z</time></trkpt><trkpt lat="48.8696501032" lon="11.3774230331"><ele>425.35</ele><time>2026-08-30T13:20:19Z</time></trkpt><trkpt lat="48.8696628436" lon="11.3774843886"><ele>425.38</ele><time>2026-08-30T13:20:20Z</time></trkpt><trkpt lat="48.8696659449" lon="11.3775478397"><ele>425.41</ele><time>2026-08-30T13:20:21Z</time></trkpt><trkpt lat="48.8696835469" lon="11.3777392823"><ele>425.60</ele><time>2026-08-30T13:20:24Z</time></trkpt><trkpt lat="48.8697051723" lon="11.3778691180"><ele>425.61</ele><time>2026-08-30T13:20:26Z</time></trkpt><trkpt lat="48.8697226904" lon="11.3779305574"><ele>425.61</ele><time>2026-08-30T13:20:27Z</time></trkpt><trkpt lat="48.8697425555" lon="11.3779879734"><ele>425.58</ele><time>2026-08-30T13:20:28Z</time></trkpt><trkpt lat="48.8699210063" lon="11.3784754649"><ele>426.04</ele><time>2026-08-30T13:20:37Z</time></trkpt><trkpt lat="48.8699186593" lon="11.3785424363"><ele>426.07</ele><time>2026-08-30T13:20:38Z</time></trkpt><trkpt lat="48.8699100260" lon="11.3786120061"><ele>426.07</ele><time>2026-08-30T13:20:39Z</time></trkpt><trkpt lat="48.8698925916" lon="11.3786669914"><ele>426.04</ele><time>2026-08-30T13:20:40Z</time></trkpt><trkpt lat="48.8698671944" lon="11.3787145168"><ele>426.03</ele><time>2026-08-30T13:20:41Z</time></trkpt><trkpt lat="48.8698340859" lon="11.3787581865"><ele>426.02</ele><time>2026-08-30T13:20:42Z</time></trkpt><trkpt lat="48.8698022347" lon="11.3788003474"><ele>426.02</ele><time>2026-08-30T13:20:43Z</time></trkpt><trkpt lat="48.8697380293" lon="11.3788871840"><ele>426.08</ele><time>2026-08-30T13:20:45Z</time></trkpt><trkpt lat="48.8693939522" lon="11.3794365339"><ele>426.94</ele><time>2026-08-30T13:20:57Z</time></trkpt><trkpt lat="48.8691157568" lon="11.3797799405"><ele>427.27</ele><time>2026-08-30T13:21:06Z</time></trkpt><trkpt lat="48.8690812234" lon="11.3798117079"><ele>427.39</ele><time>2026-08-30T13:21:07Z</time></trkpt><trkpt lat="48.8690473605" lon="11.3798380271"><ele>427.45</ele><time>2026-08-30T13:21:08Z</time></trkpt><trkpt lat="48.8690150063" lon="11.3798733149"><ele>427.49</ele><time>2026-08-30T13:21:09Z</time></trkpt><trkpt lat="48.8687616214" lon="11.3801158033"><ele>427.46</ele><time>2026-08-30T13:21:16Z</time></trkpt><trkpt lat="48.8684217352" lon="11.3805750478"><ele>427.72</ele><time>2026-08-30T13:21:27Z</time></trkpt><trkpt lat="48.8683288638" lon="11.3806986809"><ele>427.96</ele><time>2026-08-30T13:21:30Z</time></trkpt><trkpt lat="48.8679842837" lon="11.3811870944"><ele>428.26</ele><time>2026-08-30T13:21:41Z</time></trkpt><trkpt lat="48.8677523565" lon="11.3817029167"><ele>428.55</ele><time>2026-08-30T13:21:51Z</time></trkpt><trkpt lat="48.8677005563" lon="11.3818799425"><ele>428.55</ele><time>2026-08-30T13:21:54Z</time></trkpt><trkpt lat="48.8676215988" lon="11.3824110199"><ele>428.99</ele><time>2026-08-30T13:22:03Z</time></trkpt><trkpt lat="48.8676060084" lon="11.3828912191"><ele>429.45</ele><time>2026-08-30T13:22:11Z</time></trkpt><trkpt lat="48.8675003126" lon="11.3834034372"><ele>429.86</ele><time>2026-08-30T13:22:20Z</time></trkpt><trkpt lat="48.8673205208" lon="11.3839479256"><ele>430.64</ele><time>2026-08-30T13:22:31Z</time></trkpt><trkpt lat="48.8672987279" lon="11.3839989714"><ele>431.35</ele><time>2026-08-30T13:22:36Z</time></trkpt><trkpt lat="48.8672982249" lon="11.3839978818"><ele>432.30</ele><time>2026-08-30T13:22:37Z</time></trkpt><trkpt lat="48.8672755100" lon="11.3840603270"><ele>434.86</ele><time>2026-08-30T13:25:16Z</time></trkpt><trkpt lat="48.8672580756" lon="11.3840294816"><ele>434.86</ele><time>2026-08-30T13:25:32Z</time></trkpt><trkpt lat="48.8672810420" lon="11.3841039967"><ele>434.86</ele><time>2026-08-30T13:25:52Z</time></trkpt><trkpt lat="48.8673043437" lon="11.3841522764"><ele>434.86</ele><time>2026-08-30T13:25:57Z</time></trkpt><trkpt lat="48.8672983088" lon="11.3842581399"><ele>436.34</ele><time>2026-08-30T13:26:07Z</time></trkpt><trkpt lat="48.8672559801" lon="11.3842837047"><ele>437.04</ele><time>2026-08-30T13:26:13Z</time></trkpt><trkpt lat="48.8672436588" lon="11.3842784241"><ele>437.07</ele><time>2026-08-30T13:26:14Z</time></trkpt><trkpt lat="48.8671092130" lon="11.3842251990"><ele>436.76</ele><time>2026-08-30T13:26:21Z</time></trkpt><trkpt lat="48.8669662178" lon="11.3843310624"><ele>436.25</ele><time>2026-08-30T13:26:25Z</time></trkpt><trkpt lat="48.8667232264" lon="11.3844699506"><ele>434.14</ele><time>2026-08-30T13:26:30Z</time></trkpt><trkpt lat="48.8666812330" lon="11.3845018018"><ele>433.28</ele><time>2026-08-30T13:26:31Z</time></trkpt><trkpt lat="48.8666425925" lon="11.3845323958"><ele>433.01</ele><time>2026-08-30T13:26:32Z</time></trkpt><trkpt lat="48.8663585298" lon="11.3848630618"><ele>432.77</ele><time>2026-08-30T13:26:41Z</time></trkpt><trkpt lat="48.8660313003" lon="11.3852738589"><ele>433.81</ele><time>2026-08-30T13:26:52Z</time></trkpt><trkpt lat="48.8658017199" lon="11.3855550718"><ele>434.41</ele><time>2026-08-30T13:27:00Z</time></trkpt><trkpt lat="48.8655764144" lon="11.3859298266"><ele>435.00</ele><time>2026-08-30T13:27:09Z</time></trkpt><trkpt lat="48.8654191699" lon="11.3864132110"><ele>435.77</ele><time>2026-08-30T13:27:19Z</time></trkpt><trkpt lat="48.8652475923" lon="11.3867908157"><ele>435.94</ele><time>2026-08-30T13:27:27Z</time></trkpt><trkpt lat="48.8649516273" lon="11.3871094957"><ele>436.78</ele><time>2026-08-30T13:27:37Z</time></trkpt><trkpt lat="48.8645728491" lon="11.3874241523"><ele>436.78</ele><time>2026-08-30T13:27:49Z</time></trkpt><trkpt lat="48.8642528281" lon="11.3876373880"><ele>437.54</ele><time>2026-08-30T13:27:59Z</time></trkpt><trkpt lat="48.8639089186" lon="11.3877933752"><ele>438.18</ele><time>2026-08-30T13:28:08Z</time></trkpt><trkpt lat="48.8635050785" lon="11.3879673835"><ele>439.13</ele><time>2026-08-30T13:28:19Z</time></trkpt><trkpt lat="48.8631361909" lon="11.3881490193"><ele>439.55</ele><time>2026-08-30T13:28:29Z</time></trkpt><trkpt lat="48.8627522159" lon="11.3884188328"><ele>440.06</ele><time>2026-08-30T13:28:40Z</time></trkpt><trkpt lat="48.8624375593" lon="11.3887062483"><ele>440.52</ele><time>2026-08-30T13:28:50Z</time></trkpt><trkpt lat="48.8622776326" lon="11.3888814300"><ele>442.29</ele><time>2026-08-30T13:28:58Z</time></trkpt><trkpt lat="48.8620705158" lon="11.3890215755"><ele>443.36</ele><time>2026-08-30T13:29:06Z</time></trkpt><trkpt lat="48.8616929110" lon="11.3892496470"><ele>443.25</ele><time>2026-08-30T13:29:17Z</time></trkpt><trkpt lat="48.8613512646" lon="11.3894752879"><ele>443.63</ele><time>2026-08-30T13:29:27Z</time></trkpt><trkpt lat="48.8609625120" lon="11.3897979073"><ele>443.82</ele><time>2026-08-30T13:29:39Z</time></trkpt><trkpt lat="48.8606816344" lon="11.3900787849"><ele>444.95</ele><time>2026-08-30T13:29:50Z</time></trkpt><trkpt lat="48.8605958037" lon="11.3903705589"><ele>446.09</ele><time>2026-08-30T13:29:58Z</time></trkpt><trkpt lat="48.8605931215" lon="11.3907459006"><ele>448.26</ele><time>2026-08-30T13:30:09Z</time></trkpt><trkpt lat="48.8606376294" lon="11.3911513332"><ele>448.74</ele><time>2026-08-30T13:30:18Z</time></trkpt><trkpt lat="48.8606672175" lon="11.3914606255"><ele>449.05</ele><time>2026-08-30T13:30:25Z</time></trkpt><trkpt lat="48.8607066125" lon="11.3918368891"><ele>449.52</ele><time>2026-08-30T13:30:34Z</time></trkpt><trkpt lat="48.8607666269" lon="11.3923271466"><ele>449.77</ele><time>2026-08-30T13:30:44Z</time></trkpt><trkpt lat="48.8608047646" lon="11.3927836251"><ele>449.67</ele><time>2026-08-30T13:30:53Z</time></trkpt><trkpt lat="48.8608267251" lon="11.3932755589"><ele>449.38</ele><time>2026-08-30T13:31:02Z</time></trkpt><trkpt lat="48.8608595822" lon="11.3939871825"><ele>449.89</ele><time>2026-08-30T13:31:15Z</time></trkpt><trkpt lat="48.8608134817" lon="11.3946437370"><ele>450.72</ele><time>2026-08-30T13:31:27Z</time></trkpt><trkpt lat="48.8607000746" lon="11.3954080828"><ele>451.49</ele><time>2026-08-30T13:31:41Z</time></trkpt><trkpt lat="48.8605920319" lon="11.3959701732"><ele>452.55</ele><time>2026-08-30T13:31:52Z</time></trkpt><trkpt lat="48.8604729250" lon="11.3966518734"><ele>453.35</ele><time>2026-08-30T13:32:05Z</time></trkpt><trkpt lat="48.8603876811" lon="11.3971866388"><ele>453.89</ele><time>2026-08-30T13:32:15Z</time></trkpt><trkpt lat="48.8603181951" lon="11.3976119366"><ele>454.36</ele><time>2026-08-30T13:32:23Z</time></trkpt><trkpt lat="48.8602342084" lon="11.3981860969"><ele>454.93</ele><time>2026-08-30T13:32:34Z</time></trkpt><trkpt lat="48.8601778820" lon="11.3984797150"><ele>455.43</ele><time>2026-08-30T13:32:42Z</time></trkpt><trkpt lat="48.8600684144" lon="11.3986233808"><ele>455.50</ele><time>2026-08-30T13:32:50Z</time></trkpt><trkpt lat="48.8600593619" lon="11.3986195251"><ele>455.30</ele><time>2026-08-30T13:32:56Z</time></trkpt><trkpt lat="48.8600522373" lon="11.3986283261"><ele>455.18</ele><time>2026-08-30T13:33:15Z</time></trkpt><trkpt lat="48.8600357249" lon="11.3986327685"><ele>455.17</ele><time>2026-08-30T13:33:25Z</time></trkpt><trkpt lat="48.8600204699" lon="11.3986305892"><ele>455.17</ele><time>2026-08-30T13:33:26Z</time></trkpt><trkpt lat="48.8600009400" lon="11.3986321818"><ele>455.18</ele><time>2026-08-30T13:33:27Z</time></trkpt><trkpt lat="48.8599799853" lon="11.3986407313"><ele>455.20</ele><time>2026-08-30T13:33:28Z</time></trkpt><trkpt lat="48.8599557616" lon="11.3986491971"><ele>455.21</ele><time>2026-08-30T13:33:29Z</time></trkpt><trkpt lat="48.8597234152" lon="11.3987310883"><ele>454.93</ele><time>2026-08-30T13:33:36Z</time></trkpt><trkpt lat="48.8593321480" lon="11.3988824654"><ele>453.99</ele><time>2026-08-30T13:33:46Z</time></trkpt><trkpt lat="48.8589402102" lon="11.3989014085"><ele>454.08</ele><time>2026-08-30T13:33:56Z</time></trkpt><trkpt lat="48.8586501963" lon="11.3988242112"><ele>454.55</ele><time>2026-08-30T13:34:04Z</time></trkpt><trkpt lat="48.8585168403" lon="11.3988067769"><ele>455.25</ele><time>2026-08-30T13:34:09Z</time></trkpt><trkpt lat="48.8583506271" lon="11.3987886719"><ele>456.89</ele><time>2026-08-30T13:34:16Z</time></trkpt><trkpt lat="48.8581626210" lon="11.3987597544"><ele>458.31</ele><time>2026-08-30T13:34:23Z</time></trkpt><trkpt lat="48.8578459527" lon="11.3987487741"><ele>459.60</ele><time>2026-08-30T13:34:33Z</time></trkpt><trkpt lat="48.8576590363" lon="11.3987503666"><ele>460.55</ele><time>2026-08-30T13:34:40Z</time></trkpt><trkpt lat="48.8574529253" lon="11.3987060264"><ele>461.71</ele><time>2026-08-30T13:34:48Z</time></trkpt><trkpt lat="48.8572597224" lon="11.3986511249"><ele>462.47</ele><time>2026-08-30T13:34:55Z</time></trkpt><trkpt lat="48.8570738118" lon="11.3985685632"><ele>463.00</ele><time>2026-08-30T13:35:01Z</time></trkpt><trkpt lat="48.8567425590" lon="11.3983891066"><ele>463.95</ele><time>2026-08-30T13:35:12Z</time></trkpt><trkpt lat="48.8565097935" lon="11.3983207941"><ele>464.92</ele><time>2026-08-30T13:35:20Z</time></trkpt><trkpt lat="48.8562388904" lon="11.3982236478"><ele>465.67</ele><time>2026-08-30T13:35:29Z</time></trkpt><trkpt lat="48.8559324481" lon="11.3981362246"><ele>465.60</ele><time>2026-08-30T13:35:38Z</time></trkpt><trkpt lat="48.8555851020" lon="11.3979814108"><ele>464.78</ele><time>2026-08-30T13:35:47Z</time></trkpt><trkpt lat="48.8553176355" lon="11.3976917323"><ele>464.22</ele><time>2026-08-30T13:35:55Z</time></trkpt><trkpt lat="48.8549031503" lon="11.3972400315"><ele>464.05</ele><time>2026-08-30T13:36:07Z</time></trkpt><trkpt lat="48.8544475939" lon="11.3967954554"><ele>463.16</ele><time>2026-08-30T13:36:19Z</time></trkpt><trkpt lat="48.8539387286" lon="11.3963163458"><ele>463.38</ele><time>2026-08-30T13:36:33Z</time></trkpt><trkpt lat="48.8536530733" lon="11.3960488793"><ele>463.96</ele><time>2026-08-30T13:36:43Z</time></trkpt><trkpt lat="48.8532821741" lon="11.3957058918"><ele>464.96</ele><time>2026-08-30T13:36:56Z</time></trkpt><trkpt lat="48.8530027214" lon="11.3954265229"><ele>464.64</ele><time>2026-08-30T13:37:06Z</time></trkpt><trkpt lat="48.8526702952" lon="11.3951016404"><ele>465.81</ele><time>2026-08-30T13:37:19Z</time></trkpt><trkpt lat="48.8523496874" lon="11.3947824575"><ele>466.39</ele><time>2026-08-30T13:37:32Z</time></trkpt><trkpt lat="48.8520483579" lon="11.3945223670"><ele>467.57</ele><time>2026-08-30T13:37:44Z</time></trkpt><trkpt lat="48.8516818173" lon="11.3942291681"><ele>468.45</ele><time>2026-08-30T13:37:58Z</time></trkpt><trkpt lat="48.8513892051" lon="11.3940265775"><ele>468.97</ele><time>2026-08-30T13:38:10Z</time></trkpt><trkpt lat="48.8512083236" lon="11.3939352985"><ele>470.43</ele><time>2026-08-30T13:38:18Z</time></trkpt><trkpt lat="48.8510106783" lon="11.3938280940"><ele>472.11</ele><time>2026-08-30T13:38:27Z</time></trkpt><trkpt lat="48.8508230075" lon="11.3936846796"><ele>472.92</ele><time>2026-08-30T13:38:35Z</time></trkpt><trkpt lat="48.8505288027" lon="11.3934390899"><ele>474.55</ele><time>2026-08-30T13:38:48Z</time></trkpt><trkpt lat="48.8504135516" lon="11.3934321329"><ele>475.34</ele><time>2026-08-30T13:38:54Z</time></trkpt><trkpt lat="48.8503337558" lon="11.3936722744"><ele>475.71</ele><time>2026-08-30T13:39:01Z</time></trkpt><trkpt lat="48.8502344303" lon="11.3939881884"><ele>475.70</ele><time>2026-08-30T13:39:08Z</time></trkpt><trkpt lat="48.8500740007" lon="11.3943956327"><ele>474.98</ele><time>2026-08-30T13:39:15Z</time></trkpt><trkpt lat="48.8498797920" lon="11.3949520234"><ele>473.31</ele><time>2026-08-30T13:39:21Z</time></trkpt><trkpt lat="48.8496648800" lon="11.3955789898"><ele>470.03</ele><time>2026-08-30T13:39:27Z</time></trkpt><trkpt lat="48.8494240679" lon="11.3963656314"><ele>466.87</ele><time>2026-08-30T13:39:34Z</time></trkpt><trkpt lat="48.8491779752" lon="11.3971947692"><ele>463.62</ele><time>2026-08-30T13:39:41Z</time></trkpt><trkpt lat="48.8490198925" lon="11.3976627309"><ele>461.51</ele><time>2026-08-30T13:39:45Z</time></trkpt><trkpt lat="48.8487928268" lon="11.3982954808"><ele>459.69</ele><time>2026-08-30T13:39:50Z</time></trkpt><trkpt lat="48.8484873902" lon="11.3991732337"><ele>456.62</ele><time>2026-08-30T13:39:57Z</time></trkpt><trkpt lat="48.8481704704" lon="11.4001685008"><ele>454.59</ele><time>2026-08-30T13:40:06Z</time></trkpt><trkpt lat="48.8479314186" lon="11.4009039290"><ele>454.15</ele><time>2026-08-30T13:40:14Z</time></trkpt><trkpt lat="48.8476130739" lon="11.4019464701"><ele>452.20</ele><time>2026-08-30T13:40:25Z</time></trkpt><trkpt lat="48.8474720903" lon="11.4024575986"><ele>449.07</ele><time>2026-08-30T13:40:29Z</time></trkpt><trkpt lat="48.8473880198" lon="11.4027035236"><ele>447.39</ele><time>2026-08-30T13:40:31Z</time></trkpt><trkpt lat="48.8473387342" lon="11.4028109796"><ele>446.60</ele><time>2026-08-30T13:40:32Z</time></trkpt><trkpt lat="48.8472148497" lon="11.4030745067"><ele>445.49</ele><time>2026-08-30T13:40:35Z</time></trkpt><trkpt lat="48.8471172843" lon="11.4033521991"><ele>448.34</ele><time>2026-08-30T13:40:40Z</time></trkpt><trkpt lat="48.8470372371" lon="11.4036425482"><ele>451.14</ele><time>2026-08-30T13:40:48Z</time></trkpt><trkpt lat="48.8468926493" lon="11.4040720370"><ele>452.99</ele><time>2026-08-30T13:41:00Z</time></trkpt><trkpt lat="48.8467934076" lon="11.4043373242"><ele>454.20</ele><time>2026-08-30T13:41:08Z</time></trkpt><trkpt lat="48.8466674276" lon="11.4047136717"><ele>456.49</ele><time>2026-08-30T13:41:20Z</time></trkpt><trkpt lat="48.8465561159" lon="11.4050703216"><ele>458.03</ele><time>2026-08-30T13:41:31Z</time></trkpt><trkpt lat="48.8464317285" lon="11.4054486807"><ele>458.98</ele><time>2026-08-30T13:41:42Z</time></trkpt><trkpt lat="48.8463593926" lon="11.4056858886"><ele>459.82</ele><time>2026-08-30T13:41:50Z</time></trkpt><trkpt lat="48.8463162258" lon="11.4057907462"><ele>460.29</ele><time>2026-08-30T13:41:57Z</time></trkpt><trkpt lat="48.8463241886" lon="11.4058022294"><ele>460.79</ele><time>2026-08-30T13:42:12Z</time></trkpt><trkpt lat="48.8463417906" lon="11.4058163110"><ele>460.97</ele><time>2026-08-30T13:42:43Z</time></trkpt><trkpt lat="48.8463379350" lon="11.4058320690"><ele>461.12</ele><time>2026-08-30T13:43:08Z</time></trkpt><trkpt lat="48.8463308103" lon="11.4058476593"><ele>461.12</ele><time>2026-08-30T13:43:22Z</time></trkpt><trkpt lat="48.8463378511" lon="11.4058507606"><ele>461.12</ele><time>2026-08-30T13:43:59Z</time></trkpt><trkpt lat="48.8463105261" lon="11.4058856294"><ele>461.12</ele><time>2026-08-30T13:44:05Z</time></trkpt><trkpt lat="48.8463021442" lon="11.4059059974"><ele>461.12</ele><time>2026-08-30T13:44:06Z</time></trkpt><trkpt lat="48.8462104462" lon="11.4061456360"><ele>461.30</ele><time>2026-08-30T13:44:14Z</time></trkpt><trkpt lat="48.8460873999" lon="11.4065108355"><ele>462.04</ele><time>2026-08-30T13:44:25Z</time></trkpt><trkpt lat="48.8460166566" lon="11.4067610353"><ele>462.36</ele><time>2026-08-30T13:44:33Z</time></trkpt><trkpt lat="48.8459133077" lon="11.4070735965"><ele>462.55</ele><time>2026-08-30T13:44:42Z</time></trkpt><trkpt lat="48.8458494376" lon="11.4073450863"><ele>462.48</ele><time>2026-08-30T13:44:50Z</time></trkpt><trkpt lat="48.8457294926" lon="11.4075606689"><ele>462.63</ele><time>2026-08-30T13:44:57Z</time></trkpt><trkpt lat="48.8456505351" lon="11.4077675343"><ele>462.83</ele><time>2026-08-30T13:45:03Z</time></trkpt><trkpt lat="48.8455907721" lon="11.4079670236"><ele>463.19</ele><time>2026-08-30T13:45:09Z</time></trkpt><trkpt lat="48.8455836475" lon="11.4079982042"><ele>463.20</ele><time>2026-08-30T13:45:10Z</time></trkpt><trkpt lat="48.8455764391" lon="11.4080349170"><ele>463.21</ele><time>2026-08-30T13:45:11Z</time></trkpt><trkpt lat="48.8455697335" lon="11.4080726355"><ele>463.23</ele><time>2026-08-30T13:45:12Z</time></trkpt><trkpt lat="48.8455289975" lon="11.4082356635"><ele>463.40</ele><time>2026-08-30T13:45:16Z</time></trkpt><trkpt lat="48.8455141615" lon="11.4082764834"><ele>463.44</ele><time>2026-08-30T13:45:17Z</time></trkpt><trkpt lat="48.8455018401" lon="11.4083188958"><ele>463.46</ele><time>2026-08-30T13:45:18Z</time></trkpt><trkpt lat="48.8454922009" lon="11.4083621465"><ele>463.46</ele><time>2026-08-30T13:45:19Z</time></trkpt><trkpt lat="48.8454808015" lon="11.4084055647"><ele>463.46</ele><time>2026-08-30T13:45:20Z</time></trkpt><trkpt lat="48.8454016764" lon="11.4086341392"><ele>463.45</ele><time>2026-08-30T13:45:25Z</time></trkpt><trkpt lat="48.8453227188" lon="11.4088537451"><ele>463.40</ele><time>2026-08-30T13:45:30Z</time></trkpt><trkpt lat="48.8452160172" lon="11.4090928808"><ele>463.30</ele><time>2026-08-30T13:45:36Z</time></trkpt><trkpt lat="48.8451971579" lon="11.4091382269"><ele>463.29</ele><time>2026-08-30T13:45:37Z</time></trkpt><trkpt lat="48.8451782148" lon="11.4091959782"><ele>463.29</ele><time>2026-08-30T13:45:38Z</time></trkpt><trkpt lat="48.8450811524" lon="11.4094750118"><ele>463.16</ele><time>2026-08-30T13:45:44Z</time></trkpt><trkpt lat="48.8450358063" lon="11.4096052665"><ele>463.16</ele><time>2026-08-30T13:45:47Z</time></trkpt><trkpt lat="48.8450187910" lon="11.4096546359"><ele>463.14</ele><time>2026-08-30T13:45:48Z</time></trkpt><trkpt lat="48.8450022787" lon="11.4096998144"><ele>463.09</ele><time>2026-08-30T13:45:49Z</time></trkpt><trkpt lat="48.8449857663" lon="11.4097470045"><ele>463.02</ele><time>2026-08-30T13:45:50Z</time></trkpt><trkpt lat="48.8449716009" lon="11.4098024089"><ele>462.95</ele><time>2026-08-30T13:45:51Z</time></trkpt><trkpt lat="48.8449571840" lon="11.4098544605"><ele>462.86</ele><time>2026-08-30T13:45:52Z</time></trkpt><trkpt lat="48.8448570203" lon="11.4102295507"><ele>461.72</ele><time>2026-08-30T13:45:59Z</time></trkpt><trkpt lat="48.8447385002" lon="11.4105577860"><ele>460.84</ele><time>2026-08-30T13:46:05Z</time></trkpt><trkpt lat="48.8446975965" lon="11.4106636494"><ele>460.61</ele><time>2026-08-30T13:46:07Z</time></trkpt><trkpt lat="48.8444472291" lon="11.4115216210"><ele>459.84</ele><time>2026-08-30T13:46:13Z</time></trkpt><trkpt lat="48.8442914095" lon="11.4120036643"><ele>458.28</ele><time>2026-08-30T13:46:20Z</time></trkpt><trkpt lat="48.8441727217" lon="11.4122495055"><ele>457.29</ele><time>2026-08-30T13:46:23Z</time></trkpt><trkpt lat="48.8441122044" lon="11.4124085940"><ele>456.86</ele><time>2026-08-30T13:46:25Z</time></trkpt><trkpt lat="48.8440432213" lon="11.4126220811"><ele>455.94</ele><time>2026-08-30T13:46:28Z</time></trkpt><trkpt lat="48.8439346757" lon="11.4129262604"><ele>454.46</ele><time>2026-08-30T13:46:33Z</time></trkpt><trkpt lat="48.8439197559" lon="11.4129831735"><ele>454.25</ele><time>2026-08-30T13:46:34Z</time></trkpt><trkpt lat="48.8439027406" lon="11.4130361471"><ele>454.04</ele><time>2026-08-30T13:46:35Z</time></trkpt><trkpt lat="48.8437472563" lon="11.4134490397"><ele>451.31</ele><time>2026-08-30T13:46:42Z</time></trkpt><trkpt lat="48.8437303249" lon="11.4135266561"><ele>450.59</ele><time>2026-08-30T13:46:43Z</time></trkpt><trkpt lat="48.8437071908" lon="11.4136154205"><ele>450.21</ele><time>2026-08-30T13:46:44Z</time></trkpt><trkpt lat="48.8436874095" lon="11.4137032628"><ele>449.73</ele><time>2026-08-30T13:46:45Z</time></trkpt><trkpt lat="48.8435936160" lon="11.4140307438"><ele>448.45</ele><time>2026-08-30T13:46:48Z</time></trkpt><trkpt lat="48.8435087074" lon="11.4142740704"><ele>447.60</ele><time>2026-08-30T13:46:50Z</time></trkpt><trkpt lat="48.8434701506" lon="11.4144170657"><ele>447.02</ele><time>2026-08-30T13:46:51Z</time></trkpt><trkpt lat="48.8431410771" lon="11.4152772166"><ele>443.79</ele><time>2026-08-30T13:46:56Z</time></trkpt><trkpt lat="48.8428454474" lon="11.4161946997"><ele>441.30</ele><time>2026-08-30T13:47:03Z</time></trkpt><trkpt lat="48.8425578643" lon="11.4171146136"><ele>438.17</ele><time>2026-08-30T13:47:10Z</time></trkpt><trkpt lat="48.8422566187" lon="11.4180426579"><ele>435.47</ele><time>2026-08-30T13:47:18Z</time></trkpt><trkpt lat="48.8418424688" lon="11.4193115942"><ele>432.16</ele><time>2026-08-30T13:47:29Z</time></trkpt><trkpt lat="48.8417521957" lon="11.4195232373"><ele>430.28</ele><time>2026-08-30T13:47:31Z</time></trkpt><trkpt lat="48.8417070173" lon="11.4196056314"><ele>429.69</ele><time>2026-08-30T13:47:32Z</time></trkpt><trkpt lat="48.8416713942" lon="11.4196680766"><ele>429.15</ele><time>2026-08-30T13:47:33Z</time></trkpt><trkpt lat="48.8416432310" lon="11.4197279233"><ele>428.58</ele><time>2026-08-30T13:47:34Z</time></trkpt><trkpt lat="48.8416071050" lon="11.4197707549"><ele>428.13</ele><time>2026-08-30T13:47:35Z</time></trkpt><trkpt lat="48.8415603340" lon="11.4197877701"><ele>427.80</ele><time>2026-08-30T13:47:36Z</time></trkpt><trkpt lat="48.8415107131" lon="11.4197896142"><ele>427.43</ele><time>2026-08-30T13:47:37Z</time></trkpt><trkpt lat="48.8414592482" lon="11.4197839983"><ele>427.05</ele><time>2026-08-30T13:47:38Z</time></trkpt><trkpt lat="48.8413559832" lon="11.4197625406"><ele>426.52</ele><time>2026-08-30T13:47:40Z</time></trkpt><trkpt lat="48.8412560709" lon="11.4197408315"><ele>426.08</ele><time>2026-08-30T13:47:42Z</time></trkpt><trkpt lat="48.8412127364" lon="11.4197680727"><ele>425.87</ele><time>2026-08-30T13:47:43Z</time></trkpt><trkpt lat="48.8411886804" lon="11.4198251534"><ele>425.67</ele><time>2026-08-30T13:47:44Z</time></trkpt><trkpt lat="48.8411863334" lon="11.4199031889"><ele>425.52</ele><time>2026-08-30T13:47:45Z</time></trkpt><trkpt lat="48.8412104733" lon="11.4199804701"><ele>425.42</ele><time>2026-08-30T13:47:46Z</time></trkpt><trkpt lat="48.8412492815" lon="11.4200458489"><ele>425.30</ele><time>2026-08-30T13:47:47Z</time></trkpt><trkpt lat="48.8412930351" lon="11.4201057795"><ele>425.11</ele><time>2026-08-30T13:47:48Z</time></trkpt><trkpt lat="48.8413382135" lon="11.4201595075"><ele>424.91</ele><time>2026-08-30T13:47:49Z</time></trkpt><trkpt lat="48.8413833082" lon="11.4202058595"><ele>424.77</ele><time>2026-08-30T13:47:50Z</time></trkpt><trkpt lat="48.8414553925" lon="11.4203128964"><ele>424.57</ele><time>2026-08-30T13:47:54Z</time></trkpt><trkpt lat="48.8414525427" lon="11.4203299955"><ele>425.11</ele><time>2026-08-30T13:48:12Z</time></trkpt><trkpt lat="48.8414455019" lon="11.4203357790"><ele>425.17</ele><time>2026-08-30T13:48:39Z</time></trkpt><trkpt lat="48.8414560631" lon="11.4203128126"><ele>425.19</ele><time>2026-08-30T13:48:46Z</time></trkpt><trkpt lat="48.8413448352" lon="11.4202007465"><ele>425.07</ele><time>2026-08-30T13:48:52Z</time></trkpt><trkpt lat="48.8411682285" lon="11.4199732617"><ele>424.01</ele><time>2026-08-30T13:48:58Z</time></trkpt><trkpt lat="48.8409941364" lon="11.4198106527"><ele>424.99</ele><time>2026-08-30T13:49:04Z</time></trkpt><trkpt lat="48.8407535758" lon="11.4196369797"><ele>424.35</ele><time>2026-08-30T13:49:11Z</time></trkpt><trkpt lat="48.8407087326" lon="11.4196006022"><ele>424.06</ele><time>2026-08-30T13:49:12Z</time></trkpt><trkpt lat="48.8405800704" lon="11.4194942359"><ele>423.43</ele><time>2026-08-30T13:49:15Z</time></trkpt><trkpt lat="48.8405420166" lon="11.4194534160"><ele>423.20</ele><time>2026-08-30T13:49:16Z</time></trkpt><trkpt lat="48.8405053876" lon="11.4194056392"><ele>423.02</ele><time>2026-08-30T13:49:17Z</time></trkpt><trkpt lat="48.8404654898" lon="11.4193558507"><ele>422.94</ele><time>2026-08-30T13:49:18Z</time></trkpt><trkpt lat="48.8404273521" lon="11.4193006139"><ele>422.83</ele><time>2026-08-30T13:49:19Z</time></trkpt><trkpt lat="48.8403899688" lon="11.4192494843"><ele>422.75</ele><time>2026-08-30T13:49:20Z</time></trkpt><trkpt lat="48.8403536752" lon="11.4192045573"><ele>422.69</ele><time>2026-08-30T13:49:21Z</time></trkpt><trkpt lat="48.8401078340" lon="11.4188398607"><ele>422.53</ele><time>2026-08-30T13:49:27Z</time></trkpt><trkpt lat="48.8397147227" lon="11.4182974678"><ele>421.92</ele><time>2026-08-30T13:49:36Z</time></trkpt><trkpt lat="48.8393189292" lon="11.4177264087"><ele>421.37</ele><time>2026-08-30T13:49:46Z</time></trkpt><trkpt lat="48.8392807078" lon="11.4176756144"><ele>421.37</ele><time>2026-08-30T13:49:47Z</time></trkpt><trkpt lat="48.8390315138" lon="11.4172520768"><ele>421.38</ele><time>2026-08-30T13:49:54Z</time></trkpt><trkpt lat="48.8385917153" lon="11.4166342467"><ele>421.76</ele><time>2026-08-30T13:50:05Z</time></trkpt><trkpt lat="48.8381933235" lon="11.4163036644"><ele>421.39</ele><time>2026-08-30T13:50:13Z</time></trkpt><trkpt lat="48.8375777565" lon="11.4160851482"><ele>421.14</ele><time>2026-08-30T13:50:24Z</time></trkpt><trkpt lat="48.8369885925" lon="11.4158914424"><ele>420.72</ele><time>2026-08-30T13:50:35Z</time></trkpt><trkpt lat="48.8365125004" lon="11.4157628641"><ele>422.48</ele><time>2026-08-30T13:50:46Z</time></trkpt><trkpt lat="48.8360726181" lon="11.4156432543"><ele>424.39</ele><time>2026-08-30T13:50:57Z</time></trkpt><trkpt lat="48.8356733881" lon="11.4155693259"><ele>424.88</ele><time>2026-08-30T13:51:06Z</time></trkpt><trkpt lat="48.8351101242" lon="11.4155726787"><ele>425.19</ele><time>2026-08-30T13:51:19Z</time></trkpt><trkpt lat="48.8347037695" lon="11.4156908635"><ele>425.76</ele><time>2026-08-30T13:51:28Z</time></trkpt><trkpt lat="48.8342371490" lon="11.4158301707"><ele>424.09</ele><time>2026-08-30T13:51:36Z</time></trkpt><trkpt lat="48.8336648326" lon="11.4159170911"><ele>421.05</ele><time>2026-08-30T13:51:44Z</time></trkpt><trkpt lat="48.8328218646" lon="11.4159698971"><ele>419.05</ele><time>2026-08-30T13:51:56Z</time></trkpt><trkpt lat="48.8320849277" lon="11.4159892593"><ele>418.48</ele><time>2026-08-30T13:52:07Z</time></trkpt><trkpt lat="48.8314610627" lon="11.4159849007"><ele>417.95</ele><time>2026-08-30T13:52:16Z</time></trkpt><trkpt lat="48.8311086036" lon="11.4159325138"><ele>416.05</ele><time>2026-08-30T13:52:21Z</time></trkpt><trkpt lat="48.8310454041" lon="11.4158901852"><ele>415.71</ele><time>2026-08-30T13:52:22Z</time></trkpt><trkpt lat="48.8309884071" lon="11.4158346131"><ele>415.12</ele><time>2026-08-30T13:52:23Z</time></trkpt><trkpt lat="48.8309335057" lon="11.4157794602"><ele>414.97</ele><time>2026-08-30T13:52:24Z</time></trkpt><trkpt lat="48.8308726531" lon="11.4157341141"><ele>414.84</ele><time>2026-08-30T13:52:25Z</time></trkpt><trkpt lat="48.8308084477" lon="11.4157042746"><ele>414.67</ele><time>2026-08-30T13:52:26Z</time></trkpt><trkpt lat="48.8307424821" lon="11.4156808052"><ele>414.58</ele><time>2026-08-30T13:52:27Z</time></trkpt><trkpt lat="48.8299917150" lon="11.4155611955"><ele>413.47</ele><time>2026-08-30T13:52:38Z</time></trkpt><trkpt lat="48.8293942530" lon="11.4156834874"><ele>411.72</ele><time>2026-08-30T13:52:46Z</time></trkpt><trkpt lat="48.8286628481" lon="11.4159332681"><ele>408.37</ele><time>2026-08-30T13:52:55Z</time></trkpt><trkpt lat="48.8278312795" lon="11.4162079431"><ele>405.29</ele><time>2026-08-30T13:53:05Z</time></trkpt><trkpt lat="48.8270834461" lon="11.4164795168"><ele>404.18</ele><time>2026-08-30T13:53:15Z</time></trkpt><trkpt lat="48.8263841439" lon="11.4166441374"><ele>404.29</ele><time>2026-08-30T13:53:26Z</time></trkpt><trkpt lat="48.8259205408" lon="11.4166478254"><ele>404.55</ele><time>2026-08-30T13:53:35Z</time></trkpt><trkpt lat="48.8257285114" lon="11.4165992104"><ele>404.16</ele><time>2026-08-30T13:53:39Z</time></trkpt><trkpt lat="48.8253380824" lon="11.4164375234"><ele>402.36</ele><time>2026-08-30T13:53:46Z</time></trkpt><trkpt lat="48.8252793252" lon="11.4163927641"><ele>401.93</ele><time>2026-08-30T13:53:47Z</time></trkpt><trkpt lat="48.8248774968" lon="11.4159410633"><ele>399.82</ele><time>2026-08-30T13:53:54Z</time></trkpt><trkpt lat="48.8245025743" lon="11.4155594353"><ele>396.76</ele><time>2026-08-30T13:54:00Z</time></trkpt><trkpt lat="48.8242657855" lon="11.4152876940"><ele>395.00</ele><time>2026-08-30T13:54:04Z</time></trkpt><trkpt lat="48.8242161646" lon="11.4152061380"><ele>394.78</ele><time>2026-08-30T13:54:05Z</time></trkpt><trkpt lat="48.8239404000" lon="11.4147954248"><ele>393.17</ele><time>2026-08-30T13:54:10Z</time></trkpt><trkpt lat="48.8238779549" lon="11.4147341531"><ele>392.57</ele><time>2026-08-30T13:54:11Z</time></trkpt><trkpt lat="48.8237829879" lon="11.4146499150"><ele>391.82</ele><time>2026-08-30T13:54:13Z</time></trkpt><trkpt lat="48.8237093110" lon="11.4145982824"><ele>392.07</ele><time>2026-08-30T13:54:17Z</time></trkpt><trkpt lat="48.8236668985" lon="11.4145674370"><ele>392.38</ele><time>2026-08-30T13:54:19Z</time></trkpt><trkpt lat="48.8236490451" lon="11.4145439677"><ele>392.43</ele><time>2026-08-30T13:54:20Z</time></trkpt><trkpt lat="48.8234873582" lon="11.4144281298"><ele>391.93</ele><time>2026-08-30T13:54:26Z</time></trkpt><trkpt lat="48.8233749568" lon="11.4144069236"><ele>391.56</ele><time>2026-08-30T13:54:29Z</time></trkpt><trkpt lat="48.8230626471" lon="11.4144629985"><ele>391.54</ele><time>2026-08-30T13:54:37Z</time></trkpt><trkpt lat="48.8230337296" lon="11.4144966938"><ele>391.65</ele><time>2026-08-30T13:54:38Z</time></trkpt><trkpt lat="48.8230028003" lon="11.4145187382"><ele>391.83</ele><time>2026-08-30T13:54:39Z</time></trkpt><trkpt lat="48.8229690213" lon="11.4145316463"><ele>391.93</ele><time>2026-08-30T13:54:40Z</time></trkpt><trkpt lat="48.8229310513" lon="11.4145390224"><ele>391.98</ele><time>2026-08-30T13:54:41Z</time></trkpt><trkpt lat="48.8228929136" lon="11.4145451412"><ele>392.01</ele><time>2026-08-30T13:54:42Z</time></trkpt><trkpt lat="48.8228540216" lon="11.4145567082"><ele>391.87</ele><time>2026-08-30T13:54:43Z</time></trkpt><trkpt lat="48.8227259461" lon="11.4145778306"><ele>391.38</ele><time>2026-08-30T13:54:46Z</time></trkpt><trkpt lat="48.8226881437" lon="11.4145749807"><ele>391.33</ele><time>2026-08-30T13:54:47Z</time></trkpt><trkpt lat="48.8226534426" lon="11.4145695325"><ele>391.39</ele><time>2026-08-30T13:54:48Z</time></trkpt><trkpt lat="48.8226156402" lon="11.4145753160"><ele>391.65</ele><time>2026-08-30T13:54:49Z</time></trkpt><trkpt lat="48.8225801848" lon="11.4145992044"><ele>391.79</ele><time>2026-08-30T13:54:50Z</time></trkpt><trkpt lat="48.8225669414" lon="11.4146416169"><ele>391.95</ele><time>2026-08-30T13:54:51Z</time></trkpt><trkpt lat="48.8225740660" lon="11.4146903995"><ele>392.06</ele><time>2026-08-30T13:54:52Z</time></trkpt><trkpt lat="48.8225879800" lon="11.4147199038"><ele>392.13</ele><time>2026-08-30T13:54:53Z</time></trkpt><trkpt lat="48.8226117846" lon="11.4147541020"><ele>392.16</ele><time>2026-08-30T13:54:54Z</time></trkpt><trkpt lat="48.8226370141" lon="11.4147782419"><ele>392.18</ele><time>2026-08-30T13:54:55Z</time></trkpt><trkpt lat="48.8226682786" lon="11.4148385078"><ele>392.15</ele><time>2026-08-30T13:55:00Z</time></trkpt><trkpt lat="48.8226628304" lon="11.4148482308"><ele>391.99</ele><time>2026-08-30T13:55:10Z</time></trkpt><trkpt lat="48.8226557057" lon="11.4148395974"><ele>389.02</ele><time>2026-08-30T13:55:16Z</time></trkpt></trkseg></trk></gpx>