<?xml version="1.0" encoding="UTF-8" standalone="no" ?><gpx xmlns="http://www.topografix.com/GPX/1/1" xmlns:gpxx="http://www.garmin.com/xmlschemas/GpxExtensions/v3" xmlns:gpxtrkx="http://www.garmin.com/xmlschemas/TrackStatsExtension/v1" xmlns:wptx1="http://www.garmin.com/xmlschemas/WaypointExtension/v1" xmlns:gpxtpx="http://www.garmin.com/xmlschemas/TrackPointExtension/v1" creator="Oregon 700" version="1.1" xmlns:xsi="http://www.w3.org/2001/XMLSchema-instance" xsi:schemaLocation="http://www.topografix.com/GPX/1/1 http://www.topografix.com/GPX/1/1/gpx.xsd http://www.garmin.com/xmlschemas/GpxExtensions/v3 http://www8.garmin.com/xmlschemas/GpxExtensionsv3.xsd http://www.garmin.com/xmlschemas/TrackStatsExtension/v1 http://www8.garmin.com/xmlschemas/TrackStatsExtension.xsd http://www.garmin.com/xmlschemas/WaypointExtension/v1 http://www8.garmin.com/xmlschemas/WaypointExtensionv1.xsd http://www.garmin.com/xmlschemas/TrackPointExtension/v1 http://www.garmin.com/xmlschemas/TrackPointExtensionv1.xsd"><metadata><link href="http://www.garmin.com"><text>Garmin International</text></link><time>2026-08-27T15:22:20Z</time></metadata><trk><name>2026-08-27 17:21:15</name><extensions><gpxx:TrackExtension><gpxx:DisplayColor>Cyan</gpxx:DisplayColor></gpxx:TrackExtension></extensions><trkseg><trkpt lat="47.4863632489" lon="11.0898995306"><ele>676.72</ele><time>2026-08-27T06:08:14Z</time></trkpt><trkpt lat="47.4863540288" lon="11.0899002012"><ele>676.72</ele><time>2026-08-27T06:08:28Z</time></trkpt><trkpt lat="47.4863712955" lon="11.0898838565"><ele>676.72</ele><time>2026-08-27T06:09:25Z</time></trkpt><trkpt lat="47.4863700382" lon="11.0898871254"><ele>676.72</ele><time>2026-08-27T06:10:16Z</time></trkpt><trkpt lat="47.4863745645" lon="11.0898869578"><ele>676.72</ele><time>2026-08-27T06:10:43Z</time></trkpt><trkpt lat="47.4863828626" lon="11.0898791626"><ele>676.72</ele><time>2026-08-27T06:11:09Z</time></trkpt><trkpt lat="47.4863878079" lon="11.0898709483"><ele>676.72</ele><time>2026-08-27T06:11:50Z</time></trkpt><trkpt lat="47.4863837846" lon="11.0898500774"><ele>676.72</ele><time>2026-08-27T06:12:32Z</time></trkpt><trkpt lat="47.4863912445" lon="11.0898509156"><ele>676.72</ele><time>2026-08-27T06:13:05Z</time></trkpt><trkpt lat="47.4863912445" lon="11.0898477305"><ele>676.72</ele><time>2026-08-27T06:13:17Z</time></trkpt><trkpt lat="47.4863945972" lon="11.0898385104"><ele>676.72</ele><time>2026-08-27T06:13:33Z</time></trkpt><trkpt lat="47.4864130374" lon="11.0898328945"><ele>676.72</ele><time>2026-08-27T06:13:52Z</time></trkpt><trkpt lat="47.4863825273" lon="11.0898727085"><ele>676.72</ele><time>2026-08-27T06:14:02Z</time></trkpt><trkpt lat="47.4863817729" lon="11.0898848623"><ele>676.72</ele><time>2026-08-27T06:14:12Z</time></trkpt><trkpt lat="47.4863727205" lon="11.0898898914"><ele>676.72</ele><time>2026-08-27T06:14:30Z</time></trkpt><trkpt lat="47.4863679428" lon="11.0898927413"><ele>676.72</ele><time>2026-08-27T06:14:52Z</time></trkpt><trkpt lat="47.4863617402" lon="11.0898876283"><ele>676.72</ele><time>2026-08-27T06:15:22Z</time></trkpt><trkpt lat="47.4863508437" lon="11.0899022128"><ele>676.72</ele><time>2026-08-27T06:15:40Z</time></trkpt><trkpt lat="47.4863098562" lon="11.0899469722"><ele>676.72</ele><time>2026-08-27T06:15:44Z</time></trkpt><trkpt lat="47.4862938467" lon="11.0899742972"><ele>676.72</ele><time>2026-08-27T06:15:45Z</time></trkpt><trkpt lat="47.4862759095" lon="11.0900050588"><ele>676.72</ele><time>2026-08-27T06:15:46Z</time></trkpt><trkpt lat="47.4862439744" lon="11.0900724493"><ele>681.00</ele><time>2026-08-27T06:15:48Z</time></trkpt><trkpt lat="47.4862084351" lon="11.0901296977"><ele>685.27</ele><time>2026-08-27T06:15:50Z</time></trkpt><trkpt lat="47.4861391168" lon="11.0902086552"><ele>686.79</ele><time>2026-08-27T06:15:53Z</time></trkpt><trkpt lat="47.4859984685" lon="11.0903699230"><ele>687.34</ele><time>2026-08-27T06:15:59Z</time></trkpt><trkpt lat="47.4857387971" lon="11.0905825719"><ele>688.11</ele><time>2026-08-27T06:16:08Z</time></trkpt><trkpt lat="47.4855445884" lon="11.0907536466"><ele>688.76</ele><time>2026-08-27T06:16:15Z</time></trkpt><trkpt lat="47.4852541555" lon="11.0909781139"><ele>689.83</ele><time>2026-08-27T06:16:25Z</time></trkpt><trkpt lat="47.4849603698" lon="11.0912263021"><ele>691.01</ele><time>2026-08-27T06:16:35Z</time></trkpt><trkpt lat="47.4847172108" lon="11.0914422199"><ele>691.79</ele><time>2026-08-27T06:16:43Z</time></trkpt><trkpt lat="47.4843451381" lon="11.0917632468"><ele>693.07</ele><time>2026-08-27T06:16:56Z</time></trkpt><trkpt lat="47.4840327445" lon="11.0920338985"><ele>694.61</ele><time>2026-08-27T06:17:07Z</time></trkpt><trkpt lat="47.4837605003" lon="11.0922682565"><ele>695.88</ele><time>2026-08-27T06:17:17Z</time></trkpt><trkpt lat="47.4834940396" lon="11.0924921371"><ele>697.04</ele><time>2026-08-27T06:17:27Z</time></trkpt><trkpt lat="47.4833316822" lon="11.0926327016"><ele>698.00</ele><time>2026-08-27T06:17:35Z</time></trkpt><trkpt lat="47.4833030999" lon="11.0926703364"><ele>698.18</ele><time>2026-08-27T06:17:37Z</time></trkpt><trkpt lat="47.4832963943" lon="11.0926963203"><ele>698.27</ele><time>2026-08-27T06:17:38Z</time></trkpt><trkpt lat="47.4832901917" lon="11.0927197896"><ele>698.37</ele><time>2026-08-27T06:17:39Z</time></trkpt><trkpt lat="47.4832818098" lon="11.0927399062"><ele>698.47</ele><time>2026-08-27T06:17:40Z</time></trkpt><trkpt lat="47.4832716677" lon="11.0927533172"><ele>698.58</ele><time>2026-08-27T06:17:41Z</time></trkpt><trkpt lat="47.4832632858" lon="11.0927623697"><ele>698.69</ele><time>2026-08-27T06:17:42Z</time></trkpt><trkpt lat="47.4832618609" lon="11.0927981604"><ele>699.22</ele><time>2026-08-27T06:17:50Z</time></trkpt><trkpt lat="47.4832672253" lon="11.0927957296"><ele>699.87</ele><time>2026-08-27T06:18:12Z</time></trkpt><trkpt lat="47.4832739308" lon="11.0927915387"><ele>700.41</ele><time>2026-08-27T06:18:34Z</time></trkpt><trkpt lat="47.4832672253" lon="11.0927921254"><ele>700.67</ele><time>2026-08-27T06:18:50Z</time></trkpt><trkpt lat="47.4832489528" lon="11.0927779600"><ele>700.86</ele><time>2026-08-27T06:19:03Z</time></trkpt><trkpt lat="47.4832282495" lon="11.0927545745"><ele>700.92</ele><time>2026-08-27T06:19:05Z</time></trkpt><trkpt lat="47.4832219630" lon="11.0927312728"><ele>700.94</ele><time>2026-08-27T06:19:06Z</time></trkpt><trkpt lat="47.4832196999" lon="11.0927010141"><ele>700.94</ele><time>2026-08-27T06:19:07Z</time></trkpt><trkpt lat="47.4832230527" lon="11.0926659778"><ele>700.94</ele><time>2026-08-27T06:19:08Z</time></trkpt><trkpt lat="47.4832248129" lon="11.0926271696"><ele>700.94</ele><time>2026-08-27T06:19:09Z</time></trkpt><trkpt lat="47.4832263216" lon="11.0925840028"><ele>700.94</ele><time>2026-08-27T06:19:10Z</time></trkpt><trkpt lat="47.4831939675" lon="11.0921412706"><ele>700.48</ele><time>2026-08-27T06:19:19Z</time></trkpt><trkpt lat="47.4831252359" lon="11.0916125402"><ele>699.71</ele><time>2026-08-27T06:19:27Z</time></trkpt><trkpt lat="47.4829481263" lon="11.0908598453"><ele>698.54</ele><time>2026-08-27T06:19:37Z</time></trkpt><trkpt lat="47.4826696794" lon="11.0899577849"><ele>696.06</ele><time>2026-08-27T06:19:47Z</time></trkpt><trkpt lat="47.4822831899" lon="11.0889844783"><ele>694.53</ele><time>2026-08-27T06:19:58Z</time></trkpt><trkpt lat="47.4819060881" lon="11.0880186316"><ele>693.69</ele><time>2026-08-27T06:20:09Z</time></trkpt><trkpt lat="47.4816465843" lon="11.0871306527"><ele>693.08</ele><time>2026-08-27T06:20:19Z</time></trkpt><trkpt lat="47.4815594126" lon="11.0864097252"><ele>693.19</ele><time>2026-08-27T06:20:27Z</time></trkpt><trkpt lat="47.4815551378" lon="11.0863242298"><ele>693.23</ele><time>2026-08-27T06:20:28Z</time></trkpt><trkpt lat="47.4815553054" lon="11.0862409137"><ele>693.27</ele><time>2026-08-27T06:20:29Z</time></trkpt><trkpt lat="47.4815409724" lon="11.0859804042"><ele>693.39</ele><time>2026-08-27T06:20:32Z</time></trkpt><trkpt lat="47.4815400504" lon="11.0858966690"><ele>693.46</ele><time>2026-08-27T06:20:33Z</time></trkpt><trkpt lat="47.4815429840" lon="11.0858168732"><ele>693.54</ele><time>2026-08-27T06:20:34Z</time></trkpt><trkpt lat="47.4815374520" lon="11.0856509116"><ele>693.71</ele><time>2026-08-27T06:20:36Z</time></trkpt><trkpt lat="47.4815381225" lon="11.0855701938"><ele>693.80</ele><time>2026-08-27T06:20:37Z</time></trkpt><trkpt lat="47.4815409724" lon="11.0854930803"><ele>693.88</ele><time>2026-08-27T06:20:38Z</time></trkpt><trkpt lat="47.4815326743" lon="11.0850935988"><ele>694.04</ele><time>2026-08-27T06:20:43Z</time></trkpt><trkpt lat="47.4815320037" lon="11.0850147251"><ele>694.16</ele><time>2026-08-27T06:20:44Z</time></trkpt><trkpt lat="47.4815350212" lon="11.0849414673"><ele>694.31</ele><time>2026-08-27T06:20:45Z</time></trkpt><trkpt lat="47.4815286510" lon="11.0842444282"><ele>695.22</ele><time>2026-08-27T06:20:54Z</time></trkpt><trkpt lat="47.4815332610" lon="11.0841688234"><ele>695.25</ele><time>2026-08-27T06:20:55Z</time></trkpt><trkpt lat="47.4815052655" lon="11.0831974447"><ele>695.65</ele><time>2026-08-27T06:21:07Z</time></trkpt><trkpt lat="47.4815015774" lon="11.0831148829"><ele>695.64</ele><time>2026-08-27T06:21:08Z</time></trkpt><trkpt lat="47.4814602546" lon="11.0821971484"><ele>696.18</ele><time>2026-08-27T06:21:20Z</time></trkpt><trkpt lat="47.4814415630" lon="11.0820633732"><ele>696.45</ele><time>2026-08-27T06:21:22Z</time></trkpt><trkpt lat="47.4814233743" lon="11.0814638156"><ele>696.78</ele><time>2026-08-27T06:21:30Z</time></trkpt><trkpt lat="47.4814157467" lon="11.0810963530"><ele>697.31</ele><time>2026-08-27T06:21:35Z</time></trkpt><trkpt lat="47.4814046826" lon="11.0810225084"><ele>697.35</ele><time>2026-08-27T06:21:36Z</time></trkpt><trkpt lat="47.4813879188" lon="11.0809513461"><ele>697.38</ele><time>2026-08-27T06:21:37Z</time></trkpt><trkpt lat="47.4812774453" lon="11.0805515293"><ele>697.52</ele><time>2026-08-27T06:21:43Z</time></trkpt><trkpt lat="47.4812642019" lon="11.0804874077"><ele>697.60</ele><time>2026-08-27T06:21:44Z</time></trkpt><trkpt lat="47.4812568258" lon="11.0804268066"><ele>697.74</ele><time>2026-08-27T06:21:45Z</time></trkpt><trkpt lat="47.4812478572" lon="11.0803626012"><ele>697.89</ele><time>2026-08-27T06:21:46Z</time></trkpt><trkpt lat="47.4812334403" lon="11.0802969709"><ele>698.01</ele><time>2026-08-27T06:21:47Z</time></trkpt><trkpt lat="47.4812245555" lon="11.0802316759"><ele>698.22</ele><time>2026-08-27T06:21:48Z</time></trkpt><trkpt lat="47.4812249746" lon="11.0801682249"><ele>698.33</ele><time>2026-08-27T06:21:49Z</time></trkpt><trkpt lat="47.4812217057" lon="11.0800963081"><ele>698.43</ele><time>2026-08-27T06:21:50Z</time></trkpt><trkpt lat="47.4812227953" lon="11.0800262354"><ele>698.47</ele><time>2026-08-27T06:21:51Z</time></trkpt><trkpt lat="47.4812286627" lon="11.0799552407"><ele>698.49</ele><time>2026-08-27T06:21:52Z</time></trkpt><trkpt lat="47.4812409841" lon="11.0798822343"><ele>698.50</ele><time>2026-08-27T06:21:53Z</time></trkpt><trkpt lat="47.4812868331" lon="11.0796632990"><ele>698.47</ele><time>2026-08-27T06:21:56Z</time></trkpt><trkpt lat="47.4812952150" lon="11.0795903765"><ele>698.45</ele><time>2026-08-27T06:21:57Z</time></trkpt><trkpt lat="47.4813045189" lon="11.0793231614"><ele>698.43</ele><time>2026-08-27T06:22:01Z</time></trkpt><trkpt lat="47.4812983163" lon="11.0792617220"><ele>698.43</ele><time>2026-08-27T06:22:02Z</time></trkpt><trkpt lat="47.4812818877" lon="11.0791427828"><ele>698.48</ele><time>2026-08-27T06:22:04Z</time></trkpt><trkpt lat="47.4812782835" lon="11.0790872946"><ele>698.55</ele><time>2026-08-27T06:22:05Z</time></trkpt><trkpt lat="47.4812787026" lon="11.0790375900"><ele>698.64</ele><time>2026-08-27T06:22:06Z</time></trkpt><trkpt lat="47.4812619388" lon="11.0787644237"><ele>699.21</ele><time>2026-08-27T06:22:13Z</time></trkpt><trkpt lat="47.4812617712" lon="11.0786318220"><ele>699.77</ele><time>2026-08-27T06:22:22Z</time></trkpt><trkpt lat="47.4812576640" lon="11.0786331631"><ele>700.15</ele><time>2026-08-27T06:22:37Z</time></trkpt><trkpt lat="47.4812458456" lon="11.0786148068"><ele>700.44</ele><time>2026-08-27T06:22:57Z</time></trkpt><trkpt lat="47.4812484439" lon="11.0785743222"><ele>700.56</ele><time>2026-08-27T06:23:00Z</time></trkpt><trkpt lat="47.4812481087" lon="11.0785475839"><ele>700.57</ele><time>2026-08-27T06:23:01Z</time></trkpt><trkpt lat="47.4812498689" lon="11.0785112903"><ele>700.58</ele><time>2026-08-27T06:23:02Z</time></trkpt><trkpt lat="47.4812533055" lon="11.0784710571"><ele>700.58</ele><time>2026-08-27T06:23:03Z</time></trkpt><trkpt lat="47.4812541436" lon="11.0784273874"><ele>700.58</ele><time>2026-08-27T06:23:04Z</time></trkpt><trkpt lat="47.4812511262" lon="11.0782602523"><ele>700.59</ele><time>2026-08-27T06:23:07Z</time></trkpt><trkpt lat="47.4812388886" lon="11.0780749284"><ele>700.70</ele><time>2026-08-27T06:23:10Z</time></trkpt><trkpt lat="47.4811762758" lon="11.0773478821"><ele>701.25</ele><time>2026-08-27T06:23:21Z</time></trkpt><trkpt lat="47.4811056163" lon="11.0765699577"><ele>701.83</ele><time>2026-08-27T06:23:32Z</time></trkpt><trkpt lat="47.4810026027" lon="11.0756435897"><ele>703.06</ele><time>2026-08-27T06:23:45Z</time></trkpt><trkpt lat="47.4809412472" lon="11.0752340499"><ele>704.28</ele><time>2026-08-27T06:23:52Z</time></trkpt><trkpt lat="47.4809290096" lon="11.0747167189"><ele>705.26</ele><time>2026-08-27T06:24:00Z</time></trkpt><trkpt lat="47.4808301870" lon="11.0740005691"><ele>704.95</ele><time>2026-08-27T06:24:09Z</time></trkpt><trkpt lat="47.4808127526" lon="11.0739242937"><ele>704.98</ele><time>2026-08-27T06:24:10Z</time></trkpt><trkpt lat="47.4808012694" lon="11.0738513712"><ele>705.01</ele><time>2026-08-27T06:24:11Z</time></trkpt><trkpt lat="47.4805971701" lon="11.0731873568"><ele>705.04</ele><time>2026-08-27T06:24:20Z</time></trkpt><trkpt lat="47.4802532606" lon="11.0722127091"><ele>704.97</ele><time>2026-08-27T06:24:33Z</time></trkpt><trkpt lat="47.4800527655" lon="11.0715953819"><ele>705.49</ele><time>2026-08-27T06:24:41Z</time></trkpt><trkpt lat="47.4800277036" lon="11.0715207830"><ele>705.52</ele><time>2026-08-27T06:24:42Z</time></trkpt><trkpt lat="47.4800072517" lon="11.0714480281"><ele>705.55</ele><time>2026-08-27T06:24:43Z</time></trkpt><trkpt lat="47.4797190819" lon="11.0705649108"><ele>706.03</ele><time>2026-08-27T06:24:55Z</time></trkpt><trkpt lat="47.4795356859" lon="11.0698106233"><ele>707.33</ele><time>2026-08-27T06:25:06Z</time></trkpt><trkpt lat="47.4794565607" lon="11.0691964813"><ele>709.40</ele><time>2026-08-27T06:25:16Z</time></trkpt><trkpt lat="47.4794275593" lon="11.0689264163"><ele>709.80</ele><time>2026-08-27T06:25:20Z</time></trkpt><trkpt lat="47.4794014916" lon="11.0686483048"><ele>709.97</ele><time>2026-08-27T06:25:24Z</time></trkpt><trkpt lat="47.4793919362" lon="11.0685763042"><ele>710.15</ele><time>2026-08-27T06:25:25Z</time></trkpt><trkpt lat="47.4793884158" lon="11.0685088299"><ele>710.24</ele><time>2026-08-27T06:25:26Z</time></trkpt><trkpt lat="47.4793726578" lon="11.0682971869"><ele>710.36</ele><time>2026-08-27T06:25:29Z</time></trkpt><trkpt lat="47.4793631863" lon="11.0682230908"><ele>710.38</ele><time>2026-08-27T06:25:30Z</time></trkpt><trkpt lat="47.4792968854" lon="11.0675881617"><ele>710.75</ele><time>2026-08-27T06:25:39Z</time></trkpt><trkpt lat="47.4791685585" lon="11.0668846685"><ele>711.12</ele><time>2026-08-27T06:25:49Z</time></trkpt><trkpt lat="47.4790923670" lon="11.0666151065"><ele>711.38</ele><time>2026-08-27T06:25:53Z</time></trkpt><trkpt lat="47.4790719151" lon="11.0665483866"><ele>711.44</ele><time>2026-08-27T06:25:54Z</time></trkpt><trkpt lat="47.4790613540" lon="11.0664896294"><ele>711.55</ele><time>2026-08-27T06:25:55Z</time></trkpt><trkpt lat="47.4790506251" lon="11.0664317105"><ele>711.68</ele><time>2026-08-27T06:25:56Z</time></trkpt><trkpt lat="47.4790322687" lon="11.0663719475"><ele>711.80</ele><time>2026-08-27T06:25:57Z</time></trkpt><trkpt lat="47.4790100567" lon="11.0663104244"><ele>711.91</ele><time>2026-08-27T06:25:58Z</time></trkpt><trkpt lat="47.4789863359" lon="11.0662481468"><ele>712.01</ele><time>2026-08-27T06:25:59Z</time></trkpt><trkpt lat="47.4788079690" lon="11.0658414569"><ele>712.30</ele><time>2026-08-27T06:26:06Z</time></trkpt><trkpt lat="47.4787821528" lon="11.0657957755"><ele>712.37</ele><time>2026-08-27T06:26:07Z</time></trkpt><trkpt lat="47.4786949810" lon="11.0656690411"><ele>712.74</ele><time>2026-08-27T06:26:10Z</time></trkpt><trkpt lat="47.4785994273" lon="11.0653451644"><ele>713.80</ele><time>2026-08-27T06:26:16Z</time></trkpt><trkpt lat="47.4785805680" lon="11.0652864072"><ele>713.90</ele><time>2026-08-27T06:26:17Z</time></trkpt><trkpt lat="47.4785358924" lon="11.0651765205"><ele>714.00</ele><time>2026-08-27T06:26:19Z</time></trkpt><trkpt lat="47.4784838408" lon="11.0649961419"><ele>714.04</ele><time>2026-08-27T06:26:22Z</time></trkpt><trkpt lat="47.4784709327" lon="11.0649319366"><ele>714.06</ele><time>2026-08-27T06:26:23Z</time></trkpt><trkpt lat="47.4784552585" lon="11.0648685694"><ele>714.10</ele><time>2026-08-27T06:26:24Z</time></trkpt><trkpt lat="47.4781771470" lon="11.0641011223"><ele>714.30</ele><time>2026-08-27T06:26:36Z</time></trkpt><trkpt lat="47.4778866302" lon="11.0636406206"><ele>714.67</ele><time>2026-08-27T06:26:45Z</time></trkpt><trkpt lat="47.4773927685" lon="11.0630091280"><ele>715.70</ele><time>2026-08-27T06:26:59Z</time></trkpt><trkpt lat="47.4769295007" lon="11.0624608677"><ele>717.09</ele><time>2026-08-27T06:27:12Z</time></trkpt><trkpt lat="47.4766841624" lon="11.0622046329"><ele>717.84</ele><time>2026-08-27T06:27:19Z</time></trkpt><trkpt lat="47.4764531571" lon="11.0619975999"><ele>719.06</ele><time>2026-08-27T06:27:26Z</time></trkpt><trkpt lat="47.4761722796" lon="11.0619014595"><ele>719.77</ele><time>2026-08-27T06:27:33Z</time></trkpt><trkpt lat="47.4759978522" lon="11.0617703665"><ele>720.26</ele><time>2026-08-27T06:27:39Z</time></trkpt><trkpt lat="47.4759727903" lon="11.0617486574"><ele>720.67</ele><time>2026-08-27T06:27:44Z</time></trkpt><trkpt lat="47.4759699404" lon="11.0617574584"><ele>721.01</ele><time>2026-08-27T06:28:06Z</time></trkpt><trkpt lat="47.4759722874" lon="11.0617753956"><ele>721.27</ele><time>2026-08-27T06:28:29Z</time></trkpt><trkpt lat="47.4759385083" lon="11.0617660917"><ele>721.28</ele><time>2026-08-27T06:28:33Z</time></trkpt><trkpt lat="47.4759226665" lon="11.0617695283"><ele>721.28</ele><time>2026-08-27T06:28:34Z</time></trkpt><trkpt lat="47.4759055674" lon="11.0617762338"><ele>721.29</ele><time>2026-08-27T06:28:35Z</time></trkpt><trkpt lat="47.4757370073" lon="11.0617462266"><ele>721.79</ele><time>2026-08-27T06:28:42Z</time></trkpt><trkpt lat="47.4755831994" lon="11.0616900679"><ele>722.34</ele><time>2026-08-27T06:28:49Z</time></trkpt><trkpt lat="47.4754807726" lon="11.0616214201"><ele>722.87</ele><time>2026-08-27T06:28:57Z</time></trkpt><trkpt lat="47.4754780903" lon="11.0615931731"><ele>722.91</ele><time>2026-08-27T06:28:58Z</time></trkpt><trkpt lat="47.4755015597" lon="11.0614804365"><ele>722.97</ele><time>2026-08-27T06:29:01Z</time></trkpt><trkpt lat="47.4755758233" lon="11.0612639319"><ele>722.99</ele><time>2026-08-27T06:29:06Z</time></trkpt><trkpt lat="47.4757853709" lon="11.0610151570"><ele>722.47</ele><time>2026-08-27T06:29:14Z</time></trkpt><trkpt lat="47.4757877178" lon="11.0609109700"><ele>722.35</ele><time>2026-08-27T06:29:17Z</time></trkpt><trkpt lat="47.4757695291" lon="11.0608823039"><ele>722.34</ele><time>2026-08-27T06:29:18Z</time></trkpt><trkpt lat="47.4757458922" lon="11.0608555656"><ele>722.33</ele><time>2026-08-27T06:29:19Z</time></trkpt><trkpt lat="47.4757213332" lon="11.0608273186"><ele>722.33</ele><time>2026-08-27T06:29:20Z</time></trkpt><trkpt lat="47.4756971933" lon="11.0607965570"><ele>722.35</ele><time>2026-08-27T06:29:21Z</time></trkpt><trkpt lat="47.4754734803" lon="11.0605177749"><ele>723.05</ele><time>2026-08-27T06:29:30Z</time></trkpt><trkpt lat="47.4750954565" lon="11.0600900464"><ele>724.11</ele><time>2026-08-27T06:29:43Z</time></trkpt><trkpt lat="47.4747816380" lon="11.0597589612"><ele>725.69</ele><time>2026-08-27T06:29:54Z</time></trkpt><trkpt lat="47.4747419078" lon="11.0597245116"><ele>726.43</ele><time>2026-08-27T06:29:59Z</time></trkpt><trkpt lat="47.4747452606" lon="11.0597232543"><ele>726.79</ele><time>2026-08-27T06:30:19Z</time></trkpt><trkpt lat="47.4747189414" lon="11.0597045626"><ele>726.83</ele><time>2026-08-27T06:30:36Z</time></trkpt><trkpt lat="47.4747014232" lon="11.0596890561"><ele>726.86</ele><time>2026-08-27T06:30:37Z</time></trkpt><trkpt lat="47.4746607710" lon="11.0596514214"><ele>726.87</ele><time>2026-08-27T06:30:39Z</time></trkpt><trkpt lat="47.4743876047" lon="11.0594557878"><ele>727.61</ele><time>2026-08-27T06:30:49Z</time></trkpt><trkpt lat="47.4741238263" lon="11.0592469107"><ele>728.69</ele><time>2026-08-27T06:30:58Z</time></trkpt><trkpt lat="47.4738688488" lon="11.0591024067"><ele>730.14</ele><time>2026-08-27T06:31:07Z</time></trkpt><trkpt lat="47.4738355726" lon="11.0590516962"><ele>732.27</ele><time>2026-08-27T06:31:14Z</time></trkpt><trkpt lat="47.4738178868" lon="11.0590187553"><ele>732.52</ele><time>2026-08-27T06:31:28Z</time></trkpt><trkpt lat="47.4738059845" lon="11.0590112954"><ele>732.55</ele><time>2026-08-27T06:31:38Z</time></trkpt><trkpt lat="47.4738063198" lon="11.0590185877"><ele>732.61</ele><time>2026-08-27T06:32:04Z</time></trkpt><trkpt lat="47.4738006201" lon="11.0590231977"><ele>732.09</ele><time>2026-08-27T06:32:14Z</time></trkpt><trkpt lat="47.4738037214" lon="11.0590177495"><ele>733.09</ele><time>2026-08-27T06:33:17Z</time></trkpt><trkpt lat="47.4738084991" lon="11.0589919332"><ele>733.06</ele><time>2026-08-27T06:33:24Z</time></trkpt><trkpt lat="47.4738027155" lon="11.0589683801"><ele>733.02</ele><time>2026-08-27T06:33:26Z</time></trkpt><trkpt lat="47.4737903941" lon="11.0589357745"><ele>733.00</ele><time>2026-08-27T06:33:27Z</time></trkpt><trkpt lat="47.4737684336" lon="11.0588931944"><ele>732.96</ele><time>2026-08-27T06:33:28Z</time></trkpt><trkpt lat="47.4737413600" lon="11.0588444956"><ele>732.88</ele><time>2026-08-27T06:33:29Z</time></trkpt><trkpt lat="47.4737110175" lon="11.0587898456"><ele>732.44</ele><time>2026-08-27T06:33:30Z</time></trkpt><trkpt lat="47.4733971152" lon="11.0582543258"><ele>730.26</ele><time>2026-08-27T06:33:39Z</time></trkpt><trkpt lat="47.4729221128" lon="11.0575105995"><ele>729.54</ele><time>2026-08-27T06:33:51Z</time></trkpt><trkpt lat="47.4726466835" lon="11.0571133811"><ele>729.70</ele><time>2026-08-27T06:33:58Z</time></trkpt><trkpt lat="47.4721877743" lon="11.0564396437"><ele>730.20</ele><time>2026-08-27T06:34:10Z</time></trkpt><trkpt lat="47.4718554318" lon="11.0559681617"><ele>731.02</ele><time>2026-08-27T06:34:19Z</time></trkpt><trkpt lat="47.4714878015" lon="11.0554904770"><ele>732.44</ele><time>2026-08-27T06:34:30Z</time></trkpt><trkpt lat="47.4711364321" lon="11.0550619941"><ele>733.89</ele><time>2026-08-27T06:34:41Z</time></trkpt><trkpt lat="47.4709179159" lon="11.0547874868"><ele>734.78</ele><time>2026-08-27T06:34:48Z</time></trkpt><trkpt lat="47.4706341047" lon="11.0543477722"><ele>735.86</ele><time>2026-08-27T06:34:58Z</time></trkpt><trkpt lat="47.4702744372" lon="11.0537964944"><ele>737.54</ele><time>2026-08-27T06:35:11Z</time></trkpt><trkpt lat="47.4699174520" lon="11.0532762296"><ele>739.15</ele><time>2026-08-27T06:35:24Z</time></trkpt><trkpt lat="47.4695827626" lon="11.0527972039"><ele>740.78</ele><time>2026-08-27T06:35:36Z</time></trkpt><trkpt lat="47.4693309702" lon="11.0523652006"><ele>742.88</ele><time>2026-08-27T06:35:47Z</time></trkpt><trkpt lat="47.4692149647" lon="11.0521488637"><ele>744.51</ele><time>2026-08-27T06:35:54Z</time></trkpt><trkpt lat="47.4690434709" lon="11.0518717580"><ele>744.71</ele><time>2026-08-27T06:36:00Z</time></trkpt><trkpt lat="47.4687264673" lon="11.0514193866"><ele>745.49</ele><time>2026-08-27T06:36:11Z</time></trkpt><trkpt lat="47.4684169237" lon="11.0509826895"><ele>747.03</ele><time>2026-08-27T06:36:22Z</time></trkpt><trkpt lat="47.4681128282" lon="11.0504962876"><ele>748.53</ele><time>2026-08-27T06:36:34Z</time></trkpt><trkpt lat="47.4678544980" lon="11.0500849877"><ele>749.75</ele><time>2026-08-27T06:36:44Z</time></trkpt><trkpt lat="47.4676311202" lon="11.0497542378"><ele>751.12</ele><time>2026-08-27T06:36:53Z</time></trkpt><trkpt lat="47.4674689304" lon="11.0494479630"><ele>752.29</ele><time>2026-08-27T06:37:01Z</time></trkpt><trkpt lat="47.4674409349" lon="11.0494534113"><ele>752.43</ele><time>2026-08-27T06:37:02Z</time></trkpt><trkpt lat="47.4674086645" lon="11.0494601168"><ele>752.65</ele><time>2026-08-27T06:37:03Z</time></trkpt><trkpt lat="47.4673710298" lon="11.0494564287"><ele>752.94</ele><time>2026-08-27T06:37:04Z</time></trkpt><trkpt lat="47.4673341494" lon="11.0494353063"><ele>753.18</ele><time>2026-08-27T06:37:05Z</time></trkpt><trkpt lat="47.4673016276" lon="11.0494042933"><ele>753.30</ele><time>2026-08-27T06:37:06Z</time></trkpt><trkpt lat="47.4672718719" lon="11.0493707657"><ele>753.48</ele><time>2026-08-27T06:37:07Z</time></trkpt><trkpt lat="47.4668958597" lon="11.0489209928"><ele>754.54</ele><time>2026-08-27T06:37:20Z</time></trkpt><trkpt lat="47.4666175805" lon="11.0485860519"><ele>756.67</ele><time>2026-08-27T06:37:31Z</time></trkpt><trkpt lat="47.4663602561" lon="11.0482816212"><ele>758.27</ele><time>2026-08-27T06:37:41Z</time></trkpt><trkpt lat="47.4661058653" lon="11.0478418227"><ele>759.33</ele><time>2026-08-27T06:37:52Z</time></trkpt><trkpt lat="47.4659082200" lon="11.0474187881"><ele>760.30</ele><time>2026-08-27T06:38:02Z</time></trkpt><trkpt lat="47.4657581002" lon="11.0471077356"><ele>761.41</ele><time>2026-08-27T06:38:10Z</time></trkpt><trkpt lat="47.4655933958" lon="11.0466813482"><ele>762.50</ele><time>2026-08-27T06:38:20Z</time></trkpt><trkpt lat="47.4654575251" lon="11.0462636780"><ele>763.07</ele><time>2026-08-27T06:38:29Z</time></trkpt><trkpt lat="47.4652693514" lon="11.0458049364"><ele>764.68</ele><time>2026-08-27T06:38:40Z</time></trkpt><trkpt lat="47.4651592970" lon="11.0454962309"><ele>765.13</ele><time>2026-08-27T06:38:47Z</time></trkpt><trkpt lat="47.4651135318" lon="11.0450548399"><ele>765.28</ele><time>2026-08-27T06:38:55Z</time></trkpt><trkpt lat="47.4651404377" lon="11.0448385030"><ele>766.17</ele><time>2026-08-27T06:39:02Z</time></trkpt><trkpt lat="47.4652281962" lon="11.0447031353"><ele>766.80</ele><time>2026-08-27T06:39:09Z</time></trkpt><trkpt lat="47.4653768912" lon="11.0444913246"><ele>767.62</ele><time>2026-08-27T06:39:17Z</time></trkpt><trkpt lat="47.4655032065" lon="11.0441867262"><ele>767.31</ele><time>2026-08-27T06:39:24Z</time></trkpt><trkpt lat="47.4656530749" lon="11.0436658747"><ele>765.42</ele><time>2026-08-27T06:39:31Z</time></trkpt><trkpt lat="47.4656923860" lon="11.0435823910"><ele>765.11</ele><time>2026-08-27T06:39:32Z</time></trkpt><trkpt lat="47.4657410011" lon="11.0435056966"><ele>764.30</ele><time>2026-08-27T06:39:33Z</time></trkpt><trkpt lat="47.4659051187" lon="11.0432866774"><ele>762.82</ele><time>2026-08-27T06:39:36Z</time></trkpt><trkpt lat="47.4663435761" lon="11.0426925682"><ele>760.93</ele><time>2026-08-27T06:39:44Z</time></trkpt><trkpt lat="47.4667435605" lon="11.0421292204"><ele>759.34</ele><time>2026-08-27T06:39:51Z</time></trkpt><trkpt lat="47.4671468139" lon="11.0416715685"><ele>756.13</ele><time>2026-08-27T06:39:57Z</time></trkpt><trkpt lat="47.4672153778" lon="11.0416066926"><ele>755.95</ele><time>2026-08-27T06:39:58Z</time></trkpt><trkpt lat="47.4679508060" lon="11.0409249924"><ele>753.91</ele><time>2026-08-27T06:40:09Z</time></trkpt><trkpt lat="47.4683506228" lon="11.0403872933"><ele>752.65</ele><time>2026-08-27T06:40:16Z</time></trkpt><trkpt lat="47.4687364418" lon="11.0398164857"><ele>750.13</ele><time>2026-08-27T06:40:23Z</time></trkpt><trkpt lat="47.4690912478" lon="11.0393112246"><ele>749.53</ele><time>2026-08-27T06:40:30Z</time></trkpt><trkpt lat="47.4694561958" lon="11.0385997687"><ele>748.21</ele><time>2026-08-27T06:40:39Z</time></trkpt><trkpt lat="47.4694861192" lon="11.0385180451"><ele>748.10</ele><time>2026-08-27T06:40:40Z</time></trkpt><trkpt lat="47.4695089180" lon="11.0384345613"><ele>748.03</ele><time>2026-08-27T06:40:41Z</time></trkpt><trkpt lat="47.4696193915" lon="11.0378396139"><ele>747.92</ele><time>2026-08-27T06:40:49Z</time></trkpt><trkpt lat="47.4696733709" lon="11.0372330993"><ele>748.13</ele><time>2026-08-27T06:40:59Z</time></trkpt><trkpt lat="47.4696125183" lon="11.0361955035"><ele>747.56</ele><time>2026-08-27T06:41:14Z</time></trkpt><trkpt lat="47.4696178827" lon="11.0360462219"><ele>747.49</ele><time>2026-08-27T06:41:16Z</time></trkpt><trkpt lat="47.4696309585" lon="11.0359735508"><ele>747.44</ele><time>2026-08-27T06:41:17Z</time></trkpt><trkpt lat="47.4696548469" lon="11.0359062441"><ele>747.38</ele><time>2026-08-27T06:41:18Z</time></trkpt><trkpt lat="47.4696856085" lon="11.0358440503"><ele>747.29</ele><time>2026-08-27T06:41:19Z</time></trkpt><trkpt lat="47.4697198067" lon="11.0357830301"><ele>747.17</ele><time>2026-08-27T06:41:20Z</time></trkpt><trkpt lat="47.4698315375" lon="11.0355197545"><ele>746.69</ele><time>2026-08-27T06:41:24Z</time></trkpt><trkpt lat="47.4698493071" lon="11.0354513582"><ele>746.60</ele><time>2026-08-27T06:41:25Z</time></trkpt><trkpt lat="47.4698620476" lon="11.0353829619"><ele>746.53</ele><time>2026-08-27T06:41:26Z</time></trkpt><trkpt lat="47.4698839244" lon="11.0349663813"><ele>746.13</ele><time>2026-08-27T06:41:32Z</time></trkpt><trkpt lat="47.4698819127" lon="11.0348901898"><ele>746.09</ele><time>2026-08-27T06:41:33Z</time></trkpt><trkpt lat="47.4698732793" lon="11.0346109886"><ele>746.07</ele><time>2026-08-27T06:41:37Z</time></trkpt><trkpt lat="47.4698577728" lon="11.0340616386"><ele>746.12</ele><time>2026-08-27T06:41:45Z</time></trkpt><trkpt lat="47.4698577728" lon="11.0337045696"><ele>746.51</ele><time>2026-08-27T06:41:52Z</time></trkpt><trkpt lat="47.4698101636" lon="11.0334054194"><ele>746.81</ele><time>2026-08-27T06:41:58Z</time></trkpt><trkpt lat="47.4698228203" lon="11.0332873184"><ele>746.83</ele><time>2026-08-27T06:42:00Z</time></trkpt><trkpt lat="47.4699035380" lon="11.0327512119"><ele>746.80</ele><time>2026-08-27T06:42:08Z</time></trkpt><trkpt lat="47.4699719343" lon="11.0319521651"><ele>746.28</ele><time>2026-08-27T06:42:18Z</time></trkpt><trkpt lat="47.4700100720" lon="11.0311894119"><ele>746.87</ele><time>2026-08-27T06:42:28Z</time></trkpt><trkpt lat="47.4699543323" lon="11.0304879304"><ele>746.42</ele><time>2026-08-27T06:42:36Z</time></trkpt><trkpt lat="47.4698029552" lon="11.0298373271"><ele>745.32</ele><time>2026-08-27T06:42:43Z</time></trkpt><trkpt lat="47.4698012788" lon="11.0297396779"><ele>745.15</ele><time>2026-08-27T06:42:44Z</time></trkpt><trkpt lat="47.4698125944" lon="11.0296444595"><ele>744.99</ele><time>2026-08-27T06:42:45Z</time></trkpt><trkpt lat="47.4698345549" lon="11.0295526776"><ele>744.83</ele><time>2026-08-27T06:42:46Z</time></trkpt><trkpt lat="47.4698648974" lon="11.0294692777"><ele>744.69</ele><time>2026-08-27T06:42:47Z</time></trkpt><trkpt lat="47.4699020293" lon="11.0293975286"><ele>744.58</ele><time>2026-08-27T06:42:48Z</time></trkpt><trkpt lat="47.4699452799" lon="11.0293396097"><ele>744.58</ele><time>2026-08-27T06:42:49Z</time></trkpt><trkpt lat="47.4699959066" lon="11.0292979516"><ele>744.62</ele><time>2026-08-27T06:42:50Z</time></trkpt><trkpt lat="47.4700508919" lon="11.0292679444"><ele>744.73</ele><time>2026-08-27T06:42:51Z</time></trkpt><trkpt lat="47.4701082241" lon="11.0292472411"><ele>744.81</ele><time>2026-08-27T06:42:52Z</time></trkpt><trkpt lat="47.4701683223" lon="11.0292346682"><ele>744.85</ele><time>2026-08-27T06:42:53Z</time></trkpt><trkpt lat="47.4702301808" lon="11.0292266216"><ele>744.86</ele><time>2026-08-27T06:42:54Z</time></trkpt><trkpt lat="47.4702928774" lon="11.0292293038"><ele>744.85</ele><time>2026-08-27T06:42:55Z</time></trkpt><trkpt lat="47.4703538977" lon="11.0292344168"><ele>744.71</ele><time>2026-08-27T06:42:56Z</time></trkpt><trkpt lat="47.4704132415" lon="11.0292369314"><ele>744.59</ele><time>2026-08-27T06:42:57Z</time></trkpt><trkpt lat="47.4704704061" lon="11.0292353388"><ele>744.51</ele><time>2026-08-27T06:42:58Z</time></trkpt><trkpt lat="47.4705287442" lon="11.0292286333"><ele>744.46</ele><time>2026-08-27T06:42:59Z</time></trkpt><trkpt lat="47.4705855735" lon="11.0292150546"><ele>744.44</ele><time>2026-08-27T06:43:00Z</time></trkpt><trkpt lat="47.4706382956" lon="11.0291886516"><ele>744.45</ele><time>2026-08-27T06:43:01Z</time></trkpt><trkpt lat="47.4706845637" lon="11.0291454010"><ele>744.51</ele><time>2026-08-27T06:43:02Z</time></trkpt><trkpt lat="47.4707198516" lon="11.0290901642"><ele>744.59</ele><time>2026-08-27T06:43:03Z</time></trkpt><trkpt lat="47.4707410578" lon="11.0290241987"><ele>744.65</ele><time>2026-08-27T06:43:04Z</time></trkpt><trkpt lat="47.4707519542" lon="11.0289503541"><ele>744.71</ele><time>2026-08-27T06:43:05Z</time></trkpt><trkpt lat="47.4707553070" lon="11.0288687143"><ele>744.73</ele><time>2026-08-27T06:43:06Z</time></trkpt><trkpt lat="47.4707548879" lon="11.0287879128"><ele>744.76</ele><time>2026-08-27T06:43:07Z</time></trkpt><trkpt lat="47.4707476795" lon="11.0287152417"><ele>744.78</ele><time>2026-08-27T06:43:08Z</time></trkpt><trkpt lat="47.4707441591" lon="11.0286429059"><ele>744.83</ele><time>2026-08-27T06:43:09Z</time></trkpt><trkpt lat="47.4707589950" lon="11.0279523209"><ele>745.70</ele><time>2026-08-27T06:43:18Z</time></trkpt><trkpt lat="47.4707756750" lon="11.0275310464"><ele>746.96</ele><time>2026-08-27T06:43:25Z</time></trkpt><trkpt lat="47.4707888346" lon="11.0270843748"><ele>748.86</ele><time>2026-08-27T06:43:34Z</time></trkpt><trkpt lat="47.4707326759" lon="11.0268228594"><ele>750.05</ele><time>2026-08-27T06:43:40Z</time></trkpt><trkpt lat="47.4706475995" lon="11.0265449993"><ele>751.36</ele><time>2026-08-27T06:43:48Z</time></trkpt><trkpt lat="47.4705103040" lon="11.0263934545"><ele>752.63</ele><time>2026-08-27T06:43:55Z</time></trkpt><trkpt lat="47.4703547359" lon="11.0262023471"><ele>754.89</ele><time>2026-08-27T06:44:04Z</time></trkpt><trkpt lat="47.4703142513" lon="11.0260981601"><ele>755.35</ele><time>2026-08-27T06:44:09Z</time></trkpt><trkpt lat="47.4703174364" lon="11.0260772053"><ele>755.47</ele><time>2026-08-27T06:44:10Z</time></trkpt><trkpt lat="47.4703217112" lon="11.0260497127"><ele>755.58</ele><time>2026-08-27T06:44:11Z</time></trkpt><trkpt lat="47.4703275785" lon="11.0257272609"><ele>755.64</ele><time>2026-08-27T06:44:18Z</time></trkpt><trkpt lat="47.4702958949" lon="11.0253937449"><ele>755.74</ele><time>2026-08-27T06:44:25Z</time></trkpt><trkpt lat="47.4701876845" lon="11.0249091871"><ele>755.87</ele><time>2026-08-27T06:44:34Z</time></trkpt><trkpt lat="47.4701784644" lon="11.0248483345"><ele>755.83</ele><time>2026-08-27T06:44:35Z</time></trkpt><trkpt lat="47.4701161031" lon="11.0241963901"><ele>755.79</ele><time>2026-08-27T06:44:46Z</time></trkpt><trkpt lat="47.4700343795" lon="11.0237973277"><ele>756.56</ele><time>2026-08-27T06:44:54Z</time></trkpt><trkpt lat="47.4699731916" lon="11.0233721975"><ele>757.47</ele><time>2026-08-27T06:45:03Z</time></trkpt><trkpt lat="47.4699317850" lon="11.0228428803"><ele>758.98</ele><time>2026-08-27T06:45:14Z</time></trkpt><trkpt lat="47.4698937312" lon="11.0224589054"><ele>759.98</ele><time>2026-08-27T06:45:22Z</time></trkpt><trkpt lat="47.4698398355" lon="11.0219455976"><ele>761.54</ele><time>2026-08-27T06:45:33Z</time></trkpt><trkpt lat="47.4698135164" lon="11.0214323737"><ele>763.35</ele><time>2026-08-27T06:45:44Z</time></trkpt><trkpt lat="47.4697598722" lon="11.0209222510"><ele>764.04</ele><time>2026-08-27T06:45:54Z</time></trkpt><trkpt lat="47.4696706049" lon="11.0204160679"><ele>764.31</ele><time>2026-08-27T06:46:03Z</time></trkpt><trkpt lat="47.4695437029" lon="11.0199492797"><ele>764.83</ele><time>2026-08-27T06:46:12Z</time></trkpt><trkpt lat="47.4693723768" lon="11.0194036178"><ele>766.53</ele><time>2026-08-27T06:46:24Z</time></trkpt><trkpt lat="47.4692531861" lon="11.0190867819"><ele>767.87</ele><time>2026-08-27T06:46:32Z</time></trkpt><trkpt lat="47.4691249430" lon="11.0188068263"><ele>769.36</ele><time>2026-08-27T06:46:40Z</time></trkpt><trkpt lat="47.4689552933" lon="11.0184712987"><ele>771.24</ele><time>2026-08-27T06:46:50Z</time></trkpt><trkpt lat="47.4688594043" lon="11.0182949435"><ele>772.62</ele><time>2026-08-27T06:46:57Z</time></trkpt><trkpt lat="47.4688583985" lon="11.0182890762"><ele>773.48</ele><time>2026-08-27T06:47:05Z</time></trkpt><trkpt lat="47.4688671157" lon="11.0182821192"><ele>773.59</ele><time>2026-08-27T06:47:16Z</time></trkpt><trkpt lat="47.4688501004" lon="11.0182779282"><ele>773.86</ele><time>2026-08-27T06:47:27Z</time></trkpt><trkpt lat="47.4688413832" lon="11.0182873998"><ele>773.97</ele><time>2026-08-27T06:47:47Z</time></trkpt><trkpt lat="47.4688431434" lon="11.0183006432"><ele>774.16</ele><time>2026-08-27T06:48:03Z</time></trkpt><trkpt lat="47.4688580632" lon="11.0183044150"><ele>774.16</ele><time>2026-08-27T06:48:30Z</time></trkpt><trkpt lat="47.4688405450" lon="11.0182820354"><ele>774.16</ele><time>2026-08-27T06:48:39Z</time></trkpt><trkpt lat="47.4688159861" lon="11.0182114597"><ele>774.16</ele><time>2026-08-27T06:48:45Z</time></trkpt><trkpt lat="47.4688071012" lon="11.0181921814"><ele>774.16</ele><time>2026-08-27T06:48:46Z</time></trkpt><trkpt lat="47.4687962048" lon="11.0181699693"><ele>774.16</ele><time>2026-08-27T06:48:47Z</time></trkpt><trkpt lat="47.4687823746" lon="11.0181446560"><ele>774.16</ele><time>2026-08-27T06:48:48Z</time></trkpt><trkpt lat="47.4687709752" lon="11.0181179177"><ele>774.47</ele><time>2026-08-27T06:48:49Z</time></trkpt><trkpt lat="47.4687596597" lon="11.0180864017"><ele>774.47</ele><time>2026-08-27T06:48:50Z</time></trkpt><trkpt lat="47.4686821271" lon="11.0178375430"><ele>776.11</ele><time>2026-08-27T06:48:58Z</time></trkpt><trkpt lat="47.4686013255" lon="11.0174766183"><ele>777.61</ele><time>2026-08-27T06:49:08Z</time></trkpt><trkpt lat="47.4685621820" lon="11.0172049608"><ele>778.72</ele><time>2026-08-27T06:49:15Z</time></trkpt><trkpt lat="47.4685208593" lon="11.0168556031"><ele>780.15</ele><time>2026-08-27T06:49:24Z</time></trkpt><trkpt lat="47.4684685562" lon="11.0164691973"><ele>781.74</ele><time>2026-08-27T06:49:34Z</time></trkpt><trkpt lat="47.4683822226" lon="11.0160364397"><ele>783.87</ele><time>2026-08-27T06:49:46Z</time></trkpt><trkpt lat="47.4682999961" lon="11.0156746767"><ele>785.15</ele><time>2026-08-27T06:49:56Z</time></trkpt><trkpt lat="47.4682124052" lon="11.0152715072"><ele>786.73</ele><time>2026-08-27T06:50:07Z</time></trkpt><trkpt lat="47.4681628682" lon="11.0148543399"><ele>788.25</ele><time>2026-08-27T06:50:18Z</time></trkpt><trkpt lat="47.4681083020" lon="11.0144554451"><ele>789.79</ele><time>2026-08-27T06:50:29Z</time></trkpt><trkpt lat="47.4680696614" lon="11.0141327418"><ele>790.90</ele><time>2026-08-27T06:50:38Z</time></trkpt><trkpt lat="47.4680151790" lon="11.0137918498"><ele>792.78</ele><time>2026-08-27T06:50:48Z</time></trkpt><trkpt lat="47.4679631274" lon="11.0135213658"><ele>794.27</ele><time>2026-08-27T06:50:56Z</time></trkpt><trkpt lat="47.4679038674" lon="11.0132167675"><ele>795.67</ele><time>2026-08-27T06:51:05Z</time></trkpt><trkpt lat="47.4678190425" lon="11.0128702596"><ele>797.46</ele><time>2026-08-27T06:51:15Z</time></trkpt><trkpt lat="47.4677339662" lon="11.0124773160"><ele>799.16</ele><time>2026-08-27T06:51:26Z</time></trkpt><trkpt lat="47.4676542543" lon="11.0121312272"><ele>800.75</ele><time>2026-08-27T06:51:36Z</time></trkpt><trkpt lat="47.4675712734" lon="11.0117819533"><ele>802.73</ele><time>2026-08-27T06:51:46Z</time></trkpt><trkpt lat="47.4675075710" lon="11.0114442464"><ele>804.50</ele><time>2026-08-27T06:51:56Z</time></trkpt><trkpt lat="47.4674226623" lon="11.0110987443"><ele>806.32</ele><time>2026-08-27T06:52:06Z</time></trkpt><trkpt lat="47.4673758913" lon="11.0107430164"><ele>808.38</ele><time>2026-08-27T06:52:18Z</time></trkpt><trkpt lat="47.4673471414" lon="11.0104087461"><ele>810.40</ele><time>2026-08-27T06:52:29Z</time></trkpt><trkpt lat="47.4673132785" lon="11.0101365857"><ele>812.23</ele><time>2026-08-27T06:52:38Z</time></trkpt><trkpt lat="47.4672855344" lon="11.0099089332"><ele>813.71</ele><time>2026-08-27T06:52:46Z</time></trkpt><trkpt lat="47.4672473967" lon="11.0096392874"><ele>815.51</ele><time>2026-08-27T06:52:55Z</time></trkpt><trkpt lat="47.4672468100" lon="11.0094090365"><ele>816.59</ele><time>2026-08-27T06:53:03Z</time></trkpt><trkpt lat="47.4673239235" lon="11.0091751814"><ele>817.75</ele><time>2026-08-27T06:53:11Z</time></trkpt><trkpt lat="47.4673494883" lon="11.0091063660"><ele>818.58</ele><time>2026-08-27T06:53:17Z</time></trkpt><trkpt lat="47.4673644919" lon="11.0090969782"><ele>818.90</ele><time>2026-08-27T06:53:26Z</time></trkpt><trkpt lat="47.4673642404" lon="11.0090884287"><ele>818.91</ele><time>2026-08-27T06:53:37Z</time></trkpt><trkpt lat="47.4673847761" lon="11.0090708267"><ele>818.99</ele><time>2026-08-27T06:53:45Z</time></trkpt><trkpt lat="47.4674121011" lon="11.0091017559"><ele>819.07</ele><time>2026-08-27T06:53:55Z</time></trkpt><trkpt lat="47.4674253445" lon="11.0090720840"><ele>819.01</ele><time>2026-08-27T06:54:02Z</time></trkpt><trkpt lat="47.4674216565" lon="11.0090654623"><ele>819.06</ele><time>2026-08-27T06:54:15Z</time></trkpt><trkpt lat="47.4674236681" lon="11.0090243910"><ele>819.16</ele><time>2026-08-27T06:54:24Z</time></trkpt><trkpt lat="47.4674290325" lon="11.0090241395"><ele>819.16</ele><time>2026-08-27T06:54:41Z</time></trkpt><trkpt lat="47.4674378335" lon="11.0090353712"><ele>819.16</ele><time>2026-08-27T06:54:59Z</time></trkpt><trkpt lat="47.4674374983" lon="11.0089990776"><ele>819.16</ele><time>2026-08-27T06:55:10Z</time></trkpt><trkpt lat="47.4674154539" lon="11.0089495406"><ele>819.16</ele><time>2026-08-27T06:55:13Z</time></trkpt><trkpt lat="47.4673916493" lon="11.0089134146"><ele>819.16</ele><time>2026-08-27T06:55:14Z</time></trkpt><trkpt lat="47.4673810042" lon="11.0088896099"><ele>819.16</ele><time>2026-08-27T06:55:15Z</time></trkpt><trkpt lat="47.4673606362" lon="11.0088647157"><ele>819.16</ele><time>2026-08-27T06:55:16Z</time></trkpt><trkpt lat="47.4673434533" lon="11.0088363849"><ele>819.30</ele><time>2026-08-27T06:55:17Z</time></trkpt><trkpt lat="47.4673348200" lon="11.0088123288"><ele>819.67</ele><time>2026-08-27T06:55:18Z</time></trkpt><trkpt lat="47.4673212413" lon="11.0087865125"><ele>820.33</ele><time>2026-08-27T06:55:19Z</time></trkpt><trkpt lat="47.4673079140" lon="11.0087583493"><ele>820.55</ele><time>2026-08-27T06:55:20Z</time></trkpt><trkpt lat="47.4672592152" lon="11.0086419247"><ele>821.34</ele><time>2026-08-27T06:55:25Z</time></trkpt><trkpt lat="47.4672456365" lon="11.0086259991"><ele>821.46</ele><time>2026-08-27T06:55:26Z</time></trkpt><trkpt lat="47.4671299662" lon="11.0084446985"><ele>822.97</ele><time>2026-08-27T06:55:35Z</time></trkpt><trkpt lat="47.4670640007" lon="11.0082744621"><ele>824.90</ele><time>2026-08-27T06:55:44Z</time></trkpt><trkpt lat="47.4670074228" lon="11.0080082528"><ele>826.40</ele><time>2026-08-27T06:55:55Z</time></trkpt><trkpt lat="47.4669672735" lon="11.0077742301"><ele>827.94</ele><time>2026-08-27T06:56:05Z</time></trkpt><trkpt lat="47.4669032358" lon="11.0075607430"><ele>829.81</ele><time>2026-08-27T06:56:15Z</time></trkpt><trkpt lat="47.4668364320" lon="11.0073585715"><ele>831.01</ele><time>2026-08-27T06:56:24Z</time></trkpt><trkpt lat="47.4667752441" lon="11.0071997344"><ele>832.12</ele><time>2026-08-27T06:56:32Z</time></trkpt><trkpt lat="47.4667542893" lon="11.0071411449"><ele>832.85</ele><time>2026-08-27T06:56:35Z</time></trkpt><trkpt lat="47.4667423870" lon="11.0071219504"><ele>833.00</ele><time>2026-08-27T06:56:36Z</time></trkpt><trkpt lat="47.4667323288" lon="11.0071042646"><ele>833.15</ele><time>2026-08-27T06:56:37Z</time></trkpt><trkpt lat="47.4667267967" lon="11.0070807114"><ele>833.32</ele><time>2026-08-27T06:56:38Z</time></trkpt><trkpt lat="47.4667208456" lon="11.0070605110"><ele>833.50</ele><time>2026-08-27T06:56:39Z</time></trkpt><trkpt lat="47.4667136371" lon="11.0070415679"><ele>833.71</ele><time>2026-08-27T06:56:40Z</time></trkpt><trkpt lat="47.4666319136" lon="11.0068502929"><ele>835.48</ele><time>2026-08-27T06:56:49Z</time></trkpt><trkpt lat="47.4665185064" lon="11.0066771228"><ele>837.23</ele><time>2026-08-27T06:56:59Z</time></trkpt><trkpt lat="47.4664584082" lon="11.0065480415"><ele>838.29</ele><time>2026-08-27T06:57:06Z</time></trkpt><trkpt lat="47.4664591625" lon="11.0064459499"><ele>838.95</ele><time>2026-08-27T06:57:14Z</time></trkpt><trkpt lat="47.4664392136" lon="11.0064237379"><ele>839.58</ele><time>2026-08-27T06:57:21Z</time></trkpt><trkpt lat="47.4664071947" lon="11.0064296890"><ele>839.68</ele><time>2026-08-27T06:57:31Z</time></trkpt><trkpt lat="47.4663923588" lon="11.0064324550"><ele>839.67</ele><time>2026-08-27T06:57:32Z</time></trkpt><trkpt lat="47.4663783610" lon="11.0064353887"><ele>839.67</ele><time>2026-08-27T06:57:33Z</time></trkpt><trkpt lat="47.4663634412" lon="11.0064326227"><ele>839.70</ele><time>2026-08-27T06:57:34Z</time></trkpt><trkpt lat="47.4663529638" lon="11.0064217262"><ele>839.79</ele><time>2026-08-27T06:57:35Z</time></trkpt><trkpt lat="47.4663443305" lon="11.0064047109"><ele>839.89</ele><time>2026-08-27T06:57:36Z</time></trkpt><trkpt lat="47.4663376249" lon="11.0063867737"><ele>839.98</ele><time>2026-08-27T06:57:37Z</time></trkpt><trkpt lat="47.4663305003" lon="11.0063680820"><ele>840.07</ele><time>2026-08-27T06:57:38Z</time></trkpt><trkpt lat="47.4663248006" lon="11.0063525755"><ele>840.18</ele><time>2026-08-27T06:57:39Z</time></trkpt><trkpt lat="47.4663167540" lon="11.0063431039"><ele>840.34</ele><time>2026-08-27T06:57:40Z</time></trkpt><trkpt lat="47.4662287440" lon="11.0062265955"><ele>841.48</ele><time>2026-08-27T06:57:48Z</time></trkpt><trkpt lat="47.4661254790" lon="11.0060806666"><ele>842.18</ele><time>2026-08-27T06:57:55Z</time></trkpt><trkpt lat="47.4659894407" lon="11.0059524234"><ele>843.62</ele><time>2026-08-27T06:58:04Z</time></trkpt><trkpt lat="47.4657690804" lon="11.0058264434"><ele>845.70</ele><time>2026-08-27T06:58:17Z</time></trkpt><trkpt lat="47.4656146858" lon="11.0056904051"><ele>847.45</ele><time>2026-08-27T06:58:27Z</time></trkpt><trkpt lat="47.4655029550" lon="11.0055778362"><ele>848.94</ele><time>2026-08-27T06:58:35Z</time></trkpt><trkpt lat="47.4654065631" lon="11.0054842941"><ele>850.30</ele><time>2026-08-27T06:58:43Z</time></trkpt><trkpt lat="47.4653113447" lon="11.0053718928"><ele>851.59</ele><time>2026-08-27T06:58:49Z</time></trkpt><trkpt lat="47.4652318005" lon="11.0052578989"><ele>852.46</ele><time>2026-08-27T06:58:55Z</time></trkpt><trkpt lat="47.4651478138" lon="11.0051532090"><ele>854.18</ele><time>2026-08-27T06:59:02Z</time></trkpt><trkpt lat="47.4651376717" lon="11.0051300749"><ele>854.38</ele><time>2026-08-27T06:59:03Z</time></trkpt><trkpt lat="47.4651373364" lon="11.0051009897"><ele>854.59</ele><time>2026-08-27T06:59:04Z</time></trkpt><trkpt lat="47.4651376717" lon="11.0050692223"><ele>854.81</ele><time>2026-08-27T06:59:05Z</time></trkpt><trkpt lat="47.4651377555" lon="11.0050335154"><ele>854.97</ele><time>2026-08-27T06:59:06Z</time></trkpt><trkpt lat="47.4651449639" lon="11.0049310885"><ele>855.23</ele><time>2026-08-27T06:59:09Z</time></trkpt><trkpt lat="47.4651566148" lon="11.0049040988"><ele>855.29</ele><time>2026-08-27T06:59:10Z</time></trkpt><trkpt lat="47.4651685171" lon="11.0048803780"><ele>855.37</ele><time>2026-08-27T06:59:11Z</time></trkpt><trkpt lat="47.4652507436" lon="11.0047829803"><ele>856.80</ele><time>2026-08-27T06:59:18Z</time></trkpt><trkpt lat="47.4654505681" lon="11.0046533123"><ele>857.36</ele><time>2026-08-27T06:59:25Z</time></trkpt><trkpt lat="47.4655613769" lon="11.0044627916"><ele>856.95</ele><time>2026-08-27T06:59:31Z</time></trkpt><trkpt lat="47.4655592814" lon="11.0043082293"><ele>858.03</ele><time>2026-08-27T06:59:37Z</time></trkpt><trkpt lat="47.4655738659" lon="11.0041621327"><ele>859.25</ele><time>2026-08-27T06:59:43Z</time></trkpt><trkpt lat="47.4655793980" lon="11.0041391663"><ele>859.43</ele><time>2026-08-27T06:59:44Z</time></trkpt><trkpt lat="47.4655829184" lon="11.0041141044"><ele>859.84</ele><time>2026-08-27T06:59:45Z</time></trkpt><trkpt lat="47.4655855168" lon="11.0040913895"><ele>860.05</ele><time>2026-08-27T06:59:46Z</time></trkpt><trkpt lat="47.4655871931" lon="11.0040668305"><ele>860.28</ele><time>2026-08-27T06:59:47Z</time></trkpt><trkpt lat="47.4655920547" lon="11.0040469654"><ele>860.54</ele><time>2026-08-27T06:59:48Z</time></trkpt><trkpt lat="47.4655952398" lon="11.0040242504"><ele>860.78</ele><time>2026-08-27T06:59:49Z</time></trkpt><trkpt lat="47.4656001013" lon="11.0039991885"><ele>860.96</ele><time>2026-08-27T06:59:50Z</time></trkpt><trkpt lat="47.4656104110" lon="11.0037630703"><ele>861.82</ele><time>2026-08-27T06:59:57Z</time></trkpt><trkpt lat="47.4656184576" lon="11.0035565402"><ele>861.68</ele><time>2026-08-27T07:00:03Z</time></trkpt><trkpt lat="47.4656095728" lon="11.0035259463"><ele>861.67</ele><time>2026-08-27T07:00:04Z</time></trkpt><trkpt lat="47.4656042084" lon="11.0035038181"><ele>861.68</ele><time>2026-08-27T07:00:05Z</time></trkpt><trkpt lat="47.4655928928" lon="11.0034780856"><ele>861.73</ele><time>2026-08-27T07:00:06Z</time></trkpt><trkpt lat="47.4655856006" lon="11.0034552868"><ele>861.84</ele><time>2026-08-27T07:00:07Z</time></trkpt><trkpt lat="47.4655780569" lon="11.0034293868"><ele>862.04</ele><time>2026-08-27T07:00:08Z</time></trkpt><trkpt lat="47.4655722734" lon="11.0034039896"><ele>862.57</ele><time>2026-08-27T07:00:09Z</time></trkpt><trkpt lat="47.4655668251" lon="11.0033832025"><ele>862.82</ele><time>2026-08-27T07:00:10Z</time></trkpt><trkpt lat="47.4655653164" lon="11.0033403710"><ele>863.29</ele><time>2026-08-27T07:00:12Z</time></trkpt><trkpt lat="47.4655604549" lon="11.0033194162"><ele>863.50</ele><time>2026-08-27T07:00:13Z</time></trkpt><trkpt lat="47.4655564316" lon="11.0032967012"><ele>863.71</ele><time>2026-08-27T07:00:14Z</time></trkpt><trkpt lat="47.4655498937" lon="11.0032707173"><ele>863.88</ele><time>2026-08-27T07:00:15Z</time></trkpt><trkpt lat="47.4655418471" lon="11.0032470804"><ele>864.04</ele><time>2026-08-27T07:00:16Z</time></trkpt><trkpt lat="47.4655342195" lon="11.0032244492"><ele>864.21</ele><time>2026-08-27T07:00:17Z</time></trkpt><trkpt lat="47.4655299447" lon="11.0032057576"><ele>864.41</ele><time>2026-08-27T07:00:18Z</time></trkpt><trkpt lat="47.4655016139" lon="11.0030995589"><ele>865.88</ele><time>2026-08-27T07:00:24Z</time></trkpt><trkpt lat="47.4654915556" lon="11.0030767601"><ele>866.11</ele><time>2026-08-27T07:00:25Z</time></trkpt><trkpt lat="47.4654816650" lon="11.0030511115"><ele>866.28</ele><time>2026-08-27T07:00:26Z</time></trkpt><trkpt lat="47.4654713552" lon="11.0030242056"><ele>866.47</ele><time>2026-08-27T07:00:27Z</time></trkpt><trkpt lat="47.4654614646" lon="11.0030016582"><ele>866.67</ele><time>2026-08-27T07:00:28Z</time></trkpt><trkpt lat="47.4654521607" lon="11.0029805358"><ele>866.83</ele><time>2026-08-27T07:00:29Z</time></trkpt><trkpt lat="47.4654447008" lon="11.0029564798"><ele>867.02</ele><time>2026-08-27T07:00:30Z</time></trkpt><trkpt lat="47.4654415995" lon="11.0029372852"><ele>867.23</ele><time>2026-08-27T07:00:31Z</time></trkpt><trkpt lat="47.4654338043" lon="11.0029128939"><ele>867.44</ele><time>2026-08-27T07:00:32Z</time></trkpt><trkpt lat="47.4654239137" lon="11.0028873291"><ele>867.67</ele><time>2026-08-27T07:00:33Z</time></trkpt><trkpt lat="47.4654132687" lon="11.0028591659"><ele>867.86</ele><time>2026-08-27T07:00:34Z</time></trkpt><trkpt lat="47.4654048868" lon="11.0028341878"><ele>868.23</ele><time>2026-08-27T07:00:35Z</time></trkpt><trkpt lat="47.4654006120" lon="11.0028115567"><ele>868.41</ele><time>2026-08-27T07:00:36Z</time></trkpt><trkpt lat="47.4653803278" lon="11.0026616044"><ele>869.23</ele><time>2026-08-27T07:00:42Z</time></trkpt><trkpt lat="47.4653772265" lon="11.0026305076"><ele>869.34</ele><time>2026-08-27T07:00:43Z</time></trkpt><trkpt lat="47.4653732870" lon="11.0026003327"><ele>869.43</ele><time>2026-08-27T07:00:44Z</time></trkpt><trkpt lat="47.4653670844" lon="11.0025638714"><ele>869.50</ele><time>2026-08-27T07:00:45Z</time></trkpt><trkpt lat="47.4653578643" lon="11.0025246441"><ele>869.58</ele><time>2026-08-27T07:00:46Z</time></trkpt><trkpt lat="47.4653511588" lon="11.0024914518"><ele>869.68</ele><time>2026-08-27T07:00:47Z</time></trkpt><trkpt lat="47.4653457943" lon="11.0024615284"><ele>869.81</ele><time>2026-08-27T07:00:48Z</time></trkpt><trkpt lat="47.4653411843" lon="11.0024336167"><ele>869.94</ele><time>2026-08-27T07:00:49Z</time></trkpt><trkpt lat="47.4653322995" lon="11.0024056211"><ele>870.06</ele><time>2026-08-27T07:00:50Z</time></trkpt><trkpt lat="47.4653219897" lon="11.0023759492"><ele>870.18</ele><time>2026-08-27T07:00:51Z</time></trkpt><trkpt lat="47.4653114285" lon="11.0023483727"><ele>870.31</ele><time>2026-08-27T07:00:52Z</time></trkpt><trkpt lat="47.4653019570" lon="11.0023212153"><ele>870.44</ele><time>2026-08-27T07:00:53Z</time></trkpt><trkpt lat="47.4652994424" lon="11.0022984166"><ele>870.59</ele><time>2026-08-27T07:00:54Z</time></trkpt><trkpt lat="47.4652909767" lon="11.0022387374"><ele>871.32</ele><time>2026-08-27T07:00:57Z</time></trkpt><trkpt lat="47.4652471393" lon="11.0021149367"><ele>871.49</ele><time>2026-08-27T07:01:02Z</time></trkpt><trkpt lat="47.4652338121" lon="11.0020864382"><ele>871.48</ele><time>2026-08-27T07:01:03Z</time></trkpt><trkpt lat="47.4652167130" lon="11.0020486359"><ele>871.47</ele><time>2026-08-27T07:01:04Z</time></trkpt><trkpt lat="47.4652078282" lon="11.0020080674"><ele>871.42</ele><time>2026-08-27T07:01:05Z</time></trkpt><trkpt lat="47.4652043078" lon="11.0019571893"><ele>871.29</ele><time>2026-08-27T07:01:06Z</time></trkpt><trkpt lat="47.4651986919" lon="11.0019089095"><ele>871.15</ele><time>2026-08-27T07:01:07Z</time></trkpt><trkpt lat="47.4651989434" lon="11.0018677544"><ele>871.02</ele><time>2026-08-27T07:01:08Z</time></trkpt><trkpt lat="47.4651940819" lon="11.0018126015"><ele>870.86</ele><time>2026-08-27T07:01:09Z</time></trkpt><trkpt lat="47.4651891366" lon="11.0017537605"><ele>870.67</ele><time>2026-08-27T07:01:10Z</time></trkpt><trkpt lat="47.4651807547" lon="11.0016919021"><ele>870.48</ele><time>2026-08-27T07:01:11Z</time></trkpt><trkpt lat="47.4651602190" lon="11.0016305465"><ele>870.35</ele><time>2026-08-27T07:01:12Z</time></trkpt><trkpt lat="47.4651364982" lon="11.0015753936"><ele>870.19</ele><time>2026-08-27T07:01:13Z</time></trkpt><trkpt lat="47.4651112687" lon="11.0015111044"><ele>869.98</ele><time>2026-08-27T07:01:14Z</time></trkpt><trkpt lat="47.4650560319" lon="11.0013603140"><ele>869.31</ele><time>2026-08-27T07:01:16Z</time></trkpt><trkpt lat="47.4650285393" lon="11.0012821108"><ele>868.87</ele><time>2026-08-27T07:01:17Z</time></trkpt><trkpt lat="47.4650012981" lon="11.0012122057"><ele>868.54</ele><time>2026-08-27T07:01:18Z</time></trkpt><trkpt lat="47.4649592210" lon="11.0011326615"><ele>868.33</ele><time>2026-08-27T07:01:19Z</time></trkpt><trkpt lat="47.4649183173" lon="11.0010537878"><ele>868.14</ele><time>2026-08-27T07:01:20Z</time></trkpt><trkpt lat="47.4648821075" lon="11.0009779315"><ele>867.92</ele><time>2026-08-27T07:01:21Z</time></trkpt><trkpt lat="47.4648526032" lon="11.0008966271"><ele>867.64</ele><time>2026-08-27T07:01:22Z</time></trkpt><trkpt lat="47.4648298044" lon="11.0008195136"><ele>867.16</ele><time>2026-08-27T07:01:23Z</time></trkpt><trkpt lat="47.4647243600" lon="11.0006160848"><ele>867.37</ele><time>2026-08-27T07:01:27Z</time></trkpt><trkpt lat="47.4646482524" lon="11.0005044378"><ele>868.81</ele><time>2026-08-27T07:01:32Z</time></trkpt><trkpt lat="47.4644957855" lon="11.0004131589"><ele>870.62</ele><time>2026-08-27T07:01:40Z</time></trkpt><trkpt lat="47.4644166604" lon="11.0003610235"><ele>871.31</ele><time>2026-08-27T07:01:46Z</time></trkpt><trkpt lat="47.4644029979" lon="11.0003530607"><ele>871.52</ele><time>2026-08-27T07:01:47Z</time></trkpt><trkpt lat="47.4642777722" lon="11.0002743546"><ele>872.27</ele><time>2026-08-27T07:01:55Z</time></trkpt><trkpt lat="47.4641952943" lon="11.0002308525"><ele>873.34</ele><time>2026-08-27T07:02:01Z</time></trkpt><trkpt lat="47.4641289935" lon="11.0002004262"><ele>874.62</ele><time>2026-08-27T07:02:08Z</time></trkpt><trkpt lat="47.4640485272" lon="11.0001539066"><ele>875.63</ele><time>2026-08-27T07:02:13Z</time></trkpt><trkpt lat="47.4640301708" lon="11.0001466982"><ele>875.75</ele><time>2026-08-27T07:02:14Z</time></trkpt><trkpt lat="47.4638579227" lon="11.0000501387"><ele>877.02</ele><time>2026-08-27T07:02:24Z</time></trkpt><trkpt lat="47.4637491256" lon="10.9999464545"><ele>878.44</ele><time>2026-08-27T07:02:34Z</time></trkpt><trkpt lat="47.4637021031" lon="10.9999029525"><ele>879.46</ele><time>2026-08-27T07:02:39Z</time></trkpt><trkpt lat="47.4636406638" lon="10.9998730291"><ele>880.15</ele><time>2026-08-27T07:02:43Z</time></trkpt><trkpt lat="47.4636192899" lon="10.9998641443"><ele>880.36</ele><time>2026-08-27T07:02:44Z</time></trkpt><trkpt lat="47.4636017717" lon="10.9998570196"><ele>880.58</ele><time>2026-08-27T07:02:45Z</time></trkpt><trkpt lat="47.4635841697" lon="10.9998484701"><ele>880.80</ele><time>2026-08-27T07:02:46Z</time></trkpt><trkpt lat="47.4635684956" lon="10.9998421837"><ele>881.02</ele><time>2026-08-27T07:02:47Z</time></trkpt><trkpt lat="47.4634244107" lon="10.9997984301"><ele>882.85</ele><time>2026-08-27T07:02:56Z</time></trkpt><trkpt lat="47.4633556791" lon="10.9997582808"><ele>883.97</ele><time>2026-08-27T07:03:01Z</time></trkpt><trkpt lat="47.4632840976" lon="10.9996759705"><ele>885.78</ele><time>2026-08-27T07:03:09Z</time></trkpt><trkpt lat="47.4632430263" lon="10.9996490646"><ele>886.71</ele><time>2026-08-27T07:03:13Z</time></trkpt><trkpt lat="47.4631626438" lon="10.9996015392"><ele>887.92</ele><time>2026-08-27T07:03:19Z</time></trkpt><trkpt lat="47.4630707782" lon="10.9995509125"><ele>888.99</ele><time>2026-08-27T07:03:26Z</time></trkpt><trkpt lat="47.4629641604" lon="10.9995161276"><ele>890.22</ele><time>2026-08-27T07:03:34Z</time></trkpt><trkpt lat="47.4628805090" lon="10.9994811751"><ele>891.53</ele><time>2026-08-27T07:03:42Z</time></trkpt><trkpt lat="47.4628031440" lon="10.9994952567"><ele>893.65</ele><time>2026-08-27T07:03:50Z</time></trkpt><trkpt lat="47.4627614021" lon="10.9995126072"><ele>894.30</ele><time>2026-08-27T07:03:53Z</time></trkpt><trkpt lat="47.4626749009" lon="10.9995791595"><ele>895.45</ele><time>2026-08-27T07:04:00Z</time></trkpt><trkpt lat="47.4626355059" lon="10.9996659122"><ele>896.48</ele><time>2026-08-27T07:04:06Z</time></trkpt><trkpt lat="47.4625883996" lon="10.9997757990"><ele>897.92</ele><time>2026-08-27T07:04:13Z</time></trkpt><trkpt lat="47.4625772517" lon="10.9997879528"><ele>898.11</ele><time>2026-08-27T07:04:14Z</time></trkpt><trkpt lat="47.4625632539" lon="10.9998192172"><ele>898.49</ele><time>2026-08-27T07:04:16Z</time></trkpt><trkpt lat="47.4625398684" lon="10.9998819977"><ele>899.11</ele><time>2026-08-27T07:04:20Z</time></trkpt><trkpt lat="47.4624999706" lon="10.9999932256"><ele>900.86</ele><time>2026-08-27T07:04:28Z</time></trkpt><trkpt lat="47.4624416325" lon="11.0000558384"><ele>901.95</ele><time>2026-08-27T07:04:34Z</time></trkpt><trkpt lat="47.4623918440" lon="11.0001728497"><ele>903.22</ele><time>2026-08-27T07:04:43Z</time></trkpt><trkpt lat="47.4623427261" lon="11.0002989136"><ele>904.71</ele><time>2026-08-27T07:04:53Z</time></trkpt><trkpt lat="47.4622723181" lon="11.0004470218"><ele>906.47</ele><time>2026-08-27T07:05:04Z</time></trkpt><trkpt lat="47.4621969648" lon="11.0005222913"><ele>908.00</ele><time>2026-08-27T07:05:12Z</time></trkpt><trkpt lat="47.4621273112" lon="11.0005536396"><ele>909.43</ele><time>2026-08-27T07:05:20Z</time></trkpt><trkpt lat="47.4621104635" lon="11.0005625244"><ele>909.63</ele><time>2026-08-27T07:05:21Z</time></trkpt><trkpt lat="47.4620931968" lon="11.0005662963"><ele>909.79</ele><time>2026-08-27T07:05:22Z</time></trkpt><trkpt lat="47.4620786961" lon="11.0005657095"><ele>909.91</ele><time>2026-08-27T07:05:23Z</time></trkpt><trkpt lat="47.4620622676" lon="11.0005719960"><ele>910.02</ele><time>2026-08-27T07:05:24Z</time></trkpt><trkpt lat="47.4619736709" lon="11.0005706549"><ele>910.79</ele><time>2026-08-27T07:05:31Z</time></trkpt><trkpt lat="47.4618731719" lon="11.0005560704"><ele>911.45</ele><time>2026-08-27T07:05:40Z</time></trkpt><trkpt lat="47.4618104752" lon="11.0005397256"><ele>912.26</ele><time>2026-08-27T07:05:50Z</time></trkpt><trkpt lat="47.4618160911" lon="11.0005315952"><ele>912.38</ele><time>2026-08-27T07:06:09Z</time></trkpt><trkpt lat="47.4618189409" lon="11.0005234648"><ele>912.88</ele><time>2026-08-27T07:06:27Z</time></trkpt><trkpt lat="47.4617860839" lon="11.0004633665"><ele>913.11</ele><time>2026-08-27T07:06:36Z</time></trkpt><trkpt lat="47.4617310986" lon="11.0004364606"><ele>913.94</ele><time>2026-08-27T07:06:42Z</time></trkpt><trkpt lat="47.4616457708" lon="11.0004126560"><ele>915.38</ele><time>2026-08-27T07:06:50Z</time></trkpt><trkpt lat="47.4615716748" lon="11.0003626999"><ele>916.16</ele><time>2026-08-27T07:06:55Z</time></trkpt><trkpt lat="47.4615591858" lon="11.0003575869"><ele>916.31</ele><time>2026-08-27T07:06:56Z</time></trkpt><trkpt lat="47.4615443498" lon="11.0003479477"><ele>916.45</ele><time>2026-08-27T07:06:57Z</time></trkpt><trkpt lat="47.4615314417" lon="11.0003404040"><ele>916.58</ele><time>2026-08-27T07:06:58Z</time></trkpt><trkpt lat="47.4615199585" lon="11.0003367998"><ele>916.74</ele><time>2026-08-27T07:06:59Z</time></trkpt><trkpt lat="47.4614911247" lon="11.0003039427"><ele>917.19</ele><time>2026-08-27T07:07:02Z</time></trkpt><trkpt lat="47.4614799768" lon="11.0002930462"><ele>917.35</ele><time>2026-08-27T07:07:03Z</time></trkpt><trkpt lat="47.4614672363" lon="11.0002810601"><ele>917.53</ele><time>2026-08-27T07:07:04Z</time></trkpt><trkpt lat="47.4614541605" lon="11.0002684873"><ele>917.72</ele><time>2026-08-27T07:07:05Z</time></trkpt><trkpt lat="47.4614421744" lon="11.0002554115"><ele>917.92</ele><time>2026-08-27T07:07:06Z</time></trkpt><trkpt lat="47.4613627139" lon="11.0001786333"><ele>919.10</ele><time>2026-08-27T07:07:13Z</time></trkpt><trkpt lat="47.4613372330" lon="11.0001595225"><ele>919.48</ele><time>2026-08-27T07:07:16Z</time></trkpt><trkpt lat="47.4613257498" lon="11.0001487937"><ele>919.59</ele><time>2026-08-27T07:07:17Z</time></trkpt><trkpt lat="47.4612360634" lon="11.0000877734"><ele>921.17</ele><time>2026-08-27T07:07:25Z</time></trkpt><trkpt lat="47.4611317087" lon="10.9999960754"><ele>922.35</ele><time>2026-08-27T07:07:33Z</time></trkpt><trkpt lat="47.4610416871" lon="10.9999105800"><ele>923.27</ele><time>2026-08-27T07:07:41Z</time></trkpt><trkpt lat="47.4609833490" lon="10.9998020343"><ele>924.24</ele><time>2026-08-27T07:07:49Z</time></trkpt><trkpt lat="47.4609504919" lon="10.9997389186"><ele>924.96</ele><time>2026-08-27T07:07:55Z</time></trkpt><trkpt lat="47.4608677626" lon="10.9996359050"><ele>926.56</ele><time>2026-08-27T07:08:05Z</time></trkpt><trkpt lat="47.4607844464" lon="10.9994942509"><ele>927.76</ele><time>2026-08-27T07:08:14Z</time></trkpt><trkpt lat="47.4607361667" lon="10.9994284529"><ele>928.42</ele><time>2026-08-27T07:08:20Z</time></trkpt><trkpt lat="47.4606665131" lon="10.9993507527"><ele>929.45</ele><time>2026-08-27T07:08:27Z</time></trkpt><trkpt lat="47.4605809338" lon="10.9992772434"><ele>930.96</ele><time>2026-08-27T07:08:36Z</time></trkpt><trkpt lat="47.4605160579" lon="10.9992074221"><ele>932.42</ele><time>2026-08-27T07:08:45Z</time></trkpt><trkpt lat="47.4604602344" lon="10.9991257824"><ele>933.39</ele><time>2026-08-27T07:08:53Z</time></trkpt><trkpt lat="47.4603765830" lon="10.9990440588"><ele>934.93</ele><time>2026-08-27T07:09:02Z</time></trkpt><trkpt lat="47.4603034928" lon="10.9989305679"><ele>937.01</ele><time>2026-08-27T07:09:11Z</time></trkpt><trkpt lat="47.4602956139" lon="10.9988716431"><ele>937.73</ele><time>2026-08-27T07:09:15Z</time></trkpt><trkpt lat="47.4602554645" lon="10.9987962898"><ele>938.86</ele><time>2026-08-27T07:09:21Z</time></trkpt><trkpt lat="47.4601663649" lon="10.9986447450"><ele>939.90</ele><time>2026-08-27T07:09:31Z</time></trkpt><trkpt lat="47.4600944482" lon="10.9985410608"><ele>940.94</ele><time>2026-08-27T07:09:38Z</time></trkpt><trkpt lat="47.4600689672" lon="10.9985188488"><ele>941.37</ele><time>2026-08-27T07:09:40Z</time></trkpt><trkpt lat="47.4599999003" lon="10.9984293301"><ele>942.25</ele><time>2026-08-27T07:09:48Z</time></trkpt><trkpt lat="47.4599634390" lon="10.9983845707"><ele>942.61</ele><time>2026-08-27T07:09:51Z</time></trkpt><trkpt lat="47.4599543866" lon="10.9983722493"><ele>942.71</ele><time>2026-08-27T07:09:52Z</time></trkpt><trkpt lat="47.4599441607" lon="10.9983491991"><ele>942.80</ele><time>2026-08-27T07:09:53Z</time></trkpt><trkpt lat="47.4599330965" lon="10.9983277414"><ele>942.89</ele><time>2026-08-27T07:09:54Z</time></trkpt><trkpt lat="47.4598973058" lon="10.9982683975"><ele>943.33</ele><time>2026-08-27T07:09:58Z</time></trkpt><trkpt lat="47.4598577432" lon="10.9982163459"><ele>943.84</ele><time>2026-08-27T07:10:01Z</time></trkpt><trkpt lat="47.4598042667" lon="10.9981659707"><ele>944.52</ele><time>2026-08-27T07:10:06Z</time></trkpt><trkpt lat="47.4597918615" lon="10.9981631208"><ele>944.70</ele><time>2026-08-27T07:10:07Z</time></trkpt><trkpt lat="47.4597771931" lon="10.9981627855"><ele>944.89</ele><time>2026-08-27T07:10:08Z</time></trkpt><trkpt lat="47.4596687313" lon="10.9981327783"><ele>945.63</ele><time>2026-08-27T07:10:14Z</time></trkpt><trkpt lat="47.4595808052" lon="10.9981142543"><ele>946.35</ele><time>2026-08-27T07:10:20Z</time></trkpt><trkpt lat="47.4595677294" lon="10.9981145896"><ele>946.67</ele><time>2026-08-27T07:10:22Z</time></trkpt><trkpt lat="47.4595222995" lon="10.9981110692"><ele>948.36</ele><time>2026-08-27T07:10:30Z</time></trkpt><trkpt lat="47.4594914541" lon="10.9980960656"><ele>949.21</ele><time>2026-08-27T07:10:34Z</time></trkpt><trkpt lat="47.4594140891" lon="10.9981026873"><ele>950.20</ele><time>2026-08-27T07:10:41Z</time></trkpt><trkpt lat="47.4593686592" lon="10.9980759490"><ele>951.04</ele><time>2026-08-27T07:10:46Z</time></trkpt><trkpt lat="47.4593565892" lon="10.9980682377"><ele>951.14</ele><time>2026-08-27T07:10:47Z</time></trkpt><trkpt lat="47.4593037833" lon="10.9980398230"><ele>951.60</ele><time>2026-08-27T07:10:51Z</time></trkpt><trkpt lat="47.4592487980" lon="10.9980320279"><ele>952.31</ele><time>2026-08-27T07:10:56Z</time></trkpt><trkpt lat="47.4591705948" lon="10.9980637953"><ele>953.14</ele><time>2026-08-27T07:11:03Z</time></trkpt><trkpt lat="47.4591047131" lon="10.9980844986"><ele>953.75</ele><time>2026-08-27T07:11:09Z</time></trkpt><trkpt lat="47.4590913020" lon="10.9980762005"><ele>953.87</ele><time>2026-08-27T07:11:10Z</time></trkpt><trkpt lat="47.4590773042" lon="10.9980627056"><ele>953.98</ele><time>2026-08-27T07:11:11Z</time></trkpt><trkpt lat="47.4590647314" lon="10.9980549943"><ele>954.08</ele><time>2026-08-27T07:11:12Z</time></trkpt><trkpt lat="47.4590529967" lon="10.9980560001"><ele>954.20</ele><time>2026-08-27T07:11:13Z</time></trkpt><trkpt lat="47.4589790683" lon="10.9980518930"><ele>955.18</ele><time>2026-08-27T07:11:20Z</time></trkpt><trkpt lat="47.4589292798" lon="10.9979392402"><ele>956.15</ele><time>2026-08-27T07:11:27Z</time></trkpt><trkpt lat="47.4589538388" lon="10.9978912957"><ele>956.59</ele><time>2026-08-27T07:11:30Z</time></trkpt><trkpt lat="47.4589369074" lon="10.9978410881"><ele>957.33</ele><time>2026-08-27T07:11:34Z</time></trkpt><trkpt lat="47.4589295313" lon="10.9978217259"><ele>958.01</ele><time>2026-08-27T07:11:43Z</time></trkpt><trkpt lat="47.4589188024" lon="10.9977726918"><ele>958.02</ele><time>2026-08-27T07:11:57Z</time></trkpt><trkpt lat="47.4589175452" lon="10.9977164492"><ele>958.23</ele><time>2026-08-27T07:12:08Z</time></trkpt><trkpt lat="47.4588733725" lon="10.9975625575"><ele>959.13</ele><time>2026-08-27T07:12:19Z</time></trkpt><trkpt lat="47.4587813392" lon="10.9974542633"><ele>960.42</ele><time>2026-08-27T07:12:29Z</time></trkpt><trkpt lat="47.4587753043" lon="10.9974366613"><ele>960.54</ele><time>2026-08-27T07:12:30Z</time></trkpt><trkpt lat="47.4587775674" lon="10.9974035528"><ele>960.77</ele><time>2026-08-27T07:12:32Z</time></trkpt><trkpt lat="47.4587818421" lon="10.9973855317"><ele>960.86</ele><time>2026-08-27T07:12:33Z</time></trkpt><trkpt lat="47.4588074908" lon="10.9973130282"><ele>962.00</ele><time>2026-08-27T07:12:40Z</time></trkpt><trkpt lat="47.4588431139" lon="10.9971514251"><ele>963.64</ele><time>2026-08-27T07:12:51Z</time></trkpt><trkpt lat="47.4588353187" lon="10.9970286302"><ele>964.57</ele><time>2026-08-27T07:12:57Z</time></trkpt><trkpt lat="47.4588390905" lon="10.9970081784"><ele>964.87</ele><time>2026-08-27T07:12:58Z</time></trkpt><trkpt lat="47.4588442035" lon="10.9969914146"><ele>965.16</ele><time>2026-08-27T07:12:59Z</time></trkpt><trkpt lat="47.4588466343" lon="10.9969714656"><ele>965.40</ele><time>2026-08-27T07:13:00Z</time></trkpt><trkpt lat="47.4588696007" lon="10.9968549572"><ele>966.64</ele><time>2026-08-27T07:13:06Z</time></trkpt><trkpt lat="47.4588784017" lon="10.9968387801"><ele>966.81</ele><time>2026-08-27T07:13:07Z</time></trkpt><trkpt lat="47.4589304533" lon="10.9967420530"><ele>968.37</ele><time>2026-08-27T07:13:15Z</time></trkpt><trkpt lat="47.4589775596" lon="10.9966498520"><ele>969.34</ele><time>2026-08-27T07:13:21Z</time></trkpt><trkpt lat="47.4589995202" lon="10.9965941962"><ele>969.56</ele><time>2026-08-27T07:13:24Z</time></trkpt><trkpt lat="47.4590070639" lon="10.9965765104"><ele>969.60</ele><time>2026-08-27T07:13:25Z</time></trkpt><trkpt lat="47.4590388313" lon="10.9964425676"><ele>970.51</ele><time>2026-08-27T07:13:33Z</time></trkpt><trkpt lat="47.4590436090" lon="10.9964287374"><ele>970.61</ele><time>2026-08-27T07:13:34Z</time></trkpt><trkpt lat="47.4590509012" lon="10.9963105526"><ele>971.64</ele><time>2026-08-27T07:13:41Z</time></trkpt><trkpt lat="47.4589924794" lon="10.9962314274"><ele>972.86</ele><time>2026-08-27T07:13:48Z</time></trkpt><trkpt lat="47.4588939082" lon="10.9962212015"><ele>974.15</ele><time>2026-08-27T07:13:57Z</time></trkpt><trkpt lat="47.4588637333" lon="10.9962237161"><ele>974.46</ele><time>2026-08-27T07:13:59Z</time></trkpt><trkpt lat="47.4588513281" lon="10.9962274041"><ele>974.60</ele><time>2026-08-27T07:14:00Z</time></trkpt><trkpt lat="47.4588376656" lon="10.9962346964"><ele>974.74</ele><time>2026-08-27T07:14:01Z</time></trkpt><trkpt lat="47.4587583728" lon="10.9962562378"><ele>975.82</ele><time>2026-08-27T07:14:08Z</time></trkpt><trkpt lat="47.4586722068" lon="10.9962901846"><ele>977.66</ele><time>2026-08-27T07:14:17Z</time></trkpt><trkpt lat="47.4586220831" lon="10.9963013325"><ele>979.10</ele><time>2026-08-27T07:14:22Z</time></trkpt><trkpt lat="47.4585659243" lon="10.9962742589"><ele>979.99</ele><time>2026-08-27T07:14:28Z</time></trkpt><trkpt lat="47.4585529324" lon="10.9962761868"><ele>980.11</ele><time>2026-08-27T07:14:29Z</time></trkpt><trkpt lat="47.4585334025" lon="10.9962785337"><ele>980.38</ele><time>2026-08-27T07:14:31Z</time></trkpt><trkpt lat="47.4585225899" lon="10.9962874185"><ele>980.51</ele><time>2026-08-27T07:14:32Z</time></trkpt><trkpt lat="47.4585119449" lon="10.9962952975"><ele>980.64</ele><time>2026-08-27T07:14:33Z</time></trkpt><trkpt lat="47.4584901519" lon="10.9962974768"><ele>980.77</ele><time>2026-08-27T07:14:34Z</time></trkpt><trkpt lat="47.4583998788" lon="10.9963222872"><ele>981.64</ele><time>2026-08-27T07:14:41Z</time></trkpt><trkpt lat="47.4583281297" lon="10.9963192698"><ele>983.10</ele><time>2026-08-27T07:14:49Z</time></trkpt><trkpt lat="47.4582847953" lon="10.9962773602"><ele>983.96</ele><time>2026-08-27T07:14:56Z</time></trkpt><trkpt lat="47.4581372738" lon="10.9961477760"><ele>986.03</ele><time>2026-08-27T07:15:09Z</time></trkpt><trkpt lat="47.4581279699" lon="10.9961385559"><ele>986.42</ele><time>2026-08-27T07:15:10Z</time></trkpt><trkpt lat="47.4581156485" lon="10.9961290006"><ele>986.56</ele><time>2026-08-27T07:15:11Z</time></trkpt><trkpt lat="47.4580347631" lon="10.9960491210"><ele>987.43</ele><time>2026-08-27T07:15:20Z</time></trkpt><trkpt lat="47.4579873215" lon="10.9959566686"><ele>988.56</ele><time>2026-08-27T07:15:28Z</time></trkpt><trkpt lat="47.4578937795" lon="10.9958659764"><ele>990.04</ele><time>2026-08-27T07:15:38Z</time></trkpt><trkpt lat="47.4578573182" lon="10.9957359731"><ele>991.53</ele><time>2026-08-27T07:15:47Z</time></trkpt><trkpt lat="47.4578068592" lon="10.9956268407"><ele>992.53</ele><time>2026-08-27T07:15:54Z</time></trkpt><trkpt lat="47.4577995669" lon="10.9956115019"><ele>992.62</ele><time>2026-08-27T07:15:55Z</time></trkpt><trkpt lat="47.4577721581" lon="10.9955837578"><ele>993.12</ele><time>2026-08-27T07:15:58Z</time></trkpt><trkpt lat="47.4576945417" lon="10.9955130145"><ele>994.96</ele><time>2026-08-27T07:16:07Z</time></trkpt><trkpt lat="47.4576674681" lon="10.9953563567"><ele>996.81</ele><time>2026-08-27T07:16:19Z</time></trkpt><trkpt lat="47.4576546438" lon="10.9952411056"><ele>997.55</ele><time>2026-08-27T07:16:25Z</time></trkpt><trkpt lat="47.4576118961" lon="10.9951189812"><ele>998.76</ele><time>2026-08-27T07:16:34Z</time></trkpt><trkpt lat="47.4575947132" lon="10.9950374253"><ele>999.23</ele><time>2026-08-27T07:16:38Z</time></trkpt><trkpt lat="47.4575925339" lon="10.9949881397"><ele>999.32</ele><time>2026-08-27T07:16:40Z</time></trkpt><trkpt lat="47.4575572461" lon="10.9947872255"><ele>999.38</ele><time>2026-08-27T07:16:47Z</time></trkpt><trkpt lat="47.4575062841" lon="10.9946887381"><ele>999.82</ele><time>2026-08-27T07:16:53Z</time></trkpt><trkpt lat="47.4574828986" lon="10.9946499299"><ele>1000.24</ele><time>2026-08-27T07:16:56Z</time></trkpt><trkpt lat="47.4574720860" lon="10.9946339205"><ele>1000.39</ele><time>2026-08-27T07:16:57Z</time></trkpt><trkpt lat="47.4574622791" lon="10.9946231917"><ele>1000.55</ele><time>2026-08-27T07:16:58Z</time></trkpt><trkpt lat="47.4574497901" lon="10.9946081880"><ele>1000.73</ele><time>2026-08-27T07:16:59Z</time></trkpt><trkpt lat="47.4573861714" lon="10.9945689607"><ele>1001.53</ele><time>2026-08-27T07:17:04Z</time></trkpt><trkpt lat="47.4573621992" lon="10.9945589025"><ele>1001.84</ele><time>2026-08-27T07:17:06Z</time></trkpt><trkpt lat="47.4573467765" lon="10.9945522808"><ele>1001.99</ele><time>2026-08-27T07:17:07Z</time></trkpt><trkpt lat="47.4573335331" lon="10.9945484251"><ele>1002.16</ele><time>2026-08-27T07:17:08Z</time></trkpt><trkpt lat="47.4573210441" lon="10.9945433121"><ele>1002.33</ele><time>2026-08-27T07:17:09Z</time></trkpt><trkpt lat="47.4573027715" lon="10.9945292305"><ele>1002.47</ele><time>2026-08-27T07:17:10Z</time></trkpt><trkpt lat="47.4572876841" lon="10.9945178311"><ele>1002.62</ele><time>2026-08-27T07:17:11Z</time></trkpt><trkpt lat="47.4572727643" lon="10.9945071023"><ele>1002.91</ele><time>2026-08-27T07:17:12Z</time></trkpt><trkpt lat="47.4572543241" lon="10.9944946133"><ele>1003.05</ele><time>2026-08-27T07:17:13Z</time></trkpt><trkpt lat="47.4572389014" lon="10.9944864828"><ele>1003.21</ele><time>2026-08-27T07:17:14Z</time></trkpt><trkpt lat="47.4572244007" lon="10.9944765083"><ele>1003.36</ele><time>2026-08-27T07:17:15Z</time></trkpt><trkpt lat="47.4572099838" lon="10.9944700543"><ele>1003.48</ele><time>2026-08-27T07:17:16Z</time></trkpt><trkpt lat="47.4571962375" lon="10.9944616724"><ele>1003.60</ele><time>2026-08-27T07:17:17Z</time></trkpt><trkpt lat="47.4570952356" lon="10.9944076091"><ele>1004.68</ele><time>2026-08-27T07:17:25Z</time></trkpt><trkpt lat="47.4569910485" lon="10.9942953754"><ele>1005.96</ele><time>2026-08-27T07:17:35Z</time></trkpt><trkpt lat="47.4568805750" lon="10.9941525478"><ele>1007.17</ele><time>2026-08-27T07:17:43Z</time></trkpt><trkpt lat="47.4567003641" lon="10.9938471951"><ele>1007.24</ele><time>2026-08-27T07:17:53Z</time></trkpt><trkpt lat="47.4564866256" lon="10.9936912078"><ele>1006.89</ele><time>2026-08-27T07:18:01Z</time></trkpt><trkpt lat="47.4562506750" lon="10.9935828298"><ele>1006.86</ele><time>2026-08-27T07:18:10Z</time></trkpt><trkpt lat="47.4560452346" lon="10.9934102464"><ele>1006.83</ele><time>2026-08-27T07:18:18Z</time></trkpt><trkpt lat="47.4558232818" lon="10.9933296964"><ele>1006.91</ele><time>2026-08-27T07:18:27Z</time></trkpt><trkpt lat="47.4557408877" lon="10.9933070652"><ele>1007.18</ele><time>2026-08-27T07:18:33Z</time></trkpt><trkpt lat="47.4557438213" lon="10.9933067299"><ele>1007.39</ele><time>2026-08-27T07:18:46Z</time></trkpt><trkpt lat="47.4557440728" lon="10.9932924807"><ele>1007.36</ele><time>2026-08-27T07:19:13Z</time></trkpt><trkpt lat="47.4557276443" lon="10.9932877030"><ele>1007.33</ele><time>2026-08-27T07:19:16Z</time></trkpt><trkpt lat="47.4557259679" lon="10.9932836797"><ele>1007.33</ele><time>2026-08-27T07:19:17Z</time></trkpt><trkpt lat="47.4557164125" lon="10.9932771418"><ele>1007.33</ele><time>2026-08-27T07:19:18Z</time></trkpt><trkpt lat="47.4556971341" lon="10.9932706039"><ele>1007.33</ele><time>2026-08-27T07:19:19Z</time></trkpt><trkpt lat="47.4556765147" lon="10.9932612162"><ele>1007.35</ele><time>2026-08-27T07:19:20Z</time></trkpt><trkpt lat="47.4556352757" lon="10.9932416026"><ele>1007.37</ele><time>2026-08-27T07:19:22Z</time></trkpt><trkpt lat="47.4556132313" lon="10.9932313766"><ele>1007.37</ele><time>2026-08-27T07:19:23Z</time></trkpt><trkpt lat="47.4555988144" lon="10.9932135232"><ele>1007.37</ele><time>2026-08-27T07:19:24Z</time></trkpt><trkpt lat="47.4555854872" lon="10.9931968432"><ele>1007.36</ele><time>2026-08-27T07:19:25Z</time></trkpt><trkpt lat="47.4555664603" lon="10.9931774810"><ele>1007.34</ele><time>2026-08-27T07:19:26Z</time></trkpt><trkpt lat="47.4555493612" lon="10.9931525867"><ele>1007.29</ele><time>2026-08-27T07:19:27Z</time></trkpt><trkpt lat="47.4555377103" lon="10.9931178857"><ele>1007.24</ele><time>2026-08-27T07:19:28Z</time></trkpt><trkpt lat="47.4555220362" lon="10.9930735454"><ele>1007.17</ele><time>2026-08-27T07:19:29Z</time></trkpt><trkpt lat="47.4554944597" lon="10.9930305462"><ele>1007.00</ele><time>2026-08-27T07:19:30Z</time></trkpt><trkpt lat="47.4554551486" lon="10.9929895587"><ele>1006.73</ele><time>2026-08-27T07:19:31Z</time></trkpt><trkpt lat="47.4554123171" lon="10.9929494094"><ele>1006.39</ele><time>2026-08-27T07:19:32Z</time></trkpt><trkpt lat="47.4553726707" lon="10.9929034766"><ele>1006.00</ele><time>2026-08-27T07:19:33Z</time></trkpt><trkpt lat="47.4553334434" lon="10.9928634949"><ele>1005.56</ele><time>2026-08-27T07:19:34Z</time></trkpt><trkpt lat="47.4552969821" lon="10.9928266145"><ele>1005.13</ele><time>2026-08-27T07:19:35Z</time></trkpt><trkpt lat="47.4552824814" lon="10.9928028937"><ele>1004.80</ele><time>2026-08-27T07:19:36Z</time></trkpt><trkpt lat="47.4552611075" lon="10.9927911591"><ele>1004.47</ele><time>2026-08-27T07:19:38Z</time></trkpt><trkpt lat="47.4552354589" lon="10.9928107727"><ele>1004.47</ele><time>2026-08-27T07:19:40Z</time></trkpt><trkpt lat="47.4552179407" lon="10.9928610642"><ele>1004.54</ele><time>2026-08-27T07:19:43Z</time></trkpt><trkpt lat="47.4552057870" lon="10.9928723797"><ele>1004.55</ele><time>2026-08-27T07:19:44Z</time></trkpt><trkpt lat="47.4551929627" lon="10.9928880539"><ele>1004.57</ele><time>2026-08-27T07:19:45Z</time></trkpt><trkpt lat="47.4551784620" lon="10.9929054882"><ele>1004.60</ele><time>2026-08-27T07:19:46Z</time></trkpt><trkpt lat="47.4551531486" lon="10.9929232579"><ele>1004.68</ele><time>2026-08-27T07:19:47Z</time></trkpt><trkpt lat="47.4551356304" lon="10.9929504991"><ele>1004.92</ele><time>2026-08-27T07:19:49Z</time></trkpt><trkpt lat="47.4551224709" lon="10.9929712862"><ele>1005.07</ele><time>2026-08-27T07:19:50Z</time></trkpt><trkpt lat="47.4551138375" lon="10.9929951746"><ele>1005.26</ele><time>2026-08-27T07:19:51Z</time></trkpt><trkpt lat="47.4551074672" lon="10.9930194821"><ele>1005.51</ele><time>2026-08-27T07:19:52Z</time></trkpt><trkpt lat="47.4550859258" lon="10.9930424485"><ele>1005.78</ele><time>2026-08-27T07:19:53Z</time></trkpt><trkpt lat="47.4550676532" lon="10.9930694383"><ele>1006.03</ele><time>2026-08-27T07:19:54Z</time></trkpt><trkpt lat="47.4550575111" lon="10.9930810053"><ele>1006.56</ele><time>2026-08-27T07:19:56Z</time></trkpt><trkpt lat="47.4550463632" lon="10.9930909798"><ele>1006.80</ele><time>2026-08-27T07:19:57Z</time></trkpt><trkpt lat="47.4550347961" lon="10.9931005351"><ele>1006.99</ele><time>2026-08-27T07:19:58Z</time></trkpt><trkpt lat="47.4550201278" lon="10.9931005351"><ele>1007.19</ele><time>2026-08-27T07:19:59Z</time></trkpt><trkpt lat="47.4550024420" lon="10.9931001160"><ele>1007.38</ele><time>2026-08-27T07:20:00Z</time></trkpt><trkpt lat="47.4549969938" lon="10.9930982720"><ele>1007.58</ele><time>2026-08-27T07:20:01Z</time></trkpt><trkpt lat="47.4549937248" lon="10.9930819273"><ele>1007.62</ele><time>2026-08-27T07:20:02Z</time></trkpt><trkpt lat="47.4549786374" lon="10.9930608887"><ele>1007.64</ele><time>2026-08-27T07:20:03Z</time></trkpt><trkpt lat="47.4549700040" lon="10.9930378385"><ele>1007.64</ele><time>2026-08-27T07:20:04Z</time></trkpt><trkpt lat="47.4549498875" lon="10.9930035565"><ele>1007.62</ele><time>2026-08-27T07:20:05Z</time></trkpt><trkpt lat="47.4549245741" lon="10.9929706994"><ele>1007.58</ele><time>2026-08-27T07:20:06Z</time></trkpt><trkpt lat="47.4548933934" lon="10.9929308016"><ele>1007.49</ele><time>2026-08-27T07:20:07Z</time></trkpt><trkpt lat="47.4548629671" lon="10.9928795043"><ele>1007.24</ele><time>2026-08-27T07:20:08Z</time></trkpt><trkpt lat="47.4547022022" lon="10.9925189149"><ele>1005.41</ele><time>2026-08-27T07:20:13Z</time></trkpt><trkpt lat="47.4546674173" lon="10.9924390353"><ele>1004.96</ele><time>2026-08-27T07:20:14Z</time></trkpt><trkpt lat="47.4546395894" lon="10.9923584852"><ele>1004.37</ele><time>2026-08-27T07:20:15Z</time></trkpt><trkpt lat="47.4545860291" lon="10.9922228660"><ele>1003.59</ele><time>2026-08-27T07:20:17Z</time></trkpt><trkpt lat="47.4545142800" lon="10.9920387156"><ele>1004.31</ele><time>2026-08-27T07:20:22Z</time></trkpt><trkpt lat="47.4544803333" lon="10.9919597581"><ele>1005.18</ele><time>2026-08-27T07:20:25Z</time></trkpt><trkpt lat="47.4544748850" lon="10.9919392224"><ele>1005.25</ele><time>2026-08-27T07:20:26Z</time></trkpt><trkpt lat="47.4544731248" lon="10.9919072874"><ele>1005.30</ele><time>2026-08-27T07:20:27Z</time></trkpt><trkpt lat="47.4544571992" lon="10.9918659646"><ele>1005.35</ele><time>2026-08-27T07:20:28Z</time></trkpt><trkpt lat="47.4544436205" lon="10.9918296710"><ele>1005.40</ele><time>2026-08-27T07:20:29Z</time></trkpt><trkpt lat="47.4544292875" lon="10.9917949699"><ele>1005.45</ele><time>2026-08-27T07:20:30Z</time></trkpt><trkpt lat="47.4544053990" lon="10.9917442594"><ele>1005.59</ele><time>2026-08-27T07:20:32Z</time></trkpt><trkpt lat="47.4544041418" lon="10.9917150903"><ele>1005.68</ele><time>2026-08-27T07:20:33Z</time></trkpt><trkpt lat="47.4544015434" lon="10.9916903637"><ele>1005.81</ele><time>2026-08-27T07:20:34Z</time></trkpt><trkpt lat="47.4543984421" lon="10.9916719235"><ele>1005.98</ele><time>2026-08-27T07:20:35Z</time></trkpt><trkpt lat="47.4543986097" lon="10.9916534834"><ele>1006.15</ele><time>2026-08-27T07:20:36Z</time></trkpt><trkpt lat="47.4543997832" lon="10.9916331992"><ele>1006.30</ele><time>2026-08-27T07:20:37Z</time></trkpt><trkpt lat="47.4544000346" lon="10.9916112386"><ele>1006.44</ele><time>2026-08-27T07:20:38Z</time></trkpt><trkpt lat="47.4544004537" lon="10.9915906191"><ele>1006.60</ele><time>2026-08-27T07:20:39Z</time></trkpt><trkpt lat="47.4544252641" lon="10.9914091509"><ele>1007.92</ele><time>2026-08-27T07:20:48Z</time></trkpt><trkpt lat="47.4544843566" lon="10.9912570193"><ele>1009.03</ele><time>2026-08-27T07:20:56Z</time></trkpt><trkpt lat="47.4544922356" lon="10.9912403394"><ele>1009.20</ele><time>2026-08-27T07:20:57Z</time></trkpt><trkpt lat="47.4544956721" lon="10.9912204742"><ele>1009.34</ele><time>2026-08-27T07:20:58Z</time></trkpt><trkpt lat="47.4545007013" lon="10.9912021179"><ele>1009.47</ele><time>2026-08-27T07:20:59Z</time></trkpt><trkpt lat="47.4545003660" lon="10.9911824204"><ele>1009.65</ele><time>2026-08-27T07:21:00Z</time></trkpt><trkpt lat="47.4545054790" lon="10.9911638126"><ele>1009.85</ele><time>2026-08-27T07:21:01Z</time></trkpt><trkpt lat="47.4545717798" lon="10.9910228290"><ele>1011.24</ele><time>2026-08-27T07:21:10Z</time></trkpt><trkpt lat="47.4546152819" lon="10.9909308795"><ele>1012.50</ele><time>2026-08-27T07:21:16Z</time></trkpt><trkpt lat="47.4546140246" lon="10.9909103438"><ele>1012.76</ele><time>2026-08-27T07:21:17Z</time></trkpt><trkpt lat="47.4546152819" lon="10.9908859525"><ele>1013.00</ele><time>2026-08-27T07:21:18Z</time></trkpt><trkpt lat="47.4546097498" lon="10.9908614773"><ele>1013.23</ele><time>2026-08-27T07:21:19Z</time></trkpt><trkpt lat="47.4546068162" lon="10.9908428695"><ele>1013.45</ele><time>2026-08-27T07:21:20Z</time></trkpt><trkpt lat="47.4546017032" lon="10.9908026364"><ele>1013.77</ele><time>2026-08-27T07:21:22Z</time></trkpt><trkpt lat="47.4545948301" lon="10.9907893091"><ele>1013.87</ele><time>2026-08-27T07:21:23Z</time></trkpt><trkpt lat="47.4545139447" lon="10.9907423705"><ele>1014.59</ele><time>2026-08-27T07:21:30Z</time></trkpt><trkpt lat="47.4544399325" lon="10.9907315578"><ele>1015.61</ele><time>2026-08-27T07:21:35Z</time></trkpt><trkpt lat="47.4544294551" lon="10.9907310549"><ele>1015.82</ele><time>2026-08-27T07:21:36Z</time></trkpt><trkpt lat="47.4544186424" lon="10.9907225892"><ele>1016.01</ele><time>2026-08-27T07:21:37Z</time></trkpt><trkpt lat="47.4543610588" lon="10.9907061607"><ele>1016.99</ele><time>2026-08-27T07:21:41Z</time></trkpt><trkpt lat="47.4543477315" lon="10.9907011315"><ele>1017.18</ele><time>2026-08-27T07:21:42Z</time></trkpt><trkpt lat="47.4543479830" lon="10.9906935040"><ele>1017.37</ele><time>2026-08-27T07:21:43Z</time></trkpt><trkpt lat="47.4543499108" lon="10.9906888101"><ele>1017.53</ele><time>2026-08-27T07:21:44Z</time></trkpt><trkpt lat="47.4543359969" lon="10.9906810988"><ele>1017.65</ele><time>2026-08-27T07:21:45Z</time></trkpt><trkpt lat="47.4542320613" lon="10.9906017222"><ele>1018.93</ele><time>2026-08-27T07:21:53Z</time></trkpt><trkpt lat="47.4541580491" lon="10.9905418754"><ele>1019.70</ele><time>2026-08-27T07:21:59Z</time></trkpt><trkpt lat="47.4541458953" lon="10.9905334935"><ele>1019.81</ele><time>2026-08-27T07:22:00Z</time></trkpt><trkpt lat="47.4541070871" lon="10.9904684499"><ele>1020.12</ele><time>2026-08-27T07:22:04Z</time></trkpt><trkpt lat="47.4540962745" lon="10.9904535301"><ele>1020.18</ele><time>2026-08-27T07:22:05Z</time></trkpt><trkpt lat="47.4540814385" lon="10.9904210921"><ele>1020.24</ele><time>2026-08-27T07:22:06Z</time></trkpt><trkpt lat="47.4540691171" lon="10.9903896600"><ele>1020.30</ele><time>2026-08-27T07:22:07Z</time></trkpt><trkpt lat="47.4540562928" lon="10.9903642628"><ele>1020.34</ele><time>2026-08-27T07:22:08Z</time></trkpt><trkpt lat="47.4540453125" lon="10.9903381113"><ele>1020.39</ele><time>2026-08-27T07:22:09Z</time></trkpt><trkpt lat="47.4540221784" lon="10.9902551305"><ele>1020.48</ele><time>2026-08-27T07:22:12Z</time></trkpt><trkpt lat="47.4540176522" lon="10.9902314935"><ele>1020.54</ele><time>2026-08-27T07:22:13Z</time></trkpt><trkpt lat="47.4539997987" lon="10.9901996423"><ele>1020.64</ele><time>2026-08-27T07:22:14Z</time></trkpt><trkpt lat="47.4539858010" lon="10.9901647735"><ele>1020.74</ele><time>2026-08-27T07:22:15Z</time></trkpt><trkpt lat="47.4539707974" lon="10.9901314974"><ele>1020.80</ele><time>2026-08-27T07:22:16Z</time></trkpt><trkpt lat="47.4539533630" lon="10.9901060164"><ele>1020.84</ele><time>2026-08-27T07:22:17Z</time></trkpt><trkpt lat="47.4539351743" lon="10.9900801163"><ele>1020.86</ele><time>2026-08-27T07:22:18Z</time></trkpt><trkpt lat="47.4539193325" lon="10.9900463372"><ele>1020.87</ele><time>2026-08-27T07:22:19Z</time></trkpt><trkpt lat="47.4539003056" lon="10.9900125582"><ele>1020.88</ele><time>2026-08-27T07:22:20Z</time></trkpt><trkpt lat="47.4538760819" lon="10.9899867419"><ele>1020.89</ele><time>2026-08-27T07:22:21Z</time></trkpt><trkpt lat="47.4538505170" lon="10.9899640270"><ele>1020.91</ele><time>2026-08-27T07:22:22Z</time></trkpt><trkpt lat="47.4537674524" lon="10.9898931161"><ele>1020.93</ele><time>2026-08-27T07:22:25Z</time></trkpt><trkpt lat="47.4537411332" lon="10.9898558166"><ele>1020.71</ele><time>2026-08-27T07:22:26Z</time></trkpt><trkpt lat="47.4534681346" lon="10.9895803034"><ele>1019.69</ele><time>2026-08-27T07:22:34Z</time></trkpt><trkpt lat="47.4532930367" lon="10.9894111566"><ele>1019.82</ele><time>2026-08-27T07:22:41Z</time></trkpt><trkpt lat="47.4531973992" lon="10.9892353043"><ele>1020.18</ele><time>2026-08-27T07:22:47Z</time></trkpt><trkpt lat="47.4531823117" lon="10.9891906288"><ele>1020.51</ele><time>2026-08-27T07:22:49Z</time></trkpt><trkpt lat="47.4531760253" lon="10.9891633037"><ele>1020.70</ele><time>2026-08-27T07:22:50Z</time></trkpt><trkpt lat="47.4531735945" lon="10.9891286865"><ele>1020.89</ele><time>2026-08-27T07:22:51Z</time></trkpt><trkpt lat="47.4531559926" lon="10.9889158700"><ele>1022.36</ele><time>2026-08-27T07:22:59Z</time></trkpt><trkpt lat="47.4531299248" lon="10.9886605572"><ele>1024.00</ele><time>2026-08-27T07:23:09Z</time></trkpt><trkpt lat="47.4531053659" lon="10.9885476530"><ele>1024.56</ele><time>2026-08-27T07:23:14Z</time></trkpt><trkpt lat="47.4530919548" lon="10.9885267820"><ele>1024.91</ele><time>2026-08-27T07:23:15Z</time></trkpt><trkpt lat="47.4530856684" lon="10.9884976968"><ele>1025.12</ele><time>2026-08-27T07:23:16Z</time></trkpt><trkpt lat="47.4530825671" lon="10.9884691145"><ele>1025.28</ele><time>2026-08-27T07:23:17Z</time></trkpt><trkpt lat="47.4530769512" lon="10.9884458128"><ele>1025.39</ele><time>2026-08-27T07:23:18Z</time></trkpt><trkpt lat="47.4530673120" lon="10.9884261154"><ele>1025.55</ele><time>2026-08-27T07:23:19Z</time></trkpt><trkpt lat="47.4530610256" lon="10.9884025622"><ele>1025.73</ele><time>2026-08-27T07:23:20Z</time></trkpt><trkpt lat="47.4530450162" lon="10.9883673582"><ele>1025.88</ele><time>2026-08-27T07:23:21Z</time></trkpt><trkpt lat="47.4530306831" lon="10.9883370996"><ele>1025.98</ele><time>2026-08-27T07:23:22Z</time></trkpt><trkpt lat="47.4530296773" lon="10.9883102775"><ele>1026.05</ele><time>2026-08-27T07:23:23Z</time></trkpt><trkpt lat="47.4530189484" lon="10.9882854670"><ele>1026.15</ele><time>2026-08-27T07:23:24Z</time></trkpt><trkpt lat="47.4530036096" lon="10.9882585611"><ele>1026.25</ele><time>2026-08-27T07:23:25Z</time></trkpt><trkpt lat="47.4529829063" lon="10.9882366844"><ele>1026.32</ele><time>2026-08-27T07:23:26Z</time></trkpt><trkpt lat="47.4529617000" lon="10.9882158134"><ele>1026.37</ele><time>2026-08-27T07:23:27Z</time></trkpt><trkpt lat="47.4529423378" lon="10.9881905839"><ele>1026.41</ele><time>2026-08-27T07:23:28Z</time></trkpt><trkpt lat="47.4529272504" lon="10.9881667793"><ele>1026.42</ele><time>2026-08-27T07:23:29Z</time></trkpt><trkpt lat="47.4529072177" lon="10.9881407116"><ele>1026.43</ele><time>2026-08-27T07:23:30Z</time></trkpt><trkpt lat="47.4528876040" lon="10.9881138895"><ele>1026.43</ele><time>2026-08-27T07:23:31Z</time></trkpt><trkpt lat="47.4528684095" lon="10.9880887438"><ele>1026.43</ele><time>2026-08-27T07:23:32Z</time></trkpt><trkpt lat="47.4528438505" lon="10.9880593233"><ele>1026.37</ele><time>2026-08-27T07:23:33Z</time></trkpt><trkpt lat="47.4528177828" lon="10.9880354349"><ele>1026.32</ele><time>2026-08-27T07:23:34Z</time></trkpt><trkpt lat="47.4528085627" lon="10.9880215209"><ele>1026.28</ele><time>2026-08-27T07:23:35Z</time></trkpt><trkpt lat="47.4528062996" lon="10.9880016558"><ele>1026.25</ele><time>2026-08-27T07:23:36Z</time></trkpt><trkpt lat="47.4527880270" lon="10.9879752528"><ele>1026.23</ele><time>2026-08-27T07:23:37Z</time></trkpt><trkpt lat="47.4526789784" lon="10.9878280666"><ele>1025.99</ele><time>2026-08-27T07:23:42Z</time></trkpt><trkpt lat="47.4526673276" lon="10.9877934493"><ele>1025.94</ele><time>2026-08-27T07:23:43Z</time></trkpt><trkpt lat="47.4524944928" lon="10.9876021743"><ele>1025.68</ele><time>2026-08-27T07:23:50Z</time></trkpt><trkpt lat="47.4523274414" lon="10.9874125756"><ele>1025.14</ele><time>2026-08-27T07:23:56Z</time></trkpt><trkpt lat="47.4521667603" lon="10.9872717597"><ele>1025.16</ele><time>2026-08-27T07:24:03Z</time></trkpt><trkpt lat="47.4519593921" lon="10.9871120844"><ele>1024.72</ele><time>2026-08-27T07:24:11Z</time></trkpt><trkpt lat="47.4517610762" lon="10.9870090708"><ele>1024.37</ele><time>2026-08-27T07:24:18Z</time></trkpt><trkpt lat="47.4515940249" lon="10.9868706856"><ele>1023.93</ele><time>2026-08-27T07:24:25Z</time></trkpt><trkpt lat="47.4514646921" lon="10.9867355693"><ele>1025.26</ele><time>2026-08-27T07:24:32Z</time></trkpt><trkpt lat="47.4513683841" lon="10.9865332302"><ele>1026.12</ele><time>2026-08-27T07:24:40Z</time></trkpt><trkpt lat="47.4513605051" lon="10.9865099285"><ele>1026.26</ele><time>2026-08-27T07:24:41Z</time></trkpt><trkpt lat="47.4513495248" lon="10.9864784963"><ele>1026.41</ele><time>2026-08-27T07:24:42Z</time></trkpt><trkpt lat="47.4513410591" lon="10.9864524286"><ele>1026.56</ele><time>2026-08-27T07:24:43Z</time></trkpt><trkpt lat="47.4513324257" lon="10.9864260256"><ele>1026.72</ele><time>2026-08-27T07:24:44Z</time></trkpt><trkpt lat="47.4513215292" lon="10.9863950964"><ele>1026.89</ele><time>2026-08-27T07:24:45Z</time></trkpt><trkpt lat="47.4513081182" lon="10.9863634128"><ele>1027.07</ele><time>2026-08-27T07:24:46Z</time></trkpt><trkpt lat="47.4512961321" lon="10.9863312263"><ele>1027.23</ele><time>2026-08-27T07:24:47Z</time></trkpt><trkpt lat="47.4512874149" lon="10.9863028117"><ele>1027.39</ele><time>2026-08-27T07:24:48Z</time></trkpt><trkpt lat="47.4512822181" lon="10.9862795100"><ele>1027.54</ele><time>2026-08-27T07:24:49Z</time></trkpt><trkpt lat="47.4512790330" lon="10.9862541966"><ele>1027.65</ele><time>2026-08-27T07:24:50Z</time></trkpt><trkpt lat="47.4512714054" lon="10.9862272069"><ele>1027.74</ele><time>2026-08-27T07:24:51Z</time></trkpt><trkpt lat="47.4512557313" lon="10.9861069266"><ele>1028.69</ele><time>2026-08-27T07:24:56Z</time></trkpt><trkpt lat="47.4512553960" lon="10.9860849660"><ele>1028.86</ele><time>2026-08-27T07:24:57Z</time></trkpt><trkpt lat="47.4512659572" lon="10.9860684536"><ele>1029.05</ele><time>2026-08-27T07:24:58Z</time></trkpt><trkpt lat="47.4512587488" lon="10.9860443976"><ele>1029.23</ele><time>2026-08-27T07:24:59Z</time></trkpt><trkpt lat="47.4512530491" lon="10.9860176593"><ele>1029.36</ele><time>2026-08-27T07:25:00Z</time></trkpt><trkpt lat="47.4512511212" lon="10.9859891608"><ele>1029.48</ele><time>2026-08-27T07:25:01Z</time></trkpt><trkpt lat="47.4512208626" lon="10.9857746679"><ele>1030.42</ele><time>2026-08-27T07:25:08Z</time></trkpt><trkpt lat="47.4512267299" lon="10.9854124021"><ele>1032.09</ele><time>2026-08-27T07:25:19Z</time></trkpt><trkpt lat="47.4512482714" lon="10.9851934668"><ele>1033.07</ele><time>2026-08-27T07:25:26Z</time></trkpt><trkpt lat="47.4512476847" lon="10.9851617832"><ele>1033.24</ele><time>2026-08-27T07:25:27Z</time></trkpt><trkpt lat="47.4512455892" lon="10.9851300996"><ele>1033.40</ele><time>2026-08-27T07:25:28Z</time></trkpt><trkpt lat="47.4512497801" lon="10.9851004276"><ele>1033.56</ele><time>2026-08-27T07:25:29Z</time></trkpt><trkpt lat="47.4512497801" lon="10.9850687440"><ele>1033.74</ele><time>2026-08-27T07:25:30Z</time></trkpt><trkpt lat="47.4512569886" lon="10.9850422572"><ele>1033.93</ele><time>2026-08-27T07:25:31Z</time></trkpt><trkpt lat="47.4512642808" lon="10.9850156866"><ele>1034.08</ele><time>2026-08-27T07:25:32Z</time></trkpt><trkpt lat="47.4512716569" lon="10.9849891160"><ele>1034.22</ele><time>2026-08-27T07:25:33Z</time></trkpt><trkpt lat="47.4512730818" lon="10.9849615395"><ele>1034.34</ele><time>2026-08-27T07:25:34Z</time></trkpt><trkpt lat="47.4512763508" lon="10.9849337116"><ele>1034.46</ele><time>2026-08-27T07:25:35Z</time></trkpt><trkpt lat="47.4512790330" lon="10.9849052969"><ele>1034.61</ele><time>2026-08-27T07:25:36Z</time></trkpt><trkpt lat="47.4512807932" lon="10.9848778881"><ele>1034.79</ele><time>2026-08-27T07:25:37Z</time></trkpt><trkpt lat="47.4512828048" lon="10.9848503117"><ele>1034.95</ele><time>2026-08-27T07:25:38Z</time></trkpt><trkpt lat="47.4512879178" lon="10.9848257527"><ele>1035.10</ele><time>2026-08-27T07:25:39Z</time></trkpt><trkpt lat="47.4512881692" lon="10.9847965837"><ele>1035.28</ele><time>2026-08-27T07:25:40Z</time></trkpt><trkpt lat="47.4512921926" lon="10.9846110921"><ele>1036.36</ele><time>2026-08-27T07:25:47Z</time></trkpt><trkpt lat="47.4513102137" lon="10.9844434541"><ele>1037.19</ele><time>2026-08-27T07:25:54Z</time></trkpt><trkpt lat="47.4513116386" lon="10.9844192304"><ele>1037.33</ele><time>2026-08-27T07:25:55Z</time></trkpt><trkpt lat="47.4513089564" lon="10.9843949229"><ele>1037.46</ele><time>2026-08-27T07:25:56Z</time></trkpt><trkpt lat="47.4512550607" lon="10.9842494968"><ele>1038.38</ele><time>2026-08-27T07:26:04Z</time></trkpt><trkpt lat="47.4512214493" lon="10.9842272010"><ele>1039.01</ele><time>2026-08-27T07:26:07Z</time></trkpt><trkpt lat="47.4512064457" lon="10.9842228424"><ele>1039.14</ele><time>2026-08-27T07:26:08Z</time></trkpt><trkpt lat="47.4511870835" lon="10.9842199087"><ele>1039.26</ele><time>2026-08-27T07:26:09Z</time></trkpt><trkpt lat="47.4511645362" lon="10.9842219204"><ele>1039.39</ele><time>2026-08-27T07:26:10Z</time></trkpt><trkpt lat="47.4511465989" lon="10.9842290450"><ele>1039.52</ele><time>2026-08-27T07:26:11Z</time></trkpt><trkpt lat="47.4511293322" lon="10.9842370078"><ele>1039.65</ele><time>2026-08-27T07:26:12Z</time></trkpt><trkpt lat="47.4510975648" lon="10.9842543583"><ele>1039.90</ele><time>2026-08-27T07:26:14Z</time></trkpt><trkpt lat="47.4510046095" lon="10.9843957610"><ele>1040.64</ele><time>2026-08-27T07:26:21Z</time></trkpt><trkpt lat="47.4509743508" lon="10.9845977649"><ele>1041.63</ele><time>2026-08-27T07:26:29Z</time></trkpt><trkpt lat="47.4509813078" lon="10.9848008584"><ele>1042.51</ele><time>2026-08-27T07:26:36Z</time></trkpt><trkpt lat="47.4509800505" lon="10.9848300274"><ele>1042.62</ele><time>2026-08-27T07:26:37Z</time></trkpt><trkpt lat="47.4508901965" lon="10.9851827379"><ele>1044.14</ele><time>2026-08-27T07:26:50Z</time></trkpt><trkpt lat="47.4508841615" lon="10.9852360468"><ele>1044.42</ele><time>2026-08-27T07:26:52Z</time></trkpt><trkpt lat="47.4508787133" lon="10.9852629527"><ele>1044.55</ele><time>2026-08-27T07:26:53Z</time></trkpt><trkpt lat="47.4508702476" lon="10.9852943011"><ele>1044.75</ele><time>2026-08-27T07:26:54Z</time></trkpt><trkpt lat="47.4508647993" lon="10.9853195306"><ele>1044.83</ele><time>2026-08-27T07:26:55Z</time></trkpt><trkpt lat="47.4508555792" lon="10.9853439219"><ele>1044.89</ele><time>2026-08-27T07:26:56Z</time></trkpt><trkpt lat="47.4508456048" lon="10.9853680618"><ele>1044.95</ele><time>2026-08-27T07:26:57Z</time></trkpt><trkpt lat="47.4507865962" lon="10.9856263921"><ele>1045.55</ele><time>2026-08-27T07:27:06Z</time></trkpt><trkpt lat="47.4507678207" lon="10.9856794495"><ele>1045.65</ele><time>2026-08-27T07:27:08Z</time></trkpt><trkpt lat="47.4507782143" lon="10.9859837126"><ele>1045.89</ele><time>2026-08-27T07:27:17Z</time></trkpt><trkpt lat="47.4507778790" lon="10.9861868899"><ele>1046.27</ele><time>2026-08-27T07:27:23Z</time></trkpt><trkpt lat="47.4507641327" lon="10.9864276182"><ele>1046.39</ele><time>2026-08-27T07:27:31Z</time></trkpt><trkpt lat="47.4508380610" lon="10.9866354056"><ele>1046.83</ele><time>2026-08-27T07:27:39Z</time></trkpt><trkpt lat="47.4508926272" lon="10.9867198952"><ele>1047.37</ele><time>2026-08-27T07:27:44Z</time></trkpt><trkpt lat="47.4509753566" lon="10.9868579451"><ele>1048.01</ele><time>2026-08-27T07:27:50Z</time></trkpt><trkpt lat="47.4510109797" lon="10.9869093262"><ele>1048.30</ele><time>2026-08-27T07:27:52Z</time></trkpt><trkpt lat="47.4510179367" lon="10.9869303647"><ele>1048.40</ele><time>2026-08-27T07:27:53Z</time></trkpt><trkpt lat="47.4510323536" lon="10.9869542532"><ele>1048.51</ele><time>2026-08-27T07:27:54Z</time></trkpt><trkpt lat="47.4510447588" lon="10.9869782254"><ele>1048.64</ele><time>2026-08-27T07:27:55Z</time></trkpt><trkpt lat="47.4510513805" lon="10.9870033711"><ele>1048.76</ele><time>2026-08-27T07:27:56Z</time></trkpt><trkpt lat="47.4511202797" lon="10.9871410858"><ele>1049.70</ele><time>2026-08-27T07:28:02Z</time></trkpt><trkpt lat="47.4512271490" lon="10.9873224702"><ele>1050.74</ele><time>2026-08-27T07:28:10Z</time></trkpt><trkpt lat="47.4513346888" lon="10.9874894377"><ele>1051.82</ele><time>2026-08-27T07:28:18Z</time></trkpt><trkpt lat="47.4514673743" lon="10.9876642004"><ele>1053.22</ele><time>2026-08-27T07:28:27Z</time></trkpt><trkpt lat="47.4515436497" lon="10.9877821337"><ele>1054.40</ele><time>2026-08-27T07:28:34Z</time></trkpt><trkpt lat="47.4516058434" lon="10.9878710657"><ele>1055.18</ele><time>2026-08-27T07:28:41Z</time></trkpt><trkpt lat="47.4516589008" lon="10.9879705589"><ele>1056.33</ele><time>2026-08-27T07:28:48Z</time></trkpt><trkpt lat="47.4517382775" lon="10.9880866483"><ele>1057.58</ele><time>2026-08-27T07:28:55Z</time></trkpt><trkpt lat="47.4518086854" lon="10.9882011451"><ele>1058.49</ele><time>2026-08-27T07:29:02Z</time></trkpt><trkpt lat="47.4518813565" lon="10.9883408714"><ele>1059.91</ele><time>2026-08-27T07:29:10Z</time></trkpt><trkpt lat="47.4519485794" lon="10.9884540271"><ele>1061.58</ele><time>2026-08-27T07:29:18Z</time></trkpt><trkpt lat="47.4519772455" lon="10.9885378461"><ele>1062.46</ele><time>2026-08-27T07:29:23Z</time></trkpt><trkpt lat="47.4519795086" lon="10.9886905644"><ele>1063.58</ele><time>2026-08-27T07:29:31Z</time></trkpt><trkpt lat="47.4519768264" lon="10.9887708630"><ele>1064.13</ele><time>2026-08-27T07:29:35Z</time></trkpt><trkpt lat="47.4519811850" lon="10.9887932427"><ele>1064.27</ele><time>2026-08-27T07:29:36Z</time></trkpt><trkpt lat="47.4519862141" lon="10.9889631439"><ele>1065.78</ele><time>2026-08-27T07:29:45Z</time></trkpt><trkpt lat="47.4520033970" lon="10.9890795685"><ele>1066.88</ele><time>2026-08-27T07:29:52Z</time></trkpt><trkpt lat="47.4520287942" lon="10.9892421775"><ele>1068.26</ele><time>2026-08-27T07:30:00Z</time></trkpt><trkpt lat="47.4520253576" lon="10.9892627131"><ele>1068.42</ele><time>2026-08-27T07:30:01Z</time></trkpt><trkpt lat="47.4520167243" lon="10.9893242363"><ele>1068.84</ele><time>2026-08-27T07:30:04Z</time></trkpt><trkpt lat="47.4520148803" lon="10.9893458616"><ele>1069.00</ele><time>2026-08-27T07:30:05Z</time></trkpt><trkpt lat="47.4520106055" lon="10.9893679060"><ele>1069.17</ele><time>2026-08-27T07:30:06Z</time></trkpt><trkpt lat="47.4520056602" lon="10.9893883578"><ele>1069.33</ele><time>2026-08-27T07:30:07Z</time></trkpt><trkpt lat="47.4519991223" lon="10.9894088935"><ele>1069.52</ele><time>2026-08-27T07:30:08Z</time></trkpt><trkpt lat="47.4519942608" lon="10.9894293454"><ele>1069.91</ele><time>2026-08-27T07:30:09Z</time></trkpt><trkpt lat="47.4519929197" lon="10.9894527309"><ele>1070.07</ele><time>2026-08-27T07:30:10Z</time></trkpt><trkpt lat="47.4519914109" lon="10.9894748591"><ele>1070.22</ele><time>2026-08-27T07:30:11Z</time></trkpt><trkpt lat="47.4519909918" lon="10.9894952271"><ele>1070.37</ele><time>2026-08-27T07:30:12Z</time></trkpt><trkpt lat="47.4519898184" lon="10.9895177744"><ele>1070.50</ele><time>2026-08-27T07:30:13Z</time></trkpt><trkpt lat="47.4519874714" lon="10.9895390645"><ele>1070.64</ele><time>2026-08-27T07:30:14Z</time></trkpt><trkpt lat="47.4519810174" lon="10.9895564150"><ele>1070.78</ele><time>2026-08-27T07:30:15Z</time></trkpt><trkpt lat="47.4519689474" lon="10.9895737655"><ele>1070.90</ele><time>2026-08-27T07:30:16Z</time></trkpt><trkpt lat="47.4519595597" lon="10.9895897750"><ele>1071.01</ele><time>2026-08-27T07:30:17Z</time></trkpt><trkpt lat="47.4519523513" lon="10.9896056168"><ele>1071.13</ele><time>2026-08-27T07:30:18Z</time></trkpt><trkpt lat="47.4519452266" lon="10.9896206204"><ele>1071.23</ele><time>2026-08-27T07:30:19Z</time></trkpt><trkpt lat="47.4519312289" lon="10.9896502923"><ele>1071.43</ele><time>2026-08-27T07:30:21Z</time></trkpt><trkpt lat="47.4519224279" lon="10.9896637872"><ele>1071.58</ele><time>2026-08-27T07:30:22Z</time></trkpt><trkpt lat="47.4519173987" lon="10.9896815568"><ele>1071.73</ele><time>2026-08-27T07:30:23Z</time></trkpt><trkpt lat="47.4519099388" lon="10.9896968119"><ele>1071.86</ele><time>2026-08-27T07:30:24Z</time></trkpt><trkpt lat="47.4519021437" lon="10.9897132404"><ele>1072.00</ele><time>2026-08-27T07:30:25Z</time></trkpt><trkpt lat="47.4518942647" lon="10.9897303395"><ele>1072.14</ele><time>2026-08-27T07:30:26Z</time></trkpt><trkpt lat="47.4518840387" lon="10.9897447564"><ele>1072.28</ele><time>2026-08-27T07:30:27Z</time></trkpt><trkpt lat="47.4518736452" lon="10.9897575807"><ele>1072.44</ele><time>2026-08-27T07:30:28Z</time></trkpt><trkpt lat="47.4518615752" lon="10.9897697344"><ele>1072.58</ele><time>2026-08-27T07:30:29Z</time></trkpt><trkpt lat="47.4518511817" lon="10.9897849895"><ele>1072.66</ele><time>2026-08-27T07:30:30Z</time></trkpt><trkpt lat="47.4518394470" lon="10.9897989873"><ele>1072.74</ele><time>2026-08-27T07:30:31Z</time></trkpt><trkpt lat="47.4518293887" lon="10.9898142423"><ele>1072.86</ele><time>2026-08-27T07:30:32Z</time></trkpt><trkpt lat="47.4517685361" lon="10.9899661224"><ele>1074.29</ele><time>2026-08-27T07:30:40Z</time></trkpt><trkpt lat="47.4517633393" lon="10.9899860714"><ele>1074.45</ele><time>2026-08-27T07:30:41Z</time></trkpt><trkpt lat="47.4517573882" lon="10.9900043439"><ele>1074.62</ele><time>2026-08-27T07:30:42Z</time></trkpt><trkpt lat="47.4517502636" lon="10.9900225326"><ele>1074.81</ele><time>2026-08-27T07:30:43Z</time></trkpt><trkpt lat="47.4517442286" lon="10.9900407214"><ele>1074.97</ele><time>2026-08-27T07:30:44Z</time></trkpt><trkpt lat="47.4517031573" lon="10.9901238699"><ele>1075.62</ele><time>2026-08-27T07:30:49Z</time></trkpt><trkpt lat="47.4516951945" lon="10.9901370294"><ele>1075.73</ele><time>2026-08-27T07:30:50Z</time></trkpt><trkpt lat="47.4516880699" lon="10.9901545476"><ele>1075.83</ele><time>2026-08-27T07:30:51Z</time></trkpt><trkpt lat="47.4516769219" lon="10.9901692159"><ele>1075.95</ele><time>2026-08-27T07:30:52Z</time></trkpt><trkpt lat="47.4516663607" lon="10.9901865665"><ele>1076.12</ele><time>2026-08-27T07:30:53Z</time></trkpt><trkpt lat="47.4516542070" lon="10.9902026597"><ele>1076.33</ele><time>2026-08-27T07:30:54Z</time></trkpt><trkpt lat="47.4515800271" lon="10.9903595690"><ele>1077.50</ele><time>2026-08-27T07:31:03Z</time></trkpt><trkpt lat="47.4515131395" lon="10.9905412886"><ele>1079.10</ele><time>2026-08-27T07:31:13Z</time></trkpt><trkpt lat="47.4514455814" lon="10.9907159675"><ele>1080.78</ele><time>2026-08-27T07:31:23Z</time></trkpt><trkpt lat="47.4513824657" lon="10.9908711165"><ele>1081.85</ele><time>2026-08-27T07:31:32Z</time></trkpt><trkpt lat="47.4513413105" lon="10.9910655767"><ele>1083.23</ele><time>2026-08-27T07:31:42Z</time></trkpt><trkpt lat="47.4512989819" lon="10.9912638087"><ele>1085.01</ele><time>2026-08-27T07:31:53Z</time></trkpt><trkpt lat="47.4512814637" lon="10.9914339613"><ele>1086.18</ele><time>2026-08-27T07:32:02Z</time></trkpt><trkpt lat="47.4512886722" lon="10.9915295988"><ele>1086.69</ele><time>2026-08-27T07:32:06Z</time></trkpt><trkpt lat="47.4512678850" lon="10.9917384759"><ele>1088.33</ele><time>2026-08-27T07:32:17Z</time></trkpt><trkpt lat="47.4512691423" lon="10.9917953052"><ele>1088.72</ele><time>2026-08-27T07:32:20Z</time></trkpt><trkpt lat="47.4512645323" lon="10.9918135777"><ele>1088.87</ele><time>2026-08-27T07:32:21Z</time></trkpt><trkpt lat="47.4512599222" lon="10.9918301739"><ele>1088.98</ele><time>2026-08-27T07:32:22Z</time></trkpt><trkpt lat="47.4512564018" lon="10.9918486141"><ele>1089.09</ele><time>2026-08-27T07:32:23Z</time></trkpt><trkpt lat="47.4512466788" lon="10.9918621927"><ele>1089.21</ele><time>2026-08-27T07:32:24Z</time></trkpt><trkpt lat="47.4512402248" lon="10.9918780345"><ele>1089.33</ele><time>2026-08-27T07:32:25Z</time></trkpt><trkpt lat="47.4512372911" lon="10.9918958880"><ele>1090.06</ele><time>2026-08-27T07:32:31Z</time></trkpt><trkpt lat="47.4512404762" lon="10.9918910265"><ele>1090.33</ele><time>2026-08-27T07:32:49Z</time></trkpt><trkpt lat="47.4512336869" lon="10.9918819740"><ele>1090.52</ele><time>2026-08-27T07:33:03Z</time></trkpt><trkpt lat="47.4512027577" lon="10.9918903559"><ele>1090.54</ele><time>2026-08-27T07:33:13Z</time></trkpt><trkpt lat="47.4511891790" lon="10.9919036832"><ele>1090.55</ele><time>2026-08-27T07:33:14Z</time></trkpt><trkpt lat="47.4511732534" lon="10.9919165075"><ele>1090.58</ele><time>2026-08-27T07:33:15Z</time></trkpt><trkpt lat="47.4511564057" lon="10.9919237997"><ele>1090.61</ele><time>2026-08-27T07:33:16Z</time></trkpt><trkpt lat="47.4511433300" lon="10.9919326846"><ele>1090.66</ele><time>2026-08-27T07:33:17Z</time></trkpt><trkpt lat="47.4510600138" lon="10.9920064453"><ele>1091.78</ele><time>2026-08-27T07:33:25Z</time></trkpt><trkpt lat="47.4510500394" lon="10.9920113068"><ele>1091.90</ele><time>2026-08-27T07:33:26Z</time></trkpt><trkpt lat="47.4510419928" lon="10.9920157492"><ele>1092.01</ele><time>2026-08-27T07:33:27Z</time></trkpt><trkpt lat="47.4510281626" lon="10.9920180123"><ele>1092.14</ele><time>2026-08-27T07:33:28Z</time></trkpt><trkpt lat="47.4510164279" lon="10.9920232929"><ele>1092.29</ele><time>2026-08-27T07:33:29Z</time></trkpt><trkpt lat="47.4510085490" lon="10.9920320101"><ele>1092.42</ele><time>2026-08-27T07:33:30Z</time></trkpt><trkpt lat="47.4509983230" lon="10.9920377936"><ele>1092.54</ele><time>2026-08-27T07:33:31Z</time></trkpt><trkpt lat="47.4508870952" lon="10.9921149071"><ele>1093.97</ele><time>2026-08-27T07:33:41Z</time></trkpt><trkpt lat="47.4508004263" lon="10.9922278114"><ele>1095.44</ele><time>2026-08-27T07:33:50Z</time></trkpt><trkpt lat="47.4507725146" lon="10.9922687151"><ele>1095.92</ele><time>2026-08-27T07:33:53Z</time></trkpt><trkpt lat="47.4507662281" lon="10.9922827967"><ele>1096.05</ele><time>2026-08-27T07:33:54Z</time></trkpt><trkpt lat="47.4507477041" lon="10.9924345929"><ele>1097.39</ele><time>2026-08-27T07:34:04Z</time></trkpt><trkpt lat="47.4507503863" lon="10.9925515205"><ele>1098.61</ele><time>2026-08-27T07:34:12Z</time></trkpt><trkpt lat="47.4507720955" lon="10.9927113634"><ele>1099.80</ele><time>2026-08-27T07:34:20Z</time></trkpt><trkpt lat="47.4508264102" lon="10.9928783309"><ele>1101.02</ele><time>2026-08-27T07:34:28Z</time></trkpt><trkpt lat="47.4508426711" lon="10.9929339867"><ele>1101.43</ele><time>2026-08-27T07:34:31Z</time></trkpt><trkpt lat="47.4508549925" lon="10.9929702803"><ele>1101.75</ele><time>2026-08-27T07:34:33Z</time></trkpt><trkpt lat="47.4508634582" lon="10.9929893911"><ele>1101.89</ele><time>2026-08-27T07:34:34Z</time></trkpt><trkpt lat="47.4509194493" lon="10.9931378346"><ele>1103.02</ele><time>2026-08-27T07:34:41Z</time></trkpt><trkpt lat="47.4509700760" lon="10.9932747111"><ele>1104.33</ele><time>2026-08-27T07:34:49Z</time></trkpt><trkpt lat="47.4510020949" lon="10.9933933988"><ele>1105.51</ele><time>2026-08-27T07:34:57Z</time></trkpt><trkpt lat="47.4510381371" lon="10.9935665689"><ele>1107.59</ele><time>2026-08-27T07:35:08Z</time></trkpt><trkpt lat="47.4510391429" lon="10.9935932234"><ele>1107.69</ele><time>2026-08-27T07:35:09Z</time></trkpt><trkpt lat="47.4510390591" lon="10.9936170280"><ele>1107.82</ele><time>2026-08-27T07:35:10Z</time></trkpt><trkpt lat="47.4510393944" lon="10.9936409164"><ele>1108.01</ele><time>2026-08-27T07:35:11Z</time></trkpt><trkpt lat="47.4510375503" lon="10.9936614521"><ele>1108.21</ele><time>2026-08-27T07:35:12Z</time></trkpt><trkpt lat="47.4510373827" lon="10.9936807305"><ele>1108.41</ele><time>2026-08-27T07:35:13Z</time></trkpt><trkpt lat="47.4510358740" lon="10.9937003441"><ele>1108.58</ele><time>2026-08-27T07:35:14Z</time></trkpt><trkpt lat="47.4510287493" lon="10.9937194549"><ele>1108.73</ele><time>2026-08-27T07:35:15Z</time></trkpt><trkpt lat="47.4510232173" lon="10.9937391523"><ele>1108.87</ele><time>2026-08-27T07:35:16Z</time></trkpt><trkpt lat="47.4510170147" lon="10.9937592689"><ele>1109.01</ele><time>2026-08-27T07:35:17Z</time></trkpt><trkpt lat="47.4510119855" lon="10.9937794693"><ele>1109.14</ele><time>2026-08-27T07:35:18Z</time></trkpt><trkpt lat="47.4510032684" lon="10.9937977418"><ele>1109.27</ele><time>2026-08-27T07:35:19Z</time></trkpt><trkpt lat="47.4509996641" lon="10.9938200377"><ele>1109.40</ele><time>2026-08-27T07:35:20Z</time></trkpt><trkpt lat="47.4509978201" lon="10.9938460216"><ele>1109.54</ele><time>2026-08-27T07:35:21Z</time></trkpt><trkpt lat="47.4509823974" lon="10.9939500410"><ele>1110.28</ele><time>2026-08-27T07:35:25Z</time></trkpt><trkpt lat="47.4509732611" lon="10.9939704929"><ele>1110.43</ele><time>2026-08-27T07:35:26Z</time></trkpt><trkpt lat="47.4509632867" lon="10.9940698184"><ele>1110.94</ele><time>2026-08-27T07:35:30Z</time></trkpt><trkpt lat="47.4509640411" lon="10.9940926172"><ele>1111.10</ele><time>2026-08-27T07:35:31Z</time></trkpt><trkpt lat="47.4509629514" lon="10.9941132367"><ele>1111.30</ele><time>2026-08-27T07:35:32Z</time></trkpt><trkpt lat="47.4509633705" lon="10.9941323474"><ele>1111.50</ele><time>2026-08-27T07:35:33Z</time></trkpt><trkpt lat="47.4509663042" lon="10.9941527992"><ele>1111.71</ele><time>2026-08-27T07:35:34Z</time></trkpt><trkpt lat="47.4509689026" lon="10.9941729996"><ele>1111.88</ele><time>2026-08-27T07:35:35Z</time></trkpt><trkpt lat="47.4509720877" lon="10.9941926133"><ele>1112.01</ele><time>2026-08-27T07:35:36Z</time></trkpt><trkpt lat="47.4509772006" lon="10.9942147415"><ele>1112.15</ele><time>2026-08-27T07:35:37Z</time></trkpt><trkpt lat="47.4509806372" lon="10.9942317568"><ele>1112.28</ele><time>2026-08-27T07:35:38Z</time></trkpt><trkpt lat="47.4510031845" lon="10.9943605028"><ele>1113.84</ele><time>2026-08-27T07:35:47Z</time></trkpt><trkpt lat="47.4510079622" lon="10.9944186732"><ele>1114.37</ele><time>2026-08-27T07:35:50Z</time></trkpt><trkpt lat="47.4510067888" lon="10.9944366943"><ele>1114.52</ele><time>2026-08-27T07:35:51Z</time></trkpt><trkpt lat="47.4510074593" lon="10.9944537934"><ele>1114.65</ele><time>2026-08-27T07:35:52Z</time></trkpt><trkpt lat="47.4510084651" lon="10.9944712278"><ele>1114.80</ele><time>2026-08-27T07:35:53Z</time></trkpt><trkpt lat="47.4510146677" lon="10.9944905061"><ele>1114.96</ele><time>2026-08-27T07:35:54Z</time></trkpt><trkpt lat="47.4510196969" lon="10.9945117123"><ele>1115.10</ele><time>2026-08-27T07:35:55Z</time></trkpt><trkpt lat="47.4510609359" lon="10.9946879838"><ele>1116.38</ele><time>2026-08-27T07:36:04Z</time></trkpt><trkpt lat="47.4510672223" lon="10.9947276302"><ele>1116.69</ele><time>2026-08-27T07:36:06Z</time></trkpt><trkpt lat="47.4510692339" lon="10.9947507642"><ele>1116.88</ele><time>2026-08-27T07:36:07Z</time></trkpt><trkpt lat="47.4510700721" lon="10.9947723057"><ele>1117.06</ele><time>2026-08-27T07:36:08Z</time></trkpt><trkpt lat="47.4510529730" lon="10.9949232638"><ele>1118.21</ele><time>2026-08-27T07:36:16Z</time></trkpt><trkpt lat="47.4510292523" lon="10.9951054025"><ele>1119.35</ele><time>2026-08-27T07:36:24Z</time></trkpt><trkpt lat="47.4509672262" lon="10.9952855296"><ele>1121.08</ele><time>2026-08-27T07:36:35Z</time></trkpt><trkpt lat="47.4509261549" lon="10.9953884594"><ele>1122.35</ele><time>2026-08-27T07:36:42Z</time></trkpt><trkpt lat="47.4508756120" lon="10.9955488890"><ele>1123.57</ele><time>2026-08-27T07:36:50Z</time></trkpt><trkpt lat="47.4508665595" lon="10.9955856856"><ele>1123.88</ele><time>2026-08-27T07:36:52Z</time></trkpt><trkpt lat="47.4508698285" lon="10.9956101608"><ele>1123.98</ele><time>2026-08-27T07:36:53Z</time></trkpt><trkpt lat="47.4508677330" lon="10.9956251644"><ele>1124.06</ele><time>2026-08-27T07:36:54Z</time></trkpt><trkpt lat="47.4508682359" lon="10.9956426825"><ele>1124.18</ele><time>2026-08-27T07:36:55Z</time></trkpt><trkpt lat="47.4508680683" lon="10.9956590272"><ele>1124.34</ele><time>2026-08-27T07:36:56Z</time></trkpt><trkpt lat="47.4509009253" lon="10.9958660603"><ele>1125.91</ele><time>2026-08-27T07:37:06Z</time></trkpt><trkpt lat="47.4509414937" lon="10.9960083850"><ele>1126.94</ele><time>2026-08-27T07:37:14Z</time></trkpt><trkpt lat="47.4509538990" lon="10.9960342851"><ele>1127.13</ele><time>2026-08-27T07:37:16Z</time></trkpt><trkpt lat="47.4509989098" lon="10.9961792920"><ele>1128.21</ele><time>2026-08-27T07:37:24Z</time></trkpt><trkpt lat="47.4510517158" lon="10.9963077027"><ele>1129.55</ele><time>2026-08-27T07:37:31Z</time></trkpt><trkpt lat="47.4510567449" lon="10.9963225387"><ele>1129.69</ele><time>2026-08-27T07:37:32Z</time></trkpt><trkpt lat="47.4510624446" lon="10.9963397216"><ele>1129.80</ele><time>2026-08-27T07:37:33Z</time></trkpt><trkpt lat="47.4510937929" lon="10.9964441601"><ele>1130.69</ele><time>2026-08-27T07:37:39Z</time></trkpt><trkpt lat="47.4511031806" lon="10.9965671226"><ele>1132.05</ele><time>2026-08-27T07:37:47Z</time></trkpt><trkpt lat="47.4511357024" lon="10.9966750816"><ele>1133.19</ele><time>2026-08-27T07:37:54Z</time></trkpt><trkpt lat="47.4511818867" lon="10.9968163166"><ele>1134.24</ele><time>2026-08-27T07:38:02Z</time></trkpt><trkpt lat="47.4512160849" lon="10.9970219247"><ele>1135.76</ele><time>2026-08-27T07:38:12Z</time></trkpt><trkpt lat="47.4512329325" lon="10.9971192386"><ele>1136.47</ele><time>2026-08-27T07:38:16Z</time></trkpt><trkpt lat="47.4512215331" lon="10.9972256050"><ele>1137.09</ele><time>2026-08-27T07:38:21Z</time></trkpt><trkpt lat="47.4512186833" lon="10.9972480685"><ele>1137.24</ele><time>2026-08-27T07:38:22Z</time></trkpt><trkpt lat="47.4511884246" lon="10.9973807540"><ele>1138.13</ele><time>2026-08-27T07:38:29Z</time></trkpt><trkpt lat="47.4511865806" lon="10.9974008705"><ele>1138.26</ele><time>2026-08-27T07:38:30Z</time></trkpt><trkpt lat="47.4511377141" lon="10.9975928999"><ele>1139.60</ele><time>2026-08-27T07:38:40Z</time></trkpt><trkpt lat="47.4511153344" lon="10.9976894595"><ele>1140.40</ele><time>2026-08-27T07:38:45Z</time></trkpt><trkpt lat="47.4511111435" lon="10.9977091569"><ele>1140.55</ele><time>2026-08-27T07:38:46Z</time></trkpt><trkpt lat="47.4510278273" lon="10.9978923015"><ele>1142.23</ele><time>2026-08-27T07:38:57Z</time></trkpt><trkpt lat="47.4509228021" lon="10.9980025236"><ele>1143.97</ele><time>2026-08-27T07:39:07Z</time></trkpt><trkpt lat="47.4508400727" lon="10.9980739374"><ele>1145.07</ele><time>2026-08-27T07:39:15Z</time></trkpt><trkpt lat="47.4507550802" lon="10.9981114883"><ele>1146.11</ele><time>2026-08-27T07:39:23Z</time></trkpt><trkpt lat="47.4507424235" lon="10.9981177747"><ele>1146.28</ele><time>2026-08-27T07:39:24Z</time></trkpt><trkpt lat="47.4507291801" lon="10.9981176071"><ele>1146.47</ele><time>2026-08-27T07:39:25Z</time></trkpt><trkpt lat="47.4507161044" lon="10.9981143381"><ele>1146.63</ele><time>2026-08-27T07:39:26Z</time></trkpt><trkpt lat="47.4507026933" lon="10.9981099796"><ele>1146.95</ele><time>2026-08-27T07:39:27Z</time></trkpt><trkpt lat="47.4506891984" lon="10.9981046151"><ele>1147.11</ele><time>2026-08-27T07:39:28Z</time></trkpt><trkpt lat="47.4506765418" lon="10.9980985802"><ele>1147.27</ele><time>2026-08-27T07:39:29Z</time></trkpt><trkpt lat="47.4505961593" lon="10.9980047867"><ele>1148.45</ele><time>2026-08-27T07:39:36Z</time></trkpt><trkpt lat="47.4505892023" lon="10.9979855083"><ele>1148.64</ele><time>2026-08-27T07:39:37Z</time></trkpt><trkpt lat="47.4505731091" lon="10.9978709277"><ele>1149.80</ele><time>2026-08-27T07:39:44Z</time></trkpt><trkpt lat="47.4505578540" lon="10.9978649765"><ele>1150.20</ele><time>2026-08-27T07:39:59Z</time></trkpt><trkpt lat="47.4505573511" lon="10.9978092369"><ele>1150.45</ele><time>2026-08-27T07:40:20Z</time></trkpt><trkpt lat="47.4505769648" lon="10.9976528306"><ele>1151.07</ele><time>2026-08-27T07:40:28Z</time></trkpt><trkpt lat="47.4505239073" lon="10.9974584542"><ele>1152.45</ele><time>2026-08-27T07:40:39Z</time></trkpt><trkpt lat="47.4504761305" lon="10.9973488189"><ele>1153.44</ele><time>2026-08-27T07:40:46Z</time></trkpt><trkpt lat="47.4504669104" lon="10.9973401017"><ele>1153.59</ele><time>2026-08-27T07:40:47Z</time></trkpt><trkpt lat="47.4504566006" lon="10.9973281994"><ele>1153.74</ele><time>2026-08-27T07:40:48Z</time></trkpt><trkpt lat="47.4504464585" lon="10.9973172192"><ele>1153.94</ele><time>2026-08-27T07:40:49Z</time></trkpt><trkpt lat="47.4504352268" lon="10.9973017965"><ele>1154.12</ele><time>2026-08-27T07:40:50Z</time></trkpt><trkpt lat="47.4503675848" lon="10.9971883893"><ele>1155.45</ele><time>2026-08-27T07:40:59Z</time></trkpt><trkpt lat="47.4502841849" lon="10.9970617387"><ele>1157.06</ele><time>2026-08-27T07:41:08Z</time></trkpt><trkpt lat="47.4502207339" lon="10.9969612397"><ele>1158.08</ele><time>2026-08-27T07:41:15Z</time></trkpt><trkpt lat="47.4501693528" lon="10.9968459886"><ele>1159.10</ele><time>2026-08-27T07:41:22Z</time></trkpt><trkpt lat="47.4501271918" lon="10.9967081901"><ele>1160.23</ele><time>2026-08-27T07:41:30Z</time></trkpt><trkpt lat="47.4500743020" lon="10.9966000635"><ele>1161.37</ele><time>2026-08-27T07:41:38Z</time></trkpt><trkpt lat="47.4499981105" lon="10.9964877460"><ele>1162.50</ele><time>2026-08-27T07:41:46Z</time></trkpt><trkpt lat="47.4499883037" lon="10.9964727424"><ele>1162.64</ele><time>2026-08-27T07:41:47Z</time></trkpt><trkpt lat="47.4499745574" lon="10.9964449145"><ele>1162.91</ele><time>2026-08-27T07:41:49Z</time></trkpt><trkpt lat="47.4499649182" lon="10.9964301623"><ele>1163.07</ele><time>2026-08-27T07:41:50Z</time></trkpt><trkpt lat="47.4499565363" lon="10.9964140691"><ele>1163.36</ele><time>2026-08-27T07:41:51Z</time></trkpt><trkpt lat="47.4499490764" lon="10.9963978082"><ele>1163.49</ele><time>2026-08-27T07:41:52Z</time></trkpt><trkpt lat="47.4499387667" lon="10.9963835590"><ele>1163.58</ele><time>2026-08-27T07:41:53Z</time></trkpt><trkpt lat="47.4499290437" lon="10.9963709023"><ele>1163.66</ele><time>2026-08-27T07:41:54Z</time></trkpt><trkpt lat="47.4499175604" lon="10.9963602573"><ele>1163.77</ele><time>2026-08-27T07:41:55Z</time></trkpt><trkpt lat="47.4499054067" lon="10.9963490255"><ele>1163.91</ele><time>2026-08-27T07:41:56Z</time></trkpt><trkpt lat="47.4498922471" lon="10.9963393863"><ele>1164.05</ele><time>2026-08-27T07:41:57Z</time></trkpt><trkpt lat="47.4498803448" lon="10.9963284060"><ele>1164.17</ele><time>2026-08-27T07:41:58Z</time></trkpt><trkpt lat="47.4498694483" lon="10.9963178448"><ele>1164.29</ele><time>2026-08-27T07:41:59Z</time></trkpt><trkpt lat="47.4498572946" lon="10.9963004105"><ele>1164.44</ele><time>2026-08-27T07:42:00Z</time></trkpt><trkpt lat="47.4498460628" lon="10.9962854907"><ele>1164.58</ele><time>2026-08-27T07:42:01Z</time></trkpt><trkpt lat="47.4497809354" lon="10.9961985704"><ele>1165.42</ele><time>2026-08-27T07:42:08Z</time></trkpt><trkpt lat="47.4497185741" lon="10.9961160086"><ele>1166.31</ele><time>2026-08-27T07:42:15Z</time></trkpt><trkpt lat="47.4496406224" lon="10.9960061219"><ele>1167.67</ele><time>2026-08-27T07:42:23Z</time></trkpt><trkpt lat="47.4495580606" lon="10.9958979115"><ele>1168.84</ele><time>2026-08-27T07:42:32Z</time></trkpt><trkpt lat="47.4495327473" lon="10.9958568402"><ele>1169.38</ele><time>2026-08-27T07:42:36Z</time></trkpt><trkpt lat="47.4494899157" lon="10.9957510605"><ele>1170.59</ele><time>2026-08-27T07:42:44Z</time></trkpt><trkpt lat="47.4494786840" lon="10.9956950694"><ele>1171.07</ele><time>2026-08-27T07:42:47Z</time></trkpt><trkpt lat="47.4494744092" lon="10.9956757911"><ele>1171.23</ele><time>2026-08-27T07:42:48Z</time></trkpt><trkpt lat="47.4494425580" lon="10.9955494758"><ele>1172.28</ele><time>2026-08-27T07:42:55Z</time></trkpt><trkpt lat="47.4494338408" lon="10.9955327958"><ele>1172.42</ele><time>2026-08-27T07:42:56Z</time></trkpt><trkpt lat="47.4494275544" lon="10.9955115058"><ele>1172.56</ele><time>2026-08-27T07:42:57Z</time></trkpt><trkpt lat="47.4494227767" lon="10.9954929817"><ele>1172.69</ele><time>2026-08-27T07:42:58Z</time></trkpt><trkpt lat="47.4494174123" lon="10.9954755474"><ele>1172.83</ele><time>2026-08-27T07:42:59Z</time></trkpt><trkpt lat="47.4494123831" lon="10.9954592027"><ele>1172.97</ele><time>2026-08-27T07:43:00Z</time></trkpt><trkpt lat="47.4493506085" lon="10.9953745455"><ele>1173.95</ele><time>2026-08-27T07:43:07Z</time></trkpt><trkpt lat="47.4493390415" lon="10.9953663312"><ele>1174.04</ele><time>2026-08-27T07:43:08Z</time></trkpt><trkpt lat="47.4492387939" lon="10.9952882119"><ele>1174.83</ele><time>2026-08-27T07:43:16Z</time></trkpt><trkpt lat="47.4492010754" lon="10.9952057339"><ele>1175.76</ele><time>2026-08-27T07:43:23Z</time></trkpt><trkpt lat="47.4491563998" lon="10.9950616490"><ele>1176.98</ele><time>2026-08-27T07:43:30Z</time></trkpt><trkpt lat="47.4491352774" lon="10.9949256945"><ele>1178.14</ele><time>2026-08-27T07:43:38Z</time></trkpt><trkpt lat="47.4491766840" lon="10.9947427176"><ele>1179.63</ele><time>2026-08-27T07:43:48Z</time></trkpt><trkpt lat="47.4491989799" lon="10.9946258739"><ele>1180.49</ele><time>2026-08-27T07:43:55Z</time></trkpt><trkpt lat="47.4492009915" lon="10.9946094453"><ele>1180.59</ele><time>2026-08-27T07:43:56Z</time></trkpt><trkpt lat="47.4492053501" lon="10.9945916757"><ele>1180.71</ele><time>2026-08-27T07:43:57Z</time></trkpt><trkpt lat="47.4492005724" lon="10.9944206849"><ele>1181.76</ele><time>2026-08-27T07:44:05Z</time></trkpt><trkpt lat="47.4491999019" lon="10.9944002330"><ele>1181.90</ele><time>2026-08-27T07:44:06Z</time></trkpt><trkpt lat="47.4491954595" lon="10.9943779372"><ele>1182.03</ele><time>2026-08-27T07:44:07Z</time></trkpt><trkpt lat="47.4491900112" lon="10.9943585750"><ele>1182.15</ele><time>2026-08-27T07:44:08Z</time></trkpt><trkpt lat="47.4491838086" lon="10.9943425655"><ele>1182.25</ele><time>2026-08-27T07:44:09Z</time></trkpt><trkpt lat="47.4491733313" lon="10.9943034220"><ele>1182.59</ele><time>2026-08-27T07:44:12Z</time></trkpt><trkpt lat="47.4491610937" lon="10.9942616802"><ele>1183.12</ele><time>2026-08-27T07:44:15Z</time></trkpt><trkpt lat="47.4491075333" lon="10.9941440821"><ele>1184.25</ele><time>2026-08-27T07:44:23Z</time></trkpt><trkpt lat="47.4490522966" lon="10.9940323513"><ele>1185.51</ele><time>2026-08-27T07:44:32Z</time></trkpt><trkpt lat="47.4490143266" lon="10.9939138312"><ele>1186.55</ele><time>2026-08-27T07:44:39Z</time></trkpt><trkpt lat="47.4490101356" lon="10.9938010946"><ele>1187.52</ele><time>2026-08-27T07:44:46Z</time></trkpt><trkpt lat="47.4489923660" lon="10.9936517291"><ele>1188.39</ele><time>2026-08-27T07:44:53Z</time></trkpt><trkpt lat="47.4489840679" lon="10.9936272539"><ele>1188.52</ele><time>2026-08-27T07:44:54Z</time></trkpt><trkpt lat="47.4489757698" lon="10.9936086461"><ele>1188.67</ele><time>2026-08-27T07:44:55Z</time></trkpt><trkpt lat="47.4489110615" lon="10.9934721887"><ele>1189.66</ele><time>2026-08-27T07:45:03Z</time></trkpt><trkpt lat="47.4488629494" lon="10.9933824185"><ele>1190.50</ele><time>2026-08-27T07:45:09Z</time></trkpt><trkpt lat="47.4488530587" lon="10.9933697619"><ele>1190.66</ele><time>2026-08-27T07:45:10Z</time></trkpt><trkpt lat="47.4487726763" lon="10.9932713583"><ele>1192.02</ele><time>2026-08-27T07:45:18Z</time></trkpt><trkpt lat="47.4487064593" lon="10.9931936581"><ele>1193.00</ele><time>2026-08-27T07:45:25Z</time></trkpt><trkpt lat="47.4486462772" lon="10.9931212384"><ele>1194.16</ele><time>2026-08-27T07:45:32Z</time></trkpt><trkpt lat="47.4486219697" lon="10.9930746350"><ele>1194.83</ele><time>2026-08-27T07:45:36Z</time></trkpt><trkpt lat="47.4485964887" lon="10.9929908998"><ele>1195.73</ele><time>2026-08-27T07:45:42Z</time></trkpt><trkpt lat="47.4485915434" lon="10.9929723758"><ele>1195.89</ele><time>2026-08-27T07:45:43Z</time></trkpt><trkpt lat="47.4485510588" lon="10.9928046539"><ele>1197.32</ele><time>2026-08-27T07:45:52Z</time></trkpt><trkpt lat="47.4485108256" lon="10.9926326573"><ele>1198.54</ele><time>2026-08-27T07:46:00Z</time></trkpt><trkpt lat="47.4485129211" lon="10.9924574755"><ele>1199.58</ele><time>2026-08-27T07:46:09Z</time></trkpt><trkpt lat="47.4485394917" lon="10.9922915138"><ele>1201.40</ele><time>2026-08-27T07:46:18Z</time></trkpt><trkpt lat="47.4485637154" lon="10.9921231214"><ele>1202.96</ele><time>2026-08-27T07:46:28Z</time></trkpt><trkpt lat="47.4485365581" lon="10.9919224586"><ele>1204.50</ele><time>2026-08-27T07:46:38Z</time></trkpt><trkpt lat="47.4485197105" lon="10.9918099735"><ele>1205.79</ele><time>2026-08-27T07:46:47Z</time></trkpt><trkpt lat="47.4485254940" lon="10.9916571714"><ele>1207.72</ele><time>2026-08-27T07:46:56Z</time></trkpt><trkpt lat="47.4485006835" lon="10.9915413335"><ele>1208.94</ele><time>2026-08-27T07:47:04Z</time></trkpt><trkpt lat="47.4484998453" lon="10.9915231448"><ele>1209.36</ele><time>2026-08-27T07:47:18Z</time></trkpt><trkpt lat="47.4484899547" lon="10.9915025253"><ele>1209.50</ele><time>2026-08-27T07:47:37Z</time></trkpt><trkpt lat="47.4484866019" lon="10.9914721828"><ele>1209.79</ele><time>2026-08-27T07:47:51Z</time></trkpt><trkpt lat="47.4484345503" lon="10.9913503099"><ele>1210.84</ele><time>2026-08-27T07:48:00Z</time></trkpt><trkpt lat="47.4483405054" lon="10.9912614617"><ele>1212.33</ele><time>2026-08-27T07:48:10Z</time></trkpt><trkpt lat="47.4482564349" lon="10.9912172053"><ele>1213.44</ele><time>2026-08-27T07:48:18Z</time></trkpt><trkpt lat="47.4481854402" lon="10.9911690932"><ele>1214.26</ele><time>2026-08-27T07:48:25Z</time></trkpt><trkpt lat="47.4481758848" lon="10.9911557660"><ele>1214.38</ele><time>2026-08-27T07:48:26Z</time></trkpt><trkpt lat="47.4481668323" lon="10.9911397565"><ele>1214.50</ele><time>2026-08-27T07:48:27Z</time></trkpt><trkpt lat="47.4481576122" lon="10.9911227413"><ele>1214.63</ele><time>2026-08-27T07:48:28Z</time></trkpt><trkpt lat="47.4481509067" lon="10.9911048878"><ele>1214.74</ele><time>2026-08-27T07:48:29Z</time></trkpt><trkpt lat="47.4481447879" lon="10.9910851065"><ele>1214.85</ele><time>2026-08-27T07:48:30Z</time></trkpt><trkpt lat="47.4480861146" lon="10.9908893891"><ele>1216.37</ele><time>2026-08-27T07:48:40Z</time></trkpt><trkpt lat="47.4480579514" lon="10.9907076694"><ele>1218.02</ele><time>2026-08-27T07:48:50Z</time></trkpt><trkpt lat="47.4480132759" lon="10.9905661829"><ele>1219.20</ele><time>2026-08-27T07:49:00Z</time></trkpt><trkpt lat="47.4479438737" lon="10.9904283006"><ele>1221.04</ele><time>2026-08-27T07:49:10Z</time></trkpt><trkpt lat="47.4478660058" lon="10.9903300647"><ele>1222.16</ele><time>2026-08-27T07:49:18Z</time></trkpt><trkpt lat="47.4478524271" lon="10.9903224371"><ele>1222.33</ele><time>2026-08-27T07:49:19Z</time></trkpt><trkpt lat="47.4478385132" lon="10.9903136361"><ele>1222.47</ele><time>2026-08-27T07:49:20Z</time></trkpt><trkpt lat="47.4478272814" lon="10.9903029911"><ele>1222.58</ele><time>2026-08-27T07:49:21Z</time></trkpt><trkpt lat="47.4478187319" lon="10.9902916756"><ele>1222.70</ele><time>2026-08-27T07:49:22Z</time></trkpt><trkpt lat="47.4478096794" lon="10.9902784321"><ele>1222.84</ele><time>2026-08-27T07:49:23Z</time></trkpt><trkpt lat="47.4477391876" lon="10.9901653603"><ele>1224.45</ele><time>2026-08-27T07:49:32Z</time></trkpt><trkpt lat="47.4476914946" lon="10.9900195990"><ele>1226.22</ele><time>2026-08-27T07:49:42Z</time></trkpt><trkpt lat="47.4476720486" lon="10.9899459220"><ele>1227.06</ele><time>2026-08-27T07:49:48Z</time></trkpt><trkpt lat="47.4476619903" lon="10.9899151605"><ele>1227.41</ele><time>2026-08-27T07:49:50Z</time></trkpt><trkpt lat="47.4476393592" lon="10.9898305032"><ele>1228.34</ele><time>2026-08-27T07:49:55Z</time></trkpt><trkpt lat="47.4475693703" lon="10.9896992426"><ele>1229.66</ele><time>2026-08-27T07:50:04Z</time></trkpt><trkpt lat="47.4475012254" lon="10.9895628691"><ele>1230.88</ele><time>2026-08-27T07:50:14Z</time></trkpt><trkpt lat="47.4474296439" lon="10.9894519765"><ele>1232.17</ele><time>2026-08-27T07:50:23Z</time></trkpt><trkpt lat="47.4473490100" lon="10.9893400781"><ele>1233.33</ele><time>2026-08-27T07:50:32Z</time></trkpt><trkpt lat="47.4472612515" lon="10.9892612044"><ele>1234.26</ele><time>2026-08-27T07:50:40Z</time></trkpt><trkpt lat="47.4472103734" lon="10.9892300237"><ele>1235.12</ele><time>2026-08-27T07:50:45Z</time></trkpt><trkpt lat="47.4472009018" lon="10.9892200492"><ele>1235.28</ele><time>2026-08-27T07:50:46Z</time></trkpt><trkpt lat="47.4470940325" lon="10.9891218971"><ele>1236.62</ele><time>2026-08-27T07:50:57Z</time></trkpt><trkpt lat="47.4470258038" lon="10.9889977612"><ele>1237.80</ele><time>2026-08-27T07:51:06Z</time></trkpt><trkpt lat="47.4469432421" lon="10.9888753854"><ele>1239.47</ele><time>2026-08-27T07:51:16Z</time></trkpt><trkpt lat="47.4469175097" lon="10.9888318833"><ele>1240.19</ele><time>2026-08-27T07:51:23Z</time></trkpt><trkpt lat="47.4469307531" lon="10.9888204001"><ele>1240.14</ele><time>2026-08-27T07:51:30Z</time></trkpt><trkpt lat="47.4469434936" lon="10.9887990262"><ele>1240.25</ele><time>2026-08-27T07:51:47Z</time></trkpt><trkpt lat="47.4469119776" lon="10.9888147004"><ele>1240.45</ele><time>2026-08-27T07:52:29Z</time></trkpt><trkpt lat="47.4468964711" lon="10.9888457973"><ele>1240.45</ele><time>2026-08-27T07:52:50Z</time></trkpt><trkpt lat="47.4468791205" lon="10.9888344817"><ele>1240.45</ele><time>2026-08-27T07:52:58Z</time></trkpt><trkpt lat="47.4468656257" lon="10.9888284467"><ele>1240.45</ele><time>2026-08-27T07:52:59Z</time></trkpt><trkpt lat="47.4468506221" lon="10.9888189752"><ele>1240.45</ele><time>2026-08-27T07:53:00Z</time></trkpt><trkpt lat="47.4467559066" lon="10.9887291212"><ele>1241.44</ele><time>2026-08-27T07:53:09Z</time></trkpt><trkpt lat="47.4466522224" lon="10.9886282869"><ele>1243.23</ele><time>2026-08-27T07:53:20Z</time></trkpt><trkpt lat="47.4465844128" lon="10.9884971939"><ele>1244.53</ele><time>2026-08-27T07:53:30Z</time></trkpt><trkpt lat="47.4465099815" lon="10.9883780032"><ele>1245.97</ele><time>2026-08-27T07:53:39Z</time></trkpt><trkpt lat="47.4464263301" lon="10.9882534482"><ele>1247.41</ele><time>2026-08-27T07:53:49Z</time></trkpt><trkpt lat="47.4463054631" lon="10.9881443996"><ele>1248.81</ele><time>2026-08-27T07:54:00Z</time></trkpt><trkpt lat="47.4461870268" lon="10.9880547971"><ele>1250.26</ele><time>2026-08-27T07:54:11Z</time></trkpt><trkpt lat="47.4460805766" lon="10.9880006500"><ele>1251.98</ele><time>2026-08-27T07:54:21Z</time></trkpt><trkpt lat="47.4459687620" lon="10.9879221115"><ele>1253.49</ele><time>2026-08-27T07:54:31Z</time></trkpt><trkpt lat="47.4458634853" lon="10.9878273960"><ele>1254.97</ele><time>2026-08-27T07:54:41Z</time></trkpt><trkpt lat="47.4457515031" lon="10.9877450019"><ele>1256.16</ele><time>2026-08-27T07:54:51Z</time></trkpt><trkpt lat="47.4456703663" lon="10.9876616020"><ele>1257.41</ele><time>2026-08-27T07:55:00Z</time></trkpt><trkpt lat="47.4456064962" lon="10.9875217080"><ele>1258.61</ele><time>2026-08-27T07:55:09Z</time></trkpt><trkpt lat="47.4455256946" lon="10.9873624519"><ele>1259.92</ele><time>2026-08-27T07:55:20Z</time></trkpt><trkpt lat="47.4454286322" lon="10.9872517269"><ele>1261.06</ele><time>2026-08-27T07:55:30Z</time></trkpt><trkpt lat="47.4453540333" lon="10.9871922992"><ele>1261.78</ele><time>2026-08-27T07:55:36Z</time></trkpt><trkpt lat="47.4452401232" lon="10.9870938119"><ele>1262.80</ele><time>2026-08-27T07:55:45Z</time></trkpt><trkpt lat="47.4452041648" lon="10.9870372340"><ele>1263.76</ele><time>2026-08-27T07:55:52Z</time></trkpt><trkpt lat="47.4451906700" lon="10.9869834222"><ele>1264.05</ele><time>2026-08-27T07:55:56Z</time></trkpt><trkpt lat="47.4451783486" lon="10.9869400039"><ele>1264.13</ele><time>2026-08-27T07:55:58Z</time></trkpt><trkpt lat="47.4451706372" lon="10.9869203065"><ele>1264.16</ele><time>2026-08-27T07:55:59Z</time></trkpt><trkpt lat="47.4451490957" lon="10.9868462104"><ele>1264.79</ele><time>2026-08-27T07:56:03Z</time></trkpt><trkpt lat="47.4451475032" lon="10.9868252557"><ele>1264.92</ele><time>2026-08-27T07:56:04Z</time></trkpt><trkpt lat="47.4451438151" lon="10.9868065640"><ele>1265.03</ele><time>2026-08-27T07:56:05Z</time></trkpt><trkpt lat="47.4451407976" lon="10.9867866151"><ele>1265.15</ele><time>2026-08-27T07:56:06Z</time></trkpt><trkpt lat="47.4451359361" lon="10.9867692646"><ele>1265.29</ele><time>2026-08-27T07:56:07Z</time></trkpt><trkpt lat="47.4451046716" lon="10.9866164625"><ele>1266.37</ele><time>2026-08-27T07:56:15Z</time></trkpt><trkpt lat="47.4450613372" lon="10.9865377564"><ele>1266.94</ele><time>2026-08-27T07:56:20Z</time></trkpt><trkpt lat="47.4450506922" lon="10.9865261056"><ele>1267.04</ele><time>2026-08-27T07:56:21Z</time></trkpt><trkpt lat="47.4449398834" lon="10.9864295460"><ele>1267.88</ele><time>2026-08-27T07:56:30Z</time></trkpt><trkpt lat="47.4449114688" lon="10.9863858763"><ele>1268.13</ele><time>2026-08-27T07:56:33Z</time></trkpt><trkpt lat="47.4449050147" lon="10.9863623232"><ele>1268.21</ele><time>2026-08-27T07:56:34Z</time></trkpt><trkpt lat="47.4448988121" lon="10.9863408655"><ele>1268.29</ele><time>2026-08-27T07:56:35Z</time></trkpt><trkpt lat="47.4448949564" lon="10.9863184858"><ele>1268.40</ele><time>2026-08-27T07:56:36Z</time></trkpt><trkpt lat="47.4448909331" lon="10.9862970281"><ele>1268.57</ele><time>2026-08-27T07:56:37Z</time></trkpt><trkpt lat="47.4448871613" lon="10.9862767439"><ele>1268.73</ele><time>2026-08-27T07:56:38Z</time></trkpt><trkpt lat="47.4448501971" lon="10.9861016460"><ele>1270.13</ele><time>2026-08-27T07:56:48Z</time></trkpt><trkpt lat="47.4448444135" lon="10.9860891569"><ele>1270.41</ele><time>2026-08-27T07:56:49Z</time></trkpt><trkpt lat="47.4447651207" lon="10.9859572258"><ele>1271.91</ele><time>2026-08-27T07:56:59Z</time></trkpt><trkpt lat="47.4446908571" lon="10.9858354367"><ele>1272.78</ele><time>2026-08-27T07:57:07Z</time></trkpt><trkpt lat="47.4446169287" lon="10.9857267234"><ele>1273.73</ele><time>2026-08-27T07:57:15Z</time></trkpt><trkpt lat="47.4445365462" lon="10.9856601711"><ele>1274.36</ele><time>2026-08-27T07:57:22Z</time></trkpt><trkpt lat="47.4444411602" lon="10.9855931159"><ele>1274.99</ele><time>2026-08-27T07:57:30Z</time></trkpt><trkpt lat="47.4443064630" lon="10.9854946285"><ele>1276.17</ele><time>2026-08-27T07:57:41Z</time></trkpt><trkpt lat="47.4441915471" lon="10.9854468517"><ele>1277.26</ele><time>2026-08-27T07:57:50Z</time></trkpt><trkpt lat="47.4440685846" lon="10.9853203688"><ele>1278.53</ele><time>2026-08-27T07:58:01Z</time></trkpt><trkpt lat="47.4439507350" lon="10.9852805547"><ele>1279.53</ele><time>2026-08-27T07:58:11Z</time></trkpt><trkpt lat="47.4438516609" lon="10.9852338675"><ele>1280.72</ele><time>2026-08-27T07:58:20Z</time></trkpt><trkpt lat="47.4437934905" lon="10.9851497971"><ele>1281.79</ele><time>2026-08-27T07:58:28Z</time></trkpt><trkpt lat="47.4437835161" lon="10.9851360507"><ele>1281.89</ele><time>2026-08-27T07:58:29Z</time></trkpt><trkpt lat="47.4436996970" lon="10.9850396588"><ele>1282.87</ele><time>2026-08-27T07:58:38Z</time></trkpt><trkpt lat="47.4435999524" lon="10.9849053808"><ele>1283.82</ele><time>2026-08-27T07:58:48Z</time></trkpt><trkpt lat="47.4435205758" lon="10.9847400058"><ele>1285.15</ele><time>2026-08-27T07:58:59Z</time></trkpt><trkpt lat="47.4434414506" lon="10.9846146125"><ele>1286.03</ele><time>2026-08-27T07:59:08Z</time></trkpt><trkpt lat="47.4433671869" lon="10.9844728746"><ele>1287.32</ele><time>2026-08-27T07:59:18Z</time></trkpt><trkpt lat="47.4432797637" lon="10.9843136184"><ele>1288.62</ele><time>2026-08-27T07:59:27Z</time></trkpt><trkpt lat="47.4432294723" lon="10.9841853753"><ele>1289.40</ele><time>2026-08-27T07:59:34Z</time></trkpt><trkpt lat="47.4431815278" lon="10.9840159770"><ele>1290.37</ele><time>2026-08-27T07:59:43Z</time></trkpt><trkpt lat="47.4431602377" lon="10.9839215130"><ele>1291.00</ele><time>2026-08-27T07:59:48Z</time></trkpt><trkpt lat="47.4431574717" lon="10.9839003067"><ele>1291.07</ele><time>2026-08-27T07:59:49Z</time></trkpt><trkpt lat="47.4431094434" lon="10.9837051760"><ele>1292.06</ele><time>2026-08-27T08:00:00Z</time></trkpt><trkpt lat="47.4430669472" lon="10.9835824650"><ele>1293.41</ele><time>2026-08-27T08:00:09Z</time></trkpt><trkpt lat="47.4429630954" lon="10.9834666271"><ele>1294.49</ele><time>2026-08-27T08:00:19Z</time></trkpt><trkpt lat="47.4428428989" lon="10.9833637811"><ele>1295.56</ele><time>2026-08-27T08:00:30Z</time></trkpt><trkpt lat="47.4427377898" lon="10.9832839016"><ele>1296.19</ele><time>2026-08-27T08:00:39Z</time></trkpt><trkpt lat="47.4427205231" lon="10.9832649585"><ele>1296.37</ele><time>2026-08-27T08:00:41Z</time></trkpt><trkpt lat="47.4426691420" lon="10.9830825683"><ele>1297.47</ele><time>2026-08-27T08:00:51Z</time></trkpt><trkpt lat="47.4426725786" lon="10.9828603640"><ele>1298.86</ele><time>2026-08-27T08:01:03Z</time></trkpt><trkpt lat="47.4427033402" lon="10.9827150218"><ele>1300.04</ele><time>2026-08-27T08:01:12Z</time></trkpt><trkpt lat="47.4427888356" lon="10.9825412650"><ele>1301.30</ele><time>2026-08-27T08:01:23Z</time></trkpt><trkpt lat="47.4428584054" lon="10.9823675919"><ele>1302.09</ele><time>2026-08-27T08:01:33Z</time></trkpt><trkpt lat="47.4428880773" lon="10.9822452161"><ele>1302.49</ele><time>2026-08-27T08:01:40Z</time></trkpt><trkpt lat="47.4429239519" lon="10.9820596408"><ele>1303.41</ele><time>2026-08-27T08:01:51Z</time></trkpt><trkpt lat="47.4429288134" lon="10.9820432961"><ele>1303.48</ele><time>2026-08-27T08:01:52Z</time></trkpt><trkpt lat="47.4429343455" lon="10.9820270352"><ele>1303.58</ele><time>2026-08-27T08:01:53Z</time></trkpt><trkpt lat="47.4429517798" lon="10.9819783363"><ele>1303.85</ele><time>2026-08-27T08:01:56Z</time></trkpt><trkpt lat="47.4429567251" lon="10.9819608182"><ele>1303.96</ele><time>2026-08-27T08:01:57Z</time></trkpt><trkpt lat="47.4429626763" lon="10.9819412883"><ele>1304.07</ele><time>2026-08-27T08:01:58Z</time></trkpt><trkpt lat="47.4430153985" lon="10.9817662742"><ele>1305.13</ele><time>2026-08-27T08:02:06Z</time></trkpt><trkpt lat="47.4430040829" lon="10.9815876558"><ele>1305.73</ele><time>2026-08-27T08:02:14Z</time></trkpt><trkpt lat="47.4429933541" lon="10.9815733228"><ele>1305.80</ele><time>2026-08-27T08:02:15Z</time></trkpt><trkpt lat="47.4429799430" lon="10.9815651085"><ele>1305.92</ele><time>2026-08-27T08:02:16Z</time></trkpt><trkpt lat="47.4428506941" lon="10.9815341793"><ele>1307.00</ele><time>2026-08-27T08:02:26Z</time></trkpt><trkpt lat="47.4427321739" lon="10.9815027472"><ele>1308.49</ele><time>2026-08-27T08:02:34Z</time></trkpt><trkpt lat="47.4426437449" lon="10.9814535454"><ele>1309.22</ele><time>2026-08-27T08:02:41Z</time></trkpt><trkpt lat="47.4426310882" lon="10.9814490192"><ele>1309.37</ele><time>2026-08-27T08:02:42Z</time></trkpt><trkpt lat="47.4425809644" lon="10.9814183414"><ele>1309.88</ele><time>2026-08-27T08:02:46Z</time></trkpt><trkpt lat="47.4425631948" lon="10.9814070258"><ele>1310.05</ele><time>2026-08-27T08:02:47Z</time></trkpt><trkpt lat="47.4425483588" lon="10.9814013261"><ele>1310.22</ele><time>2026-08-27T08:02:48Z</time></trkpt><trkpt lat="47.4425352830" lon="10.9813956264"><ele>1310.40</ele><time>2026-08-27T08:02:49Z</time></trkpt><trkpt lat="47.4425219558" lon="10.9813879989"><ele>1310.55</ele><time>2026-08-27T08:02:50Z</time></trkpt><trkpt lat="47.4424905237" lon="10.9813870769"><ele>1311.10</ele><time>2026-08-27T08:02:53Z</time></trkpt><trkpt lat="47.4424755201" lon="10.9813806228"><ele>1311.23</ele><time>2026-08-27T08:02:54Z</time></trkpt><trkpt lat="47.4424611032" lon="10.9813723247"><ele>1311.35</ele><time>2026-08-27T08:02:55Z</time></trkpt><trkpt lat="47.4424468540" lon="10.9813637752"><ele>1311.46</ele><time>2026-08-27T08:02:56Z</time></trkpt><trkpt lat="47.4423915334" lon="10.9813361149"><ele>1311.74</ele><time>2026-08-27T08:03:00Z</time></trkpt><trkpt lat="47.4423170183" lon="10.9813179262"><ele>1311.95</ele><time>2026-08-27T08:03:05Z</time></trkpt><trkpt lat="47.4422994163" lon="10.9813144058"><ele>1312.00</ele><time>2026-08-27T08:03:06Z</time></trkpt><trkpt lat="47.4422795512" lon="10.9813084546"><ele>1312.04</ele><time>2026-08-27T08:03:07Z</time></trkpt><trkpt lat="47.4422604404" lon="10.9813001566"><ele>1312.06</ele><time>2026-08-27T08:03:08Z</time></trkpt><trkpt lat="47.4422421679" lon="10.9812915232"><ele>1312.08</ele><time>2026-08-27T08:03:09Z</time></trkpt><trkpt lat="47.4421794713" lon="10.9812644497"><ele>1312.13</ele><time>2026-08-27T08:03:13Z</time></trkpt><trkpt lat="47.4421093985" lon="10.9812434111"><ele>1312.47</ele><time>2026-08-27T08:03:18Z</time></trkpt><trkpt lat="47.4420902878" lon="10.9812347777"><ele>1312.53</ele><time>2026-08-27T08:03:19Z</time></trkpt><trkpt lat="47.4420767929" lon="10.9812311735"><ele>1312.59</ele><time>2026-08-27T08:03:20Z</time></trkpt><trkpt lat="47.4420637172" lon="10.9812282398"><ele>1312.64</ele><time>2026-08-27T08:03:21Z</time></trkpt><trkpt lat="47.4420500547" lon="10.9812232945"><ele>1312.69</ele><time>2026-08-27T08:03:22Z</time></trkpt><trkpt lat="47.4420357216" lon="10.9812179301"><ele>1312.78</ele><time>2026-08-27T08:03:23Z</time></trkpt><trkpt lat="47.4420227297" lon="10.9812187683"><ele>1312.89</ele><time>2026-08-27T08:03:24Z</time></trkpt><trkpt lat="47.4420078099" lon="10.9812175948"><ele>1313.00</ele><time>2026-08-27T08:03:25Z</time></trkpt><trkpt lat="47.4419928063" lon="10.9812141582"><ele>1313.10</ele><time>2026-08-27T08:03:26Z</time></trkpt><trkpt lat="47.4419095740" lon="10.9811722487"><ele>1313.68</ele><time>2026-08-27T08:03:33Z</time></trkpt><trkpt lat="47.4418775551" lon="10.9811020922"><ele>1314.13</ele><time>2026-08-27T08:03:37Z</time></trkpt><trkpt lat="47.4418643955" lon="10.9810790420"><ele>1314.24</ele><time>2026-08-27T08:03:38Z</time></trkpt><trkpt lat="47.4418524094" lon="10.9810566623"><ele>1314.40</ele><time>2026-08-27T08:03:39Z</time></trkpt><trkpt lat="47.4418483861" lon="10.9810373001"><ele>1314.72</ele><time>2026-08-27T08:03:40Z</time></trkpt><trkpt lat="47.4418439437" lon="10.9810168482"><ele>1314.85</ele><time>2026-08-27T08:03:41Z</time></trkpt><trkpt lat="47.4418442789" lon="10.9808996692"><ele>1315.44</ele><time>2026-08-27T08:03:46Z</time></trkpt><trkpt lat="47.4418529123" lon="10.9808781277"><ele>1315.53</ele><time>2026-08-27T08:03:47Z</time></trkpt><trkpt lat="47.4418615457" lon="10.9808565862"><ele>1315.61</ele><time>2026-08-27T08:03:48Z</time></trkpt><trkpt lat="47.4418679997" lon="10.9808338713"><ele>1315.67</ele><time>2026-08-27T08:03:49Z</time></trkpt><trkpt lat="47.4418764655" lon="10.9808140900"><ele>1315.72</ele><time>2026-08-27T08:03:50Z</time></trkpt><trkpt lat="47.4418809917" lon="10.9807943925"><ele>1315.78</ele><time>2026-08-27T08:03:51Z</time></trkpt><trkpt lat="47.4418870267" lon="10.9807733539"><ele>1315.86</ele><time>2026-08-27T08:03:52Z</time></trkpt><trkpt lat="47.4418968335" lon="10.9807579312"><ele>1315.94</ele><time>2026-08-27T08:03:53Z</time></trkpt><trkpt lat="47.4419082329" lon="10.9807423409"><ele>1316.07</ele><time>2026-08-27T08:03:54Z</time></trkpt><trkpt lat="47.4419204704" lon="10.9807252418"><ele>1316.23</ele><time>2026-08-27T08:03:55Z</time></trkpt><trkpt lat="47.4419343844" lon="10.9807150159"><ele>1316.38</ele><time>2026-08-27T08:03:56Z</time></trkpt><trkpt lat="47.4419454485" lon="10.9807006828"><ele>1316.53</ele><time>2026-08-27T08:03:57Z</time></trkpt><trkpt lat="47.4419546686" lon="10.9806845058"><ele>1316.67</ele><time>2026-08-27T08:03:58Z</time></trkpt><trkpt lat="47.4420074746" lon="10.9805141017"><ele>1317.39</ele><time>2026-08-27T08:04:06Z</time></trkpt><trkpt lat="47.4420191254" lon="10.9804348927"><ele>1317.53</ele><time>2026-08-27T08:04:10Z</time></trkpt><trkpt lat="47.4420189578" lon="10.9804152790"><ele>1317.59</ele><time>2026-08-27T08:04:11Z</time></trkpt><trkpt lat="47.4420197122" lon="10.9803940728"><ele>1317.70</ele><time>2026-08-27T08:04:12Z</time></trkpt><trkpt lat="47.4420181196" lon="10.9803699329"><ele>1317.85</ele><time>2026-08-27T08:04:13Z</time></trkpt><trkpt lat="47.4420164432" lon="10.9803490620"><ele>1318.02</ele><time>2026-08-27T08:04:14Z</time></trkpt><trkpt lat="47.4420065526" lon="10.9801620618"><ele>1318.91</ele><time>2026-08-27T08:04:22Z</time></trkpt><trkpt lat="47.4420101568" lon="10.9801433701"><ele>1318.98</ele><time>2026-08-27T08:04:23Z</time></trkpt><trkpt lat="47.4420125037" lon="10.9801231697"><ele>1319.05</ele><time>2026-08-27T08:04:24Z</time></trkpt><trkpt lat="47.4420162756" lon="10.9801048134"><ele>1319.12</ele><time>2026-08-27T08:04:25Z</time></trkpt><trkpt lat="47.4420216400" lon="10.9800902288"><ele>1319.21</ele><time>2026-08-27T08:04:26Z</time></trkpt><trkpt lat="47.4420272559" lon="10.9800759796"><ele>1319.28</ele><time>2026-08-27T08:04:27Z</time></trkpt><trkpt lat="47.4420370627" lon="10.9800616466"><ele>1319.37</ele><time>2026-08-27T08:04:28Z</time></trkpt><trkpt lat="47.4420480430" lon="10.9800515044"><ele>1319.47</ele><time>2026-08-27T08:04:29Z</time></trkpt><trkpt lat="47.4420599453" lon="10.9800382610"><ele>1319.62</ele><time>2026-08-27T08:04:30Z</time></trkpt><trkpt lat="47.4420883600" lon="10.9800125286"><ele>1319.80</ele><time>2026-08-27T08:04:32Z</time></trkpt><trkpt lat="47.4421843328" lon="10.9799278714"><ele>1320.57</ele><time>2026-08-27T08:04:40Z</time></trkpt><trkpt lat="47.4422584288" lon="10.9798690304"><ele>1321.06</ele><time>2026-08-27T08:04:46Z</time></trkpt><trkpt lat="47.4422687385" lon="10.9798547812"><ele>1321.18</ele><time>2026-08-27T08:04:47Z</time></trkpt><trkpt lat="47.4422823172" lon="10.9798458125"><ele>1321.30</ele><time>2026-08-27T08:04:48Z</time></trkpt><trkpt lat="47.4423461035" lon="10.9798029810"><ele>1321.85</ele><time>2026-08-27T08:04:53Z</time></trkpt><trkpt lat="47.4423688184" lon="10.9797458164"><ele>1322.25</ele><time>2026-08-27T08:04:56Z</time></trkpt><trkpt lat="47.4423764460" lon="10.9797308128"><ele>1322.34</ele><time>2026-08-27T08:04:57Z</time></trkpt><trkpt lat="47.4423806369" lon="10.9797125403"><ele>1322.44</ele><time>2026-08-27T08:04:58Z</time></trkpt><trkpt lat="47.4423914496" lon="10.9795634262"><ele>1323.30</ele><time>2026-08-27T08:05:06Z</time></trkpt><trkpt lat="47.4423867557" lon="10.9795476682"><ele>1323.43</ele><time>2026-08-27T08:05:07Z</time></trkpt><trkpt lat="47.4423829000" lon="10.9795318265"><ele>1323.53</ele><time>2026-08-27T08:05:08Z</time></trkpt><trkpt lat="47.4423776194" lon="10.9795153141"><ele>1323.63</ele><time>2026-08-27T08:05:09Z</time></trkpt><trkpt lat="47.4423722550" lon="10.9794981312"><ele>1323.73</ele><time>2026-08-27T08:05:10Z</time></trkpt><trkpt lat="47.4423261546" lon="10.9793591592"><ele>1324.45</ele><time>2026-08-27T08:05:18Z</time></trkpt><trkpt lat="47.4422579259" lon="10.9791712370"><ele>1325.38</ele><time>2026-08-27T08:05:28Z</time></trkpt><trkpt lat="47.4421684910" lon="10.9790113103"><ele>1326.30</ele><time>2026-08-27T08:05:38Z</time></trkpt><trkpt lat="47.4421107396" lon="10.9789640363"><ele>1327.05</ele><time>2026-08-27T08:05:43Z</time></trkpt><trkpt lat="47.4421031121" lon="10.9789486136"><ele>1327.19</ele><time>2026-08-27T08:05:44Z</time></trkpt><trkpt lat="47.4420881085" lon="10.9789335262"><ele>1327.32</ele><time>2026-08-27T08:05:45Z</time></trkpt><trkpt lat="47.4420712609" lon="10.9789198637"><ele>1327.44</ele><time>2026-08-27T08:05:46Z</time></trkpt><trkpt lat="47.4420594424" lon="10.9789072908"><ele>1327.58</ele><time>2026-08-27T08:05:47Z</time></trkpt><trkpt lat="47.4419946503" lon="10.9788267408"><ele>1328.42</ele><time>2026-08-27T08:05:53Z</time></trkpt><trkpt lat="47.4418793153" lon="10.9787120763"><ele>1329.20</ele><time>2026-08-27T08:06:03Z</time></trkpt><trkpt lat="47.4417971727" lon="10.9785809834"><ele>1329.53</ele><time>2026-08-27T08:06:11Z</time></trkpt><trkpt lat="47.4417210650" lon="10.9784627147"><ele>1329.74</ele><time>2026-08-27T08:06:18Z</time></trkpt><trkpt lat="47.4416623916" lon="10.9783605393"><ele>1330.31</ele><time>2026-08-27T08:06:24Z</time></trkpt><trkpt lat="47.4416494835" lon="10.9783464577"><ele>1330.40</ele><time>2026-08-27T08:06:25Z</time></trkpt><trkpt lat="47.4415114336" lon="10.9781320486"><ele>1331.91</ele><time>2026-08-27T08:06:37Z</time></trkpt><trkpt lat="47.4414439593" lon="10.9780375008"><ele>1332.69</ele><time>2026-08-27T08:06:43Z</time></trkpt><trkpt lat="47.4414332304" lon="10.9780154563"><ele>1332.79</ele><time>2026-08-27T08:06:44Z</time></trkpt><trkpt lat="47.4414241780" lon="10.9780018777"><ele>1332.94</ele><time>2026-08-27T08:06:45Z</time></trkpt><trkpt lat="47.4414150417" lon="10.9779897239"><ele>1333.10</ele><time>2026-08-27T08:06:46Z</time></trkpt><trkpt lat="47.4414075818" lon="10.9779779054"><ele>1333.23</ele><time>2026-08-27T08:06:47Z</time></trkpt><trkpt lat="47.4413796701" lon="10.9779439587"><ele>1333.68</ele><time>2026-08-27T08:06:50Z</time></trkpt><trkpt lat="47.4413702823" lon="10.9779297933"><ele>1333.82</ele><time>2026-08-27T08:06:51Z</time></trkpt><trkpt lat="47.4413635768" lon="10.9779155441"><ele>1333.92</ele><time>2026-08-27T08:06:52Z</time></trkpt><trkpt lat="47.4413350783" lon="10.9778764844"><ele>1334.76</ele><time>2026-08-27T08:06:59Z</time></trkpt><trkpt lat="47.4413323961" lon="10.9778924938"><ele>1335.61</ele><time>2026-08-27T08:07:17Z</time></trkpt><trkpt lat="47.4413282052" lon="10.9779301286"><ele>1335.55</ele><time>2026-08-27T08:07:39Z</time></trkpt><trkpt lat="47.4413253553" lon="10.9779309668"><ele>1335.55</ele><time>2026-08-27T08:07:55Z</time></trkpt><trkpt lat="47.4413250200" lon="10.9778217506"><ele>1335.67</ele><time>2026-08-27T08:08:04Z</time></trkpt><trkpt lat="47.4413295463" lon="10.9777989518"><ele>1335.79</ele><time>2026-08-27T08:08:05Z</time></trkpt><trkpt lat="47.4413790833" lon="10.9776610695"><ele>1336.85</ele><time>2026-08-27T08:08:13Z</time></trkpt><trkpt lat="47.4414755590" lon="10.9775630012"><ele>1337.98</ele><time>2026-08-27T08:08:22Z</time></trkpt><trkpt lat="47.4415154569" lon="10.9775475785"><ele>1338.36</ele><time>2026-08-27T08:08:25Z</time></trkpt><trkpt lat="47.4415534269" lon="10.9775185771"><ele>1338.79</ele><time>2026-08-27T08:08:28Z</time></trkpt><trkpt lat="47.4415742978" lon="10.9775155596"><ele>1338.95</ele><time>2026-08-27T08:08:29Z</time></trkpt><trkpt lat="47.4415929057" lon="10.9775117878"><ele>1339.27</ele><time>2026-08-27T08:08:30Z</time></trkpt><trkpt lat="47.4416733719" lon="10.9775122069"><ele>1340.26</ele><time>2026-08-27T08:08:36Z</time></trkpt><trkpt lat="47.4416867830" lon="10.9775117878"><ele>1340.40</ele><time>2026-08-27T08:08:37Z</time></trkpt><trkpt lat="47.4417540058" lon="10.9775235225"><ele>1341.20</ele><time>2026-08-27T08:08:42Z</time></trkpt><trkpt lat="47.4417681713" lon="10.9775196668"><ele>1341.30</ele><time>2026-08-27T08:08:43Z</time></trkpt><trkpt lat="47.4417835101" lon="10.9775142185"><ele>1341.45</ele><time>2026-08-27T08:08:44Z</time></trkpt><trkpt lat="47.4418576900" lon="10.9774729796"><ele>1342.50</ele><time>2026-08-27T08:08:51Z</time></trkpt><trkpt lat="47.4418995157" lon="10.9774257056"><ele>1342.90</ele><time>2026-08-27T08:08:55Z</time></trkpt><trkpt lat="47.4419125915" lon="10.9774158988"><ele>1343.17</ele><time>2026-08-27T08:08:56Z</time></trkpt><trkpt lat="47.4420313630" lon="10.9773043357"><ele>1344.22</ele><time>2026-08-27T08:09:05Z</time></trkpt><trkpt lat="47.4421207141" lon="10.9772138111"><ele>1345.14</ele><time>2026-08-27T08:09:13Z</time></trkpt><trkpt lat="47.4421611987" lon="10.9771427326"><ele>1345.74</ele><time>2026-08-27T08:09:19Z</time></trkpt><trkpt lat="47.4422255717" lon="10.9771085344"><ele>1346.29</ele><time>2026-08-27T08:09:28Z</time></trkpt><trkpt lat="47.4422944710" lon="10.9770553932"><ele>1346.96</ele><time>2026-08-27T08:09:36Z</time></trkpt><trkpt lat="47.4422928784" lon="10.9770569857"><ele>1347.04</ele><time>2026-08-27T08:09:44Z</time></trkpt><trkpt lat="47.4422886036" lon="10.9770303313"><ele>1346.73</ele><time>2026-08-27T08:09:57Z</time></trkpt><trkpt lat="47.4422916211" lon="10.9769818000"><ele>1350.70</ele><time>2026-08-27T08:10:24Z</time></trkpt><trkpt lat="47.4422915373" lon="10.9769793693"><ele>1348.73</ele><time>2026-08-27T08:10:25Z</time></trkpt><trkpt lat="47.4422893580" lon="10.9769695625"><ele>1346.95</ele><time>2026-08-27T08:10:28Z</time></trkpt><trkpt lat="47.4422744382" lon="10.9769557323"><ele>1346.68</ele><time>2026-08-27T08:11:09Z</time></trkpt><trkpt lat="47.4422741868" lon="10.9769552294"><ele>1346.68</ele><time>2026-08-27T08:11:35Z</time></trkpt><trkpt lat="47.4422791321" lon="10.9769690596"><ele>1346.83</ele><time>2026-08-27T08:11:42Z</time></trkpt><trkpt lat="47.4422727618" lon="10.9769964684"><ele>1346.80</ele><time>2026-08-27T08:11:50Z</time></trkpt><trkpt lat="47.4422761984" lon="10.9770166688"><ele>1346.82</ele><time>2026-08-27T08:12:01Z</time></trkpt><trkpt lat="47.4422817305" lon="10.9770259727"><ele>1347.00</ele><time>2026-08-27T08:12:07Z</time></trkpt><trkpt lat="47.4422703311" lon="10.9770123940"><ele>1346.86</ele><time>2026-08-27T08:12:23Z</time></trkpt><trkpt lat="47.4422768690" lon="10.9769958816"><ele>1346.87</ele><time>2026-08-27T08:12:31Z</time></trkpt><trkpt lat="47.4422818981" lon="10.9769901820"><ele>1346.67</ele><time>2026-08-27T08:12:59Z</time></trkpt><trkpt lat="47.4422826525" lon="10.9769906010"><ele>1346.67</ele><time>2026-08-27T08:13:04Z</time></trkpt><trkpt lat="47.4422710855" lon="10.9769859072"><ele>1346.67</ele><time>2026-08-27T08:13:53Z</time></trkpt><trkpt lat="47.4422679003" lon="10.9769714065"><ele>1346.67</ele><time>2026-08-27T08:14:04Z</time></trkpt><trkpt lat="47.4422596861" lon="10.9769542236"><ele>1346.67</ele><time>2026-08-27T08:14:11Z</time></trkpt><trkpt lat="47.4422466941" lon="10.9769454226"><ele>1346.67</ele><time>2026-08-27T08:14:18Z</time></trkpt><trkpt lat="47.4422433414" lon="10.9769614320"><ele>1346.67</ele><time>2026-08-27T08:14:33Z</time></trkpt><trkpt lat="47.4422497116" lon="10.9769610129"><ele>1346.67</ele><time>2026-08-27T08:15:01Z</time></trkpt><trkpt lat="47.4422651343" lon="10.9769610967"><ele>1346.67</ele><time>2026-08-27T08:15:10Z</time></trkpt><trkpt lat="47.4423001707" lon="10.9769631922"><ele>1346.67</ele><time>2026-08-27T08:15:20Z</time></trkpt><trkpt lat="47.4423632026" lon="10.9769445844"><ele>1346.67</ele><time>2026-08-27T08:15:30Z</time></trkpt><trkpt lat="47.4423732609" lon="10.9769336879"><ele>1346.95</ele><time>2026-08-27T08:15:31Z</time></trkpt><trkpt lat="47.4423881806" lon="10.9769266471"><ele>1347.67</ele><time>2026-08-27T08:15:32Z</time></trkpt><trkpt lat="47.4423990771" lon="10.9769150801"><ele>1348.38</ele><time>2026-08-27T08:15:33Z</time></trkpt><trkpt lat="47.4424124043" lon="10.9769052733"><ele>1348.82</ele><time>2026-08-27T08:15:34Z</time></trkpt><trkpt lat="47.4424226303" lon="10.9768929519"><ele>1349.12</ele><time>2026-08-27T08:15:35Z</time></trkpt><trkpt lat="47.4424347002" lon="10.9768813010"><ele>1349.33</ele><time>2026-08-27T08:15:36Z</time></trkpt><trkpt lat="47.4424456805" lon="10.9768712427"><ele>1349.47</ele><time>2026-08-27T08:15:37Z</time></trkpt><trkpt lat="47.4424590915" lon="10.9768637829"><ele>1349.60</ele><time>2026-08-27T08:15:38Z</time></trkpt><trkpt lat="47.4425572436" lon="10.9767232183"><ele>1350.52</ele><time>2026-08-27T08:15:47Z</time></trkpt><trkpt lat="47.4426241312" lon="10.9766094759"><ele>1351.33</ele><time>2026-08-27T08:15:54Z</time></trkpt><trkpt lat="47.4427164998" lon="10.9764757007"><ele>1352.31</ele><time>2026-08-27T08:16:02Z</time></trkpt><trkpt lat="47.4427526258" lon="10.9764521476"><ele>1352.58</ele><time>2026-08-27T08:16:05Z</time></trkpt><trkpt lat="47.4427944515" lon="10.9764228109"><ele>1353.11</ele><time>2026-08-27T08:16:09Z</time></trkpt><trkpt lat="47.4428616744" lon="10.9763672389"><ele>1353.81</ele><time>2026-08-27T08:16:15Z</time></trkpt><trkpt lat="47.4429554678" lon="10.9762549214"><ele>1354.60</ele><time>2026-08-27T08:16:22Z</time></trkpt><trkpt lat="47.4430247024" lon="10.9761233255"><ele>1355.32</ele><time>2026-08-27T08:16:29Z</time></trkpt><trkpt lat="47.4430309050" lon="10.9760975931"><ele>1355.42</ele><time>2026-08-27T08:16:30Z</time></trkpt><trkpt lat="47.4430373590" lon="10.9760786500"><ele>1355.51</ele><time>2026-08-27T08:16:31Z</time></trkpt><trkpt lat="47.4430465791" lon="10.9760586172"><ele>1355.60</ele><time>2026-08-27T08:16:32Z</time></trkpt><trkpt lat="47.4430544581" lon="10.9760421049"><ele>1355.67</ele><time>2026-08-27T08:16:33Z</time></trkpt><trkpt lat="47.4430632591" lon="10.9760240838"><ele>1355.73</ele><time>2026-08-27T08:16:34Z</time></trkpt><trkpt lat="47.4430730660" lon="10.9760048892"><ele>1355.77</ele><time>2026-08-27T08:16:35Z</time></trkpt><trkpt lat="47.4430834595" lon="10.9759831801"><ele>1355.82</ele><time>2026-08-27T08:16:36Z</time></trkpt><trkpt lat="47.4430932663" lon="10.9759651590"><ele>1355.90</ele><time>2026-08-27T08:16:37Z</time></trkpt><trkpt lat="47.4430974573" lon="10.9759473894"><ele>1355.97</ele><time>2026-08-27T08:16:38Z</time></trkpt><trkpt lat="47.4431065097" lon="10.9759282786"><ele>1356.06</ele><time>2026-08-27T08:16:39Z</time></trkpt><trkpt lat="47.4431163166" lon="10.9759092517"><ele>1356.20</ele><time>2026-08-27T08:16:40Z</time></trkpt><trkpt lat="47.4431267940" lon="10.9758893028"><ele>1356.37</ele><time>2026-08-27T08:16:41Z</time></trkpt><trkpt lat="47.4431715533" lon="10.9758064058"><ele>1356.73</ele><time>2026-08-27T08:16:45Z</time></trkpt><trkpt lat="47.4431830365" lon="10.9757906478"><ele>1356.81</ele><time>2026-08-27T08:16:46Z</time></trkpt><trkpt lat="47.4431912508" lon="10.9757727943"><ele>1356.90</ele><time>2026-08-27T08:16:47Z</time></trkpt><trkpt lat="47.4432714656" lon="10.9756733850"><ele>1357.65</ele><time>2026-08-27T08:16:54Z</time></trkpt><trkpt lat="47.4432857148" lon="10.9756589681"><ele>1357.79</ele><time>2026-08-27T08:16:55Z</time></trkpt><trkpt lat="47.4433008023" lon="10.9756436292"><ele>1357.92</ele><time>2026-08-27T08:16:56Z</time></trkpt><trkpt lat="47.4433685280" lon="10.9755282104"><ele>1358.95</ele><time>2026-08-27T08:17:03Z</time></trkpt><trkpt lat="47.4434055761" lon="10.9754502587"><ele>1359.54</ele><time>2026-08-27T08:17:07Z</time></trkpt><trkpt lat="47.4434335716" lon="10.9752812795"><ele>1360.27</ele><time>2026-08-27T08:17:14Z</time></trkpt><trkpt lat="47.4434170593" lon="10.9751905873"><ele>1360.53</ele><time>2026-08-27T08:17:18Z</time></trkpt><trkpt lat="47.4434108566" lon="10.9751661960"><ele>1360.62</ele><time>2026-08-27T08:17:19Z</time></trkpt><trkpt lat="47.4434070848" lon="10.9751434810"><ele>1360.69</ele><time>2026-08-27T08:17:20Z</time></trkpt><trkpt lat="47.4433603976" lon="10.9749104641"><ele>1361.54</ele><time>2026-08-27T08:17:31Z</time></trkpt><trkpt lat="47.4433633313" lon="10.9748817980"><ele>1361.60</ele><time>2026-08-27T08:17:32Z</time></trkpt><trkpt lat="47.4433666840" lon="10.9748538863"><ele>1361.73</ele><time>2026-08-27T08:17:33Z</time></trkpt><trkpt lat="47.4433615711" lon="10.9747668821"><ele>1362.69</ele><time>2026-08-27T08:17:37Z</time></trkpt><trkpt lat="47.4433569610" lon="10.9747505374"><ele>1362.86</ele><time>2026-08-27T08:17:38Z</time></trkpt><trkpt lat="47.4433611520" lon="10.9747352824"><ele>1363.02</ele><time>2026-08-27T08:17:39Z</time></trkpt><trkpt lat="47.4433704559" lon="10.9747188538"><ele>1363.16</ele><time>2026-08-27T08:17:40Z</time></trkpt><trkpt lat="47.4433795922" lon="10.9747037664"><ele>1363.27</ele><time>2026-08-27T08:17:41Z</time></trkpt><trkpt lat="47.4434654228" lon="10.9746218752"><ele>1363.69</ele><time>2026-08-27T08:17:49Z</time></trkpt><trkpt lat="47.4435241800" lon="10.9745439235"><ele>1364.58</ele><time>2026-08-27T08:17:55Z</time></trkpt><trkpt lat="47.4436250981" lon="10.9744358808"><ele>1365.53</ele><time>2026-08-27T08:18:03Z</time></trkpt><trkpt lat="47.4437144492" lon="10.9743517265"><ele>1365.97</ele><time>2026-08-27T08:18:10Z</time></trkpt><trkpt lat="47.4438149482" lon="10.9742619563"><ele>1366.94</ele><time>2026-08-27T08:18:18Z</time></trkpt><trkpt lat="47.4439550098" lon="10.9741424304"><ele>1368.16</ele><time>2026-08-27T08:18:28Z</time></trkpt><trkpt lat="47.4440607056" lon="10.9741068911"><ele>1369.09</ele><time>2026-08-27T08:18:36Z</time></trkpt><trkpt lat="47.4441594444" lon="10.9740447812"><ele>1370.31</ele><time>2026-08-27T08:18:44Z</time></trkpt><trkpt lat="47.4441733584" lon="10.9740353096"><ele>1370.47</ele><time>2026-08-27T08:18:45Z</time></trkpt><trkpt lat="47.4441874400" lon="10.9740297776"><ele>1370.64</ele><time>2026-08-27T08:18:46Z</time></trkpt><trkpt lat="47.4442893639" lon="10.9739380796"><ele>1371.31</ele><time>2026-08-27T08:18:53Z</time></trkpt><trkpt lat="47.4442972429" lon="10.9739270993"><ele>1371.39</ele><time>2026-08-27T08:18:54Z</time></trkpt><trkpt lat="47.4443080556" lon="10.9739114251"><ele>1371.48</ele><time>2026-08-27T08:18:55Z</time></trkpt><trkpt lat="47.4443191197" lon="10.9738972597"><ele>1371.56</ele><time>2026-08-27T08:18:56Z</time></trkpt><trkpt lat="47.4443295132" lon="10.9738846868"><ele>1371.64</ele><time>2026-08-27T08:18:57Z</time></trkpt><trkpt lat="47.4443397392" lon="10.9738719463"><ele>1371.76</ele><time>2026-08-27T08:18:58Z</time></trkpt><trkpt lat="47.4443941377" lon="10.9737390094"><ele>1373.13</ele><time>2026-08-27T08:19:07Z</time></trkpt><trkpt lat="47.4443935510" lon="10.9737171326"><ele>1373.31</ele><time>2026-08-27T08:19:08Z</time></trkpt><trkpt lat="47.4443977419" lon="10.9735326469"><ele>1374.37</ele><time>2026-08-27T08:19:16Z</time></trkpt><trkpt lat="47.4443995859" lon="10.9733087663"><ele>1375.18</ele><time>2026-08-27T08:19:25Z</time></trkpt><trkpt lat="47.4443932157" lon="10.9730701335"><ele>1375.98</ele><time>2026-08-27T08:19:34Z</time></trkpt><trkpt lat="47.4443932995" lon="10.9728740808"><ele>1376.28</ele><time>2026-08-27T08:19:40Z</time></trkpt><trkpt lat="47.4444536492" lon="10.9726292454"><ele>1377.16</ele><time>2026-08-27T08:19:48Z</time></trkpt><trkpt lat="47.4445350375" lon="10.9723470267"><ele>1377.52</ele><time>2026-08-27T08:19:58Z</time></trkpt><trkpt lat="47.4446160905" lon="10.9721661452"><ele>1378.47</ele><time>2026-08-27T08:20:05Z</time></trkpt><trkpt lat="47.4447413161" lon="10.9719543345"><ele>1379.16</ele><time>2026-08-27T08:20:14Z</time></trkpt><trkpt lat="47.4448036775" lon="10.9717428591"><ele>1379.97</ele><time>2026-08-27T08:20:22Z</time></trkpt><trkpt lat="47.4448021688" lon="10.9715297073"><ele>1380.61</ele><time>2026-08-27T08:20:28Z</time></trkpt><trkpt lat="47.4447622709" lon="10.9711544495"><ele>1380.42</ele><time>2026-08-27T08:20:36Z</time></trkpt><trkpt lat="47.4447989836" lon="10.9707734082"><ele>1380.42</ele><time>2026-08-27T08:20:44Z</time></trkpt><trkpt lat="47.4448776059" lon="10.9705071151"><ele>1381.32</ele><time>2026-08-27T08:20:51Z</time></trkpt><trkpt lat="47.4450211879" lon="10.9703177679"><ele>1381.70</ele><time>2026-08-27T08:20:57Z</time></trkpt><trkpt lat="47.4452317413" lon="10.9700171091"><ele>1382.06</ele><time>2026-08-27T08:21:05Z</time></trkpt><trkpt lat="47.4453095254" lon="10.9696855210"><ele>1382.05</ele><time>2026-08-27T08:21:11Z</time></trkpt><trkpt lat="47.4453150574" lon="10.9694229160"><ele>1381.72</ele><time>2026-08-27T08:21:15Z</time></trkpt><trkpt lat="47.4453081843" lon="10.9693600517"><ele>1381.61</ele><time>2026-08-27T08:21:16Z</time></trkpt><trkpt lat="47.4452691246" lon="10.9688153118"><ele>1381.03</ele><time>2026-08-27T08:21:25Z</time></trkpt><trkpt lat="47.4453728925" lon="10.9685571492"><ele>1381.42</ele><time>2026-08-27T08:21:31Z</time></trkpt><trkpt lat="47.4455210846" lon="10.9684060235"><ele>1381.26</ele><time>2026-08-27T08:21:36Z</time></trkpt><trkpt lat="47.4457230046" lon="10.9681507945"><ele>1380.69</ele><time>2026-08-27T08:21:42Z</time></trkpt><trkpt lat="47.4458905589" lon="10.9678851720"><ele>1380.42</ele><time>2026-08-27T08:21:47Z</time></trkpt><trkpt lat="47.4459354021" lon="10.9678462800"><ele>1380.35</ele><time>2026-08-27T08:21:48Z</time></trkpt><trkpt lat="47.4461491406" lon="10.9676579386"><ele>1379.94</ele><time>2026-08-27T08:21:53Z</time></trkpt><trkpt lat="47.4461883679" lon="10.9676024504"><ele>1379.92</ele><time>2026-08-27T08:21:54Z</time></trkpt><trkpt lat="47.4462237395" lon="10.9675380774"><ele>1379.91</ele><time>2026-08-27T08:21:55Z</time></trkpt><trkpt lat="47.4462509807" lon="10.9674735367"><ele>1379.91</ele><time>2026-08-27T08:21:56Z</time></trkpt><trkpt lat="47.4462726898" lon="10.9674129356"><ele>1379.92</ele><time>2026-08-27T08:21:57Z</time></trkpt><trkpt lat="47.4464204628" lon="10.9669728018"><ele>1379.93</ele><time>2026-08-27T08:22:05Z</time></trkpt><trkpt lat="47.4464948941" lon="10.9665532038"><ele>1379.84</ele><time>2026-08-27T08:22:12Z</time></trkpt><trkpt lat="47.4464743584" lon="10.9662772715"><ele>1379.89</ele><time>2026-08-27T08:22:18Z</time></trkpt><trkpt lat="47.4464270845" lon="10.9660449252"><ele>1380.88</ele><time>2026-08-27T08:22:26Z</time></trkpt><trkpt lat="47.4463942274" lon="10.9659442585"><ele>1381.70</ele><time>2026-08-27T08:22:30Z</time></trkpt><trkpt lat="47.4463973287" lon="10.9659130778"><ele>1381.81</ele><time>2026-08-27T08:22:31Z</time></trkpt><trkpt lat="47.4464162719" lon="10.9656601958"><ele>1382.08</ele><time>2026-08-27T08:22:38Z</time></trkpt><trkpt lat="47.4464213848" lon="10.9656291828"><ele>1382.08</ele><time>2026-08-27T08:22:39Z</time></trkpt><trkpt lat="47.4464259949" lon="10.9655995108"><ele>1382.09</ele><time>2026-08-27T08:22:40Z</time></trkpt><trkpt lat="47.4464301858" lon="10.9655652288"><ele>1382.09</ele><time>2026-08-27T08:22:41Z</time></trkpt><trkpt lat="47.4464325327" lon="10.9655280132"><ele>1382.09</ele><time>2026-08-27T08:22:42Z</time></trkpt><trkpt lat="47.4464347959" lon="10.9654901270"><ele>1382.09</ele><time>2026-08-27T08:22:43Z</time></trkpt><trkpt lat="47.4464330357" lon="10.9652592894"><ele>1382.85</ele><time>2026-08-27T08:22:50Z</time></trkpt><trkpt lat="47.4464339577" lon="10.9650233388"><ele>1384.22</ele><time>2026-08-27T08:22:59Z</time></trkpt><trkpt lat="47.4465148430" lon="10.9648410324"><ele>1384.56</ele><time>2026-08-27T08:23:06Z</time></trkpt><trkpt lat="47.4465969019" lon="10.9647526871"><ele>1385.29</ele><time>2026-08-27T08:23:13Z</time></trkpt><trkpt lat="47.4466915336" lon="10.9646307305"><ele>1387.41</ele><time>2026-08-27T08:23:21Z</time></trkpt><trkpt lat="47.4468050245" lon="10.9644228593"><ele>1388.77</ele><time>2026-08-27T08:23:32Z</time></trkpt><trkpt lat="47.4468704872" lon="10.9643000644"><ele>1388.89</ele><time>2026-08-27T08:23:38Z</time></trkpt><trkpt lat="47.4470128957" lon="10.9641491901"><ele>1389.70</ele><time>2026-08-27T08:23:48Z</time></trkpt><trkpt lat="47.4470962957" lon="10.9640479367"><ele>1390.77</ele><time>2026-08-27T08:23:56Z</time></trkpt><trkpt lat="47.4472046737" lon="10.9639261477"><ele>1391.82</ele><time>2026-08-27T08:24:04Z</time></trkpt><trkpt lat="47.4473178294" lon="10.9637554921"><ele>1392.40</ele><time>2026-08-27T08:24:11Z</time></trkpt><trkpt lat="47.4474349245" lon="10.9635632951"><ele>1392.34</ele><time>2026-08-27T08:24:19Z</time></trkpt><trkpt lat="47.4475225154" lon="10.9634015244"><ele>1392.63</ele><time>2026-08-27T08:24:26Z</time></trkpt><trkpt lat="47.4476278760" lon="10.9631958324"><ele>1393.41</ele><time>2026-08-27T08:24:35Z</time></trkpt><trkpt lat="47.4477068335" lon="10.9631186351"><ele>1393.67</ele><time>2026-08-27T08:24:39Z</time></trkpt><trkpt lat="47.4478230067" lon="10.9629100934"><ele>1393.85</ele><time>2026-08-27T08:24:46Z</time></trkpt><trkpt lat="47.4478980247" lon="10.9626847040"><ele>1394.91</ele><time>2026-08-27T08:24:55Z</time></trkpt><trkpt lat="47.4479320552" lon="10.9625012241"><ele>1395.75</ele><time>2026-08-27T08:25:04Z</time></trkpt><trkpt lat="47.4479402695" lon="10.9624888189"><ele>1395.82</ele><time>2026-08-27T08:25:05Z</time></trkpt><trkpt lat="47.4479502439" lon="10.9624759108"><ele>1395.95</ele><time>2026-08-27T08:25:06Z</time></trkpt><trkpt lat="47.4479605537" lon="10.9624651819"><ele>1396.38</ele><time>2026-08-27T08:25:07Z</time></trkpt><trkpt lat="47.4480086658" lon="10.9623692930"><ele>1397.48</ele><time>2026-08-27T08:25:14Z</time></trkpt><trkpt lat="47.4480200652" lon="10.9623116255"><ele>1398.07</ele><time>2026-08-27T08:25:17Z</time></trkpt><trkpt lat="47.4480220769" lon="10.9622885752"><ele>1398.28</ele><time>2026-08-27T08:25:18Z</time></trkpt><trkpt lat="47.4480236694" lon="10.9622663632"><ele>1398.48</ele><time>2026-08-27T08:25:19Z</time></trkpt><trkpt lat="47.4480292015" lon="10.9622416366"><ele>1398.70</ele><time>2026-08-27T08:25:20Z</time></trkpt><trkpt lat="47.4480345659" lon="10.9622155689"><ele>1398.95</ele><time>2026-08-27T08:25:21Z</time></trkpt><trkpt lat="47.4480399303" lon="10.9621920157"><ele>1399.24</ele><time>2026-08-27T08:25:22Z</time></trkpt><trkpt lat="47.4480648246" lon="10.9620683827"><ele>1401.45</ele><time>2026-08-27T08:25:29Z</time></trkpt><trkpt lat="47.4481140263" lon="10.9619730804"><ele>1402.83</ele><time>2026-08-27T08:25:36Z</time></trkpt><trkpt lat="47.4481595401" lon="10.9618239664"><ele>1404.28</ele><time>2026-08-27T08:25:45Z</time></trkpt><trkpt lat="47.4481820874" lon="10.9616916161"><ele>1405.46</ele><time>2026-08-27T08:25:53Z</time></trkpt><trkpt lat="47.4482079875" lon="10.9616151731"><ele>1407.28</ele><time>2026-08-27T08:26:05Z</time></trkpt><trkpt lat="47.4481812492" lon="10.9615451004"><ele>1408.29</ele><time>2026-08-27T08:26:14Z</time></trkpt><trkpt lat="47.4481292814" lon="10.9614588507"><ele>1410.23</ele><time>2026-08-27T08:26:25Z</time></trkpt><trkpt lat="47.4480718654" lon="10.9613907896"><ele>1412.20</ele><time>2026-08-27T08:26:36Z</time></trkpt><trkpt lat="47.4480490666" lon="10.9612999298"><ele>1414.06</ele><time>2026-08-27T08:26:46Z</time></trkpt><trkpt lat="47.4480958376" lon="10.9612454474"><ele>1415.86</ele><time>2026-08-27T08:26:55Z</time></trkpt><trkpt lat="47.4481480569" lon="10.9612211399"><ele>1417.36</ele><time>2026-08-27T08:27:04Z</time></trkpt><trkpt lat="47.4481504038" lon="10.9612046275"><ele>1418.18</ele><time>2026-08-27T08:27:17Z</time></trkpt><trkpt lat="47.4481550977" lon="10.9611865226"><ele>1418.41</ele><time>2026-08-27T08:27:32Z</time></trkpt><trkpt lat="47.4481718615" lon="10.9611162823"><ele>1418.51</ele><time>2026-08-27T08:27:38Z</time></trkpt><trkpt lat="47.4481779803" lon="10.9610084072"><ele>1419.37</ele><time>2026-08-27T08:27:45Z</time></trkpt><trkpt lat="47.4481835123" lon="10.9609540924"><ele>1419.94</ele><time>2026-08-27T08:27:48Z</time></trkpt><trkpt lat="47.4481893796" lon="10.9609357361"><ele>1420.16</ele><time>2026-08-27T08:27:49Z</time></trkpt><trkpt lat="47.4481898826" lon="10.9609156195"><ele>1420.42</ele><time>2026-08-27T08:27:50Z</time></trkpt><trkpt lat="47.4481913075" lon="10.9608527552"><ele>1421.38</ele><time>2026-08-27T08:27:53Z</time></trkpt><trkpt lat="47.4481966719" lon="10.9608361591"><ele>1421.78</ele><time>2026-08-27T08:27:54Z</time></trkpt><trkpt lat="47.4482036289" lon="10.9608172998"><ele>1422.45</ele><time>2026-08-27T08:27:55Z</time></trkpt><trkpt lat="47.4482084904" lon="10.9607996140"><ele>1422.65</ele><time>2026-08-27T08:27:56Z</time></trkpt><trkpt lat="47.4482141063" lon="10.9607770666"><ele>1422.80</ele><time>2026-08-27T08:27:57Z</time></trkpt><trkpt lat="47.4482224043" lon="10.9607517533"><ele>1422.88</ele><time>2026-08-27T08:27:58Z</time></trkpt><trkpt lat="47.4482308701" lon="10.9607251827"><ele>1422.93</ele><time>2026-08-27T08:27:59Z</time></trkpt><trkpt lat="47.4482403416" lon="10.9606964327"><ele>1422.95</ele><time>2026-08-27T08:28:00Z</time></trkpt><trkpt lat="47.4482496455" lon="10.9606675152"><ele>1422.97</ele><time>2026-08-27T08:28:01Z</time></trkpt><trkpt lat="47.4483410921" lon="10.9604154713"><ele>1423.26</ele><time>2026-08-27T08:28:09Z</time></trkpt><trkpt lat="47.4484111648" lon="10.9601328336"><ele>1424.21</ele><time>2026-08-27T08:28:19Z</time></trkpt><trkpt lat="47.4484388251" lon="10.9599722363"><ele>1424.72</ele><time>2026-08-27T08:28:25Z</time></trkpt><trkpt lat="47.4485376477" lon="10.9598595835"><ele>1425.49</ele><time>2026-08-27T08:28:32Z</time></trkpt><trkpt lat="47.4486585986" lon="10.9599281475"><ele>1426.42</ele><time>2026-08-27T08:28:39Z</time></trkpt><trkpt lat="47.4487975705" lon="10.9599819593"><ele>1427.01</ele><time>2026-08-27T08:28:46Z</time></trkpt><trkpt lat="47.4489564076" lon="10.9600319993"><ele>1427.98</ele><time>2026-08-27T08:28:55Z</time></trkpt><trkpt lat="47.4490831420" lon="10.9600672033"><ele>1429.48</ele><time>2026-08-27T08:29:03Z</time></trkpt><trkpt lat="47.4490988161" lon="10.9600564744"><ele>1429.72</ele><time>2026-08-27T08:29:04Z</time></trkpt><trkpt lat="47.4491135683" lon="10.9600407165"><ele>1430.00</ele><time>2026-08-27T08:29:05Z</time></trkpt><trkpt lat="47.4491271470" lon="10.9600227792"><ele>1430.29</ele><time>2026-08-27T08:29:06Z</time></trkpt><trkpt lat="47.4491365347" lon="10.9600040037"><ele>1430.50</ele><time>2026-08-27T08:29:07Z</time></trkpt><trkpt lat="47.4491429888" lon="10.9599817917"><ele>1430.68</ele><time>2026-08-27T08:29:08Z</time></trkpt><trkpt lat="47.4491477665" lon="10.9599568974"><ele>1430.84</ele><time>2026-08-27T08:29:09Z</time></trkpt><trkpt lat="47.4491495267" lon="10.9599305782"><ele>1431.09</ele><time>2026-08-27T08:29:10Z</time></trkpt><trkpt lat="47.4491476826" lon="10.9599064384"><ele>1431.19</ele><time>2026-08-27T08:29:11Z</time></trkpt><trkpt lat="47.4491456710" lon="10.9598821308"><ele>1431.26</ele><time>2026-08-27T08:29:12Z</time></trkpt><trkpt lat="47.4491450004" lon="10.9598581586"><ele>1431.31</ele><time>2026-08-27T08:29:13Z</time></trkpt><trkpt lat="47.4491423182" lon="10.9598364495"><ele>1431.36</ele><time>2026-08-27T08:29:14Z</time></trkpt><trkpt lat="47.4491350260" lon="10.9596157540"><ele>1431.96</ele><time>2026-08-27T08:29:24Z</time></trkpt><trkpt lat="47.4491259735" lon="10.9596012533"><ele>1432.04</ele><time>2026-08-27T08:29:25Z</time></trkpt><trkpt lat="47.4491159990" lon="10.9595823940"><ele>1432.13</ele><time>2026-08-27T08:29:26Z</time></trkpt><trkpt lat="47.4491043482" lon="10.9595651273"><ele>1432.26</ele><time>2026-08-27T08:29:27Z</time></trkpt><trkpt lat="47.4490932841" lon="10.9595485311"><ele>1432.37</ele><time>2026-08-27T08:29:28Z</time></trkpt><trkpt lat="47.4489960540" lon="10.9594840743"><ele>1433.60</ele><time>2026-08-27T08:29:35Z</time></trkpt><trkpt lat="47.4489838164" lon="10.9594690707"><ele>1433.78</ele><time>2026-08-27T08:29:36Z</time></trkpt><trkpt lat="47.4488916155" lon="10.9592960682"><ele>1434.98</ele><time>2026-08-27T08:29:46Z</time></trkpt><trkpt lat="47.4488658831" lon="10.9590529092"><ele>1436.22</ele><time>2026-08-27T08:29:56Z</time></trkpt><trkpt lat="47.4488984887" lon="10.9588830918"><ele>1437.32</ele><time>2026-08-27T08:30:04Z</time></trkpt><trkpt lat="47.4489581678" lon="10.9587064013"><ele>1438.53</ele><time>2026-08-27T08:30:13Z</time></trkpt><trkpt lat="47.4490281567" lon="10.9585893061"><ele>1439.15</ele><time>2026-08-27T08:30:20Z</time></trkpt><trkpt lat="47.4491016660" lon="10.9585658368"><ele>1439.88</ele><time>2026-08-27T08:30:26Z</time></trkpt><trkpt lat="47.4491171725" lon="10.9585776553"><ele>1439.96</ele><time>2026-08-27T08:30:27Z</time></trkpt><trkpt lat="47.4492067751" lon="10.9586249292"><ele>1440.69</ele><time>2026-08-27T08:30:33Z</time></trkpt><trkpt lat="47.4492233712" lon="10.9586271085"><ele>1440.82</ele><time>2026-08-27T08:30:34Z</time></trkpt><trkpt lat="47.4492412247" lon="10.9586323891"><ele>1440.97</ele><time>2026-08-27T08:30:35Z</time></trkpt><trkpt lat="47.4492585752" lon="10.9586357418"><ele>1441.10</ele><time>2026-08-27T08:30:36Z</time></trkpt><trkpt lat="47.4492740817" lon="10.9586443752"><ele>1441.19</ele><time>2026-08-27T08:30:37Z</time></trkpt><trkpt lat="47.4492867384" lon="10.9586541820"><ele>1441.24</ele><time>2026-08-27T08:30:38Z</time></trkpt><trkpt lat="47.4492966291" lon="10.9586630668"><ele>1441.30</ele><time>2026-08-27T08:30:39Z</time></trkpt><trkpt lat="47.4493086152" lon="10.9586758073"><ele>1441.37</ele><time>2026-08-27T08:30:40Z</time></trkpt><trkpt lat="47.4493223615" lon="10.9586836863"><ele>1441.49</ele><time>2026-08-27T08:30:41Z</time></trkpt><trkpt lat="47.4493339285" lon="10.9586876258"><ele>1441.61</ele><time>2026-08-27T08:30:42Z</time></trkpt><trkpt lat="47.4493485130" lon="10.9586915653"><ele>1441.73</ele><time>2026-08-27T08:30:43Z</time></trkpt><trkpt lat="47.4494315777" lon="10.9587173816"><ele>1442.86</ele><time>2026-08-27T08:30:50Z</time></trkpt><trkpt lat="47.4494599085" lon="10.9587192256"><ele>1443.05</ele><time>2026-08-27T08:30:52Z</time></trkpt><trkpt lat="47.4495109543" lon="10.9586885478"><ele>1443.50</ele><time>2026-08-27T08:30:56Z</time></trkpt><trkpt lat="47.4495716393" lon="10.9585672617"><ele>1444.65</ele><time>2026-08-27T08:31:04Z</time></trkpt><trkpt lat="47.4495901633" lon="10.9583663475"><ele>1445.81</ele><time>2026-08-27T08:31:12Z</time></trkpt><trkpt lat="47.4496102799" lon="10.9582628310"><ele>1446.21</ele><time>2026-08-27T08:31:17Z</time></trkpt><trkpt lat="47.4496182427" lon="10.9582486656"><ele>1446.33</ele><time>2026-08-27T08:31:18Z</time></trkpt><trkpt lat="47.4496775027" lon="10.9581800178"><ele>1447.22</ele><time>2026-08-27T08:31:24Z</time></trkpt><trkpt lat="47.4497131258" lon="10.9581777547"><ele>1447.76</ele><time>2026-08-27T08:31:27Z</time></trkpt><trkpt lat="47.4497409537" lon="10.9581827838"><ele>1448.04</ele><time>2026-08-27T08:31:29Z</time></trkpt><trkpt lat="47.4497572146" lon="10.9581821132"><ele>1448.15</ele><time>2026-08-27T08:31:30Z</time></trkpt><trkpt lat="47.4497707095" lon="10.9581881482"><ele>1448.25</ele><time>2026-08-27T08:31:31Z</time></trkpt><trkpt lat="47.4497821089" lon="10.9581968654"><ele>1448.36</ele><time>2026-08-27T08:31:32Z</time></trkpt><trkpt lat="47.4497971125" lon="10.9582066722"><ele>1448.51</ele><time>2026-08-27T08:31:33Z</time></trkpt><trkpt lat="47.4498095177" lon="10.9582181554"><ele>1448.67</ele><time>2026-08-27T08:31:34Z</time></trkpt><trkpt lat="47.4498211686" lon="10.9582301416"><ele>1448.88</ele><time>2026-08-27T08:31:35Z</time></trkpt><trkpt lat="47.4498322327" lon="10.9582403675"><ele>1449.00</ele><time>2026-08-27T08:31:36Z</time></trkpt><trkpt lat="47.4498428777" lon="10.9582547843"><ele>1449.17</ele><time>2026-08-27T08:31:37Z</time></trkpt><trkpt lat="47.4498535227" lon="10.9582723025"><ele>1449.33</ele><time>2026-08-27T08:31:38Z</time></trkpt><trkpt lat="47.4498624913" lon="10.9582848754"><ele>1449.47</ele><time>2026-08-27T08:31:39Z</time></trkpt><trkpt lat="47.4499308877" lon="10.9584489930"><ele>1450.50</ele><time>2026-08-27T08:31:48Z</time></trkpt><trkpt lat="47.4499221705" lon="10.9585421998"><ele>1451.04</ele><time>2026-08-27T08:31:53Z</time></trkpt><trkpt lat="47.4499219190" lon="10.9585595503"><ele>1451.11</ele><time>2026-08-27T08:31:54Z</time></trkpt><trkpt lat="47.4498894811" lon="10.9586812556"><ele>1451.79</ele><time>2026-08-27T08:32:01Z</time></trkpt><trkpt lat="47.4498838652" lon="10.9587033838"><ele>1451.93</ele><time>2026-08-27T08:32:02Z</time></trkpt><trkpt lat="47.4498806801" lon="10.9587255958"><ele>1452.07</ele><time>2026-08-27T08:32:03Z</time></trkpt><trkpt lat="47.4498777464" lon="10.9587468859"><ele>1452.22</ele><time>2026-08-27T08:32:04Z</time></trkpt><trkpt lat="47.4498740584" lon="10.9587679245"><ele>1452.36</ele><time>2026-08-27T08:32:05Z</time></trkpt><trkpt lat="47.4498733040" lon="10.9588123485"><ele>1452.54</ele><time>2026-08-27T08:32:07Z</time></trkpt><trkpt lat="47.4498745613" lon="10.9588352311"><ele>1452.66</ele><time>2026-08-27T08:32:08Z</time></trkpt><trkpt lat="47.4498776626" lon="10.9588571917"><ele>1452.79</ele><time>2026-08-27T08:32:09Z</time></trkpt><trkpt lat="47.4499010481" lon="10.9589428548"><ele>1453.37</ele><time>2026-08-27T08:32:13Z</time></trkpt><trkpt lat="47.4499142915" lon="10.9589574393"><ele>1453.57</ele><time>2026-08-27T08:32:14Z</time></trkpt><trkpt lat="47.4499270320" lon="10.9589714371"><ele>1453.74</ele><time>2026-08-27T08:32:15Z</time></trkpt><trkpt lat="47.4499736354" lon="10.9590058867"><ele>1454.26</ele><time>2026-08-27T08:32:19Z</time></trkpt><trkpt lat="47.4499882199" lon="10.9589979239"><ele>1454.48</ele><time>2026-08-27T08:32:20Z</time></trkpt><trkpt lat="47.4500050675" lon="10.9589885361"><ele>1454.74</ele><time>2026-08-27T08:32:21Z</time></trkpt><trkpt lat="47.4500213284" lon="10.9589745384"><ele>1454.98</ele><time>2026-08-27T08:32:22Z</time></trkpt><trkpt lat="47.4500336498" lon="10.9589578584"><ele>1455.14</ele><time>2026-08-27T08:32:23Z</time></trkpt><trkpt lat="47.4500447139" lon="10.9589364845"><ele>1455.29</ele><time>2026-08-27T08:32:24Z</time></trkpt><trkpt lat="47.4500515871" lon="10.9589142725"><ele>1455.34</ele><time>2026-08-27T08:32:25Z</time></trkpt><trkpt lat="47.4500588793" lon="10.9588937368"><ele>1455.38</ele><time>2026-08-27T08:32:26Z</time></trkpt><trkpt lat="47.4501171336" lon="10.9586676769"><ele>1456.34</ele><time>2026-08-27T08:32:36Z</time></trkpt><trkpt lat="47.4501654133" lon="10.9584883042"><ele>1457.28</ele><time>2026-08-27T08:32:44Z</time></trkpt><trkpt lat="47.4502149504" lon="10.9583348315"><ele>1458.20</ele><time>2026-08-27T08:32:51Z</time></trkpt><trkpt lat="47.4502717797" lon="10.9581762459"><ele>1458.72</ele><time>2026-08-27T08:32:58Z</time></trkpt><trkpt lat="47.4503266811" lon="10.9579923470"><ele>1459.58</ele><time>2026-08-27T08:33:08Z</time></trkpt><trkpt lat="47.4503509048" lon="10.9578207694"><ele>1460.80</ele><time>2026-08-27T08:33:15Z</time></trkpt><trkpt lat="47.4503334705" lon="10.9576751757"><ele>1462.07</ele><time>2026-08-27T08:33:22Z</time></trkpt><trkpt lat="47.4503023736" lon="10.9576087911"><ele>1462.32</ele><time>2026-08-27T08:33:25Z</time></trkpt><trkpt lat="47.4502900522" lon="10.9575900994"><ele>1462.41</ele><time>2026-08-27T08:33:26Z</time></trkpt><trkpt lat="47.4502767250" lon="10.9575688932"><ele>1462.56</ele><time>2026-08-27T08:33:27Z</time></trkpt><trkpt lat="47.4502632301" lon="10.9575532191"><ele>1462.73</ele><time>2026-08-27T08:33:28Z</time></trkpt><trkpt lat="47.4502514116" lon="10.9575350303"><ele>1462.88</ele><time>2026-08-27T08:33:29Z</time></trkpt><trkpt lat="47.4502391741" lon="10.9575155005"><ele>1463.03</ele><time>2026-08-27T08:33:30Z</time></trkpt><trkpt lat="47.4502281100" lon="10.9574988205"><ele>1463.18</ele><time>2026-08-27T08:33:31Z</time></trkpt><trkpt lat="47.4502173811" lon="10.9574859962"><ele>1463.32</ele><time>2026-08-27T08:33:32Z</time></trkpt><trkpt lat="47.4502058979" lon="10.9574725013"><ele>1463.46</ele><time>2026-08-27T08:33:33Z</time></trkpt><trkpt lat="47.4501944147" lon="10.9574574139"><ele>1463.61</ele><time>2026-08-27T08:33:34Z</time></trkpt><trkpt lat="47.4501820933" lon="10.9574378002"><ele>1463.75</ele><time>2026-08-27T08:33:35Z</time></trkpt><trkpt lat="47.4501719512" lon="10.9574179351"><ele>1464.01</ele><time>2026-08-27T08:33:36Z</time></trkpt><trkpt lat="47.4501613900" lon="10.9573947173"><ele>1464.15</ele><time>2026-08-27T08:33:37Z</time></trkpt><trkpt lat="47.4501385912" lon="10.9572419152"><ele>1464.94</ele><time>2026-08-27T08:33:44Z</time></trkpt><trkpt lat="47.4501388427" lon="10.9572333656"><ele>1465.51</ele><time>2026-08-27T08:33:59Z</time></trkpt><trkpt lat="47.4501286168" lon="10.9572138358"><ele>1465.70</ele><time>2026-08-27T08:34:16Z</time></trkpt><trkpt lat="47.4501209892" lon="10.9572019335"><ele>1465.90</ele><time>2026-08-27T08:35:02Z</time></trkpt><trkpt lat="47.4501087517" lon="10.9571938030"><ele>1465.90</ele><time>2026-08-27T08:35:43Z</time></trkpt><trkpt lat="47.4501052313" lon="10.9571823198"><ele>1465.90</ele><time>2026-08-27T08:35:51Z</time></trkpt><trkpt lat="47.4501034711" lon="10.9571288433"><ele>1465.90</ele><time>2026-08-27T08:35:55Z</time></trkpt><trkpt lat="47.4500996992" lon="10.9571109898"><ele>1465.90</ele><time>2026-08-27T08:35:56Z</time></trkpt><trkpt lat="47.4500932451" lon="10.9570896160"><ele>1465.90</ele><time>2026-08-27T08:35:57Z</time></trkpt><trkpt lat="47.4500884674" lon="10.9570670687"><ele>1465.90</ele><time>2026-08-27T08:35:58Z</time></trkpt><trkpt lat="47.4500846956" lon="10.9570461977"><ele>1465.99</ele><time>2026-08-27T08:35:59Z</time></trkpt><trkpt lat="47.4500761461" lon="10.9570249915"><ele>1466.23</ele><time>2026-08-27T08:36:00Z</time></trkpt><trkpt lat="47.4500663392" lon="10.9570047911"><ele>1466.71</ele><time>2026-08-27T08:36:01Z</time></trkpt><trkpt lat="47.4500570353" lon="10.9569867700"><ele>1466.88</ele><time>2026-08-27T08:36:02Z</time></trkpt><trkpt lat="47.4500378408" lon="10.9569522366"><ele>1467.16</ele><time>2026-08-27T08:36:04Z</time></trkpt><trkpt lat="47.4500298779" lon="10.9569296893"><ele>1467.28</ele><time>2026-08-27T08:36:05Z</time></trkpt><trkpt lat="47.4500190653" lon="10.9569088183"><ele>1467.39</ele><time>2026-08-27T08:36:06Z</time></trkpt><trkpt lat="47.4498911574" lon="10.9567202255"><ele>1468.51</ele><time>2026-08-27T08:36:16Z</time></trkpt><trkpt lat="47.4498759862" lon="10.9567058925"><ele>1468.69</ele><time>2026-08-27T08:36:17Z</time></trkpt><trkpt lat="47.4498613179" lon="10.9566939063"><ele>1468.88</ele><time>2026-08-27T08:36:18Z</time></trkpt><trkpt lat="47.4498472363" lon="10.9566840995"><ele>1469.03</ele><time>2026-08-27T08:36:19Z</time></trkpt><trkpt lat="47.4498298857" lon="10.9566782322"><ele>1469.16</ele><time>2026-08-27T08:36:20Z</time></trkpt><trkpt lat="47.4498129543" lon="10.9566723648"><ele>1469.32</ele><time>2026-08-27T08:36:21Z</time></trkpt><trkpt lat="47.4496858846" lon="10.9567051381"><ele>1470.26</ele><time>2026-08-27T08:36:28Z</time></trkpt><trkpt lat="47.4495216832" lon="10.9566851892"><ele>1471.40</ele><time>2026-08-27T08:36:38Z</time></trkpt><trkpt lat="47.4494205136" lon="10.9565893840"><ele>1472.00</ele><time>2026-08-27T08:36:45Z</time></trkpt><trkpt lat="47.4493020773" lon="10.9564784914"><ele>1472.93</ele><time>2026-08-27T08:36:53Z</time></trkpt><trkpt lat="47.4491510354" lon="10.9564276133"><ele>1474.82</ele><time>2026-08-27T08:37:02Z</time></trkpt><trkpt lat="47.4489982333" lon="10.9564946685"><ele>1475.92</ele><time>2026-08-27T08:37:11Z</time></trkpt><trkpt lat="47.4489138275" lon="10.9565368295"><ele>1476.76</ele><time>2026-08-27T08:37:17Z</time></trkpt><trkpt lat="47.4488487002" lon="10.9565706924"><ele>1477.24</ele><time>2026-08-27T08:37:21Z</time></trkpt><trkpt lat="47.4488278292" lon="10.9565824270"><ele>1477.35</ele><time>2026-08-27T08:37:22Z</time></trkpt><trkpt lat="47.4488129932" lon="10.9565828461"><ele>1477.54</ele><time>2026-08-27T08:37:23Z</time></trkpt><trkpt lat="47.4487976544" lon="10.9565858636"><ele>1477.73</ele><time>2026-08-27T08:37:24Z</time></trkpt><trkpt lat="47.4487829022" lon="10.9565914795"><ele>1477.92</ele><time>2026-08-27T08:37:25Z</time></trkpt><trkpt lat="47.4487686530" lon="10.9566042200"><ele>1478.10</ele><time>2026-08-27T08:37:26Z</time></trkpt><trkpt lat="47.4487549067" lon="10.9566152841"><ele>1478.25</ele><time>2026-08-27T08:37:27Z</time></trkpt><trkpt lat="47.4486291781" lon="10.9567158669"><ele>1479.60</ele><time>2026-08-27T08:37:36Z</time></trkpt><trkpt lat="47.4484462850" lon="10.9569037054"><ele>1481.03</ele><time>2026-08-27T08:37:48Z</time></trkpt><trkpt lat="47.4482897110" lon="10.9570106585"><ele>1482.46</ele><time>2026-08-27T08:37:58Z</time></trkpt><trkpt lat="47.4481485598" lon="10.9571145102"><ele>1483.09</ele><time>2026-08-27T08:38:07Z</time></trkpt><trkpt lat="47.4480133597" lon="10.9572305996"><ele>1483.95</ele><time>2026-08-27T08:38:16Z</time></trkpt><trkpt lat="47.4478632398" lon="10.9573334455"><ele>1484.82</ele><time>2026-08-27T08:38:25Z</time></trkpt><trkpt lat="47.4476919975" lon="10.9574150853"><ele>1485.19</ele><time>2026-08-27T08:38:34Z</time></trkpt><trkpt lat="47.4475426320" lon="10.9575515427"><ele>1485.65</ele><time>2026-08-27T08:38:43Z</time></trkpt><trkpt lat="47.4474607408" lon="10.9577044286"><ele>1486.00</ele><time>2026-08-27T08:38:49Z</time></trkpt><trkpt lat="47.4473236129" lon="10.9578967094"><ele>1486.09</ele><time>2026-08-27T08:38:57Z</time></trkpt><trkpt lat="47.4472120497" lon="10.9580781776"><ele>1486.54</ele><time>2026-08-27T08:39:05Z</time></trkpt><trkpt lat="47.4470528774" lon="10.9583055787"><ele>1487.38</ele><time>2026-08-27T08:39:14Z</time></trkpt><trkpt lat="47.4470364489" lon="10.9583049919"><ele>1487.45</ele><time>2026-08-27T08:39:15Z</time></trkpt><trkpt lat="47.4470211100" lon="10.9582995437"><ele>1487.53</ele><time>2026-08-27T08:39:16Z</time></trkpt><trkpt lat="47.4469997361" lon="10.9582957719"><ele>1487.74</ele><time>2026-08-27T08:39:17Z</time></trkpt><trkpt lat="47.4469781108" lon="10.9582898207"><ele>1487.86</ele><time>2026-08-27T08:39:18Z</time></trkpt><trkpt lat="47.4469312560" lon="10.9582829475"><ele>1488.19</ele><time>2026-08-27T08:39:20Z</time></trkpt><trkpt lat="47.4469140731" lon="10.9582645074"><ele>1488.36</ele><time>2026-08-27T08:39:21Z</time></trkpt><trkpt lat="47.4468957167" lon="10.9582438879"><ele>1488.48</ele><time>2026-08-27T08:39:22Z</time></trkpt><trkpt lat="47.4467873387" lon="10.9580369387"><ele>1489.43</ele><time>2026-08-27T08:39:30Z</time></trkpt><trkpt lat="47.4466322735" lon="10.9578496031"><ele>1489.80</ele><time>2026-08-27T08:39:39Z</time></trkpt><trkpt lat="47.4465176929" lon="10.9577624314"><ele>1490.73</ele><time>2026-08-27T08:39:45Z</time></trkpt><trkpt lat="47.4463747814" lon="10.9576217830"><ele>1491.17</ele><time>2026-08-27T08:39:53Z</time></trkpt><trkpt lat="47.4461990967" lon="10.9573787078"><ele>1492.30</ele><time>2026-08-27T08:40:04Z</time></trkpt><trkpt lat="47.4460408464" lon="10.9572772030"><ele>1493.65</ele><time>2026-08-27T08:40:12Z</time></trkpt><trkpt lat="47.4458720349" lon="10.9572691564"><ele>1494.57</ele><time>2026-08-27T08:40:20Z</time></trkpt><trkpt lat="47.4457105994" lon="10.9572259896"><ele>1495.72</ele><time>2026-08-27T08:40:28Z</time></trkpt><trkpt lat="47.4455529358" lon="10.9571814816"><ele>1497.54</ele><time>2026-08-27T08:40:36Z</time></trkpt><trkpt lat="47.4453707132" lon="10.9571160190"><ele>1498.75</ele><time>2026-08-27T08:40:45Z</time></trkpt><trkpt lat="47.4452205934" lon="10.9571689926"><ele>1499.71</ele><time>2026-08-27T08:40:53Z</time></trkpt><trkpt lat="47.4450630136" lon="10.9572493751"><ele>1500.75</ele><time>2026-08-27T08:41:02Z</time></trkpt><trkpt lat="47.4448889215" lon="10.9572509676"><ele>1502.18</ele><time>2026-08-27T08:41:12Z</time></trkpt><trkpt lat="47.4447439983" lon="10.9571859241"><ele>1503.74</ele><time>2026-08-27T08:41:21Z</time></trkpt><trkpt lat="47.4446099717" lon="10.9571611136"><ele>1504.50</ele><time>2026-08-27T08:41:29Z</time></trkpt><trkpt lat="47.4445913639" lon="10.9571589343"><ele>1504.58</ele><time>2026-08-27T08:41:30Z</time></trkpt><trkpt lat="47.4445757736" lon="10.9571604431"><ele>1504.65</ele><time>2026-08-27T08:41:31Z</time></trkpt><trkpt lat="47.4444511347" lon="10.9571404103"><ele>1505.16</ele><time>2026-08-27T08:41:39Z</time></trkpt><trkpt lat="47.4442690797" lon="10.9571652208"><ele>1504.61</ele><time>2026-08-27T08:41:44Z</time></trkpt><trkpt lat="47.4441576004" lon="10.9572231397"><ele>1503.29</ele><time>2026-08-27T08:41:47Z</time></trkpt><trkpt lat="47.4441240728" lon="10.9572653007"><ele>1502.80</ele><time>2026-08-27T08:41:48Z</time></trkpt><trkpt lat="47.4440477975" lon="10.9573538136"><ele>1501.66</ele><time>2026-08-27T08:41:50Z</time></trkpt><trkpt lat="47.4439935666" lon="10.9573922027"><ele>1501.30</ele><time>2026-08-27T08:41:51Z</time></trkpt><trkpt lat="47.4437925685" lon="10.9575168416"><ele>1500.21</ele><time>2026-08-27T08:41:54Z</time></trkpt><trkpt lat="47.4437302072" lon="10.9575761016"><ele>1499.64</ele><time>2026-08-27T08:41:55Z</time></trkpt><trkpt lat="47.4436734617" lon="10.9576568194"><ele>1499.04</ele><time>2026-08-27T08:41:56Z</time></trkpt><trkpt lat="47.4436192308" lon="10.9577441588"><ele>1498.35</ele><time>2026-08-27T08:41:57Z</time></trkpt><trkpt lat="47.4435787462" lon="10.9578509443"><ele>1497.60</ele><time>2026-08-27T08:41:58Z</time></trkpt><trkpt lat="47.4435417820" lon="10.9579635970"><ele>1496.87</ele><time>2026-08-27T08:41:59Z</time></trkpt><trkpt lat="47.4434624892" lon="10.9581908304"><ele>1495.79</ele><time>2026-08-27T08:42:01Z</time></trkpt><trkpt lat="47.4434247706" lon="10.9583189897"><ele>1495.43</ele><time>2026-08-27T08:42:02Z</time></trkpt><trkpt lat="47.4433839507" lon="10.9584292956"><ele>1495.23</ele><time>2026-08-27T08:42:03Z</time></trkpt><trkpt lat="47.4433435500" lon="10.9584970213"><ele>1495.04</ele><time>2026-08-27T08:42:04Z</time></trkpt><trkpt lat="47.4432945158" lon="10.9585429542"><ele>1494.88</ele><time>2026-08-27T08:42:05Z</time></trkpt><trkpt lat="47.4432422966" lon="10.9585756436"><ele>1494.80</ele><time>2026-08-27T08:42:06Z</time></trkpt><trkpt lat="47.4431949388" lon="10.9585963469"><ele>1494.80</ele><time>2026-08-27T08:42:07Z</time></trkpt><trkpt lat="47.4431484193" lon="10.9586225823"><ele>1494.81</ele><time>2026-08-27T08:42:08Z</time></trkpt><trkpt lat="47.4431064259" lon="10.9586585406"><ele>1494.81</ele><time>2026-08-27T08:42:09Z</time></trkpt><trkpt lat="47.4430327490" lon="10.9587386716"><ele>1494.84</ele><time>2026-08-27T08:42:11Z</time></trkpt><trkpt lat="47.4430042505" lon="10.9587849397"><ele>1494.86</ele><time>2026-08-27T08:42:12Z</time></trkpt><trkpt lat="47.4429806136" lon="10.9588464629"><ele>1494.87</ele><time>2026-08-27T08:42:13Z</time></trkpt><trkpt lat="47.4429437332" lon="10.9589832556"><ele>1494.85</ele><time>2026-08-27T08:42:15Z</time></trkpt><trkpt lat="47.4429324176" lon="10.9590526577"><ele>1494.83</ele><time>2026-08-27T08:42:16Z</time></trkpt><trkpt lat="47.4429235328" lon="10.9591200482"><ele>1494.77</ele><time>2026-08-27T08:42:17Z</time></trkpt><trkpt lat="47.4429111276" lon="10.9592860099"><ele>1494.59</ele><time>2026-08-27T08:42:19Z</time></trkpt><trkpt lat="47.4428910110" lon="10.9593687393"><ele>1494.51</ele><time>2026-08-27T08:42:20Z</time></trkpt><trkpt lat="47.4428602494" lon="10.9594388958"><ele>1494.36</ele><time>2026-08-27T08:42:21Z</time></trkpt><trkpt lat="47.4428148195" lon="10.9595007543"><ele>1494.13</ele><time>2026-08-27T08:42:22Z</time></trkpt><trkpt lat="47.4427595828" lon="10.9595433343"><ele>1493.83</ele><time>2026-08-27T08:42:23Z</time></trkpt><trkpt lat="47.4426993169" lon="10.9595802985"><ele>1493.43</ele><time>2026-08-27T08:42:24Z</time></trkpt><trkpt lat="47.4425029289" lon="10.9597137384"><ele>1491.59</ele><time>2026-08-27T08:42:27Z</time></trkpt><trkpt lat="47.4424448423" lon="10.9597753454"><ele>1490.70</ele><time>2026-08-27T08:42:28Z</time></trkpt><trkpt lat="47.4423989933" lon="10.9598423168"><ele>1489.74</ele><time>2026-08-27T08:42:29Z</time></trkpt><trkpt lat="47.4422773719" lon="10.9600566421"><ele>1487.50</ele><time>2026-08-27T08:42:32Z</time></trkpt><trkpt lat="47.4422345404" lon="10.9601109568"><ele>1487.25</ele><time>2026-08-27T08:42:33Z</time></trkpt><trkpt lat="47.4421929661" lon="10.9601498488"><ele>1487.12</ele><time>2026-08-27T08:42:34Z</time></trkpt><trkpt lat="47.4421460275" lon="10.9601620026"><ele>1486.95</ele><time>2026-08-27T08:42:35Z</time></trkpt><trkpt lat="47.4420929700" lon="10.9601560514"><ele>1486.65</ele><time>2026-08-27T08:42:36Z</time></trkpt><trkpt lat="47.4420376495" lon="10.9601354320"><ele>1486.36</ele><time>2026-08-27T08:42:37Z</time></trkpt><trkpt lat="47.4419801496" lon="10.9601077717"><ele>1486.01</ele><time>2026-08-27T08:42:38Z</time></trkpt><trkpt lat="47.4416369945" lon="10.9599014930"><ele>1482.79</ele><time>2026-08-27T08:42:43Z</time></trkpt><trkpt lat="47.4413852021" lon="10.9597685561"><ele>1479.53</ele><time>2026-08-27T08:42:46Z</time></trkpt><trkpt lat="47.4410770833" lon="10.9595943801"><ele>1476.41</ele><time>2026-08-27T08:42:50Z</time></trkpt><trkpt lat="47.4410127103" lon="10.9595529735"><ele>1476.18</ele><time>2026-08-27T08:42:51Z</time></trkpt><trkpt lat="47.4407964572" lon="10.9594142530"><ele>1475.11</ele><time>2026-08-27T08:42:55Z</time></trkpt><trkpt lat="47.4406936951" lon="10.9593393188"><ele>1474.69</ele><time>2026-08-27T08:42:57Z</time></trkpt><trkpt lat="47.4406506121" lon="10.9593333676"><ele>1474.38</ele><time>2026-08-27T08:42:58Z</time></trkpt><trkpt lat="47.4406155758" lon="10.9593482874"><ele>1474.11</ele><time>2026-08-27T08:42:59Z</time></trkpt><trkpt lat="47.4405849818" lon="10.9593802225"><ele>1473.94</ele><time>2026-08-27T08:43:00Z</time></trkpt><trkpt lat="47.4405601714" lon="10.9594204556"><ele>1473.82</ele><time>2026-08-27T08:43:01Z</time></trkpt><trkpt lat="47.4405422341" lon="10.9594554082"><ele>1473.72</ele><time>2026-08-27T08:43:02Z</time></trkpt><trkpt lat="47.4405092932" lon="10.9595311806"><ele>1472.91</ele><time>2026-08-27T08:43:07Z</time></trkpt><trkpt lat="47.4405044317" lon="10.9595320188"><ele>1472.49</ele><time>2026-08-27T08:43:37Z</time></trkpt><trkpt lat="47.4405060243" lon="10.9595551528"><ele>1472.82</ele><time>2026-08-27T08:44:12Z</time></trkpt><trkpt lat="47.4404991511" lon="10.9595752694"><ele>1472.82</ele><time>2026-08-27T08:44:15Z</time></trkpt><trkpt lat="47.4404507875" lon="10.9597046860"><ele>1472.82</ele><time>2026-08-27T08:44:18Z</time></trkpt><trkpt lat="47.4404180143" lon="10.9597661253"><ele>1472.82</ele><time>2026-08-27T08:44:19Z</time></trkpt><trkpt lat="47.4403701536" lon="10.9598265588"><ele>1472.65</ele><time>2026-08-27T08:44:20Z</time></trkpt><trkpt lat="47.4403098878" lon="10.9598635230"><ele>1472.13</ele><time>2026-08-27T08:44:21Z</time></trkpt><trkpt lat="47.4402386416" lon="10.9598740842"><ele>1471.43</ele><time>2026-08-27T08:44:22Z</time></trkpt><trkpt lat="47.4401646294" lon="10.9598626010"><ele>1470.75</ele><time>2026-08-27T08:44:23Z</time></trkpt><trkpt lat="47.4400970712" lon="10.9598367009"><ele>1470.02</ele><time>2026-08-27T08:44:24Z</time></trkpt><trkpt lat="47.4400376435" lon="10.9598141536"><ele>1469.19</ele><time>2026-08-27T08:44:25Z</time></trkpt><trkpt lat="47.4399876874" lon="10.9597993176"><ele>1468.29</ele><time>2026-08-27T08:44:26Z</time></trkpt><trkpt lat="47.4399466161" lon="10.9597838949"><ele>1467.38</ele><time>2026-08-27T08:44:27Z</time></trkpt><trkpt lat="47.4399200454" lon="10.9597574919"><ele>1466.51</ele><time>2026-08-27T08:44:28Z</time></trkpt><trkpt lat="47.4398876913" lon="10.9597020037"><ele>1465.46</ele><time>2026-08-27T08:44:30Z</time></trkpt><trkpt lat="47.4398855120" lon="10.9596692305"><ele>1464.90</ele><time>2026-08-27T08:44:31Z</time></trkpt><trkpt lat="47.4398854282" lon="10.9596121497"><ele>1464.38</ele><time>2026-08-27T08:44:33Z</time></trkpt><trkpt lat="47.4398746993" lon="10.9595916979"><ele>1464.07</ele><time>2026-08-27T08:44:34Z</time></trkpt><trkpt lat="47.4398554210" lon="10.9595887642"><ele>1463.76</ele><time>2026-08-27T08:44:35Z</time></trkpt><trkpt lat="47.4398425128" lon="10.9595978167"><ele>1463.46</ele><time>2026-08-27T08:44:36Z</time></trkpt><trkpt lat="47.4398415908" lon="10.9596227109"><ele>1463.64</ele><time>2026-08-27T08:44:42Z</time></trkpt><trkpt lat="47.4398456141" lon="10.9596204478"><ele>1463.34</ele><time>2026-08-27T08:44:56Z</time></trkpt><trkpt lat="47.4398570973" lon="10.9596051089"><ele>1463.22</ele><time>2026-08-27T08:45:26Z</time></trkpt><trkpt lat="47.4398586899" lon="10.9595981520"><ele>1463.65</ele><time>2026-08-27T08:45:55Z</time></trkpt><trkpt lat="47.4398727715" lon="10.9595864173"><ele>1463.65</ele><time>2026-08-27T08:46:39Z</time></trkpt><trkpt lat="47.4398714304" lon="10.9595885966"><ele>1463.65</ele><time>2026-08-27T08:46:50Z</time></trkpt><trkpt lat="47.4398676585" lon="10.9595733415"><ele>1463.65</ele><time>2026-08-27T08:46:57Z</time></trkpt><trkpt lat="47.4398596957" lon="10.9595415741"><ele>1463.65</ele><time>2026-08-27T08:46:58Z</time></trkpt><trkpt lat="47.4398526549" lon="10.9594972339"><ele>1463.65</ele><time>2026-08-27T08:46:59Z</time></trkpt><trkpt lat="47.4398469552" lon="10.9594332799"><ele>1463.65</ele><time>2026-08-27T08:47:00Z</time></trkpt><trkpt lat="47.4398464523" lon="10.9593539033"><ele>1463.50</ele><time>2026-08-27T08:47:01Z</time></trkpt><trkpt lat="47.4398530740" lon="10.9592620376"><ele>1462.98</ele><time>2026-08-27T08:47:02Z</time></trkpt><trkpt lat="47.4398770463" lon="10.9591666516"><ele>1462.10</ele><time>2026-08-27T08:47:03Z</time></trkpt><trkpt lat="47.4399045389" lon="10.9590772167"><ele>1461.03</ele><time>2026-08-27T08:47:04Z</time></trkpt><trkpt lat="47.4399056286" lon="10.9589787293"><ele>1460.03</ele><time>2026-08-27T08:47:05Z</time></trkpt><trkpt lat="47.4398688320" lon="10.9588883724"><ele>1459.13</ele><time>2026-08-27T08:47:06Z</time></trkpt><trkpt lat="47.4398054648" lon="10.9588224068"><ele>1458.24</ele><time>2026-08-27T08:47:07Z</time></trkpt><trkpt lat="47.4397229869" lon="10.9587873705"><ele>1457.41</ele><time>2026-08-27T08:47:08Z</time></trkpt><trkpt lat="47.4396368209" lon="10.9587580338"><ele>1456.53</ele><time>2026-08-27T08:47:09Z</time></trkpt><trkpt lat="47.4394671712" lon="10.9586932417"><ele>1454.28</ele><time>2026-08-27T08:47:11Z</time></trkpt><trkpt lat="47.4393927399" lon="10.9586319700"><ele>1453.06</ele><time>2026-08-27T08:47:12Z</time></trkpt><trkpt lat="47.4393256847" lon="10.9585555270"><ele>1451.99</ele><time>2026-08-27T08:47:13Z</time></trkpt><trkpt lat="47.4392767344" lon="10.9584613983"><ele>1451.31</ele><time>2026-08-27T08:47:14Z</time></trkpt><trkpt lat="47.4392450508" lon="10.9583572112"><ele>1450.96</ele><time>2026-08-27T08:47:15Z</time></trkpt><trkpt lat="47.4392229225" lon="10.9582512639"><ele>1450.79</ele><time>2026-08-27T08:47:16Z</time></trkpt><trkpt lat="47.4391915742" lon="10.9581502620"><ele>1450.70</ele><time>2026-08-27T08:47:17Z</time></trkpt><trkpt lat="47.4391428754" lon="10.9580598213"><ele>1450.68</ele><time>2026-08-27T08:47:18Z</time></trkpt><trkpt lat="47.4390806817" lon="10.9579782654"><ele>1450.66</ele><time>2026-08-27T08:47:19Z</time></trkpt><trkpt lat="47.4390071724" lon="10.9579014033"><ele>1450.65</ele><time>2026-08-27T08:47:20Z</time></trkpt><trkpt lat="47.4389229342" lon="10.9578336775"><ele>1450.30</ele><time>2026-08-27T08:47:21Z</time></trkpt><trkpt lat="47.4388303980" lon="10.9577811230"><ele>1449.72</ele><time>2026-08-27T08:47:22Z</time></trkpt><trkpt lat="47.4387357663" lon="10.9577493556"><ele>1448.69</ele><time>2026-08-27T08:47:23Z</time></trkpt><trkpt lat="47.4386425596" lon="10.9577340167"><ele>1447.33</ele><time>2026-08-27T08:47:24Z</time></trkpt><trkpt lat="47.4385544658" lon="10.9577119723"><ele>1446.03</ele><time>2026-08-27T08:47:25Z</time></trkpt><trkpt lat="47.4384720717" lon="10.9576614294"><ele>1444.90</ele><time>2026-08-27T08:47:26Z</time></trkpt><trkpt lat="47.4383900966" lon="10.9575820528"><ele>1443.95</ele><time>2026-08-27T08:47:27Z</time></trkpt><trkpt lat="47.4383003265" lon="10.9575004969"><ele>1443.16</ele><time>2026-08-27T08:47:28Z</time></trkpt><trkpt lat="47.4382040184" lon="10.9574288316"><ele>1442.27</ele><time>2026-08-27T08:47:29Z</time></trkpt><trkpt lat="47.4380155932" lon="10.9572758619"><ele>1439.58</ele><time>2026-08-27T08:47:31Z</time></trkpt><trkpt lat="47.4379296787" lon="10.9571794700"><ele>1438.01</ele><time>2026-08-27T08:47:32Z</time></trkpt><trkpt lat="47.4376985896" lon="10.9568491392"><ele>1433.74</ele><time>2026-08-27T08:47:35Z</time></trkpt><trkpt lat="47.4374726135" lon="10.9564556926"><ele>1429.39</ele><time>2026-08-27T08:47:38Z</time></trkpt><trkpt lat="47.4372830987" lon="10.9561979491"><ele>1426.26</ele><time>2026-08-27T08:47:40Z</time></trkpt><trkpt lat="47.4371879641" lon="10.9560645092"><ele>1424.77</ele><time>2026-08-27T08:47:41Z</time></trkpt><trkpt lat="47.4369196594" lon="10.9556469228"><ele>1420.36</ele><time>2026-08-27T08:47:44Z</time></trkpt><trkpt lat="47.4368194118" lon="10.9555280674"><ele>1418.89</ele><time>2026-08-27T08:47:45Z</time></trkpt><trkpt lat="47.4367096089" lon="10.9554222878"><ele>1417.51</ele><time>2026-08-27T08:47:46Z</time></trkpt><trkpt lat="47.4364799447" lon="10.9552365448"><ele>1414.00</ele><time>2026-08-27T08:47:48Z</time></trkpt><trkpt lat="47.4361232109" lon="10.9550111555"><ele>1410.74</ele><time>2026-08-27T08:47:51Z</time></trkpt><trkpt lat="47.4357700814" lon="10.9548582695"><ele>1408.18</ele><time>2026-08-27T08:47:54Z</time></trkpt><trkpt lat="47.4356864300" lon="10.9548011050"><ele>1407.62</ele><time>2026-08-27T08:47:55Z</time></trkpt><trkpt lat="47.4356246553" lon="10.9547318704"><ele>1407.34</ele><time>2026-08-27T08:47:56Z</time></trkpt><trkpt lat="47.4355783872" lon="10.9546467103"><ele>1407.19</ele><time>2026-08-27T08:47:57Z</time></trkpt><trkpt lat="47.4355458654" lon="10.9545518272"><ele>1407.12</ele><time>2026-08-27T08:47:58Z</time></trkpt><trkpt lat="47.4355210550" lon="10.9544509929"><ele>1407.09</ele><time>2026-08-27T08:47:59Z</time></trkpt><trkpt lat="47.4354877789" lon="10.9543582890"><ele>1407.08</ele><time>2026-08-27T08:48:00Z</time></trkpt><trkpt lat="47.4354353081" lon="10.9542969335"><ele>1407.07</ele><time>2026-08-27T08:48:01Z</time></trkpt><trkpt lat="47.4353678338" lon="10.9542662557"><ele>1406.99</ele><time>2026-08-27T08:48:02Z</time></trkpt><trkpt lat="47.4353009462" lon="10.9542388469"><ele>1406.80</ele><time>2026-08-27T08:48:03Z</time></trkpt><trkpt lat="47.4352468830" lon="10.9541857895"><ele>1406.50</ele><time>2026-08-27T08:48:04Z</time></trkpt><trkpt lat="47.4352137744" lon="10.9541080054"><ele>1406.07</ele><time>2026-08-27T08:48:05Z</time></trkpt><trkpt lat="47.4351929035" lon="10.9540277068"><ele>1405.48</ele><time>2026-08-27T08:48:06Z</time></trkpt><trkpt lat="47.4351881258" lon="10.9539625794"><ele>1404.73</ele><time>2026-08-27T08:48:07Z</time></trkpt><trkpt lat="47.4351910595" lon="10.9539204184"><ele>1403.91</ele><time>2026-08-27T08:48:08Z</time></trkpt><trkpt lat="47.4352032971" lon="10.9538919199"><ele>1401.69</ele><time>2026-08-27T08:48:12Z</time></trkpt><trkpt lat="47.4352217373" lon="10.9539785888"><ele>1401.66</ele><time>2026-08-27T08:48:19Z</time></trkpt><trkpt lat="47.4352431949" lon="10.9540728852"><ele>1402.65</ele><time>2026-08-27T08:48:28Z</time></trkpt><trkpt lat="47.4352471344" lon="10.9540846199"><ele>1402.67</ele><time>2026-08-27T08:48:39Z</time></trkpt><trkpt lat="47.4352413509" lon="10.9540841170"><ele>1402.70</ele><time>2026-08-27T08:49:08Z</time></trkpt><trkpt lat="47.4352272693" lon="10.9540584683"><ele>1402.75</ele><time>2026-08-27T08:49:41Z</time></trkpt><trkpt lat="47.4352550134" lon="10.9540424589"><ele>1403.13</ele><time>2026-08-27T08:50:11Z</time></trkpt><trkpt lat="47.4352263473" lon="10.9540821053"><ele>1403.30</ele><time>2026-08-27T08:51:01Z</time></trkpt><trkpt lat="47.4352333043" lon="10.9541117772"><ele>1403.55</ele><time>2026-08-27T08:52:44Z</time></trkpt><trkpt lat="47.4352169596" lon="10.9540747292"><ele>1403.55</ele><time>2026-08-27T08:54:51Z</time></trkpt><trkpt lat="47.4352540076" lon="10.9540981986"><ele>1403.55</ele><time>2026-08-27T08:56:17Z</time></trkpt><trkpt lat="47.4352315441" lon="10.9540472366"><ele>1403.55</ele><time>2026-08-27T08:57:41Z</time></trkpt><trkpt lat="47.4352417700" lon="10.9540480748"><ele>1403.55</ele><time>2026-08-27T08:58:16Z</time></trkpt><trkpt lat="47.4352354836" lon="10.9540371783"><ele>1403.55</ele><time>2026-08-27T09:00:02Z</time></trkpt><trkpt lat="47.4352566060" lon="10.9540652577"><ele>1403.55</ele><time>2026-08-27T09:01:27Z</time></trkpt><trkpt lat="47.4352267664" lon="10.9540857095"><ele>1403.55</ele><time>2026-08-27T09:03:07Z</time></trkpt><trkpt lat="47.4352289457" lon="10.9541057423"><ele>1403.55</ele><time>2026-08-27T09:04:25Z</time></trkpt><trkpt lat="47.4352342263" lon="10.9541006293"><ele>1403.55</ele><time>2026-08-27T09:04:45Z</time></trkpt><trkpt lat="47.4352297839" lon="10.9541095141"><ele>1403.55</ele><time>2026-08-27T09:05:07Z</time></trkpt><trkpt lat="47.4352018721" lon="10.9541386832"><ele>1403.55</ele><time>2026-08-27T09:05:36Z</time></trkpt><trkpt lat="47.4351875391" lon="10.9541455563"><ele>1403.55</ele><time>2026-08-27T09:06:10Z</time></trkpt><trkpt lat="47.4352011178" lon="10.9541350789"><ele>1403.55</ele><time>2026-08-27T09:06:25Z</time></trkpt><trkpt lat="47.4351960048" lon="10.9541302174"><ele>1403.55</ele><time>2026-08-27T09:06:37Z</time></trkpt><trkpt lat="47.4351895507" lon="10.9541240986"><ele>1403.55</ele><time>2026-08-27T09:06:38Z</time></trkpt><trkpt lat="47.4351664167" lon="10.9541137051"><ele>1403.55</ele><time>2026-08-27T09:06:39Z</time></trkpt><trkpt lat="47.4351290334" lon="10.9540529363"><ele>1403.55</ele><time>2026-08-27T09:06:41Z</time></trkpt><trkpt lat="47.4351217411" lon="10.9539965261"><ele>1403.55</ele><time>2026-08-27T09:06:42Z</time></trkpt><trkpt lat="47.4351209030" lon="10.9539251123"><ele>1403.58</ele><time>2026-08-27T09:06:43Z</time></trkpt><trkpt lat="47.4351090007" lon="10.9538458195"><ele>1403.60</ele><time>2026-08-27T09:06:44Z</time></trkpt><trkpt lat="47.4350697733" lon="10.9537745733"><ele>1403.61</ele><time>2026-08-27T09:06:45Z</time></trkpt><trkpt lat="47.4350052327" lon="10.9537278861"><ele>1403.59</ele><time>2026-08-27T09:06:46Z</time></trkpt><trkpt lat="47.4349310528" lon="10.9537064284"><ele>1402.95</ele><time>2026-08-27T09:06:47Z</time></trkpt><trkpt lat="47.4348626565" lon="10.9537155647"><ele>1402.18</ele><time>2026-08-27T09:06:48Z</time></trkpt><trkpt lat="47.4347920809" lon="10.9537605755"><ele>1401.22</ele><time>2026-08-27T09:06:49Z</time></trkpt><trkpt lat="47.4347159732" lon="10.9538378567"><ele>1400.14</ele><time>2026-08-27T09:06:50Z</time></trkpt><trkpt lat="47.4346383568" lon="10.9539267048"><ele>1399.07</ele><time>2026-08-27T09:06:51Z</time></trkpt><trkpt lat="47.4344205111" lon="10.9541211650"><ele>1396.25</ele><time>2026-08-27T09:06:54Z</time></trkpt><trkpt lat="47.4343402125" lon="10.9541099332"><ele>1395.47</ele><time>2026-08-27T09:06:55Z</time></trkpt><trkpt lat="47.4342660327" lon="10.9540574625"><ele>1394.86</ele><time>2026-08-27T09:06:56Z</time></trkpt><trkpt lat="47.4342086166" lon="10.9539599810"><ele>1394.35</ele><time>2026-08-27T09:06:57Z</time></trkpt><trkpt lat="47.4341626838" lon="10.9538479988"><ele>1393.89</ele><time>2026-08-27T09:06:58Z</time></trkpt><trkpt lat="47.4341097940" lon="10.9537497628"><ele>1393.42</ele><time>2026-08-27T09:06:59Z</time></trkpt><trkpt lat="47.4340024218" lon="10.9536522813"><ele>1392.61</ele><time>2026-08-27T09:07:01Z</time></trkpt><trkpt lat="47.4339369591" lon="10.9536862280"><ele>1392.31</ele><time>2026-08-27T09:07:02Z</time></trkpt><trkpt lat="47.4338707421" lon="10.9537556302"><ele>1392.05</ele><time>2026-08-27T09:07:03Z</time></trkpt><trkpt lat="47.4338113982" lon="10.9538345039"><ele>1391.76</ele><time>2026-08-27T09:07:04Z</time></trkpt><trkpt lat="47.4337481149" lon="10.9539300576"><ele>1391.35</ele><time>2026-08-27T09:07:05Z</time></trkpt><trkpt lat="47.4336847477" lon="10.9540404473"><ele>1390.84</ele><time>2026-08-27T09:07:06Z</time></trkpt><trkpt lat="47.4334275909" lon="10.9544530045"><ele>1387.85</ele><time>2026-08-27T09:07:10Z</time></trkpt><trkpt lat="47.4333715998" lon="10.9545133542"><ele>1386.03</ele><time>2026-08-27T09:07:11Z</time></trkpt><trkpt lat="47.4333192129" lon="10.9545258433"><ele>1385.35</ele><time>2026-08-27T09:07:12Z</time></trkpt><trkpt lat="47.4332903791" lon="10.9544857778"><ele>1384.84</ele><time>2026-08-27T09:07:13Z</time></trkpt><trkpt lat="47.4332944024" lon="10.9544074070"><ele>1384.42</ele><time>2026-08-27T09:07:14Z</time></trkpt><trkpt lat="47.4333231524" lon="10.9543228336"><ele>1384.00</ele><time>2026-08-27T09:07:15Z</time></trkpt><trkpt lat="47.4333550874" lon="10.9542443790"><ele>1383.56</ele><time>2026-08-27T09:07:16Z</time></trkpt><trkpt lat="47.4334239028" lon="10.9540671855"><ele>1382.59</ele><time>2026-08-27T09:07:18Z</time></trkpt><trkpt lat="47.4334496353" lon="10.9539579693"><ele>1381.94</ele><time>2026-08-27T09:07:19Z</time></trkpt><trkpt lat="47.4335015193" lon="10.9537101164"><ele>1380.53</ele><time>2026-08-27T09:07:21Z</time></trkpt><trkpt lat="47.4335460272" lon="10.9535966255"><ele>1379.78</ele><time>2026-08-27T09:07:22Z</time></trkpt><trkpt lat="47.4336047005" lon="10.9534974676"><ele>1379.04</ele><time>2026-08-27T09:07:23Z</time></trkpt><trkpt lat="47.4336793832" lon="10.9534190129"><ele>1378.29</ele><time>2026-08-27T09:07:24Z</time></trkpt><trkpt lat="47.4337571673" lon="10.9533523768"><ele>1377.53</ele><time>2026-08-27T09:07:25Z</time></trkpt><trkpt lat="47.4338244740" lon="10.9532747604"><ele>1376.74</ele><time>2026-08-27T09:07:26Z</time></trkpt><trkpt lat="47.4338782858" lon="10.9531707410"><ele>1375.86</ele><time>2026-08-27T09:07:27Z</time></trkpt><trkpt lat="47.4339207821" lon="10.9530450124"><ele>1374.91</ele><time>2026-08-27T09:07:28Z</time></trkpt><trkpt lat="47.4339486938" lon="10.9529015981"><ele>1373.95</ele><time>2026-08-27T09:07:29Z</time></trkpt><trkpt lat="47.4339610990" lon="10.9527392406"><ele>1373.02</ele><time>2026-08-27T09:07:30Z</time></trkpt><trkpt lat="47.4339662120" lon="10.9525803197"><ele>1372.09</ele><time>2026-08-27T09:07:31Z</time></trkpt><trkpt lat="47.4339920282" lon="10.9521830175"><ele>1369.40</ele><time>2026-08-27T09:07:34Z</time></trkpt><trkpt lat="47.4339747615" lon="10.9520850331"><ele>1367.81</ele><time>2026-08-27T09:07:35Z</time></trkpt><trkpt lat="47.4339263979" lon="10.9520073328"><ele>1367.29</ele><time>2026-08-27T09:07:36Z</time></trkpt><trkpt lat="47.4338729214" lon="10.9519707877"><ele>1366.89</ele><time>2026-08-27T09:07:37Z</time></trkpt><trkpt lat="47.4338182714" lon="10.9519721288"><ele>1366.55</ele><time>2026-08-27T09:07:38Z</time></trkpt><trkpt lat="47.4337595142" lon="10.9520174749"><ele>1366.17</ele><time>2026-08-27T09:07:39Z</time></trkpt><trkpt lat="47.4337006733" lon="10.9520905651"><ele>1365.72</ele><time>2026-08-27T09:07:40Z</time></trkpt><trkpt lat="47.4336418323" lon="10.9521704447"><ele>1365.23</ele><time>2026-08-27T09:07:41Z</time></trkpt><trkpt lat="47.4334479589" lon="10.9524527472"><ele>1363.42</ele><time>2026-08-27T09:07:44Z</time></trkpt><trkpt lat="47.4333758745" lon="10.9525073972"><ele>1362.66</ele><time>2026-08-27T09:07:45Z</time></trkpt><trkpt lat="47.4333021138" lon="10.9525054693"><ele>1361.88</ele><time>2026-08-27T09:07:46Z</time></trkpt><trkpt lat="47.4332406744" lon="10.9524632245"><ele>1361.10</ele><time>2026-08-27T09:07:47Z</time></trkpt><trkpt lat="47.4331819173" lon="10.9524007794"><ele>1360.34</ele><time>2026-08-27T09:07:48Z</time></trkpt><trkpt lat="47.4327952601" lon="10.9520665091"><ele>1357.51</ele><time>2026-08-27T09:07:53Z</time></trkpt><trkpt lat="47.4327145424" lon="10.9519923292"><ele>1356.76</ele><time>2026-08-27T09:07:54Z</time></trkpt><trkpt lat="47.4326380994" lon="10.9518955182"><ele>1355.79</ele><time>2026-08-27T09:07:55Z</time></trkpt><trkpt lat="47.4325725529" lon="10.9517799318"><ele>1354.62</ele><time>2026-08-27T09:07:56Z</time></trkpt><trkpt lat="47.4325242732" lon="10.9516500961"><ele>1353.37</ele><time>2026-08-27T09:07:57Z</time></trkpt><trkpt lat="47.4324818607" lon="10.9515219368"><ele>1352.18</ele><time>2026-08-27T09:07:58Z</time></trkpt><trkpt lat="47.4323621672" lon="10.9511607606"><ele>1348.89</ele><time>2026-08-27T09:08:01Z</time></trkpt><trkpt lat="47.4323298130" lon="10.9510543942"><ele>1348.62</ele><time>2026-08-27T09:08:02Z</time></trkpt><trkpt lat="47.4322131369" lon="10.9506299347"><ele>1348.22</ele><time>2026-08-27T09:08:06Z</time></trkpt><trkpt lat="47.4321818724" lon="10.9505304415"><ele>1348.18</ele><time>2026-08-27T09:08:07Z</time></trkpt><trkpt lat="47.4321465846" lon="10.9504198842"><ele>1348.14</ele><time>2026-08-27T09:08:08Z</time></trkpt><trkpt lat="47.4321001489" lon="10.9503134340"><ele>1348.12</ele><time>2026-08-27T09:08:09Z</time></trkpt><trkpt lat="47.4320323393" lon="10.9502307046"><ele>1348.05</ele><time>2026-08-27T09:08:10Z</time></trkpt><trkpt lat="47.4319569021" lon="10.9501765575"><ele>1347.86</ele><time>2026-08-27T09:08:11Z</time></trkpt><trkpt lat="47.4318896793" lon="10.9501520824"><ele>1347.61</ele><time>2026-08-27T09:08:12Z</time></trkpt><trkpt lat="47.4318302516" lon="10.9501603805"><ele>1347.35</ele><time>2026-08-27T09:08:13Z</time></trkpt><trkpt lat="47.4317765236" lon="10.9501995239"><ele>1347.13</ele><time>2026-08-27T09:08:14Z</time></trkpt><trkpt lat="47.4317233823" lon="10.9502672497"><ele>1346.91</ele><time>2026-08-27T09:08:15Z</time></trkpt><trkpt lat="47.4316728394" lon="10.9503544215"><ele>1346.67</ele><time>2026-08-27T09:08:16Z</time></trkpt><trkpt lat="47.4316191953" lon="10.9504460357"><ele>1346.45</ele><time>2026-08-27T09:08:17Z</time></trkpt><trkpt lat="47.4315544870" lon="10.9505301062"><ele>1346.27</ele><time>2026-08-27T09:08:18Z</time></trkpt><trkpt lat="47.4314829055" lon="10.9505811520"><ele>1346.12</ele><time>2026-08-27T09:08:19Z</time></trkpt><trkpt lat="47.4314124137" lon="10.9506110754"><ele>1345.98</ele><time>2026-08-27T09:08:20Z</time></trkpt><trkpt lat="47.4313412514" lon="10.9506303538"><ele>1345.84</ele><time>2026-08-27T09:08:21Z</time></trkpt><trkpt lat="47.4312651437" lon="10.9506420046"><ele>1345.70</ele><time>2026-08-27T09:08:22Z</time></trkpt><trkpt lat="47.4311897065" lon="10.9506484587"><ele>1345.43</ele><time>2026-08-27T09:08:23Z</time></trkpt><trkpt lat="47.4311241601" lon="10.9506430104"><ele>1345.29</ele><time>2026-08-27T09:08:24Z</time></trkpt><trkpt lat="47.4310651515" lon="10.9506279230"><ele>1345.18</ele><time>2026-08-27T09:08:25Z</time></trkpt><trkpt lat="47.4310023710" lon="10.9506182838"><ele>1345.11</ele><time>2026-08-27T09:08:26Z</time></trkpt><trkpt lat="47.4309327174" lon="10.9506170265"><ele>1345.04</ele><time>2026-08-27T09:08:27Z</time></trkpt><trkpt lat="47.4308576155" lon="10.9506253246"><ele>1344.98</ele><time>2026-08-27T09:08:28Z</time></trkpt><trkpt lat="47.4307768978" lon="10.9506347962"><ele>1344.91</ele><time>2026-08-27T09:08:29Z</time></trkpt><trkpt lat="47.4306951743" lon="10.9506461117"><ele>1344.86</ele><time>2026-08-27T09:08:30Z</time></trkpt><trkpt lat="47.4305159692" lon="10.9506520629"><ele>1344.41</ele><time>2026-08-27T09:08:32Z</time></trkpt><trkpt lat="47.4304252770" lon="10.9506175295"><ele>1343.84</ele><time>2026-08-27T09:08:33Z</time></trkpt><trkpt lat="47.4303326569" lon="10.9505483788"><ele>1343.03</ele><time>2026-08-27T09:08:34Z</time></trkpt><trkpt lat="47.4302569684" lon="10.9504587762"><ele>1342.04</ele><time>2026-08-27T09:08:35Z</time></trkpt><trkpt lat="47.4301897455" lon="10.9503485542"><ele>1340.87</ele><time>2026-08-27T09:08:36Z</time></trkpt><trkpt lat="47.4301277194" lon="10.9502335545"><ele>1339.72</ele><time>2026-08-27T09:08:37Z</time></trkpt><trkpt lat="47.4300716445" lon="10.9501113463"><ele>1338.94</ele><time>2026-08-27T09:08:38Z</time></trkpt><trkpt lat="47.4300185870" lon="10.9499903955"><ele>1338.50</ele><time>2026-08-27T09:08:39Z</time></trkpt><trkpt lat="47.4299713131" lon="10.9498622362"><ele>1338.20</ele><time>2026-08-27T09:08:40Z</time></trkpt><trkpt lat="47.4299159925" lon="10.9497536905"><ele>1337.89</ele><time>2026-08-27T09:08:41Z</time></trkpt><trkpt lat="47.4298487697" lon="10.9496666025"><ele>1337.50</ele><time>2026-08-27T09:08:42Z</time></trkpt><trkpt lat="47.4297828041" lon="10.9496008046"><ele>1337.15</ele><time>2026-08-27T09:08:43Z</time></trkpt><trkpt lat="47.4296539742" lon="10.9495297261"><ele>1336.58</ele><time>2026-08-27T09:08:46Z</time></trkpt><trkpt lat="47.4296116456" lon="10.9495214280"><ele>1336.52</ele><time>2026-08-27T09:08:47Z</time></trkpt><trkpt lat="47.4295674730" lon="10.9495244455"><ele>1336.51</ele><time>2026-08-27T09:08:48Z</time></trkpt><trkpt lat="47.4295306765" lon="10.9495284688"><ele>1336.50</ele><time>2026-08-27T09:08:49Z</time></trkpt><trkpt lat="47.4294901919" lon="10.9495288040"><ele>1336.50</ele><time>2026-08-27T09:08:50Z</time></trkpt><trkpt lat="47.4294359609" lon="10.9495208412"><ele>1336.44</ele><time>2026-08-27T09:08:51Z</time></trkpt><trkpt lat="47.4293845799" lon="10.9494937677"><ele>1336.34</ele><time>2026-08-27T09:08:52Z</time></trkpt><trkpt lat="47.4293347076" lon="10.9494624194"><ele>1336.17</ele><time>2026-08-27T09:08:53Z</time></trkpt><trkpt lat="47.4292855896" lon="10.9494190849"><ele>1335.96</ele><time>2026-08-27T09:08:54Z</time></trkpt><trkpt lat="47.4292382319" lon="10.9493651893"><ele>1335.80</ele><time>2026-08-27T09:08:55Z</time></trkpt><trkpt lat="47.4291107431" lon="10.9492160752"><ele>1335.43</ele><time>2026-08-27T09:08:58Z</time></trkpt><trkpt lat="47.4290599488" lon="10.9491715673"><ele>1335.29</ele><time>2026-08-27T09:08:59Z</time></trkpt><trkpt lat="47.4290158600" lon="10.9491077811"><ele>1335.16</ele><time>2026-08-27T09:09:00Z</time></trkpt><trkpt lat="47.4289928935" lon="10.9490274824"><ele>1334.99</ele><time>2026-08-27T09:09:01Z</time></trkpt><trkpt lat="47.4289928935" lon="10.9489465132"><ele>1334.76</ele><time>2026-08-27T09:09:02Z</time></trkpt><trkpt lat="47.4290233199" lon="10.9488639515"><ele>1334.41</ele><time>2026-08-27T09:09:03Z</time></trkpt><trkpt lat="47.4290716834" lon="10.9487869218"><ele>1333.96</ele><time>2026-08-27T09:09:04Z</time></trkpt><trkpt lat="47.4291207176" lon="10.9487104788"><ele>1333.40</ele><time>2026-08-27T09:09:05Z</time></trkpt><trkpt lat="47.4291976634" lon="10.9485678189"><ele>1331.94</ele><time>2026-08-27T09:09:07Z</time></trkpt><trkpt lat="47.4292071350" lon="10.9484994225"><ele>1331.06</ele><time>2026-08-27T09:09:08Z</time></trkpt><trkpt lat="47.4292008486" lon="10.9484173637"><ele>1330.17</ele><time>2026-08-27T09:09:09Z</time></trkpt><trkpt lat="47.4291812349" lon="10.9483394120"><ele>1328.32</ele><time>2026-08-27T09:09:10Z</time></trkpt><trkpt lat="47.4291566759" lon="10.9482687525"><ele>1327.30</ele><time>2026-08-27T09:09:11Z</time></trkpt><trkpt lat="47.4291151017" lon="10.9482257534"><ele>1326.38</ele><time>2026-08-27T09:09:12Z</time></trkpt><trkpt lat="47.4290585238" lon="10.9482188802"><ele>1325.55</ele><time>2026-08-27T09:09:13Z</time></trkpt><trkpt lat="47.4289968330" lon="10.9482338838"><ele>1324.77</ele><time>2026-08-27T09:09:14Z</time></trkpt><trkpt lat="47.4289319571" lon="10.9482623823"><ele>1323.98</ele><time>2026-08-27T09:09:15Z</time></trkpt><trkpt lat="47.4288592022" lon="10.9482959099"><ele>1323.05</ele><time>2026-08-27T09:09:16Z</time></trkpt><trkpt lat="47.4287784006" lon="10.9483203012"><ele>1321.93</ele><time>2026-08-27T09:09:17Z</time></trkpt><trkpt lat="47.4286838528" lon="10.9483365621"><ele>1320.73</ele><time>2026-08-27T09:09:18Z</time></trkpt><trkpt lat="47.4285851140" lon="10.9483303595"><ele>1319.48</ele><time>2026-08-27T09:09:19Z</time></trkpt><trkpt lat="47.4284835253" lon="10.9482867736"><ele>1318.15</ele><time>2026-08-27T09:09:20Z</time></trkpt><trkpt lat="47.4283840321" lon="10.9482291061"><ele>1316.74</ele><time>2026-08-27T09:09:21Z</time></trkpt><trkpt lat="47.4282867182" lon="10.9481689241"><ele>1315.26</ele><time>2026-08-27T09:09:22Z</time></trkpt><trkpt lat="47.4281915836" lon="10.9480962530"><ele>1313.73</ele><time>2026-08-27T09:09:23Z</time></trkpt><trkpt lat="47.4280941021" lon="10.9480227437"><ele>1312.05</ele><time>2026-08-27T09:09:24Z</time></trkpt><trkpt lat="47.4279986322" lon="10.9479390085"><ele>1310.22</ele><time>2026-08-27T09:09:25Z</time></trkpt><trkpt lat="47.4279183336" lon="10.9478500765"><ele>1308.47</ele><time>2026-08-27T09:09:26Z</time></trkpt><trkpt lat="47.4277649447" lon="10.9476621542"><ele>1305.35</ele><time>2026-08-27T09:09:28Z</time></trkpt><trkpt lat="47.4276821315" lon="10.9475778323"><ele>1303.90</ele><time>2026-08-27T09:09:29Z</time></trkpt><trkpt lat="47.4275962170" lon="10.9475101065"><ele>1302.56</ele><time>2026-08-27T09:09:30Z</time></trkpt><trkpt lat="47.4275161698" lon="10.9474562109"><ele>1301.17</ele><time>2026-08-27T09:09:31Z</time></trkpt><trkpt lat="47.4274554849" lon="10.9474012256"><ele>1299.58</ele><time>2026-08-27T09:09:32Z</time></trkpt><trkpt lat="47.4273994099" lon="10.9473608248"><ele>1297.92</ele><time>2026-08-27T09:09:33Z</time></trkpt><trkpt lat="47.4273263197" lon="10.9473469947"><ele>1296.42</ele><time>2026-08-27T09:09:34Z</time></trkpt><trkpt lat="47.4272426683" lon="10.9473405406"><ele>1295.14</ele><time>2026-08-27T09:09:35Z</time></trkpt><trkpt lat="47.4271519762" lon="10.9473423846"><ele>1292.92</ele><time>2026-08-27T09:09:36Z</time></trkpt><trkpt lat="47.4270503037" lon="10.9473286383"><ele>1291.67</ele><time>2026-08-27T09:09:37Z</time></trkpt><trkpt lat="47.4269449431" lon="10.9473107010"><ele>1290.18</ele><time>2026-08-27T09:09:38Z</time></trkpt><trkpt lat="47.4267459568" lon="10.9472695459"><ele>1286.81</ele><time>2026-08-27T09:09:40Z</time></trkpt><trkpt lat="47.4265815876" lon="10.9472041670"><ele>1283.59</ele><time>2026-08-27T09:09:42Z</time></trkpt><trkpt lat="47.4265195616" lon="10.9471422248"><ele>1282.16</ele><time>2026-08-27T09:09:43Z</time></trkpt><trkpt lat="47.4264815915" lon="10.9470680449"><ele>1280.88</ele><time>2026-08-27T09:09:44Z</time></trkpt><trkpt lat="47.4264648277" lon="10.9469765984"><ele>1279.65</ele><time>2026-08-27T09:09:45Z</time></trkpt><trkpt lat="47.4264646601" lon="10.9468699805"><ele>1278.50</ele><time>2026-08-27T09:09:46Z</time></trkpt><trkpt lat="47.4264779873" lon="10.9467591718"><ele>1277.39</ele><time>2026-08-27T09:09:47Z</time></trkpt><trkpt lat="47.4265020434" lon="10.9466551524"><ele>1276.28</ele><time>2026-08-27T09:09:48Z</time></trkpt><trkpt lat="47.4265188072" lon="10.9465418290"><ele>1275.07</ele><time>2026-08-27T09:09:49Z</time></trkpt><trkpt lat="47.4265338108" lon="10.9464293439"><ele>1273.82</ele><time>2026-08-27T09:09:50Z</time></trkpt><trkpt lat="47.4265593756" lon="10.9461022820"><ele>1270.17</ele><time>2026-08-27T09:09:53Z</time></trkpt><trkpt lat="47.4265809171" lon="10.9459985979"><ele>1268.90</ele><time>2026-08-27T09:09:54Z</time></trkpt><trkpt lat="47.4266113434" lon="10.9459003620"><ele>1267.69</ele><time>2026-08-27T09:09:55Z</time></trkpt><trkpt lat="47.4266507383" lon="10.9458006173"><ele>1266.41</ele><time>2026-08-27T09:09:56Z</time></trkpt><trkpt lat="47.4266949110" lon="10.9457048960"><ele>1265.01</ele><time>2026-08-27T09:09:57Z</time></trkpt><trkpt lat="47.4267837591" lon="10.9455358330"><ele>1261.96</ele><time>2026-08-27T09:09:59Z</time></trkpt><trkpt lat="47.4268148560" lon="10.9454595577"><ele>1259.31</ele><time>2026-08-27T09:10:00Z</time></trkpt><trkpt lat="47.4268288538" lon="10.9453856293"><ele>1258.14</ele><time>2026-08-27T09:10:01Z</time></trkpt><trkpt lat="47.4268256687" lon="10.9453221783"><ele>1257.00</ele><time>2026-08-27T09:10:02Z</time></trkpt><trkpt lat="47.4268087372" lon="10.9452681150"><ele>1255.96</ele><time>2026-08-27T09:10:03Z</time></trkpt><trkpt lat="47.4267871119" lon="10.9452201705"><ele>1255.09</ele><time>2026-08-27T09:10:04Z</time></trkpt><trkpt lat="47.4267581105" lon="10.9451805241"><ele>1254.36</ele><time>2026-08-27T09:10:05Z</time></trkpt><trkpt lat="47.4267225713" lon="10.9451292269"><ele>1253.83</ele><time>2026-08-27T09:10:06Z</time></trkpt><trkpt lat="47.4266861938" lon="10.9450889099"><ele>1253.43</ele><time>2026-08-27T09:10:07Z</time></trkpt><trkpt lat="47.4264592957" lon="10.9448511153"><ele>1251.42</ele><time>2026-08-27T09:10:12Z</time></trkpt><trkpt lat="47.4262028933" lon="10.9444793779"><ele>1248.81</ele><time>2026-08-27T09:10:17Z</time></trkpt><trkpt lat="47.4261358380" lon="10.9444300923"><ele>1248.34</ele><time>2026-08-27T09:10:18Z</time></trkpt><trkpt lat="47.4260642566" lon="10.9444041084"><ele>1247.81</ele><time>2026-08-27T09:10:19Z</time></trkpt><trkpt lat="47.4259956088" lon="10.9443816449"><ele>1247.33</ele><time>2026-08-27T09:10:20Z</time></trkpt><trkpt lat="47.4259285536" lon="10.9443517216"><ele>1247.03</ele><time>2026-08-27T09:10:21Z</time></trkpt><trkpt lat="47.4258616660" lon="10.9443046991"><ele>1246.86</ele><time>2026-08-27T09:10:22Z</time></trkpt><trkpt lat="47.4258113746" lon="10.9442279208"><ele>1246.76</ele><time>2026-08-27T09:10:23Z</time></trkpt><trkpt lat="47.4257725663" lon="10.9441394079"><ele>1246.65</ele><time>2026-08-27T09:10:24Z</time></trkpt><trkpt lat="47.4257383682" lon="10.9440486319"><ele>1246.61</ele><time>2026-08-27T09:10:25Z</time></trkpt><trkpt lat="47.4257090315" lon="10.9439545870"><ele>1246.55</ele><time>2026-08-27T09:10:26Z</time></trkpt><trkpt lat="47.4256827123" lon="10.9438568540"><ele>1246.44</ele><time>2026-08-27T09:10:27Z</time></trkpt><trkpt lat="47.4256614223" lon="10.9437528346"><ele>1246.25</ele><time>2026-08-27T09:10:28Z</time></trkpt><trkpt lat="47.4256510288" lon="10.9436422773"><ele>1245.99</ele><time>2026-08-27T09:10:29Z</time></trkpt><trkpt lat="47.4256510288" lon="10.9434238449"><ele>1245.40</ele><time>2026-08-27T09:10:31Z</time></trkpt><trkpt lat="47.4256629311" lon="10.9433112759"><ele>1245.05</ele><time>2026-08-27T09:10:32Z</time></trkpt><trkpt lat="47.4256877415" lon="10.9431971982"><ele>1244.63</ele><time>2026-08-27T09:10:33Z</time></trkpt><trkpt lat="47.4257221911" lon="10.9430847131"><ele>1244.11</ele><time>2026-08-27T09:10:34Z</time></trkpt><trkpt lat="47.4257685430" lon="10.9429728147"><ele>1243.51</ele><time>2026-08-27T09:10:35Z</time></trkpt><trkpt lat="47.4258188345" lon="10.9428632632"><ele>1242.79</ele><time>2026-08-27T09:10:36Z</time></trkpt><trkpt lat="47.4258648511" lon="10.9427460842"><ele>1241.90</ele><time>2026-08-27T09:10:37Z</time></trkpt><trkpt lat="47.4259012286" lon="10.9426290728"><ele>1241.01</ele><time>2026-08-27T09:10:38Z</time></trkpt><trkpt lat="47.4259658530" lon="10.9423898533"><ele>1238.65</ele><time>2026-08-27T09:10:41Z</time></trkpt><trkpt lat="47.4259682838" lon="10.9423565771"><ele>1238.03</ele><time>2026-08-27T09:10:42Z</time></trkpt><trkpt lat="47.4259647634" lon="10.9423372988"><ele>1237.65</ele><time>2026-08-27T09:10:43Z</time></trkpt><trkpt lat="47.4259518553" lon="10.9423140809"><ele>1237.22</ele><time>2026-08-27T09:10:48Z</time></trkpt><trkpt lat="47.4259594828" lon="10.9423236363"><ele>1237.29</ele><time>2026-08-27T09:10:59Z</time></trkpt><trkpt lat="47.4259638414" lon="10.9423485305"><ele>1237.19</ele><time>2026-08-27T09:11:07Z</time></trkpt><trkpt lat="47.4259559624" lon="10.9423766937"><ele>1237.19</ele><time>2026-08-27T09:11:09Z</time></trkpt><trkpt lat="47.4259562977" lon="10.9424428269"><ele>1237.35</ele><time>2026-08-27T09:11:12Z</time></trkpt><trkpt lat="47.4259450659" lon="10.9424525499"><ele>1237.45</ele><time>2026-08-27T09:11:13Z</time></trkpt><trkpt lat="47.4259325769" lon="10.9424488619"><ele>1237.53</ele><time>2026-08-27T09:11:14Z</time></trkpt><trkpt lat="47.4259158969" lon="10.9424002469"><ele>1237.62</ele><time>2026-08-27T09:11:16Z</time></trkpt><trkpt lat="47.4258141406" lon="10.9421063773"><ele>1237.04</ele><time>2026-08-27T09:11:23Z</time></trkpt><trkpt lat="47.4257057626" lon="10.9417999350"><ele>1234.82</ele><time>2026-08-27T09:11:29Z</time></trkpt><trkpt lat="47.4256617576" lon="10.9416022897"><ele>1233.18</ele><time>2026-08-27T09:11:34Z</time></trkpt><trkpt lat="47.4256497715" lon="10.9415774792"><ele>1232.71</ele><time>2026-08-27T09:11:41Z</time></trkpt><trkpt lat="47.4256646913" lon="10.9415882919"><ele>1232.61</ele><time>2026-08-27T09:11:51Z</time></trkpt><trkpt lat="47.4256912619" lon="10.9415971767"><ele>1232.65</ele><time>2026-08-27T09:11:59Z</time></trkpt><trkpt lat="47.4257040024" lon="10.9415998589"><ele>1232.64</ele><time>2026-08-27T09:12:00Z</time></trkpt><trkpt lat="47.4257226102" lon="10.9416008648"><ele>1232.58</ele><time>2026-08-27T09:12:01Z</time></trkpt><trkpt lat="47.4257454090" lon="10.9415955003"><ele>1232.54</ele><time>2026-08-27T09:12:02Z</time></trkpt><trkpt lat="47.4257648550" lon="10.9415795747"><ele>1232.51</ele><time>2026-08-27T09:12:03Z</time></trkpt><trkpt lat="47.4257798586" lon="10.9415611345"><ele>1232.47</ele><time>2026-08-27T09:12:04Z</time></trkpt><trkpt lat="47.4257892463" lon="10.9415411856"><ele>1232.39</ele><time>2026-08-27T09:12:05Z</time></trkpt><trkpt lat="47.4257982150" lon="10.9415129386"><ele>1232.33</ele><time>2026-08-27T09:12:06Z</time></trkpt><trkpt lat="47.4258042499" lon="10.9414784890"><ele>1232.28</ele><time>2026-08-27T09:12:07Z</time></trkpt><trkpt lat="47.4258079380" lon="10.9414378367"><ele>1232.23</ele><time>2026-08-27T09:12:08Z</time></trkpt><trkpt lat="47.4258040823" lon="10.9413898923"><ele>1232.18</ele><time>2026-08-27T09:12:09Z</time></trkpt><trkpt lat="47.4257877376" lon="10.9413380083"><ele>1232.09</ele><time>2026-08-27T09:12:10Z</time></trkpt><trkpt lat="47.4257594906" lon="10.9412852861"><ele>1231.94</ele><time>2026-08-27T09:12:11Z</time></trkpt><trkpt lat="47.4257262144" lon="10.9412284568"><ele>1231.71</ele><time>2026-08-27T09:12:12Z</time></trkpt><trkpt lat="47.4255245458" lon="10.9408278018"><ele>1229.93</ele><time>2026-08-27T09:12:17Z</time></trkpt><trkpt lat="47.4254924431" lon="10.9407147299"><ele>1229.33</ele><time>2026-08-27T09:12:18Z</time></trkpt><trkpt lat="47.4254398886" lon="10.9404628538"><ele>1227.94</ele><time>2026-08-27T09:12:20Z</time></trkpt><trkpt lat="47.4254274834" lon="10.9403227083"><ele>1227.20</ele><time>2026-08-27T09:12:21Z</time></trkpt><trkpt lat="47.4253541417" lon="10.9397339635"><ele>1223.59</ele><time>2026-08-27T09:12:25Z</time></trkpt><trkpt lat="47.4253092986" lon="10.9395945724"><ele>1222.54</ele><time>2026-08-27T09:12:26Z</time></trkpt><trkpt lat="47.4251547363" lon="10.9391779918"><ele>1219.00</ele><time>2026-08-27T09:12:29Z</time></trkpt><trkpt lat="47.4248858448" lon="10.9384527896"><ele>1215.36</ele><time>2026-08-27T09:12:34Z</time></trkpt><trkpt lat="47.4246643111" lon="10.9378485382"><ele>1211.65</ele><time>2026-08-27T09:12:38Z</time></trkpt><trkpt lat="47.4243727885" lon="10.9370676801"><ele>1207.82</ele><time>2026-08-27T09:12:43Z</time></trkpt><trkpt lat="47.4241175596" lon="10.9364292305"><ele>1203.78</ele><time>2026-08-27T09:12:47Z</time></trkpt><trkpt lat="47.4239161424" lon="10.9359404817"><ele>1199.61</ele><time>2026-08-27T09:12:50Z</time></trkpt><trkpt lat="47.4236988835" lon="10.9354540799"><ele>1196.45</ele><time>2026-08-27T09:12:53Z</time></trkpt><trkpt lat="47.4234697223" lon="10.9349690191"><ele>1193.01</ele><time>2026-08-27T09:12:56Z</time></trkpt><trkpt lat="47.4232378788" lon="10.9344796836"><ele>1189.80</ele><time>2026-08-27T09:12:59Z</time></trkpt><trkpt lat="47.4230050296" lon="10.9339846484"><ele>1186.66</ele><time>2026-08-27T09:13:02Z</time></trkpt><trkpt lat="47.4227660615" lon="10.9334823210"><ele>1183.32</ele><time>2026-08-27T09:13:05Z</time></trkpt><trkpt lat="47.4224483036" lon="10.9327973519"><ele>1179.23</ele><time>2026-08-27T09:13:09Z</time></trkpt><trkpt lat="47.4222020432" lon="10.9322799370"><ele>1175.25</ele><time>2026-08-27T09:13:12Z</time></trkpt><trkpt lat="47.4220398534" lon="10.9319278970"><ele>1170.97</ele><time>2026-08-27T09:13:14Z</time></trkpt><trkpt lat="47.4217962753" lon="10.9314030223"><ele>1166.93</ele><time>2026-08-27T09:13:17Z</time></trkpt><trkpt lat="47.4215189181" lon="10.9309304506"><ele>1163.46</ele><time>2026-08-27T09:13:20Z</time></trkpt><trkpt lat="47.4210996553" lon="10.9304272011"><ele>1160.02</ele><time>2026-08-27T09:13:24Z</time></trkpt><trkpt lat="47.4206513911" lon="10.9300256241"><ele>1156.97</ele><time>2026-08-27T09:13:28Z</time></trkpt><trkpt lat="47.4203241616" lon="10.9297405556"><ele>1153.74</ele><time>2026-08-27T09:13:31Z</time></trkpt><trkpt lat="47.4198479019" lon="10.9291445184"><ele>1150.93</ele><time>2026-08-27T09:13:36Z</time></trkpt><trkpt lat="47.4196008034" lon="10.9287367389"><ele>1147.73</ele><time>2026-08-27T09:13:39Z</time></trkpt><trkpt lat="47.4194201734" lon="10.9285012074"><ele>1146.17</ele><time>2026-08-27T09:13:41Z</time></trkpt><trkpt lat="47.4193214346" lon="10.9284059051"><ele>1145.57</ele><time>2026-08-27T09:13:42Z</time></trkpt><trkpt lat="47.4192173313" lon="10.9283229243"><ele>1145.13</ele><time>2026-08-27T09:13:43Z</time></trkpt><trkpt lat="47.4191104621" lon="10.9282563720"><ele>1144.72</ele><time>2026-08-27T09:13:44Z</time></trkpt><trkpt lat="47.4190039281" lon="10.9282055777"><ele>1144.23</ele><time>2026-08-27T09:13:45Z</time></trkpt><trkpt lat="47.4188945442" lon="10.9281729721"><ele>1143.65</ele><time>2026-08-27T09:13:46Z</time></trkpt><trkpt lat="47.4187848251" lon="10.9281525202"><ele>1142.97</ele><time>2026-08-27T09:13:47Z</time></trkpt><trkpt lat="47.4186756089" lon="10.9281424619"><ele>1142.24</ele><time>2026-08-27T09:13:48Z</time></trkpt><trkpt lat="47.4180544261" lon="10.9282018058"><ele>1140.00</ele><time>2026-08-27T09:13:54Z</time></trkpt><trkpt lat="47.4174301419" lon="10.9282930009"><ele>1136.75</ele><time>2026-08-27T09:14:00Z</time></trkpt><trkpt lat="47.4169754237" lon="10.9282800090"><ele>1132.83</ele><time>2026-08-27T09:14:04Z</time></trkpt><trkpt lat="47.4166049436" lon="10.9281824436"><ele>1129.72</ele><time>2026-08-27T09:14:07Z</time></trkpt><trkpt lat="47.4162217230" lon="10.9279925935"><ele>1126.50</ele><time>2026-08-27T09:14:10Z</time></trkpt><trkpt lat="47.4158442020" lon="10.9277058486"><ele>1121.99</ele><time>2026-08-27T09:14:13Z</time></trkpt><trkpt lat="47.4155892245" lon="10.9274957143"><ele>1118.98</ele><time>2026-08-27T09:14:15Z</time></trkpt><trkpt lat="47.4153331574" lon="10.9272788744"><ele>1115.92</ele><time>2026-08-27T09:14:17Z</time></trkpt><trkpt lat="47.4149397947" lon="10.9269526508"><ele>1111.47</ele><time>2026-08-27T09:14:20Z</time></trkpt><trkpt lat="47.4145409837" lon="10.9266385809"><ele>1107.10</ele><time>2026-08-27T09:14:23Z</time></trkpt><trkpt lat="47.4142718408" lon="10.9264506586"><ele>1103.89</ele><time>2026-08-27T09:14:25Z</time></trkpt><trkpt lat="47.4140038714" lon="10.9262713697"><ele>1098.84</ele><time>2026-08-27T09:14:27Z</time></trkpt><trkpt lat="47.4137359858" lon="10.9260998759"><ele>1095.82</ele><time>2026-08-27T09:14:29Z</time></trkpt><trkpt lat="47.4133244343" lon="10.9258329123"><ele>1092.42</ele><time>2026-08-27T09:14:32Z</time></trkpt><trkpt lat="47.4129062612" lon="10.9255697206"><ele>1088.52</ele><time>2026-08-27T09:14:35Z</time></trkpt><trkpt lat="47.4125126470" lon="10.9252519626"><ele>1084.35</ele><time>2026-08-27T09:14:38Z</time></trkpt><trkpt lat="47.4121766165" lon="10.9248201270"><ele>1079.83</ele><time>2026-08-27T09:14:41Z</time></trkpt><trkpt lat="47.4118760414" lon="10.9243240021"><ele>1075.41</ele><time>2026-08-27T09:14:44Z</time></trkpt><trkpt lat="47.4115673359" lon="10.9238169808"><ele>1071.62</ele><time>2026-08-27T09:14:47Z</time></trkpt><trkpt lat="47.4112573732" lon="10.9233032539"><ele>1067.97</ele><time>2026-08-27T09:14:50Z</time></trkpt><trkpt lat="47.4111502524" lon="10.9231346939"><ele>1064.74</ele><time>2026-08-27T09:14:51Z</time></trkpt><trkpt lat="47.4107910879" lon="10.9226919618"><ele>1060.25</ele><time>2026-08-27T09:14:54Z</time></trkpt><trkpt lat="47.4105475098" lon="10.9224522393"><ele>1057.03</ele><time>2026-08-27T09:14:56Z</time></trkpt><trkpt lat="47.4103367887" lon="10.9222346451"><ele>1053.76</ele><time>2026-08-27T09:14:58Z</time></trkpt><trkpt lat="47.4102486949" lon="10.9221160412"><ele>1052.39</ele><time>2026-08-27T09:14:59Z</time></trkpt><trkpt lat="47.4101740960" lon="10.9220008738"><ele>1051.36</ele><time>2026-08-27T09:15:00Z</time></trkpt><trkpt lat="47.4101144169" lon="10.9218954295"><ele>1050.50</ele><time>2026-08-27T09:15:01Z</time></trkpt><trkpt lat="47.4100719206" lon="10.9218074195"><ele>1049.72</ele><time>2026-08-27T09:15:02Z</time></trkpt><trkpt lat="47.4100337829" lon="10.9217356704"><ele>1049.03</ele><time>2026-08-27T09:15:03Z</time></trkpt><trkpt lat="47.4099909514" lon="10.9216843732"><ele>1048.48</ele><time>2026-08-27T09:15:04Z</time></trkpt><trkpt lat="47.4099428393" lon="10.9216510132"><ele>1048.10</ele><time>2026-08-27T09:15:05Z</time></trkpt><trkpt lat="47.4098960683" lon="10.9216230176"><ele>1047.85</ele><time>2026-08-27T09:15:06Z</time></trkpt><trkpt lat="47.4098570086" lon="10.9215956088"><ele>1047.65</ele><time>2026-08-27T09:15:07Z</time></trkpt><trkpt lat="47.4097748660" lon="10.9215442277"><ele>1046.11</ele><time>2026-08-27T09:15:11Z</time></trkpt><trkpt lat="47.4096388277" lon="10.9215248656"><ele>1043.97</ele><time>2026-08-27T09:15:19Z</time></trkpt><trkpt lat="47.4096135143" lon="10.9215239435"><ele>1042.40</ele><time>2026-08-27T09:15:26Z</time></trkpt><trkpt lat="47.4096239079" lon="10.9215262905"><ele>1041.44</ele><time>2026-08-27T09:15:59Z</time></trkpt><trkpt lat="47.4096137658" lon="10.9215315711"><ele>1041.04</ele><time>2026-08-27T09:16:14Z</time></trkpt><trkpt lat="47.4095545895" lon="10.9215436410"><ele>1040.99</ele><time>2026-08-27T09:16:16Z</time></trkpt><trkpt lat="47.4093421083" lon="10.9215122089"><ele>1040.06</ele><time>2026-08-27T09:16:20Z</time></trkpt><trkpt lat="47.4090492446" lon="10.9214102849"><ele>1037.19</ele><time>2026-08-27T09:16:24Z</time></trkpt><trkpt lat="47.4089686945" lon="10.9213603288"><ele>1036.42</ele><time>2026-08-27T09:16:25Z</time></trkpt><trkpt lat="47.4088871386" lon="10.9212979674"><ele>1035.73</ele><time>2026-08-27T09:16:26Z</time></trkpt><trkpt lat="47.4088113662" lon="10.9212208539"><ele>1034.96</ele><time>2026-08-27T09:16:27Z</time></trkpt><trkpt lat="47.4087364320" lon="10.9211362805"><ele>1033.07</ele><time>2026-08-27T09:16:28Z</time></trkpt><trkpt lat="47.4085068516" lon="10.9208714962"><ele>1029.96</ele><time>2026-08-27T09:16:31Z</time></trkpt><trkpt lat="47.4081053585" lon="10.9203762095"><ele>1026.11</ele><time>2026-08-27T09:16:36Z</time></trkpt><trkpt lat="47.4078424182" lon="10.9200988524"><ele>1022.77</ele><time>2026-08-27T09:16:39Z</time></trkpt><trkpt lat="47.4074705970" lon="10.9197568707"><ele>1018.98</ele><time>2026-08-27T09:16:43Z</time></trkpt><trkpt lat="47.4072598759" lon="10.9195646737"><ele>1016.83</ele><time>2026-08-27T09:16:46Z</time></trkpt><trkpt lat="47.4071494862" lon="10.9194886498"><ele>1015.24</ele><time>2026-08-27T09:16:49Z</time></trkpt><trkpt lat="47.4070638232" lon="10.9194509313"><ele>1014.60</ele><time>2026-08-27T09:16:55Z</time></trkpt><trkpt lat="47.4070448801" lon="10.9194393642"><ele>1014.27</ele><time>2026-08-27T09:16:58Z</time></trkpt><trkpt lat="47.4070322234" lon="10.9194311500"><ele>1014.22</ele><time>2026-08-27T09:16:59Z</time></trkpt><trkpt lat="47.4068849534" lon="10.9193207603"><ele>1013.26</ele><time>2026-08-27T09:17:05Z</time></trkpt><trkpt lat="47.4067997094" lon="10.9192387015"><ele>1012.62</ele><time>2026-08-27T09:17:08Z</time></trkpt><trkpt lat="47.4067610689" lon="10.9192216024"><ele>1012.40</ele><time>2026-08-27T09:17:09Z</time></trkpt><trkpt lat="47.4065557960" lon="10.9191276412"><ele>1010.70</ele><time>2026-08-27T09:17:14Z</time></trkpt><trkpt lat="47.4062377866" lon="10.9190543834"><ele>1007.93</ele><time>2026-08-27T09:17:22Z</time></trkpt><trkpt lat="47.4061480165" lon="10.9190283157"><ele>1007.19</ele><time>2026-08-27T09:17:24Z</time></trkpt><trkpt lat="47.4059969746" lon="10.9189303312"><ele>1006.14</ele><time>2026-08-27T09:17:27Z</time></trkpt><trkpt lat="47.4059478566" lon="10.9188750945"><ele>1005.85</ele><time>2026-08-27T09:17:28Z</time></trkpt><trkpt lat="47.4056599382" lon="10.9185461048"><ele>1002.95</ele><time>2026-08-27T09:17:35Z</time></trkpt><trkpt lat="47.4056020193" lon="10.9184658900"><ele>1002.14</ele><time>2026-08-27T09:17:37Z</time></trkpt><trkpt lat="47.4055865128" lon="10.9184240643"><ele>1001.84</ele><time>2026-08-27T09:17:38Z</time></trkpt><trkpt lat="47.4055554997" lon="10.9183686599"><ele>1000.60</ele><time>2026-08-27T09:17:42Z</time></trkpt><trkpt lat="47.4055571761" lon="10.9183720127"><ele>999.87</ele><time>2026-08-27T09:17:49Z</time></trkpt><trkpt lat="47.4055576790" lon="10.9183779638"><ele>999.03</ele><time>2026-08-27T09:18:13Z</time></trkpt><trkpt lat="47.4055474531" lon="10.9183896985"><ele>994.75</ele><time>2026-08-27T09:18:45Z</time></trkpt><trkpt lat="47.4055469502" lon="10.9183900338"><ele>996.53</ele><time>2026-08-27T09:18:46Z</time></trkpt><trkpt lat="47.4055456091" lon="10.9183899499"><ele>998.14</ele><time>2026-08-27T09:18:49Z</time></trkpt><trkpt lat="47.4055333715" lon="10.9183355514"><ele>998.38</ele><time>2026-08-27T09:19:08Z</time></trkpt><trkpt lat="47.4055319466" lon="10.9183198772"><ele>998.38</ele><time>2026-08-27T09:19:09Z</time></trkpt><trkpt lat="47.4055306893" lon="10.9183007665"><ele>998.38</ele><time>2026-08-27T09:19:10Z</time></trkpt><trkpt lat="47.4055275880" lon="10.9182835836"><ele>998.43</ele><time>2026-08-27T09:19:11Z</time></trkpt><trkpt lat="47.4055246543" lon="10.9182660654"><ele>998.49</ele><time>2026-08-27T09:19:12Z</time></trkpt><trkpt lat="47.4054586049" lon="10.9181907121"><ele>998.34</ele><time>2026-08-27T09:19:19Z</time></trkpt><trkpt lat="47.4054453615" lon="10.9181985911"><ele>998.26</ele><time>2026-08-27T09:19:20Z</time></trkpt><trkpt lat="47.4054210540" lon="10.9182421770"><ele>998.08</ele><time>2026-08-27T09:19:26Z</time></trkpt><trkpt lat="47.4054106604" lon="10.9182621259"><ele>998.08</ele><time>2026-08-27T09:19:27Z</time></trkpt><trkpt lat="47.4053982552" lon="10.9182892833"><ele>998.08</ele><time>2026-08-27T09:19:28Z</time></trkpt><trkpt lat="47.4053871911" lon="10.9183227271"><ele>998.08</ele><time>2026-08-27T09:19:29Z</time></trkpt><trkpt lat="47.4053730257" lon="10.9183515608"><ele>998.07</ele><time>2026-08-27T09:19:30Z</time></trkpt><trkpt lat="47.4053483829" lon="10.9183850884"><ele>998.06</ele><time>2026-08-27T09:19:31Z</time></trkpt><trkpt lat="47.4051410984" lon="10.9186654631"><ele>997.93</ele><time>2026-08-27T09:19:39Z</time></trkpt><trkpt lat="47.4048503302" lon="10.9188703168"><ele>997.95</ele><time>2026-08-27T09:19:47Z</time></trkpt><trkpt lat="47.4044640083" lon="10.9190602507"><ele>998.50</ele><time>2026-08-27T09:19:57Z</time></trkpt><trkpt lat="47.4040032551" lon="10.9192649368"><ele>998.62</ele><time>2026-08-27T09:20:09Z</time></trkpt><trkpt lat="47.4035108183" lon="10.9194607381"><ele>997.71</ele><time>2026-08-27T09:20:21Z</time></trkpt><trkpt lat="47.4031239934" lon="10.9196349978"><ele>998.13</ele><time>2026-08-27T09:20:30Z</time></trkpt><trkpt lat="47.4027999490" lon="10.9197016340"><ele>997.99</ele><time>2026-08-27T09:20:38Z</time></trkpt><trkpt lat="47.4025028106" lon="10.9196667653"><ele>998.27</ele><time>2026-08-27T09:20:46Z</time></trkpt><trkpt lat="47.4021622539" lon="10.9196326509"><ele>998.74</ele><time>2026-08-27T09:20:55Z</time></trkpt><trkpt lat="47.4018253852" lon="10.9196919110"><ele>998.54</ele><time>2026-08-27T09:21:03Z</time></trkpt><trkpt lat="47.4014809728" lon="10.9197761491"><ele>998.66</ele><time>2026-08-27T09:21:13Z</time></trkpt><trkpt lat="47.4012523983" lon="10.9196531028"><ele>1000.08</ele><time>2026-08-27T09:21:21Z</time></trkpt><trkpt lat="47.4010970816" lon="10.9196192399"><ele>1001.10</ele><time>2026-08-27T09:21:27Z</time></trkpt><trkpt lat="47.4008658249" lon="10.9194393642"><ele>1002.39</ele><time>2026-08-27T09:21:36Z</time></trkpt><trkpt lat="47.4006698560" lon="10.9192310739"><ele>1004.05</ele><time>2026-08-27T09:21:45Z</time></trkpt><trkpt lat="47.4005160481" lon="10.9190076962"><ele>1004.80</ele><time>2026-08-27T09:21:52Z</time></trkpt><trkpt lat="47.4002632499" lon="10.9185363818"><ele>1004.34</ele><time>2026-08-27T09:22:03Z</time></trkpt><trkpt lat="47.4001229368" lon="10.9183459450"><ele>1004.32</ele><time>2026-08-27T09:22:09Z</time></trkpt><trkpt lat="47.4000458233" lon="10.9182760399"><ele>1005.44</ele><time>2026-08-27T09:22:16Z</time></trkpt><trkpt lat="47.4000468291" lon="10.9182670712"><ele>1005.48</ele><time>2026-08-27T09:22:24Z</time></trkpt><trkpt lat="47.4000446498" lon="10.9182659816"><ele>1004.99</ele><time>2026-08-27T09:22:34Z</time></trkpt><trkpt lat="47.4000369385" lon="10.9182789735"><ele>1005.28</ele><time>2026-08-27T09:22:50Z</time></trkpt><trkpt lat="47.3999973759" lon="10.9182613716"><ele>1005.06</ele><time>2026-08-27T09:22:54Z</time></trkpt><trkpt lat="47.3999772593" lon="10.9182485472"><ele>1005.07</ele><time>2026-08-27T09:22:55Z</time></trkpt><trkpt lat="47.3999538738" lon="10.9182394948"><ele>1005.14</ele><time>2026-08-27T09:22:56Z</time></trkpt><trkpt lat="47.3999302369" lon="10.9182291850"><ele>1005.22</ele><time>2026-08-27T09:22:57Z</time></trkpt><trkpt lat="47.3999020737" lon="10.9182104934"><ele>1005.27</ele><time>2026-08-27T09:22:58Z</time></trkpt><trkpt lat="47.3998682108" lon="10.9181896225"><ele>1005.34</ele><time>2026-08-27T09:22:59Z</time></trkpt><trkpt lat="47.3995658755" lon="10.9180897102"><ele>1006.36</ele><time>2026-08-27T09:23:08Z</time></trkpt><trkpt lat="47.3993691523" lon="10.9182449430"><ele>1006.86</ele><time>2026-08-27T09:23:15Z</time></trkpt><trkpt lat="47.3991270829" lon="10.9184145927"><ele>1008.33</ele><time>2026-08-27T09:23:24Z</time></trkpt><trkpt lat="47.3989371490" lon="10.9185355436"><ele>1009.41</ele><time>2026-08-27T09:23:31Z</time></trkpt><trkpt lat="47.3988275975" lon="10.9186335281"><ele>1009.70</ele><time>2026-08-27T09:23:35Z</time></trkpt><trkpt lat="47.3988133483" lon="10.9186809696"><ele>1009.87</ele><time>2026-08-27T09:23:36Z</time></trkpt><trkpt lat="47.3988069780" lon="10.9187332727"><ele>1010.02</ele><time>2026-08-27T09:23:37Z</time></trkpt><trkpt lat="47.3988063075" lon="10.9187849890"><ele>1010.20</ele><time>2026-08-27T09:23:38Z</time></trkpt><trkpt lat="47.3988123424" lon="10.9188413993"><ele>1010.43</ele><time>2026-08-27T09:23:39Z</time></trkpt><trkpt lat="47.3988232389" lon="10.9188875835"><ele>1010.68</ele><time>2026-08-27T09:23:40Z</time></trkpt><trkpt lat="47.3988408409" lon="10.9189361148"><ele>1010.84</ele><time>2026-08-27T09:23:41Z</time></trkpt><trkpt lat="47.3988628015" lon="10.9189791139"><ele>1010.93</ele><time>2026-08-27T09:23:42Z</time></trkpt><trkpt lat="47.3988867737" lon="10.9191152360"><ele>1010.93</ele><time>2026-08-27T09:23:45Z</time></trkpt><trkpt lat="47.3988694232" lon="10.9191471711"><ele>1010.92</ele><time>2026-08-27T09:23:46Z</time></trkpt><trkpt lat="47.3987220693" lon="10.9193469957"><ele>1011.32</ele><time>2026-08-27T09:23:53Z</time></trkpt><trkpt lat="47.3985621426" lon="10.9196324833"><ele>1011.97</ele><time>2026-08-27T09:24:01Z</time></trkpt><trkpt lat="47.3984479811" lon="10.9197924100"><ele>1012.51</ele><time>2026-08-27T09:24:07Z</time></trkpt><trkpt lat="47.3984192312" lon="10.9197877999"><ele>1012.68</ele><time>2026-08-27T09:24:08Z</time></trkpt><trkpt lat="47.3983884696" lon="10.9197877161"><ele>1012.81</ele><time>2026-08-27T09:24:09Z</time></trkpt><trkpt lat="47.3983612284" lon="10.9198048990"><ele>1012.90</ele><time>2026-08-27T09:24:10Z</time></trkpt><trkpt lat="47.3983363342" lon="10.9198449645"><ele>1012.95</ele><time>2026-08-27T09:24:11Z</time></trkpt><trkpt lat="47.3983193189" lon="10.9198882990"><ele>1013.01</ele><time>2026-08-27T09:24:12Z</time></trkpt><trkpt lat="47.3983080871" lon="10.9199362434"><ele>1013.08</ele><time>2026-08-27T09:24:13Z</time></trkpt><trkpt lat="47.3982994538" lon="10.9199837688"><ele>1013.19</ele><time>2026-08-27T09:24:14Z</time></trkpt><trkpt lat="47.3982011341" lon="10.9203411732"><ele>1014.05</ele><time>2026-08-27T09:24:22Z</time></trkpt><trkpt lat="47.3980619106" lon="10.9206428379"><ele>1015.21</ele><time>2026-08-27T09:24:31Z</time></trkpt><trkpt lat="47.3979174066" lon="10.9208935406"><ele>1015.91</ele><time>2026-08-27T09:24:39Z</time></trkpt><trkpt lat="47.3977180012" lon="10.9211874101"><ele>1017.05</ele><time>2026-08-27T09:24:49Z</time></trkpt><trkpt lat="47.3974881694" lon="10.9214560501"><ele>1018.47</ele><time>2026-08-27T09:24:59Z</time></trkpt><trkpt lat="47.3973608483" lon="10.9215980396"><ele>1018.93</ele><time>2026-08-27T09:25:05Z</time></trkpt><trkpt lat="47.3972322699" lon="10.9217588883"><ele>1019.49</ele><time>2026-08-27T09:25:12Z</time></trkpt><trkpt lat="47.3971321899" lon="10.9218870476"><ele>1020.01</ele><time>2026-08-27T09:25:18Z</time></trkpt><trkpt lat="47.3969891109" lon="10.9220391791"><ele>1020.84</ele><time>2026-08-27T09:25:25Z</time></trkpt><trkpt lat="47.3968260828" lon="10.9222155344"><ele>1021.31</ele><time>2026-08-27T09:25:33Z</time></trkpt><trkpt lat="47.3966747057" lon="10.9223919734"><ele>1022.04</ele><time>2026-08-27T09:25:39Z</time></trkpt><trkpt lat="47.3964802455" lon="10.9226218890"><ele>1023.25</ele><time>2026-08-27T09:25:46Z</time></trkpt><trkpt lat="47.3962714523" lon="10.9228718374"><ele>1023.90</ele><time>2026-08-27T09:25:55Z</time></trkpt><trkpt lat="47.3961676843" lon="10.9230466001"><ele>1024.34</ele><time>2026-08-27T09:26:02Z</time></trkpt><trkpt lat="47.3961721268" lon="10.9230698179"><ele>1024.51</ele><time>2026-08-27T09:26:03Z</time></trkpt><trkpt lat="47.3961779941" lon="10.9230889287"><ele>1024.71</ele><time>2026-08-27T09:26:04Z</time></trkpt><trkpt lat="47.3962199874" lon="10.9231538884"><ele>1024.72</ele><time>2026-08-27T09:26:11Z</time></trkpt><trkpt lat="47.3962401040" lon="10.9231605101"><ele>1024.58</ele><time>2026-08-27T09:26:13Z</time></trkpt><trkpt lat="47.3962455522" lon="10.9231481049"><ele>1024.53</ele><time>2026-08-27T09:26:14Z</time></trkpt><trkpt lat="47.3962411936" lon="10.9231308382"><ele>1024.46</ele><time>2026-08-27T09:26:15Z</time></trkpt><trkpt lat="47.3962325603" lon="10.9231123142"><ele>1024.39</ele><time>2026-08-27T09:26:16Z</time></trkpt><trkpt lat="47.3962211609" lon="10.9230979811"><ele>1024.34</ele><time>2026-08-27T09:26:17Z</time></trkpt><trkpt lat="47.3962029722" lon="10.9230914433"><ele>1024.30</ele><time>2026-08-27T09:26:18Z</time></trkpt><trkpt lat="47.3961795028" lon="10.9230853245"><ele>1024.27</ele><time>2026-08-27T09:26:19Z</time></trkpt><trkpt lat="47.3961544409" lon="10.9230733383"><ele>1024.25</ele><time>2026-08-27T09:26:20Z</time></trkpt><trkpt lat="47.3961282894" lon="10.9230604302"><ele>1024.24</ele><time>2026-08-27T09:26:21Z</time></trkpt><trkpt lat="47.3961067479" lon="10.9230597597"><ele>1024.22</ele><time>2026-08-27T09:26:22Z</time></trkpt><trkpt lat="47.3960876372" lon="10.9230750147"><ele>1024.21</ele><time>2026-08-27T09:26:23Z</time></trkpt><trkpt lat="47.3960667662" lon="10.9230957180"><ele>1024.24</ele><time>2026-08-27T09:26:24Z</time></trkpt><trkpt lat="47.3960468173" lon="10.9231155831"><ele>1024.31</ele><time>2026-08-27T09:26:25Z</time></trkpt><trkpt lat="47.3960258625" lon="10.9231364541"><ele>1024.43</ele><time>2026-08-27T09:26:26Z</time></trkpt><trkpt lat="47.3958143871" lon="10.9233505279"><ele>1025.90</ele><time>2026-08-27T09:26:35Z</time></trkpt><trkpt lat="47.3955829628" lon="10.9235687926"><ele>1026.56</ele><time>2026-08-27T09:26:45Z</time></trkpt><trkpt lat="47.3954337649" lon="10.9238211717"><ele>1028.37</ele><time>2026-08-27T09:26:53Z</time></trkpt><trkpt lat="47.3953020014" lon="10.9242022969"><ele>1028.80</ele><time>2026-08-27T09:27:03Z</time></trkpt><trkpt lat="47.3952010833" lon="10.9245159477"><ele>1029.63</ele><time>2026-08-27T09:27:11Z</time></trkpt><trkpt lat="47.3951491155" lon="10.9248969052"><ele>1030.54</ele><time>2026-08-27T09:27:20Z</time></trkpt><trkpt lat="47.3951085471" lon="10.9251378849"><ele>1030.72</ele><time>2026-08-27T09:27:26Z</time></trkpt><trkpt lat="47.3950961418" lon="10.9254382923"><ele>1031.41</ele><time>2026-08-27T09:27:33Z</time></trkpt><trkpt lat="47.3950647097" lon="10.9259168990"><ele>1032.07</ele><time>2026-08-27T09:27:44Z</time></trkpt><trkpt lat="47.3950292543" lon="10.9262942523"><ele>1032.59</ele><time>2026-08-27T09:27:53Z</time></trkpt><trkpt lat="47.3949172720" lon="10.9265682567"><ele>1033.55</ele><time>2026-08-27T09:28:01Z</time></trkpt><trkpt lat="47.3947405815" lon="10.9266841784"><ele>1034.51</ele><time>2026-08-27T09:28:08Z</time></trkpt><trkpt lat="47.3945117556" lon="10.9268236533"><ele>1035.38</ele><time>2026-08-27T09:28:17Z</time></trkpt><trkpt lat="47.3942939937" lon="10.9269560035"><ele>1036.07</ele><time>2026-08-27T09:28:26Z</time></trkpt><trkpt lat="47.3940435424" lon="10.9271315206"><ele>1037.56</ele><time>2026-08-27T09:28:36Z</time></trkpt><trkpt lat="47.3938536923" lon="10.9273238014"><ele>1038.26</ele><time>2026-08-27T09:28:44Z</time></trkpt><trkpt lat="47.3936826177" lon="10.9275877476"><ele>1038.90</ele><time>2026-08-27T09:28:52Z</time></trkpt><trkpt lat="47.3934487626" lon="10.9278616682"><ele>1039.64</ele><time>2026-08-27T09:29:02Z</time></trkpt><trkpt lat="47.3932905123" lon="10.9280909970"><ele>1040.48</ele><time>2026-08-27T09:29:10Z</time></trkpt><trkpt lat="47.3931567371" lon="10.9284799173"><ele>1041.52</ele><time>2026-08-27T09:29:20Z</time></trkpt><trkpt lat="47.3930842336" lon="10.9287677519"><ele>1042.35</ele><time>2026-08-27T09:29:27Z</time></trkpt><trkpt lat="47.3929809686" lon="10.9290344641"><ele>1042.97</ele><time>2026-08-27T09:29:35Z</time></trkpt><trkpt lat="47.3928302620" lon="10.9291448537"><ele>1043.52</ele><time>2026-08-27T09:29:42Z</time></trkpt><trkpt lat="47.3926216364" lon="10.9292109869"><ele>1044.73</ele><time>2026-08-27T09:29:51Z</time></trkpt><trkpt lat="47.3924280144" lon="10.9292906150"><ele>1045.50</ele><time>2026-08-27T09:30:00Z</time></trkpt><trkpt lat="47.3922659084" lon="10.9294407349"><ele>1046.22</ele><time>2026-08-27T09:30:08Z</time></trkpt><trkpt lat="47.3921091668" lon="10.9297032561"><ele>1047.63</ele><time>2026-08-27T09:30:18Z</time></trkpt><trkpt lat="47.3919922393" lon="10.9300225228"><ele>1048.73</ele><time>2026-08-27T09:30:28Z</time></trkpt><trkpt lat="47.3919074144" lon="10.9303085133"><ele>1050.02</ele><time>2026-08-27T09:30:37Z</time></trkpt><trkpt lat="47.3918187339" lon="10.9305390157"><ele>1051.10</ele><time>2026-08-27T09:30:45Z</time></trkpt><trkpt lat="47.3917068355" lon="10.9307880420"><ele>1051.75</ele><time>2026-08-27T09:30:53Z</time></trkpt><trkpt lat="47.3916101921" lon="10.9309685882"><ele>1052.15</ele><time>2026-08-27T09:30:59Z</time></trkpt><trkpt lat="47.3914858885" lon="10.9312241524"><ele>1052.50</ele><time>2026-08-27T09:31:07Z</time></trkpt><trkpt lat="47.3913844675" lon="10.9313891921"><ele>1053.11</ele><time>2026-08-27T09:31:14Z</time></trkpt><trkpt lat="47.3912724853" lon="10.9315771982"><ele>1054.02</ele><time>2026-08-27T09:31:22Z</time></trkpt><trkpt lat="47.3911920190" lon="10.9317196067"><ele>1054.84</ele><time>2026-08-27T09:31:29Z</time></trkpt><trkpt lat="47.3910725769" lon="10.9318991471"><ele>1056.09</ele><time>2026-08-27T09:31:40Z</time></trkpt><trkpt lat="47.3909659591" lon="10.9321490116"><ele>1057.54</ele><time>2026-08-27T09:31:52Z</time></trkpt><trkpt lat="47.3908541445" lon="10.9324200824"><ele>1059.03</ele><time>2026-08-27T09:32:05Z</time></trkpt><trkpt lat="47.3907817248" lon="10.9325828589"><ele>1060.09</ele><time>2026-08-27T09:32:14Z</time></trkpt><trkpt lat="47.3906803876" lon="10.9328297060"><ele>1061.82</ele><time>2026-08-27T09:32:27Z</time></trkpt><trkpt lat="47.3905829899" lon="10.9330464620"><ele>1063.70</ele><time>2026-08-27T09:32:39Z</time></trkpt><trkpt lat="47.3905062117" lon="10.9332446102"><ele>1065.35</ele><time>2026-08-27T09:32:50Z</time></trkpt><trkpt lat="47.3904031143" lon="10.9334906191"><ele>1067.13</ele><time>2026-08-27T09:33:03Z</time></trkpt><trkpt lat="47.3903171998" lon="10.9336655494"><ele>1068.41</ele><time>2026-08-27T09:33:13Z</time></trkpt><trkpt lat="47.3901989311" lon="10.9339227062"><ele>1070.28</ele><time>2026-08-27T09:33:27Z</time></trkpt><trkpt lat="47.3900947440" lon="10.9341254644"><ele>1072.16</ele><time>2026-08-27T09:33:39Z</time></trkpt><trkpt lat="47.3899609689" lon="10.9343780950"><ele>1074.73</ele><time>2026-08-27T09:33:54Z</time></trkpt><trkpt lat="47.3898427840" lon="10.9345707111"><ele>1076.95</ele><time>2026-08-27T09:34:06Z</time></trkpt><trkpt lat="47.3897410277" lon="10.9347184002"><ele>1078.62</ele><time>2026-08-27T09:34:16Z</time></trkpt><trkpt lat="47.3896385171" lon="10.9348868765"><ele>1080.35</ele><time>2026-08-27T09:34:27Z</time></trkpt><trkpt lat="47.3895391915" lon="10.9350577835"><ele>1082.19</ele><time>2026-08-27T09:34:38Z</time></trkpt><trkpt lat="47.3894244432" lon="10.9352390002"><ele>1084.35</ele><time>2026-08-27T09:34:50Z</time></trkpt><trkpt lat="47.3893246148" lon="10.9353900421"><ele>1086.09</ele><time>2026-08-27T09:35:00Z</time></trkpt><trkpt lat="47.3891811166" lon="10.9355672356"><ele>1088.24</ele><time>2026-08-27T09:35:12Z</time></trkpt><trkpt lat="47.3891198449" lon="10.9356422536"><ele>1089.07</ele><time>2026-08-27T09:35:17Z</time></trkpt><trkpt lat="47.3889997322" lon="10.9357831534"><ele>1090.86</ele><time>2026-08-27T09:35:27Z</time></trkpt><trkpt lat="47.3888884205" lon="10.9359352011"><ele>1092.47</ele><time>2026-08-27T09:35:37Z</time></trkpt><trkpt lat="47.3887860775" lon="10.9360792022"><ele>1093.86</ele><time>2026-08-27T09:35:47Z</time></trkpt><trkpt lat="47.3886891827" lon="10.9362243768"><ele>1095.33</ele><time>2026-08-27T09:35:56Z</time></trkpt><trkpt lat="47.3885965627" lon="10.9363958705"><ele>1096.86</ele><time>2026-08-27T09:36:06Z</time></trkpt><trkpt lat="47.3885002546" lon="10.9366023168"><ele>1098.35</ele><time>2026-08-27T09:36:17Z</time></trkpt><trkpt lat="47.3884373903" lon="10.9367477428"><ele>1099.64</ele><time>2026-08-27T09:36:25Z</time></trkpt><trkpt lat="47.3883354664" lon="10.9369509201"><ele>1101.46</ele><time>2026-08-27T09:36:36Z</time></trkpt><trkpt lat="47.3882382363" lon="10.9371587913"><ele>1103.21</ele><time>2026-08-27T09:36:48Z</time></trkpt><trkpt lat="47.3881546687" lon="10.9373491444"><ele>1104.58</ele><time>2026-08-27T09:36:58Z</time></trkpt><trkpt lat="47.3880543374" lon="10.9375229012"><ele>1106.55</ele><time>2026-08-27T09:37:08Z</time></trkpt><trkpt lat="47.3880374897" lon="10.9375673253"><ele>1107.36</ele><time>2026-08-27T09:37:14Z</time></trkpt><trkpt lat="47.3880411778" lon="10.9375735279"><ele>1107.71</ele><time>2026-08-27T09:37:35Z</time></trkpt><trkpt lat="47.3880262580" lon="10.9375699237"><ele>1107.81</ele><time>2026-08-27T09:38:01Z</time></trkpt><trkpt lat="47.3880143557" lon="10.9375646431"><ele>1107.92</ele><time>2026-08-27T09:38:25Z</time></trkpt><trkpt lat="47.3880265094" lon="10.9375686664"><ele>1107.92</ele><time>2026-08-27T09:38:44Z</time></trkpt><trkpt lat="47.3880705982" lon="10.9375889506"><ele>1107.92</ele><time>2026-08-27T09:39:32Z</time></trkpt><trkpt lat="47.3880769685" lon="10.9375908785"><ele>1107.92</ele><time>2026-08-27T09:39:51Z</time></trkpt><trkpt lat="47.3880663235" lon="10.9375924710"><ele>1107.92</ele><time>2026-08-27T09:40:05Z</time></trkpt><trkpt lat="47.3880586121" lon="10.9376363084"><ele>1107.92</ele><time>2026-08-27T09:40:10Z</time></trkpt><trkpt lat="47.3880534153" lon="10.9376505576"><ele>1107.92</ele><time>2026-08-27T09:40:11Z</time></trkpt><trkpt lat="47.3879680876" lon="10.9378131665"><ele>1109.86</ele><time>2026-08-27T09:40:21Z</time></trkpt><trkpt lat="47.3879048880" lon="10.9379857499"><ele>1111.36</ele><time>2026-08-27T09:40:31Z</time></trkpt><trkpt lat="47.3878702708" lon="10.9381730016"><ele>1113.27</ele><time>2026-08-27T09:40:42Z</time></trkpt><trkpt lat="47.3878496513" lon="10.9382507019"><ele>1114.44</ele><time>2026-08-27T09:40:47Z</time></trkpt><trkpt lat="47.3878435325" lon="10.9382703993"><ele>1114.59</ele><time>2026-08-27T09:40:48Z</time></trkpt><trkpt lat="47.3877639882" lon="10.9384537954"><ele>1115.51</ele><time>2026-08-27T09:40:58Z</time></trkpt><trkpt lat="47.3877139483" lon="10.9386160690"><ele>1117.07</ele><time>2026-08-27T09:41:08Z</time></trkpt><trkpt lat="47.3876798339" lon="10.9387745708"><ele>1118.14</ele><time>2026-08-27T09:41:17Z</time></trkpt><trkpt lat="47.3876774032" lon="10.9389500879"><ele>1119.82</ele><time>2026-08-27T09:41:28Z</time></trkpt><trkpt lat="47.3876645789" lon="10.9391056560"><ele>1121.57</ele><time>2026-08-27T09:41:37Z</time></trkpt><trkpt lat="47.3876492400" lon="10.9392090049"><ele>1122.36</ele><time>2026-08-27T09:41:43Z</time></trkpt><trkpt lat="47.3876471445" lon="10.9392255172"><ele>1122.48</ele><time>2026-08-27T09:41:44Z</time></trkpt><trkpt lat="47.3876268603" lon="10.9393747989"><ele>1123.70</ele><time>2026-08-27T09:41:53Z</time></trkpt><trkpt lat="47.3875820171" lon="10.9395400900"><ele>1125.44</ele><time>2026-08-27T09:42:03Z</time></trkpt><trkpt lat="47.3875729647" lon="10.9396162815"><ele>1126.19</ele><time>2026-08-27T09:42:07Z</time></trkpt><trkpt lat="47.3875665944" lon="10.9396335483"><ele>1126.34</ele><time>2026-08-27T09:42:08Z</time></trkpt><trkpt lat="47.3875620682" lon="10.9396508988"><ele>1126.49</ele><time>2026-08-27T09:42:09Z</time></trkpt><trkpt lat="47.3875480704" lon="10.9397927206"><ele>1127.77</ele><time>2026-08-27T09:42:17Z</time></trkpt><trkpt lat="47.3875479028" lon="10.9398103226"><ele>1127.92</ele><time>2026-08-27T09:42:18Z</time></trkpt><trkpt lat="47.3875489924" lon="10.9398285951"><ele>1128.08</ele><time>2026-08-27T09:42:19Z</time></trkpt><trkpt lat="47.3875479866" lon="10.9398462810"><ele>1128.47</ele><time>2026-08-27T09:42:20Z</time></trkpt><trkpt lat="47.3875461426" lon="10.9398637991"><ele>1128.65</ele><time>2026-08-27T09:42:21Z</time></trkpt><trkpt lat="47.3875445500" lon="10.9398807306"><ele>1128.83</ele><time>2026-08-27T09:42:22Z</time></trkpt><trkpt lat="47.3875442985" lon="10.9398982488"><ele>1128.98</ele><time>2026-08-27T09:42:23Z</time></trkpt><trkpt lat="47.3875436280" lon="10.9399161860"><ele>1129.12</ele><time>2026-08-27T09:42:24Z</time></trkpt><trkpt lat="47.3875394370" lon="10.9399340395"><ele>1129.27</ele><time>2026-08-27T09:42:25Z</time></trkpt><trkpt lat="47.3875318095" lon="10.9399483725"><ele>1129.42</ele><time>2026-08-27T09:42:26Z</time></trkpt><trkpt lat="47.3875250202" lon="10.9399630409"><ele>1129.58</ele><time>2026-08-27T09:42:27Z</time></trkpt><trkpt lat="47.3875228409" lon="10.9399793856"><ele>1129.75</ele><time>2026-08-27T09:42:28Z</time></trkpt><trkpt lat="47.3875193205" lon="10.9399965685"><ele>1129.92</ele><time>2026-08-27T09:42:29Z</time></trkpt><trkpt lat="47.3875158839" lon="10.9400129132"><ele>1130.08</ele><time>2026-08-27T09:42:30Z</time></trkpt><trkpt lat="47.3875122797" lon="10.9400303476"><ele>1130.24</ele><time>2026-08-27T09:42:31Z</time></trkpt><trkpt lat="47.3875112738" lon="10.9400460217"><ele>1130.42</ele><time>2026-08-27T09:42:32Z</time></trkpt><trkpt lat="47.3875095975" lon="10.9400631208"><ele>1130.58</ele><time>2026-08-27T09:42:33Z</time></trkpt><trkpt lat="47.3875069991" lon="10.9400785435"><ele>1130.72</ele><time>2026-08-27T09:42:34Z</time></trkpt><trkpt lat="47.3874722980" lon="10.9402461816"><ele>1132.72</ele><time>2026-08-27T09:42:45Z</time></trkpt><trkpt lat="47.3874871340" lon="10.9404186811"><ele>1134.42</ele><time>2026-08-27T09:42:55Z</time></trkpt><trkpt lat="47.3874887265" lon="10.9405765124"><ele>1136.08</ele><time>2026-08-27T09:43:05Z</time></trkpt><trkpt lat="47.3874915764" lon="10.9406086989"><ele>1136.45</ele><time>2026-08-27T09:43:07Z</time></trkpt><trkpt lat="47.3874836974" lon="10.9407490958"><ele>1138.08</ele><time>2026-08-27T09:43:16Z</time></trkpt><trkpt lat="47.3874386866" lon="10.9408931807"><ele>1139.59</ele><time>2026-08-27T09:43:25Z</time></trkpt><trkpt lat="47.3873831145" lon="10.9410229325"><ele>1140.88</ele><time>2026-08-27T09:43:34Z</time></trkpt><trkpt lat="47.3873418756" lon="10.9411774110"><ele>1142.34</ele><time>2026-08-27T09:43:44Z</time></trkpt><trkpt lat="47.3873308115" lon="10.9413049836"><ele>1143.51</ele><time>2026-08-27T09:43:52Z</time></trkpt><trkpt lat="47.3873189930" lon="10.9413531795"><ele>1143.99</ele><time>2026-08-27T09:43:55Z</time></trkpt><trkpt lat="47.3872959428" lon="10.9414914809"><ele>1145.55</ele><time>2026-08-27T09:44:04Z</time></trkpt><trkpt lat="47.3872777540" lon="10.9416275192"><ele>1146.99</ele><time>2026-08-27T09:44:13Z</time></trkpt><trkpt lat="47.3872607388" lon="10.9417105839"><ele>1147.73</ele><time>2026-08-27T09:44:18Z</time></trkpt><trkpt lat="47.3872499261" lon="10.9418087360"><ele>1148.66</ele><time>2026-08-27T09:44:23Z</time></trkpt><trkpt lat="47.3872462381" lon="10.9418251645"><ele>1148.85</ele><time>2026-08-27T09:44:24Z</time></trkpt><trkpt lat="47.3872307315" lon="10.9419509768"><ele>1150.18</ele><time>2026-08-27T09:44:32Z</time></trkpt><trkpt lat="47.3872205894" lon="10.9420005977"><ele>1150.67</ele><time>2026-08-27T09:44:35Z</time></trkpt><trkpt lat="47.3872158956" lon="10.9420161042"><ele>1150.84</ele><time>2026-08-27T09:44:36Z</time></trkpt><trkpt lat="47.3871998861" lon="10.9420751967"><ele>1151.46</ele><time>2026-08-27T09:44:40Z</time></trkpt><trkpt lat="47.3871725611" lon="10.9422043618"><ele>1152.98</ele><time>2026-08-27T09:44:49Z</time></trkpt><trkpt lat="47.3871630058" lon="10.9423310962"><ele>1154.18</ele><time>2026-08-27T09:44:57Z</time></trkpt><trkpt lat="47.3871623352" lon="10.9423473570"><ele>1154.33</ele><time>2026-08-27T09:44:58Z</time></trkpt><trkpt lat="47.3871587310" lon="10.9423621930"><ele>1154.51</ele><time>2026-08-27T09:44:59Z</time></trkpt><trkpt lat="47.3871549591" lon="10.9423782025"><ele>1154.66</ele><time>2026-08-27T09:45:00Z</time></trkpt><trkpt lat="47.3871551268" lon="10.9423951339"><ele>1154.78</ele><time>2026-08-27T09:45:01Z</time></trkpt><trkpt lat="47.3871584795" lon="10.9424109757"><ele>1154.88</ele><time>2026-08-27T09:45:02Z</time></trkpt><trkpt lat="47.3871603236" lon="10.9424270689"><ele>1154.99</ele><time>2026-08-27T09:45:03Z</time></trkpt><trkpt lat="47.3871621676" lon="10.9424424078"><ele>1155.13</ele><time>2026-08-27T09:45:04Z</time></trkpt><trkpt lat="47.3871613294" lon="10.9424593393"><ele>1155.27</ele><time>2026-08-27T09:45:05Z</time></trkpt><trkpt lat="47.3871831223" lon="10.9426729940"><ele>1157.38</ele><time>2026-08-27T09:45:18Z</time></trkpt><trkpt lat="47.3871910851" lon="10.9427365288"><ele>1157.80</ele><time>2026-08-27T09:45:22Z</time></trkpt><trkpt lat="47.3871968687" lon="10.9427546337"><ele>1157.97</ele><time>2026-08-27T09:45:23Z</time></trkpt><trkpt lat="47.3872313183" lon="10.9429040831"><ele>1159.77</ele><time>2026-08-27T09:45:33Z</time></trkpt><trkpt lat="47.3872666899" lon="10.9430298954"><ele>1161.39</ele><time>2026-08-27T09:45:41Z</time></trkpt><trkpt lat="47.3873427976" lon="10.9432266187"><ele>1163.30</ele><time>2026-08-27T09:45:54Z</time></trkpt><trkpt lat="47.3874251079" lon="10.9433643334"><ele>1164.98</ele><time>2026-08-27T09:46:05Z</time></trkpt><trkpt lat="47.3874789197" lon="10.9434698615"><ele>1166.15</ele><time>2026-08-27T09:46:14Z</time></trkpt><trkpt lat="47.3874861281" lon="10.9434998687"><ele>1166.95</ele><time>2026-08-27T09:46:21Z</time></trkpt><trkpt lat="47.3874874692" lon="10.9434969351"><ele>1167.26</ele><time>2026-08-27T09:46:33Z</time></trkpt><trkpt lat="47.3874799255" lon="10.9434924927"><ele>1167.22</ele><time>2026-08-27T09:46:45Z</time></trkpt><trkpt lat="47.3874819372" lon="10.9434523433"><ele>1167.24</ele><time>2026-08-27T09:47:01Z</time></trkpt><trkpt lat="47.3874585517" lon="10.9434652515"><ele>1167.30</ele><time>2026-08-27T09:47:25Z</time></trkpt><trkpt lat="47.3874597251" lon="10.9434915707"><ele>1167.30</ele><time>2026-08-27T09:47:53Z</time></trkpt><trkpt lat="47.3874675203" lon="10.9434984438"><ele>1167.30</ele><time>2026-08-27T09:48:15Z</time></trkpt><trkpt lat="47.3874728009" lon="10.9435074963"><ele>1167.30</ele><time>2026-08-27T09:48:41Z</time></trkpt><trkpt lat="47.3874816019" lon="10.9434968513"><ele>1167.30</ele><time>2026-08-27T09:48:55Z</time></trkpt><trkpt lat="47.3875320610" lon="10.9435909800"><ele>1167.42</ele><time>2026-08-27T09:49:02Z</time></trkpt><trkpt lat="47.3876126111" lon="10.9437289461"><ele>1169.61</ele><time>2026-08-27T09:49:13Z</time></trkpt><trkpt lat="47.3876820132" lon="10.9438851848"><ele>1171.53</ele><time>2026-08-27T09:49:25Z</time></trkpt><trkpt lat="47.3877318017" lon="10.9440482128"><ele>1173.09</ele><time>2026-08-27T09:49:36Z</time></trkpt><trkpt lat="47.3877733760" lon="10.9442155994"><ele>1174.93</ele><time>2026-08-27T09:49:48Z</time></trkpt><trkpt lat="47.3878312949" lon="10.9443690721"><ele>1176.98</ele><time>2026-08-27T09:50:00Z</time></trkpt><trkpt lat="47.3878590390" lon="10.9445098881"><ele>1178.39</ele><time>2026-08-27T09:50:10Z</time></trkpt><trkpt lat="47.3878904711" lon="10.9446636122"><ele>1179.85</ele><time>2026-08-27T09:50:20Z</time></trkpt><trkpt lat="47.3879195563" lon="10.9448037576"><ele>1181.61</ele><time>2026-08-27T09:50:30Z</time></trkpt><trkpt lat="47.3879271001" lon="10.9449299052"><ele>1182.91</ele><time>2026-08-27T09:50:39Z</time></trkpt><trkpt lat="47.3879302014" lon="10.9450400434"><ele>1184.13</ele><time>2026-08-27T09:50:47Z</time></trkpt><trkpt lat="47.3879320454" lon="10.9451938514"><ele>1185.72</ele><time>2026-08-27T09:50:57Z</time></trkpt><trkpt lat="47.3879275192" lon="10.9452083521"><ele>1185.85</ele><time>2026-08-27T09:50:58Z</time></trkpt><trkpt lat="47.3879250046" lon="10.9452235233"><ele>1185.97</ele><time>2026-08-27T09:50:59Z</time></trkpt><trkpt lat="47.3879222386" lon="10.9452448972"><ele>1186.08</ele><time>2026-08-27T09:51:00Z</time></trkpt><trkpt lat="47.3879203107" lon="10.9452622477"><ele>1186.20</ele><time>2026-08-27T09:51:01Z</time></trkpt><trkpt lat="47.3879258428" lon="10.9452648461"><ele>1186.32</ele><time>2026-08-27T09:51:02Z</time></trkpt><trkpt lat="47.3879379965" lon="10.9453515150"><ele>1187.24</ele><time>2026-08-27T09:51:08Z</time></trkpt><trkpt lat="47.3879364878" lon="10.9454717953"><ele>1188.51</ele><time>2026-08-27T09:51:16Z</time></trkpt><trkpt lat="47.3879322130" lon="10.9455598053"><ele>1189.28</ele><time>2026-08-27T09:51:22Z</time></trkpt><trkpt lat="47.3879263457" lon="10.9456632379"><ele>1190.26</ele><time>2026-08-27T09:51:29Z</time></trkpt><trkpt lat="47.3879246693" lon="10.9457072429"><ele>1190.69</ele><time>2026-08-27T09:51:32Z</time></trkpt><trkpt lat="47.3879201431" lon="10.9457225818"><ele>1190.84</ele><time>2026-08-27T09:51:33Z</time></trkpt><trkpt lat="47.3879160360" lon="10.9457359929"><ele>1190.97</ele><time>2026-08-27T09:51:34Z</time></trkpt><trkpt lat="47.3879255075" lon="10.9458198119"><ele>1191.90</ele><time>2026-08-27T09:51:40Z</time></trkpt><trkpt lat="47.3879284412" lon="10.9458356537"><ele>1192.06</ele><time>2026-08-27T09:51:41Z</time></trkpt><trkpt lat="47.3879312910" lon="10.9458519146"><ele>1192.21</ele><time>2026-08-27T09:51:42Z</time></trkpt><trkpt lat="47.3879434448" lon="10.9459871985"><ele>1193.47</ele><time>2026-08-27T09:51:51Z</time></trkpt><trkpt lat="47.3879766371" lon="10.9461262543"><ele>1194.94</ele><time>2026-08-27T09:52:01Z</time></trkpt><trkpt lat="47.3879959993" lon="10.9462331235"><ele>1195.80</ele><time>2026-08-27T09:52:08Z</time></trkpt><trkpt lat="47.3879937362" lon="10.9462607838"><ele>1196.09</ele><time>2026-08-27T09:52:10Z</time></trkpt><trkpt lat="47.3880038783" lon="10.9464003425"><ele>1197.33</ele><time>2026-08-27T09:52:20Z</time></trkpt><trkpt lat="47.3880343046" lon="10.9465317708"><ele>1199.16</ele><time>2026-08-27T09:52:30Z</time></trkpt><trkpt lat="47.3880396690" lon="10.9465536475"><ele>1199.48</ele><time>2026-08-27T09:52:32Z</time></trkpt><trkpt lat="47.3880345561" lon="10.9465718362"><ele>1199.65</ele><time>2026-08-27T09:52:33Z</time></trkpt><trkpt lat="47.3880245816" lon="10.9466730058"><ele>1200.62</ele><time>2026-08-27T09:52:39Z</time></trkpt><trkpt lat="47.3880213965" lon="10.9467196092"><ele>1201.04</ele><time>2026-08-27T09:52:42Z</time></trkpt><trkpt lat="47.3880223185" lon="10.9467736725"><ele>1201.62</ele><time>2026-08-27T09:52:46Z</time></trkpt><trkpt lat="47.3880183790" lon="10.9468714055"><ele>1202.86</ele><time>2026-08-27T09:52:53Z</time></trkpt><trkpt lat="47.3880236596" lon="10.9469413105"><ele>1203.44</ele><time>2026-08-27T09:52:58Z</time></trkpt><trkpt lat="47.3880171217" lon="10.9470518678"><ele>1204.62</ele><time>2026-08-27T09:53:06Z</time></trkpt><trkpt lat="47.3879918084" lon="10.9471923485"><ele>1206.37</ele><time>2026-08-27T09:53:15Z</time></trkpt><trkpt lat="47.3879854381" lon="10.9472076874"><ele>1206.54</ele><time>2026-08-27T09:53:16Z</time></trkpt><trkpt lat="47.3879828397" lon="10.9472531173"><ele>1207.00</ele><time>2026-08-27T09:53:19Z</time></trkpt><trkpt lat="47.3879875336" lon="10.9473034926"><ele>1207.47</ele><time>2026-08-27T09:53:22Z</time></trkpt><trkpt lat="47.3880004417" lon="10.9473961964"><ele>1208.24</ele><time>2026-08-27T09:53:28Z</time></trkpt><trkpt lat="47.3880042136" lon="10.9475015569"><ele>1209.40</ele><time>2026-08-27T09:53:36Z</time></trkpt><trkpt lat="47.3880058900" lon="10.9475146327"><ele>1209.54</ele><time>2026-08-27T09:53:37Z</time></trkpt><trkpt lat="47.3880156968" lon="10.9475929197"><ele>1210.63</ele><time>2026-08-27T09:53:43Z</time></trkpt><trkpt lat="47.3880266771" lon="10.9476662613"><ele>1211.31</ele><time>2026-08-27T09:53:48Z</time></trkpt><trkpt lat="47.3880348075" lon="10.9477465600"><ele>1212.26</ele><time>2026-08-27T09:53:54Z</time></trkpt><trkpt lat="47.3880481347" lon="10.9477791656"><ele>1212.65</ele><time>2026-08-27T09:53:56Z</time></trkpt><trkpt lat="47.3880815785" lon="10.9478976857"><ele>1214.22</ele><time>2026-08-27T09:54:04Z</time></trkpt><trkpt lat="47.3881052155" lon="10.9479693510"><ele>1215.38</ele><time>2026-08-27T09:54:10Z</time></trkpt><trkpt lat="47.3881459516" lon="10.9480711073"><ele>1216.57</ele><time>2026-08-27T09:54:17Z</time></trkpt><trkpt lat="47.3881719355" lon="10.9481348936"><ele>1217.39</ele><time>2026-08-27T09:54:22Z</time></trkpt><trkpt lat="47.3881765455" lon="10.9481513221"><ele>1217.51</ele><time>2026-08-27T09:54:23Z</time></trkpt><trkpt lat="47.3881837539" lon="10.9481642302"><ele>1217.61</ele><time>2026-08-27T09:54:24Z</time></trkpt><trkpt lat="47.3881926388" lon="10.9481942374"><ele>1217.92</ele><time>2026-08-27T09:54:26Z</time></trkpt><trkpt lat="47.3881948180" lon="10.9482120909"><ele>1218.11</ele><time>2026-08-27T09:54:27Z</time></trkpt><trkpt lat="47.3882061336" lon="10.9482580237"><ele>1218.72</ele><time>2026-08-27T09:54:30Z</time></trkpt><trkpt lat="47.3882157728" lon="10.9482866060"><ele>1219.02</ele><time>2026-08-27T09:54:32Z</time></trkpt><trkpt lat="47.3882178683" lon="10.9483016934"><ele>1219.17</ele><time>2026-08-27T09:54:33Z</time></trkpt><trkpt lat="47.3882386554" lon="10.9483765438"><ele>1220.16</ele><time>2026-08-27T09:54:39Z</time></trkpt><trkpt lat="47.3882574309" lon="10.9484792221"><ele>1221.15</ele><time>2026-08-27T09:54:45Z</time></trkpt><trkpt lat="47.3882593587" lon="10.9484983329"><ele>1221.32</ele><time>2026-08-27T09:54:46Z</time></trkpt><trkpt lat="47.3882585205" lon="10.9485187847"><ele>1221.48</ele><time>2026-08-27T09:54:47Z</time></trkpt><trkpt lat="47.3882616218" lon="10.9485342074"><ele>1221.62</ele><time>2026-08-27T09:54:48Z</time></trkpt><trkpt lat="47.3882668186" lon="10.9485489596"><ele>1221.74</ele><time>2026-08-27T09:54:49Z</time></trkpt><trkpt lat="47.3882730212" lon="10.9485640470"><ele>1221.86</ele><time>2026-08-27T09:54:50Z</time></trkpt><trkpt lat="47.3882786371" lon="10.9485779610"><ele>1222.20</ele><time>2026-08-27T09:54:51Z</time></trkpt><trkpt lat="47.3882829957" lon="10.9485933837"><ele>1222.20</ele><time>2026-08-27T09:54:52Z</time></trkpt><trkpt lat="47.3882869352" lon="10.9486097284"><ele>1222.39</ele><time>2026-08-27T09:54:53Z</time></trkpt><trkpt lat="47.3882923834" lon="10.9486248158"><ele>1222.76</ele><time>2026-08-27T09:54:54Z</time></trkpt><trkpt lat="47.3882990889" lon="10.9486363828"><ele>1222.90</ele><time>2026-08-27T09:54:55Z</time></trkpt><trkpt lat="47.3883040342" lon="10.9486500453"><ele>1223.01</ele><time>2026-08-27T09:54:56Z</time></trkpt><trkpt lat="47.3883083928" lon="10.9486642107"><ele>1223.12</ele><time>2026-08-27T09:54:57Z</time></trkpt><trkpt lat="47.3883145116" lon="10.9486766998"><ele>1223.30</ele><time>2026-08-27T09:54:58Z</time></trkpt><trkpt lat="47.3883528169" lon="10.9487428330"><ele>1224.06</ele><time>2026-08-27T09:55:03Z</time></trkpt><trkpt lat="47.3883567564" lon="10.9487606864"><ele>1224.21</ele><time>2026-08-27T09:55:04Z</time></trkpt><trkpt lat="47.3883579299" lon="10.9487796295"><ele>1224.36</ele><time>2026-08-27T09:55:05Z</time></trkpt><trkpt lat="47.3883609474" lon="10.9487969801"><ele>1224.49</ele><time>2026-08-27T09:55:06Z</time></trkpt><trkpt lat="47.3883643840" lon="10.9488138277"><ele>1224.62</ele><time>2026-08-27T09:55:07Z</time></trkpt><trkpt lat="47.3883649707" lon="10.9488747641"><ele>1225.78</ele><time>2026-08-27T09:55:15Z</time></trkpt><trkpt lat="47.3883550800" lon="10.9488939587"><ele>1226.10</ele><time>2026-08-27T09:55:35Z</time></trkpt><trkpt lat="47.3883484583" lon="10.9489279892"><ele>1226.18</ele><time>2026-08-27T09:55:41Z</time></trkpt><trkpt lat="47.3883581813" lon="10.9489248879"><ele>1226.36</ele><time>2026-08-27T09:55:56Z</time></trkpt><trkpt lat="47.3883477040" lon="10.9489191882"><ele>1226.66</ele><time>2026-08-27T09:56:14Z</time></trkpt><trkpt lat="47.3883422557" lon="10.9489263128"><ele>1226.75</ele><time>2026-08-27T09:56:42Z</time></trkpt><trkpt lat="47.3883423395" lon="10.9489266481"><ele>1226.75</ele><time>2026-08-27T09:57:05Z</time></trkpt><trkpt lat="47.3883444350" lon="10.9489266481"><ele>1226.75</ele><time>2026-08-27T09:57:16Z</time></trkpt><trkpt lat="47.3883855063" lon="10.9489884228"><ele>1226.90</ele><time>2026-08-27T09:57:27Z</time></trkpt><trkpt lat="47.3883932177" lon="10.9490530472"><ele>1228.49</ele><time>2026-08-27T09:57:32Z</time></trkpt><trkpt lat="47.3883702513" lon="10.9491584077"><ele>1229.72</ele><time>2026-08-27T09:57:40Z</time></trkpt><trkpt lat="47.3883223906" lon="10.9492488485"><ele>1231.17</ele><time>2026-08-27T09:57:48Z</time></trkpt><trkpt lat="47.3882905394" lon="10.9492812026"><ele>1231.61</ele><time>2026-08-27T09:57:51Z</time></trkpt><trkpt lat="47.3882182874" lon="10.9493444022"><ele>1233.28</ele><time>2026-08-27T09:58:00Z</time></trkpt><trkpt lat="47.3881488014" lon="10.9494827874"><ele>1235.46</ele><time>2026-08-27T09:58:12Z</time></trkpt><trkpt lat="47.3881394975" lon="10.9495158959"><ele>1235.80</ele><time>2026-08-27T09:58:14Z</time></trkpt><trkpt lat="47.3881328758" lon="10.9495525248"><ele>1236.11</ele><time>2026-08-27T09:58:16Z</time></trkpt><trkpt lat="47.3881327920" lon="10.9495701268"><ele>1236.27</ele><time>2026-08-27T09:58:17Z</time></trkpt><trkpt lat="47.3881462030" lon="10.9496614896"><ele>1237.27</ele><time>2026-08-27T09:58:24Z</time></trkpt><trkpt lat="47.3881606199" lon="10.9496799298"><ele>1237.53</ele><time>2026-08-27T09:58:26Z</time></trkpt><trkpt lat="47.3881676607" lon="10.9496918321"><ele>1237.70</ele><time>2026-08-27T09:58:27Z</time></trkpt><trkpt lat="47.3882069718" lon="10.9497641679"><ele>1238.70</ele><time>2026-08-27T09:58:33Z</time></trkpt><trkpt lat="47.3882114142" lon="10.9497788362"><ele>1238.87</ele><time>2026-08-27T09:58:34Z</time></trkpt><trkpt lat="47.3882172816" lon="10.9497931693"><ele>1239.00</ele><time>2026-08-27T09:58:35Z</time></trkpt><trkpt lat="47.3882282618" lon="10.9497997072"><ele>1239.12</ele><time>2026-08-27T09:58:36Z</time></trkpt><trkpt lat="47.3882342130" lon="10.9498132020"><ele>1239.27</ele><time>2026-08-27T09:58:37Z</time></trkpt><trkpt lat="47.3882391583" lon="10.9498281218"><ele>1239.44</ele><time>2026-08-27T09:58:38Z</time></trkpt><trkpt lat="47.3882482108" lon="10.9498366714"><ele>1239.60</ele><time>2026-08-27T09:58:39Z</time></trkpt><trkpt lat="47.3882546648" lon="10.9498480707"><ele>1239.76</ele><time>2026-08-27T09:58:40Z</time></trkpt><trkpt lat="47.3882613704" lon="10.9498610627"><ele>1239.91</ele><time>2026-08-27T09:58:41Z</time></trkpt><trkpt lat="47.3882709257" lon="10.9498678520"><ele>1240.06</ele><time>2026-08-27T09:58:42Z</time></trkpt><trkpt lat="47.3883005138" lon="10.9499594662"><ele>1241.12</ele><time>2026-08-27T09:58:49Z</time></trkpt><trkpt lat="47.3883156013" lon="10.9500770643"><ele>1242.13</ele><time>2026-08-27T09:58:56Z</time></trkpt><trkpt lat="47.3883157689" lon="10.9500945825"><ele>1242.30</ele><time>2026-08-27T09:58:57Z</time></trkpt><trkpt lat="47.3883198760" lon="10.9501111787"><ele>1242.47</ele><time>2026-08-27T09:58:58Z</time></trkpt><trkpt lat="47.3883309402" lon="10.9501981828"><ele>1243.37</ele><time>2026-08-27T09:59:04Z</time></trkpt><trkpt lat="47.3883415852" lon="10.9502296150"><ele>1243.70</ele><time>2026-08-27T09:59:06Z</time></trkpt><trkpt lat="47.3883781303" lon="10.9503300302"><ele>1244.71</ele><time>2026-08-27T09:59:13Z</time></trkpt><trkpt lat="47.3883962352" lon="10.9504475445"><ele>1246.51</ele><time>2026-08-27T09:59:22Z</time></trkpt><trkpt lat="47.3883534037" lon="10.9505234845"><ele>1248.01</ele><time>2026-08-27T09:59:31Z</time></trkpt><trkpt lat="47.3882944789" lon="10.9505807329"><ele>1249.07</ele><time>2026-08-27T09:59:39Z</time></trkpt><trkpt lat="47.3882595263" lon="10.9506941400"><ele>1249.97</ele><time>2026-08-27T09:59:46Z</time></trkpt><trkpt lat="47.3882535752" lon="10.9507866763"><ele>1250.73</ele><time>2026-08-27T09:59:51Z</time></trkpt><trkpt lat="47.3882494681" lon="10.9508065414"><ele>1250.85</ele><time>2026-08-27T09:59:52Z</time></trkpt><trkpt lat="47.3882445227" lon="10.9508240595"><ele>1250.97</ele><time>2026-08-27T09:59:53Z</time></trkpt><trkpt lat="47.3882455286" lon="10.9508408234"><ele>1251.11</ele><time>2026-08-27T09:59:54Z</time></trkpt><trkpt lat="47.3882542457" lon="10.9509102255"><ele>1252.09</ele><time>2026-08-27T09:59:59Z</time></trkpt><trkpt lat="47.3882639688" lon="10.9509218764"><ele>1252.23</ele><time>2026-08-27T10:00:00Z</time></trkpt><trkpt lat="47.3882705905" lon="10.9509349521"><ele>1252.35</ele><time>2026-08-27T10:00:01Z</time></trkpt><trkpt lat="47.3883160204" lon="10.9510232974"><ele>1253.88</ele><time>2026-08-27T10:00:09Z</time></trkpt><trkpt lat="47.3883699160" lon="10.9511109721"><ele>1255.04</ele><time>2026-08-27T10:00:17Z</time></trkpt><trkpt lat="47.3884211294" lon="10.9511870798"><ele>1256.13</ele><time>2026-08-27T10:00:24Z</time></trkpt><trkpt lat="47.3884627875" lon="10.9513098747"><ele>1257.64</ele><time>2026-08-27T10:00:33Z</time></trkpt><trkpt lat="47.3885220475" lon="10.9514287300"><ele>1258.96</ele><time>2026-08-27T10:00:43Z</time></trkpt><trkpt lat="47.3885598499" lon="10.9515490104"><ele>1260.23</ele><time>2026-08-27T10:00:53Z</time></trkpt><trkpt lat="47.3885818105" lon="10.9516961966"><ele>1261.99</ele><time>2026-08-27T10:01:04Z</time></trkpt><trkpt lat="47.3886067886" lon="10.9518227633"><ele>1262.97</ele><time>2026-08-27T10:01:11Z</time></trkpt><trkpt lat="47.3886118177" lon="10.9519192390"><ele>1263.89</ele><time>2026-08-27T10:01:17Z</time></trkpt><trkpt lat="47.3885956407" lon="10.9519601427"><ele>1264.24</ele><time>2026-08-27T10:01:19Z</time></trkpt><trkpt lat="47.3885829840" lon="10.9520618152"><ele>1265.39</ele><time>2026-08-27T10:01:26Z</time></trkpt><trkpt lat="47.3885554075" lon="10.9521805029"><ele>1267.21</ele><time>2026-08-27T10:01:37Z</time></trkpt><trkpt lat="47.3884758633" lon="10.9523213189"><ele>1269.15</ele><time>2026-08-27T10:01:50Z</time></trkpt><trkpt lat="47.3884194531" lon="10.9524188004"><ele>1271.20</ele><time>2026-08-27T10:02:03Z</time></trkpt><trkpt lat="47.3883514758" lon="10.9525234904"><ele>1272.55</ele><time>2026-08-27T10:02:11Z</time></trkpt><trkpt lat="47.3883025255" lon="10.9526534937"><ele>1273.64</ele><time>2026-08-27T10:02:19Z</time></trkpt><trkpt lat="47.3882959038" lon="10.9527394082"><ele>1275.06</ele><time>2026-08-27T10:02:29Z</time></trkpt><trkpt lat="47.3883026093" lon="10.9527363069"><ele>1275.32</ele><time>2026-08-27T10:02:38Z</time></trkpt><trkpt lat="47.3883156851" lon="10.9527300205"><ele>1275.39</ele><time>2026-08-27T10:02:47Z</time></trkpt><trkpt lat="47.3882985860" lon="10.9527308587"><ele>1275.44</ele><time>2026-08-27T10:03:02Z</time></trkpt><trkpt lat="47.3882769607" lon="10.9527482931"><ele>1275.57</ele><time>2026-08-27T10:03:13Z</time></trkpt><trkpt lat="47.3882726021" lon="10.9527377319"><ele>1275.79</ele><time>2026-08-27T10:03:36Z</time></trkpt><trkpt lat="47.3882913776" lon="10.9527372289"><ele>1275.79</ele><time>2026-08-27T10:04:04Z</time></trkpt><trkpt lat="47.3882946465" lon="10.9527425095"><ele>1275.79</ele><time>2026-08-27T10:04:18Z</time></trkpt><trkpt lat="47.3883311916" lon="10.9527822398"><ele>1275.79</ele><time>2026-08-27T10:04:22Z</time></trkpt><trkpt lat="47.3883415852" lon="10.9527926333"><ele>1275.79</ele><time>2026-08-27T10:04:23Z</time></trkpt><trkpt lat="47.3883526493" lon="10.9528061282"><ele>1275.91</ele><time>2026-08-27T10:04:24Z</time></trkpt><trkpt lat="47.3883634619" lon="10.9528182819"><ele>1276.28</ele><time>2026-08-27T10:04:25Z</time></trkpt><trkpt lat="47.3883757833" lon="10.9528280050"><ele>1276.69</ele><time>2026-08-27T10:04:26Z</time></trkpt><trkpt lat="47.3883861769" lon="10.9528401587"><ele>1276.96</ele><time>2026-08-27T10:04:27Z</time></trkpt><trkpt lat="47.3884269968" lon="10.9529293422"><ele>1278.70</ele><time>2026-08-27T10:04:35Z</time></trkpt><trkpt lat="47.3884614464" lon="10.9530761931"><ele>1280.82</ele><time>2026-08-27T10:04:46Z</time></trkpt><trkpt lat="47.3884535674" lon="10.9531046078"><ele>1281.33</ele><time>2026-08-27T10:04:48Z</time></trkpt><trkpt lat="47.3884203751" lon="10.9531704057"><ele>1283.02</ele><time>2026-08-27T10:04:56Z</time></trkpt><trkpt lat="47.3883387353" lon="10.9532670490"><ele>1284.95</ele><time>2026-08-27T10:05:05Z</time></trkpt><trkpt lat="47.3883295991" lon="10.9534029197"><ele>1286.30</ele><time>2026-08-27T10:05:13Z</time></trkpt><trkpt lat="47.3883397412" lon="10.9534330107"><ele>1286.64</ele><time>2026-08-27T10:05:15Z</time></trkpt><trkpt lat="47.3883503862" lon="10.9534467570"><ele>1286.78</ele><time>2026-08-27T10:05:16Z</time></trkpt><trkpt lat="47.3883887753" lon="10.9535026643"><ele>1287.75</ele><time>2026-08-27T10:05:22Z</time></trkpt><trkpt lat="47.3884022702" lon="10.9535155725"><ele>1288.37</ele><time>2026-08-27T10:05:24Z</time></trkpt><trkpt lat="47.3884128314" lon="10.9535175841"><ele>1288.54</ele><time>2026-08-27T10:05:25Z</time></trkpt><trkpt lat="47.3884503823" lon="10.9535689652"><ele>1290.05</ele><time>2026-08-27T10:05:33Z</time></trkpt><trkpt lat="47.3885051161" lon="10.9536993876"><ele>1291.95</ele><time>2026-08-27T10:05:44Z</time></trkpt><trkpt lat="47.3885108158" lon="10.9537299816"><ele>1292.33</ele><time>2026-08-27T10:05:46Z</time></trkpt><trkpt lat="47.3885155097" lon="10.9538018145"><ele>1293.28</ele><time>2026-08-27T10:05:51Z</time></trkpt><trkpt lat="47.3885312676" lon="10.9539465699"><ele>1294.84</ele><time>2026-08-27T10:06:00Z</time></trkpt><trkpt lat="47.3885230534" lon="10.9540764894"><ele>1296.06</ele><time>2026-08-27T10:06:09Z</time></trkpt><trkpt lat="47.3885041103" lon="10.9542008769"><ele>1297.13</ele><time>2026-08-27T10:06:17Z</time></trkpt><trkpt lat="47.3884867597" lon="10.9543157090"><ele>1298.24</ele><time>2026-08-27T10:06:25Z</time></trkpt><trkpt lat="47.3884695768" lon="10.9544138610"><ele>1299.39</ele><time>2026-08-27T10:06:32Z</time></trkpt><trkpt lat="47.3884570040" lon="10.9545386676"><ele>1300.87</ele><time>2026-08-27T10:06:41Z</time></trkpt><trkpt lat="47.3884543218" lon="10.9546529129"><ele>1302.14</ele><time>2026-08-27T10:06:49Z</time></trkpt><trkpt lat="47.3884661403" lon="10.9547910467"><ele>1303.40</ele><time>2026-08-27T10:06:58Z</time></trkpt><trkpt lat="47.3884676490" lon="10.9548086487"><ele>1303.52</ele><time>2026-08-27T10:06:59Z</time></trkpt><trkpt lat="47.3884694092" lon="10.9548273403"><ele>1303.65</ele><time>2026-08-27T10:07:00Z</time></trkpt><trkpt lat="47.3884736840" lon="10.9548455290"><ele>1303.91</ele><time>2026-08-27T10:07:01Z</time></trkpt><trkpt lat="47.3884813115" lon="10.9548601974"><ele>1304.01</ele><time>2026-08-27T10:07:02Z</time></trkpt><trkpt lat="47.3885196168" lon="10.9549102373"><ele>1304.69</ele><time>2026-08-27T10:07:07Z</time></trkpt><trkpt lat="47.3885307647" lon="10.9549086448"><ele>1304.80</ele><time>2026-08-27T10:07:08Z</time></trkpt><trkpt lat="47.3885388114" lon="10.9549129196"><ele>1304.91</ele><time>2026-08-27T10:07:09Z</time></trkpt><trkpt lat="47.3885443434" lon="10.9549241513"><ele>1305.02</ele><time>2026-08-27T10:07:10Z</time></trkpt><trkpt lat="47.3885511328" lon="10.9549310245"><ele>1305.12</ele><time>2026-08-27T10:07:11Z</time></trkpt><trkpt lat="47.3885550722" lon="10.9549239837"><ele>1305.69</ele><time>2026-08-27T10:07:17Z</time></trkpt><trkpt lat="47.3885430861" lon="10.9549031965"><ele>1305.83</ele><time>2026-08-27T10:07:32Z</time></trkpt><trkpt lat="47.3885450978" lon="10.9548990056"><ele>1306.18</ele><time>2026-08-27T10:07:46Z</time></trkpt><trkpt lat="47.3885260709" lon="10.9548960719"><ele>1306.63</ele><time>2026-08-27T10:08:06Z</time></trkpt><trkpt lat="47.3885179404" lon="10.9549274202"><ele>1306.92</ele><time>2026-08-27T10:08:31Z</time></trkpt><trkpt lat="47.3885368835" lon="10.9549078066"><ele>1306.99</ele><time>2026-08-27T10:08:50Z</time></trkpt><trkpt lat="47.3885678127" lon="10.9548824932"><ele>1307.13</ele><time>2026-08-27T10:09:05Z</time></trkpt><trkpt lat="47.3886081297" lon="10.9548514802"><ele>1307.69</ele><time>2026-08-27T10:09:18Z</time></trkpt><trkpt lat="47.3886167631" lon="10.9548404999"><ele>1307.76</ele><time>2026-08-27T10:09:19Z</time></trkpt><trkpt lat="47.3886262346" lon="10.9548312798"><ele>1307.82</ele><time>2026-08-27T10:09:20Z</time></trkpt><trkpt lat="47.3886903562" lon="10.9547893703"><ele>1308.98</ele><time>2026-08-27T10:09:29Z</time></trkpt><trkpt lat="47.3887666315" lon="10.9547688346"><ele>1309.83</ele><time>2026-08-27T10:09:39Z</time></trkpt><trkpt lat="47.3888454214" lon="10.9547384083"><ele>1310.87</ele><time>2026-08-27T10:09:48Z</time></trkpt><trkpt lat="47.3888947908" lon="10.9547433536"><ele>1312.07</ele><time>2026-08-27T10:09:54Z</time></trkpt><trkpt lat="47.3889392149" lon="10.9548348002"><ele>1313.62</ele><time>2026-08-27T10:10:03Z</time></trkpt><trkpt lat="47.3889676295" lon="10.9549356345"><ele>1315.05</ele><time>2026-08-27T10:10:11Z</time></trkpt><trkpt lat="47.3890039232" lon="10.9550521430"><ele>1316.58</ele><time>2026-08-27T10:10:20Z</time></trkpt><trkpt lat="47.3890220281" lon="10.9550891910"><ele>1316.92</ele><time>2026-08-27T10:10:23Z</time></trkpt><trkpt lat="47.3890248779" lon="10.9551045299"><ele>1317.09</ele><time>2026-08-27T10:10:24Z</time></trkpt><trkpt lat="47.3890610877" lon="10.9552525543"><ele>1318.68</ele><time>2026-08-27T10:10:34Z</time></trkpt><trkpt lat="47.3890742473" lon="10.9553645365"><ele>1319.84</ele><time>2026-08-27T10:10:42Z</time></trkpt><trkpt lat="47.3891099542" lon="10.9555164166"><ele>1321.85</ele><time>2026-08-27T10:10:54Z</time></trkpt><trkpt lat="47.3891269695" lon="10.9555589128"><ele>1322.44</ele><time>2026-08-27T10:10:58Z</time></trkpt><trkpt lat="47.3891397100" lon="10.9555787779"><ele>1322.73</ele><time>2026-08-27T10:11:00Z</time></trkpt><trkpt lat="47.3891464993" lon="10.9555905964"><ele>1322.85</ele><time>2026-08-27T10:11:01Z</time></trkpt><trkpt lat="47.3891524505" lon="10.9556035046"><ele>1322.95</ele><time>2026-08-27T10:11:02Z</time></trkpt><trkpt lat="47.3891830444" lon="10.9557458293"><ele>1324.26</ele><time>2026-08-27T10:11:12Z</time></trkpt><trkpt lat="47.3891822901" lon="10.9558470827"><ele>1325.34</ele><time>2026-08-27T10:11:20Z</time></trkpt><trkpt lat="47.3891631793" lon="10.9559538681"><ele>1326.69</ele><time>2026-08-27T10:11:29Z</time></trkpt><trkpt lat="47.3891129717" lon="10.9560455661"><ele>1327.54</ele><time>2026-08-27T10:11:38Z</time></trkpt><trkpt lat="47.3891019914" lon="10.9560525231"><ele>1327.67</ele><time>2026-08-27T10:11:39Z</time></trkpt><trkpt lat="47.3890766781" lon="10.9560730588"><ele>1327.85</ele><time>2026-08-27T10:11:41Z</time></trkpt><trkpt lat="47.3890656978" lon="10.9560780041"><ele>1327.93</ele><time>2026-08-27T10:11:42Z</time></trkpt><trkpt lat="47.3890529573" lon="10.9560838714"><ele>1328.03</ele><time>2026-08-27T10:11:43Z</time></trkpt><trkpt lat="47.3889750894" lon="10.9561769105"><ele>1328.67</ele><time>2026-08-27T10:11:51Z</time></trkpt><trkpt lat="47.3888381291" lon="10.9562620707"><ele>1329.81</ele><time>2026-08-27T10:12:01Z</time></trkpt><trkpt lat="47.3886989057" lon="10.9562258609"><ele>1330.93</ele><time>2026-08-27T10:12:12Z</time></trkpt><trkpt lat="47.3886466864" lon="10.9561562911"><ele>1332.64</ele><time>2026-08-27T10:12:19Z</time></trkpt><trkpt lat="47.3886428308" lon="10.9561438859"><ele>1332.78</ele><time>2026-08-27T10:12:20Z</time></trkpt><trkpt lat="47.3885899410" lon="10.9561076760"><ele>1333.59</ele><time>2026-08-27T10:12:28Z</time></trkpt><trkpt lat="47.3885274120" lon="10.9561057482"><ele>1335.17</ele><time>2026-08-27T10:12:38Z</time></trkpt><trkpt lat="47.3884922080" lon="10.9561835323"><ele>1336.47</ele><time>2026-08-27T10:12:47Z</time></trkpt><trkpt lat="47.3884753603" lon="10.9562230110"><ele>1337.58</ele><time>2026-08-27T10:12:53Z</time></trkpt><trkpt lat="47.3883922119" lon="10.9563394357"><ele>1339.48</ele><time>2026-08-27T10:13:04Z</time></trkpt><trkpt lat="47.3883273359" lon="10.9564660862"><ele>1340.74</ele><time>2026-08-27T10:13:13Z</time></trkpt><trkpt lat="47.3882701714" lon="10.9565735422"><ele>1342.10</ele><time>2026-08-27T10:13:23Z</time></trkpt><trkpt lat="47.3882279266" lon="10.9566790704"><ele>1343.89</ele><time>2026-08-27T10:13:32Z</time></trkpt><trkpt lat="47.3881772999" lon="10.9568058886"><ele>1345.28</ele><time>2026-08-27T10:13:41Z</time></trkpt><trkpt lat="47.3880967498" lon="10.9569368977"><ele>1347.00</ele><time>2026-08-27T10:13:51Z</time></trkpt><trkpt lat="47.3880717717" lon="10.9570194595"><ele>1347.86</ele><time>2026-08-27T10:13:57Z</time></trkpt><trkpt lat="47.3880710173" lon="10.9570351336"><ele>1348.04</ele><time>2026-08-27T10:13:58Z</time></trkpt><trkpt lat="47.3880716879" lon="10.9572141711"><ele>1349.94</ele><time>2026-08-27T10:14:10Z</time></trkpt><trkpt lat="47.3880832549" lon="10.9572334494"><ele>1350.47</ele><time>2026-08-27T10:14:16Z</time></trkpt><trkpt lat="47.3880819976" lon="10.9572395682"><ele>1350.81</ele><time>2026-08-27T10:14:29Z</time></trkpt><trkpt lat="47.3880807403" lon="10.9572322760"><ele>1351.08</ele><time>2026-08-27T10:14:43Z</time></trkpt><trkpt lat="47.3880830035" lon="10.9572223015"><ele>1351.08</ele><time>2026-08-27T10:15:02Z</time></trkpt><trkpt lat="47.3880768847" lon="10.9572300129"><ele>1351.03</ele><time>2026-08-27T10:15:12Z</time></trkpt><trkpt lat="47.3880685866" lon="10.9572381433"><ele>1350.41</ele><time>2026-08-27T10:15:27Z</time></trkpt><trkpt lat="47.3880815785" lon="10.9571906179"><ele>1350.41</ele><time>2026-08-27T10:16:27Z</time></trkpt><trkpt lat="47.3880580254" lon="10.9571847506"><ele>1350.41</ele><time>2026-08-27T10:17:36Z</time></trkpt><trkpt lat="47.3880409263" lon="10.9572184458"><ele>1350.41</ele><time>2026-08-27T10:18:23Z</time></trkpt><trkpt lat="47.3880396690" lon="10.9571785480"><ele>1350.41</ele><time>2026-08-27T10:18:41Z</time></trkpt><trkpt lat="47.3880410939" lon="10.9571729321"><ele>1350.41</ele><time>2026-08-27T10:18:52Z</time></trkpt><trkpt lat="47.3880726937" lon="10.9571617004"><ele>1350.41</ele><time>2026-08-27T10:19:13Z</time></trkpt><trkpt lat="47.3880859371" lon="10.9571600240"><ele>1350.41</ele><time>2026-08-27T10:19:14Z</time></trkpt><trkpt lat="47.3881001864" lon="10.9571570065"><ele>1350.41</ele><time>2026-08-27T10:19:15Z</time></trkpt><trkpt lat="47.3881969135" lon="10.9570884425"><ele>1352.06</ele><time>2026-08-27T10:19:24Z</time></trkpt><trkpt lat="47.3882693332" lon="10.9569965769"><ele>1353.26</ele><time>2026-08-27T10:19:33Z</time></trkpt><trkpt lat="47.3883041181" lon="10.9569632169"><ele>1354.06</ele><time>2026-08-27T10:19:37Z</time></trkpt><trkpt lat="47.3884031083" lon="10.9569624625"><ele>1355.74</ele><time>2026-08-27T10:19:46Z</time></trkpt><trkpt lat="47.3884880170" lon="10.9569625463"><ele>1356.91</ele><time>2026-08-27T10:19:53Z</time></trkpt><trkpt lat="47.3885748535" lon="10.9570117481"><ele>1358.31</ele><time>2026-08-27T10:20:02Z</time></trkpt><trkpt lat="47.3886315152" lon="10.9570938908"><ele>1359.40</ele><time>2026-08-27T10:20:10Z</time></trkpt><trkpt lat="47.3886678088" lon="10.9572290070"><ele>1360.87</ele><time>2026-08-27T10:20:20Z</time></trkpt><trkpt lat="47.3886883445" lon="10.9573387261"><ele>1362.23</ele><time>2026-08-27T10:20:28Z</time></trkpt><trkpt lat="47.3886908591" lon="10.9574290831"><ele>1363.54</ele><time>2026-08-27T10:20:36Z</time></trkpt><trkpt lat="47.3886992410" lon="10.9574519657"><ele>1363.86</ele><time>2026-08-27T10:20:38Z</time></trkpt><trkpt lat="47.3886975646" lon="10.9575438313"><ele>1365.18</ele><time>2026-08-27T10:20:46Z</time></trkpt><trkpt lat="47.3887164239" lon="10.9576298296"><ele>1366.22</ele><time>2026-08-27T10:20:53Z</time></trkpt><trkpt lat="47.3887160048" lon="10.9577557258"><ele>1367.66</ele><time>2026-08-27T10:21:01Z</time></trkpt><trkpt lat="47.3887072038" lon="10.9578775149"><ele>1368.91</ele><time>2026-08-27T10:21:09Z</time></trkpt><trkpt lat="47.3887194414" lon="10.9580386989"><ele>1370.36</ele><time>2026-08-27T10:21:19Z</time></trkpt><trkpt lat="47.3887396418" lon="10.9581523575"><ele>1371.51</ele><time>2026-08-27T10:21:27Z</time></trkpt><trkpt lat="47.3887424078" lon="10.9581676964"><ele>1371.63</ele><time>2026-08-27T10:21:28Z</time></trkpt><trkpt lat="47.3887599260" lon="10.9582904074"><ele>1373.25</ele><time>2026-08-27T10:21:38Z</time></trkpt><trkpt lat="47.3887747619" lon="10.9584002104"><ele>1374.50</ele><time>2026-08-27T10:21:47Z</time></trkpt><trkpt lat="47.3887707386" lon="10.9584267810"><ele>1374.84</ele><time>2026-08-27T10:21:49Z</time></trkpt><trkpt lat="47.3887926992" lon="10.9585256036"><ele>1376.28</ele><time>2026-08-27T10:21:57Z</time></trkpt><trkpt lat="47.3888236284" lon="10.9586514998"><ele>1377.83</ele><time>2026-08-27T10:22:07Z</time></trkpt><trkpt lat="47.3888457566" lon="10.9587643202"><ele>1379.16</ele><time>2026-08-27T10:22:16Z</time></trkpt><trkpt lat="47.3888670467" lon="10.9588629752"><ele>1380.69</ele><time>2026-08-27T10:22:24Z</time></trkpt><trkpt lat="47.3888978921" lon="10.9589356463"><ele>1381.71</ele><time>2026-08-27T10:22:31Z</time></trkpt><trkpt lat="47.3889286537" lon="10.9590798989"><ele>1383.33</ele><time>2026-08-27T10:22:41Z</time></trkpt><trkpt lat="47.3889434058" lon="10.9592292644"><ele>1384.80</ele><time>2026-08-27T10:22:51Z</time></trkpt><trkpt lat="47.3889766820" lon="10.9593451023"><ele>1386.09</ele><time>2026-08-27T10:23:00Z</time></trkpt><trkpt lat="47.3890195973" lon="10.9594345372"><ele>1387.17</ele><time>2026-08-27T10:23:09Z</time></trkpt><trkpt lat="47.3890449945" lon="10.9595072921"><ele>1388.41</ele><time>2026-08-27T10:23:16Z</time></trkpt><trkpt lat="47.3890994769" lon="10.9596520476"><ele>1390.45</ele><time>2026-08-27T10:23:29Z</time></trkpt><trkpt lat="47.3891651910" lon="10.9597541392"><ele>1391.94</ele><time>2026-08-27T10:23:38Z</time></trkpt><trkpt lat="47.3892185837" lon="10.9598869924"><ele>1393.32</ele><time>2026-08-27T10:23:48Z</time></trkpt><trkpt lat="47.3892401252" lon="10.9599257167"><ele>1393.70</ele><time>2026-08-27T10:23:51Z</time></trkpt><trkpt lat="47.3892863095" lon="10.9599982202"><ele>1394.60</ele><time>2026-08-27T10:23:58Z</time></trkpt><trkpt lat="47.3893107008" lon="10.9600070212"><ele>1395.21</ele><time>2026-08-27T10:24:01Z</time></trkpt><trkpt lat="47.3893472459" lon="10.9600362740"><ele>1396.21</ele><time>2026-08-27T10:24:07Z</time></trkpt><trkpt lat="47.3893618304" lon="10.9600665327"><ele>1396.82</ele><time>2026-08-27T10:24:10Z</time></trkpt><trkpt lat="47.3893739842" lon="10.9600860626"><ele>1397.50</ele><time>2026-08-27T10:24:15Z</time></trkpt><trkpt lat="47.3893737327" lon="10.9600702208"><ele>1397.95</ele><time>2026-08-27T10:24:31Z</time></trkpt><trkpt lat="47.3893659376" lon="10.9600712266"><ele>1398.12</ele><time>2026-08-27T10:24:53Z</time></trkpt><trkpt lat="47.3893679492" lon="10.9600715619"><ele>1398.33</ele><time>2026-08-27T10:25:13Z</time></trkpt><trkpt lat="47.3893483356" lon="10.9600671194"><ele>1398.62</ele><time>2026-08-27T10:25:42Z</time></trkpt><trkpt lat="47.3893616628" lon="10.9600945283"><ele>1398.68</ele><time>2026-08-27T10:26:16Z</time></trkpt><trkpt lat="47.3893526942" lon="10.9600863140"><ele>1398.62</ele><time>2026-08-27T10:27:05Z</time></trkpt><trkpt lat="47.3893666919" lon="10.9600686282"><ele>1398.62</ele><time>2026-08-27T10:27:30Z</time></trkpt><trkpt lat="47.3893697932" lon="10.9600651078"><ele>1398.62</ele><time>2026-08-27T10:27:52Z</time></trkpt><trkpt lat="47.3893565498" lon="10.9600855596"><ele>1398.62</ele><time>2026-08-27T10:28:23Z</time></trkpt><trkpt lat="47.3893744033" lon="10.9601006471"><ele>1398.62</ele><time>2026-08-27T10:28:50Z</time></trkpt><trkpt lat="47.3893861379" lon="10.9600987192"><ele>1398.62</ele><time>2026-08-27T10:28:57Z</time></trkpt><trkpt lat="47.3893956095" lon="10.9600918461"><ele>1398.62</ele><time>2026-08-27T10:29:06Z</time></trkpt><trkpt lat="47.3894069251" lon="10.9601053409"><ele>1398.62</ele><time>2026-08-27T10:29:09Z</time></trkpt><trkpt lat="47.3894157261" lon="10.9601939376"><ele>1398.87</ele><time>2026-08-27T10:29:16Z</time></trkpt><trkpt lat="47.3893901613" lon="10.9602170717"><ele>1400.79</ele><time>2026-08-27T10:29:20Z</time></trkpt><trkpt lat="47.3893520236" lon="10.9602443967"><ele>1401.45</ele><time>2026-08-27T10:29:24Z</time></trkpt><trkpt lat="47.3892594874" lon="10.9602939337"><ele>1403.25</ele><time>2026-08-27T10:29:34Z</time></trkpt><trkpt lat="47.3891882412" lon="10.9603739809"><ele>1404.93</ele><time>2026-08-27T10:29:44Z</time></trkpt><trkpt lat="47.3891330045" lon="10.9604370128"><ele>1406.07</ele><time>2026-08-27T10:29:52Z</time></trkpt><trkpt lat="47.3891128041" lon="10.9604670200"><ele>1407.28</ele><time>2026-08-27T10:30:03Z</time></trkpt><trkpt lat="47.3891014047" lon="10.9604900703"><ele>1407.30</ele><time>2026-08-27T10:30:14Z</time></trkpt><trkpt lat="47.3890464194" lon="10.9605593886"><ele>1407.98</ele><time>2026-08-27T10:30:23Z</time></trkpt><trkpt lat="47.3889821302" lon="10.9606608097"><ele>1410.11</ele><time>2026-08-27T10:30:35Z</time></trkpt><trkpt lat="47.3888971377" lon="10.9607560281"><ele>1411.82</ele><time>2026-08-27T10:30:45Z</time></trkpt><trkpt lat="47.3888347764" lon="10.9608706087"><ele>1413.51</ele><time>2026-08-27T10:30:56Z</time></trkpt><trkpt lat="47.3888061941" lon="10.9610334691"><ele>1415.35</ele><time>2026-08-27T10:31:07Z</time></trkpt><trkpt lat="47.3887693137" lon="10.9611588623"><ele>1417.27</ele><time>2026-08-27T10:31:19Z</time></trkpt><trkpt lat="47.3887075391" lon="10.9612773824"><ele>1418.93</ele><time>2026-08-27T10:31:30Z</time></trkpt><trkpt lat="47.3886323534" lon="10.9613788035"><ele>1420.44</ele><time>2026-08-27T10:31:41Z</time></trkpt><trkpt lat="47.3885305971" lon="10.9614953119"><ele>1422.74</ele><time>2026-08-27T10:31:57Z</time></trkpt><trkpt lat="47.3884467781" lon="10.9615750238"><ele>1424.45</ele><time>2026-08-27T10:32:06Z</time></trkpt><trkpt lat="47.3884120770" lon="10.9617570788"><ele>1426.20</ele><time>2026-08-27T10:32:18Z</time></trkpt><trkpt lat="47.3884037789" lon="10.9618904348"><ele>1427.62</ele><time>2026-08-27T10:32:27Z</time></trkpt><trkpt lat="47.3883898649" lon="10.9619999863"><ele>1428.92</ele><time>2026-08-27T10:32:35Z</time></trkpt><trkpt lat="47.3883631267" lon="10.9620956238"><ele>1429.72</ele><time>2026-08-27T10:32:43Z</time></trkpt><trkpt lat="47.3883639649" lon="10.9621101245"><ele>1429.85</ele><time>2026-08-27T10:32:44Z</time></trkpt><trkpt lat="47.3883311078" lon="10.9622024931"><ele>1431.10</ele><time>2026-08-27T10:32:53Z</time></trkpt><trkpt lat="47.3882773798" lon="10.9623026568"><ele>1432.79</ele><time>2026-08-27T10:33:03Z</time></trkpt><trkpt lat="47.3882466182" lon="10.9623547085"><ele>1434.17</ele><time>2026-08-27T10:33:12Z</time></trkpt><trkpt lat="47.3881862685" lon="10.9624860529"><ele>1435.91</ele><time>2026-08-27T10:33:23Z</time></trkpt><trkpt lat="47.3881690018" lon="10.9626500867"><ele>1436.73</ele><time>2026-08-27T10:33:34Z</time></trkpt><trkpt lat="47.3882275075" lon="10.9626987856"><ele>1437.46</ele><time>2026-08-27T10:33:43Z</time></trkpt><trkpt lat="47.3882740270" lon="10.9627420362"><ele>1438.10</ele><time>2026-08-27T10:33:50Z</time></trkpt><trkpt lat="47.3883521464" lon="10.9627588838"><ele>1439.27</ele><time>2026-08-27T10:34:00Z</time></trkpt><trkpt lat="47.3884383123" lon="10.9628167190"><ele>1440.48</ele><time>2026-08-27T10:34:09Z</time></trkpt><trkpt lat="47.3885290883" lon="10.9628680162"><ele>1441.55</ele><time>2026-08-27T10:34:18Z</time></trkpt><trkpt lat="47.3886022624" lon="10.9628775716"><ele>1442.32</ele><time>2026-08-27T10:34:25Z</time></trkpt><trkpt lat="47.3886443395" lon="10.9628658369"><ele>1443.10</ele><time>2026-08-27T10:34:30Z</time></trkpt><trkpt lat="47.3887062818" lon="10.9628270287"><ele>1444.12</ele><time>2026-08-27T10:34:38Z</time></trkpt><trkpt lat="47.3887125682" lon="10.9628211614"><ele>1444.40</ele><time>2026-08-27T10:34:50Z</time></trkpt><trkpt lat="47.3887476046" lon="10.9628162161"><ele>1444.86</ele><time>2026-08-27T10:35:01Z</time></trkpt><trkpt lat="47.3887875862" lon="10.9628003743"><ele>1445.16</ele><time>2026-08-27T10:35:11Z</time></trkpt><trkpt lat="47.3888883367" lon="10.9627666790"><ele>1446.70</ele><time>2026-08-27T10:35:21Z</time></trkpt><trkpt lat="47.3889439087" lon="10.9627788328"><ele>1447.55</ele><time>2026-08-27T10:35:27Z</time></trkpt><trkpt lat="47.3889521230" lon="10.9627898131"><ele>1447.68</ele><time>2026-08-27T10:35:28Z</time></trkpt><trkpt lat="47.3889599182" lon="10.9628016315"><ele>1447.81</ele><time>2026-08-27T10:35:29Z</time></trkpt><trkpt lat="47.3889615107" lon="10.9628442954"><ele>1448.17</ele><time>2026-08-27T10:35:32Z</time></trkpt><trkpt lat="47.3889190983" lon="10.9629278630"><ele>1448.80</ele><time>2026-08-27T10:35:38Z</time></trkpt><trkpt lat="47.3888263945" lon="10.9630157053"><ele>1449.89</ele><time>2026-08-27T10:35:47Z</time></trkpt><trkpt lat="47.3887660448" lon="10.9631392546"><ele>1451.32</ele><time>2026-08-27T10:35:58Z</time></trkpt><trkpt lat="47.3887637816" lon="10.9632712696"><ele>1452.42</ele><time>2026-08-27T10:36:06Z</time></trkpt><trkpt lat="47.3887735046" lon="10.9633865207"><ele>1453.26</ele><time>2026-08-27T10:36:14Z</time></trkpt><trkpt lat="47.3887816351" lon="10.9635238163"><ele>1454.23</ele><time>2026-08-27T10:36:22Z</time></trkpt><trkpt lat="47.3887719959" lon="10.9636301827"><ele>1455.42</ele><time>2026-08-27T10:36:30Z</time></trkpt><trkpt lat="47.3887261469" lon="10.9637170192"><ele>1456.60</ele><time>2026-08-27T10:36:37Z</time></trkpt><trkpt lat="47.3886036035" lon="10.9637621138"><ele>1458.17</ele><time>2026-08-27T10:36:47Z</time></trkpt><trkpt lat="47.3884849995" lon="10.9637743514"><ele>1459.42</ele><time>2026-08-27T10:36:58Z</time></trkpt><trkpt lat="47.3883954808" lon="10.9637641255"><ele>1460.27</ele><time>2026-08-27T10:37:07Z</time></trkpt><trkpt lat="47.3883137573" lon="10.9637218807"><ele>1461.23</ele><time>2026-08-27T10:37:17Z</time></trkpt><trkpt lat="47.3882922158" lon="10.9636943880"><ele>1461.62</ele><time>2026-08-27T10:37:20Z</time></trkpt><trkpt lat="47.3882448580" lon="10.9636520594"><ele>1462.25</ele><time>2026-08-27T10:37:25Z</time></trkpt><trkpt lat="47.3881952371" lon="10.9635876026"><ele>1463.25</ele><time>2026-08-27T10:37:32Z</time></trkpt><trkpt lat="47.3881842569" lon="10.9635614511"><ele>1463.60</ele><time>2026-08-27T10:37:34Z</time></trkpt><trkpt lat="47.3880980071" lon="10.9634342138"><ele>1465.20</ele><time>2026-08-27T10:37:46Z</time></trkpt><trkpt lat="47.3880304489" lon="10.9633599501"><ele>1466.03</ele><time>2026-08-27T10:37:53Z</time></trkpt><trkpt lat="47.3879518267" lon="10.9632739518"><ele>1467.24</ele><time>2026-08-27T10:38:03Z</time></trkpt><trkpt lat="47.3879392538" lon="10.9632508177"><ele>1467.50</ele><time>2026-08-27T10:38:05Z</time></trkpt><trkpt lat="47.3878629785" lon="10.9631861933"><ele>1469.18</ele><time>2026-08-27T10:38:14Z</time></trkpt><trkpt lat="47.3877892178" lon="10.9631326329"><ele>1470.55</ele><time>2026-08-27T10:38:22Z</time></trkpt><trkpt lat="47.3877116852" lon="10.9631320462"><ele>1471.34</ele><time>2026-08-27T10:38:29Z</time></trkpt><trkpt lat="47.3876362480" lon="10.9632132668"><ele>1472.43</ele><time>2026-08-27T10:38:38Z</time></trkpt><trkpt lat="47.3875821009" lon="10.9633204713"><ele>1473.62</ele><time>2026-08-27T10:38:47Z</time></trkpt><trkpt lat="47.3875362519" lon="10.9634769615"><ele>1474.21</ele><time>2026-08-27T10:38:55Z</time></trkpt><trkpt lat="47.3874794226" lon="10.9636549093"><ele>1474.72</ele><time>2026-08-27T10:39:04Z</time></trkpt><trkpt lat="47.3874197435" lon="10.9637955576"><ele>1475.62</ele><time>2026-08-27T10:39:12Z</time></trkpt><trkpt lat="47.3873235192" lon="10.9639661293"><ele>1476.33</ele><time>2026-08-27T10:39:21Z</time></trkpt><trkpt lat="47.3872308992" lon="10.9640727472"><ele>1476.88</ele><time>2026-08-27T10:39:30Z</time></trkpt><trkpt lat="47.3871686216" lon="10.9640919417"><ele>1477.55</ele><time>2026-08-27T10:39:38Z</time></trkpt><trkpt lat="47.3871699627" lon="10.9640928637"><ele>1478.12</ele><time>2026-08-27T10:39:51Z</time></trkpt><trkpt lat="47.3871710524" lon="10.9641019162"><ele>1477.63</ele><time>2026-08-27T10:40:06Z</time></trkpt><trkpt lat="47.3871542886" lon="10.9641367011"><ele>1478.14</ele><time>2026-08-27T10:40:14Z</time></trkpt><trkpt lat="47.3871504329" lon="10.9641354438"><ele>1477.33</ele><time>2026-08-27T10:40:51Z</time></trkpt><trkpt lat="47.3871291429" lon="10.9640963841"><ele>1477.33</ele><time>2026-08-27T10:41:56Z</time></trkpt><trkpt lat="47.3871296458" lon="10.9641032573"><ele>1477.33</ele><time>2026-08-27T10:42:03Z</time></trkpt><trkpt lat="47.3871297296" lon="10.9641094599"><ele>1477.33</ele><time>2026-08-27T10:42:13Z</time></trkpt><trkpt lat="47.3871030752" lon="10.9640608449"><ele>1477.33</ele><time>2026-08-27T10:42:41Z</time></trkpt><trkpt lat="47.3870790191" lon="10.9640432429"><ele>1477.33</ele><time>2026-08-27T10:42:48Z</time></trkpt><trkpt lat="47.3870666977" lon="10.9640413150"><ele>1477.33</ele><time>2026-08-27T10:42:49Z</time></trkpt><trkpt lat="47.3870521132" lon="10.9640406445"><ele>1477.33</ele><time>2026-08-27T10:42:50Z</time></trkpt><trkpt lat="47.3870371096" lon="10.9640367888"><ele>1477.33</ele><time>2026-08-27T10:42:51Z</time></trkpt><trkpt lat="47.3870238662" lon="10.9640349448"><ele>1477.33</ele><time>2026-08-27T10:42:52Z</time></trkpt><trkpt lat="47.3870059289" lon="10.9640258923"><ele>1477.36</ele><time>2026-08-27T10:42:54Z</time></trkpt><trkpt lat="47.3869931046" lon="10.9640200250"><ele>1477.39</ele><time>2026-08-27T10:42:55Z</time></trkpt><trkpt lat="47.3868654482" lon="10.9639731701"><ele>1478.26</ele><time>2026-08-27T10:43:04Z</time></trkpt><trkpt lat="47.3867962975" lon="10.9639579151"><ele>1478.47</ele><time>2026-08-27T10:43:08Z</time></trkpt><trkpt lat="47.3866867460" lon="10.9640175942"><ele>1478.25</ele><time>2026-08-27T10:43:16Z</time></trkpt><trkpt lat="47.3866786994" lon="10.9640360344"><ele>1478.30</ele><time>2026-08-27T10:43:17Z</time></trkpt><trkpt lat="47.3866713233" lon="10.9640558157"><ele>1478.57</ele><time>2026-08-27T10:43:18Z</time></trkpt><trkpt lat="47.3866559844" lon="10.9641205240"><ele>1479.91</ele><time>2026-08-27T10:43:25Z</time></trkpt><trkpt lat="47.3866564874" lon="10.9641434904"><ele>1479.92</ele><time>2026-08-27T10:43:26Z</time></trkpt><trkpt lat="47.3866600916" lon="10.9641688038"><ele>1479.95</ele><time>2026-08-27T10:43:27Z</time></trkpt><trkpt lat="47.3866636120" lon="10.9641936980"><ele>1480.00</ele><time>2026-08-27T10:43:28Z</time></trkpt><trkpt lat="47.3866678867" lon="10.9642169159"><ele>1480.07</ele><time>2026-08-27T10:43:29Z</time></trkpt><trkpt lat="47.3866690602" lon="10.9642379545"><ele>1480.13</ele><time>2026-08-27T10:43:30Z</time></trkpt><trkpt lat="47.3866666295" lon="10.9642610047"><ele>1480.18</ele><time>2026-08-27T10:43:31Z</time></trkpt><trkpt lat="47.3866661265" lon="10.9642827138"><ele>1480.26</ele><time>2026-08-27T10:43:32Z</time></trkpt><trkpt lat="47.3866672162" lon="10.9643033333"><ele>1480.36</ele><time>2026-08-27T10:43:33Z</time></trkpt><trkpt lat="47.3866667971" lon="10.9644775931"><ele>1481.21</ele><time>2026-08-27T10:43:41Z</time></trkpt><trkpt lat="47.3866682220" lon="10.9645055048"><ele>1481.47</ele><time>2026-08-27T10:43:47Z</time></trkpt><trkpt lat="47.3866636120" lon="10.9645086061"><ele>1481.73</ele><time>2026-08-27T10:43:58Z</time></trkpt><trkpt lat="47.3866579961" lon="10.9644964524"><ele>1481.76</ele><time>2026-08-27T10:44:51Z</time></trkpt><trkpt lat="47.3866767716" lon="10.9644552134"><ele>1481.61</ele><time>2026-08-27T10:45:04Z</time></trkpt><trkpt lat="47.3866627738" lon="10.9644628409"><ele>1481.60</ele><time>2026-08-27T10:45:11Z</time></trkpt><trkpt lat="47.3866438307" lon="10.9645034093"><ele>1481.48</ele><time>2026-08-27T10:45:13Z</time></trkpt><trkpt lat="47.3866101354" lon="10.9647415392"><ele>1481.32</ele><time>2026-08-27T10:45:21Z</time></trkpt><trkpt lat="47.3864774499" lon="10.9649645817"><ele>1480.44</ele><time>2026-08-27T10:45:28Z</time></trkpt><trkpt lat="47.3862923775" lon="10.9651608020"><ele>1479.95</ele><time>2026-08-27T10:45:36Z</time></trkpt><trkpt lat="47.3860907927" lon="10.9655224811"><ele>1480.44</ele><time>2026-08-27T10:45:47Z</time></trkpt><trkpt lat="47.3858703487" lon="10.9658803046"><ele>1479.60</ele><time>2026-08-27T10:45:58Z</time></trkpt><trkpt lat="47.3856100906" lon="10.9662452526"><ele>1479.48</ele><time>2026-08-27T10:46:10Z</time></trkpt><trkpt lat="47.3854641616" lon="10.9664501064"><ele>1480.73</ele><time>2026-08-27T10:46:19Z</time></trkpt><trkpt lat="47.3852573801" lon="10.9667723905"><ele>1481.12</ele><time>2026-08-27T10:46:31Z</time></trkpt><trkpt lat="47.3850754928" lon="10.9670252725"><ele>1482.14</ele><time>2026-08-27T10:46:40Z</time></trkpt><trkpt lat="47.3848967906" lon="10.9672328085"><ele>1483.38</ele><time>2026-08-27T10:46:50Z</time></trkpt><trkpt lat="47.3847932741" lon="10.9673884604"><ele>1484.34</ele><time>2026-08-27T10:46:59Z</time></trkpt><trkpt lat="47.3847856466" lon="10.9674043022"><ele>1484.36</ele><time>2026-08-27T10:47:00Z</time></trkpt><trkpt lat="47.3847805336" lon="10.9674243350"><ele>1484.31</ele><time>2026-08-27T10:47:01Z</time></trkpt><trkpt lat="47.3847760912" lon="10.9674433619"><ele>1484.21</ele><time>2026-08-27T10:47:02Z</time></trkpt><trkpt lat="47.3847838026" lon="10.9674913064"><ele>1484.52</ele><time>2026-08-27T10:47:09Z</time></trkpt><trkpt lat="47.3847895861" lon="10.9674994368"><ele>1485.75</ele><time>2026-08-27T10:47:25Z</time></trkpt><trkpt lat="47.3848027457" lon="10.9675208945"><ele>1485.78</ele><time>2026-08-27T10:47:45Z</time></trkpt><trkpt lat="47.3848052602" lon="10.9675231576"><ele>1485.69</ele><time>2026-08-27T10:47:57Z</time></trkpt><trkpt lat="47.3848251253" lon="10.9675028734"><ele>1485.99</ele><time>2026-08-27T10:48:09Z</time></trkpt><trkpt lat="47.3848173302" lon="10.9674893785"><ele>1485.98</ele><time>2026-08-27T10:48:47Z</time></trkpt><trkpt lat="47.3847811203" lon="10.9674975090"><ele>1486.19</ele><time>2026-08-27T10:48:54Z</time></trkpt><trkpt lat="47.3847779352" lon="10.9675455373"><ele>1486.64</ele><time>2026-08-27T10:49:01Z</time></trkpt><trkpt lat="47.3847779352" lon="10.9675499797"><ele>1486.39</ele><time>2026-08-27T10:49:10Z</time></trkpt><trkpt lat="47.3847610038" lon="10.9676693380"><ele>1486.12</ele><time>2026-08-27T10:49:17Z</time></trkpt><trkpt lat="47.3847284820" lon="10.9678527340"><ele>1486.69</ele><time>2026-08-27T10:49:26Z</time></trkpt><trkpt lat="47.3847292364" lon="10.9680589288"><ele>1489.24</ele><time>2026-08-27T10:49:36Z</time></trkpt><trkpt lat="47.3847226985" lon="10.9682662133"><ele>1490.90</ele><time>2026-08-27T10:49:46Z</time></trkpt><trkpt lat="47.3847306613" lon="10.9684486035"><ele>1492.51</ele><time>2026-08-27T10:49:56Z</time></trkpt><trkpt lat="47.3847332597" lon="10.9684491903"><ele>1493.13</ele><time>2026-08-27T10:50:09Z</time></trkpt><trkpt lat="47.3847407196" lon="10.9684428200"><ele>1492.92</ele><time>2026-08-27T10:50:51Z</time></trkpt><trkpt lat="47.3847407196" lon="10.9684622660"><ele>1492.68</ele><time>2026-08-27T10:51:02Z</time></trkpt><trkpt lat="47.3847601656" lon="10.9686138947"><ele>1493.54</ele><time>2026-08-27T10:51:10Z</time></trkpt><trkpt lat="47.3847775161" lon="10.9687957820"><ele>1494.95</ele><time>2026-08-27T10:51:20Z</time></trkpt><trkpt lat="47.3848024104" lon="10.9689873923"><ele>1496.70</ele><time>2026-08-27T10:51:30Z</time></trkpt><trkpt lat="47.3848087806" lon="10.9691881388"><ele>1498.51</ele><time>2026-08-27T10:51:41Z</time></trkpt><trkpt lat="47.3848210182" lon="10.9693919029"><ele>1500.27</ele><time>2026-08-27T10:51:52Z</time></trkpt><trkpt lat="47.3848360218" lon="10.9695514943"><ele>1501.81</ele><time>2026-08-27T10:52:02Z</time></trkpt><trkpt lat="47.3848612513" lon="10.9697016142"><ele>1502.88</ele><time>2026-08-27T10:52:11Z</time></trkpt><trkpt lat="47.3848593235" lon="10.9698653966"><ele>1504.19</ele><time>2026-08-27T10:52:20Z</time></trkpt><trkpt lat="47.3848590720" lon="10.9699271712"><ele>1505.04</ele><time>2026-08-27T10:52:28Z</time></trkpt><trkpt lat="47.3848894145" lon="10.9699665662"><ele>1505.53</ele><time>2026-08-27T10:52:38Z</time></trkpt><trkpt lat="47.3848975450" lon="10.9699877724"><ele>1506.32</ele><time>2026-08-27T10:52:46Z</time></trkpt><trkpt lat="47.3848956171" lon="10.9700255748"><ele>1506.54</ele><time>2026-08-27T10:52:53Z</time></trkpt><trkpt lat="47.3848900851" lon="10.9700440150"><ele>1506.52</ele><time>2026-08-27T10:52:54Z</time></trkpt><trkpt lat="47.3848868161" lon="10.9700632095"><ele>1506.52</ele><time>2026-08-27T10:52:55Z</time></trkpt><trkpt lat="47.3848350160" lon="10.9702436719"><ele>1507.91</ele><time>2026-08-27T10:53:06Z</time></trkpt><trkpt lat="47.3847583216" lon="10.9704590868"><ele>1509.65</ele><time>2026-08-27T10:53:19Z</time></trkpt><trkpt lat="47.3846991453" lon="10.9706281498"><ele>1511.05</ele><time>2026-08-27T10:53:29Z</time></trkpt><trkpt lat="47.3846265581" lon="10.9707753360"><ele>1512.56</ele><time>2026-08-27T10:53:39Z</time></trkpt><trkpt lat="47.3845533002" lon="10.9709674492"><ele>1513.65</ele><time>2026-08-27T10:53:51Z</time></trkpt><trkpt lat="47.3844915256" lon="10.9711426310"><ele>1514.65</ele><time>2026-08-27T10:54:01Z</time></trkpt><trkpt lat="47.3844547290" lon="10.9712690301"><ele>1515.69</ele><time>2026-08-27T10:54:08Z</time></trkpt><trkpt lat="47.3844476882" lon="10.9712842852"><ele>1515.82</ele><time>2026-08-27T10:54:09Z</time></trkpt><trkpt lat="47.3844398931" lon="10.9713002108"><ele>1515.95</ele><time>2026-08-27T10:54:10Z</time></trkpt><trkpt lat="47.3844319303" lon="10.9713172261"><ele>1516.04</ele><time>2026-08-27T10:54:11Z</time></trkpt><trkpt lat="47.3844258115" lon="10.9713354986"><ele>1516.12</ele><time>2026-08-27T10:54:12Z</time></trkpt><trkpt lat="47.3844202794" lon="10.9713549446"><ele>1516.16</ele><time>2026-08-27T10:54:13Z</time></trkpt><trkpt lat="47.3843533080" lon="10.9715450462"><ele>1518.03</ele><time>2026-08-27T10:54:24Z</time></trkpt><trkpt lat="47.3843534756" lon="10.9715468902"><ele>1518.84</ele><time>2026-08-27T10:54:41Z</time></trkpt><trkpt lat="47.3843547329" lon="10.9715509973"><ele>1518.53</ele><time>2026-08-27T10:54:57Z</time></trkpt><trkpt lat="47.3843382206" lon="10.9715872910"><ele>1518.30</ele><time>2026-08-27T10:55:08Z</time></trkpt><trkpt lat="47.3843285814" lon="10.9716066532"><ele>1518.32</ele><time>2026-08-27T10:55:09Z</time></trkpt><trkpt lat="47.3843211215" lon="10.9716271050"><ele>1518.36</ele><time>2026-08-27T10:55:10Z</time></trkpt><trkpt lat="47.3843129911" lon="10.9716512449"><ele>1518.41</ele><time>2026-08-27T10:55:11Z</time></trkpt><trkpt lat="47.3843046091" lon="10.9716713615"><ele>1518.43</ele><time>2026-08-27T10:55:12Z</time></trkpt><trkpt lat="47.3842955567" lon="10.9716913104"><ele>1518.43</ele><time>2026-08-27T10:55:13Z</time></trkpt><trkpt lat="47.3842854984" lon="10.9717126843"><ele>1518.43</ele><time>2026-08-27T10:55:14Z</time></trkpt><trkpt lat="47.3842210416" lon="10.9719105810"><ele>1519.22</ele><time>2026-08-27T10:55:24Z</time></trkpt><trkpt lat="47.3842054512" lon="10.9721011855"><ele>1520.54</ele><time>2026-08-27T10:55:34Z</time></trkpt><trkpt lat="47.3842440918" lon="10.9722740203"><ele>1521.24</ele><time>2026-08-27T10:55:45Z</time></trkpt><trkpt lat="47.3843135778" lon="10.9723611083"><ele>1523.52</ele><time>2026-08-27T10:55:53Z</time></trkpt><trkpt lat="47.3843171820" lon="10.9723768663"><ele>1524.01</ele><time>2026-08-27T10:55:54Z</time></trkpt><trkpt lat="47.3843563255" lon="10.9724984877"><ele>1526.41</ele><time>2026-08-27T10:56:03Z</time></trkpt><trkpt lat="47.3843966424" lon="10.9726509545"><ele>1527.03</ele><time>2026-08-27T10:56:13Z</time></trkpt><trkpt lat="47.3844373785" lon="10.9727917705"><ele>1528.79</ele><time>2026-08-27T10:56:24Z</time></trkpt><trkpt lat="47.3844476044" lon="10.9728066064"><ele>1529.74</ele><time>2026-08-27T10:56:31Z</time></trkpt><trkpt lat="47.3844487779" lon="10.9727982245"><ele>1529.09</ele><time>2026-08-27T10:56:47Z</time></trkpt><trkpt lat="47.3844477721" lon="10.9727926925"><ele>1529.32</ele><time>2026-08-27T10:58:00Z</time></trkpt><trkpt lat="47.3844463471" lon="10.9728240408"><ele>1529.32</ele><time>2026-08-27T10:58:07Z</time></trkpt><trkpt lat="47.3844525497" lon="10.9729340114"><ele>1529.55</ele><time>2026-08-27T10:58:14Z</time></trkpt><trkpt lat="47.3844459280" lon="10.9729749989"><ele>1529.81</ele><time>2026-08-27T10:58:16Z</time></trkpt><trkpt lat="47.3844476044" lon="10.9729925171"><ele>1529.90</ele><time>2026-08-27T10:58:17Z</time></trkpt><trkpt lat="47.3844318464" lon="10.9731931798"><ele>1531.70</ele><time>2026-08-27T10:58:28Z</time></trkpt><trkpt lat="47.3843832314" lon="10.9733738098"><ele>1532.49</ele><time>2026-08-27T10:58:38Z</time></trkpt><trkpt lat="47.3843067884" lon="10.9735408612"><ele>1534.02</ele><time>2026-08-27T10:58:49Z</time></trkpt><trkpt lat="47.3842539825" lon="10.9736893885"><ele>1535.34</ele><time>2026-08-27T10:58:59Z</time></trkpt><trkpt lat="47.3842030205" lon="10.9738584515"><ele>1537.76</ele><time>2026-08-27T10:59:10Z</time></trkpt><trkpt lat="47.3841617815" lon="10.9740129299"><ele>1539.43</ele><time>2026-08-27T10:59:20Z</time></trkpt><trkpt lat="47.3841298465" lon="10.9741893690"><ele>1541.39</ele><time>2026-08-27T10:59:31Z</time></trkpt><trkpt lat="47.3840912059" lon="10.9742899518"><ele>1542.83</ele><time>2026-08-27T10:59:38Z</time></trkpt><trkpt lat="47.3840861768" lon="10.9743047878"><ele>1542.99</ele><time>2026-08-27T10:59:39Z</time></trkpt><trkpt lat="47.3840202950" lon="10.9744527284"><ele>1544.84</ele><time>2026-08-27T10:59:49Z</time></trkpt><trkpt lat="47.3840154335" lon="10.9744539019"><ele>1545.84</ele><time>2026-08-27T10:59:56Z</time></trkpt><trkpt lat="47.3840150144" lon="10.9744486213"><ele>1546.17</ele><time>2026-08-27T11:00:28Z</time></trkpt><trkpt lat="47.3840184510" lon="10.9744590148"><ele>1546.16</ele><time>2026-08-27T11:01:01Z</time></trkpt><trkpt lat="47.3840131704" lon="10.9744780418"><ele>1546.16</ele><time>2026-08-27T11:01:18Z</time></trkpt><trkpt lat="47.3840066325" lon="10.9744956437"><ele>1546.16</ele><time>2026-08-27T11:01:19Z</time></trkpt><trkpt lat="47.3839292675" lon="10.9746773634"><ele>1546.51</ele><time>2026-08-27T11:01:29Z</time></trkpt><trkpt lat="47.3838389944" lon="10.9748366196"><ele>1547.84</ele><time>2026-08-27T11:01:38Z</time></trkpt><trkpt lat="47.3836962506" lon="10.9750711452"><ele>1549.38</ele><time>2026-08-27T11:01:51Z</time></trkpt><trkpt lat="47.3836162873" lon="10.9752520267"><ele>1550.59</ele><time>2026-08-27T11:02:00Z</time></trkpt><trkpt lat="47.3835274391" lon="10.9753989615"><ele>1551.99</ele><time>2026-08-27T11:02:09Z</time></trkpt><trkpt lat="47.3834571987" lon="10.9755047411"><ele>1553.00</ele><time>2026-08-27T11:02:15Z</time></trkpt><trkpt lat="47.3833675124" lon="10.9756363370"><ele>1554.16</ele><time>2026-08-27T11:02:22Z</time></trkpt><trkpt lat="47.3832950927" lon="10.9757384285"><ele>1554.97</ele><time>2026-08-27T11:02:28Z</time></trkpt><trkpt lat="47.3832360003" lon="10.9758565295"><ele>1555.62</ele><time>2026-08-27T11:02:34Z</time></trkpt><trkpt lat="47.3832303844" lon="10.9758763947"><ele>1555.73</ele><time>2026-08-27T11:02:35Z</time></trkpt><trkpt lat="47.3831451405" lon="10.9761384968"><ele>1556.70</ele><time>2026-08-27T11:02:47Z</time></trkpt><trkpt lat="47.3830742296" lon="10.9762625489"><ele>1558.04</ele><time>2026-08-27T11:02:54Z</time></trkpt><trkpt lat="47.3829842079" lon="10.9763564263"><ele>1559.27</ele><time>2026-08-27T11:03:01Z</time></trkpt><trkpt lat="47.3829234391" lon="10.9764244873"><ele>1560.10</ele><time>2026-08-27T11:03:06Z</time></trkpt><trkpt lat="47.3828840442" lon="10.9764698334"><ele>1560.51</ele><time>2026-08-27T11:03:09Z</time></trkpt><trkpt lat="47.3828682024" lon="10.9764889441"><ele>1560.65</ele><time>2026-08-27T11:03:10Z</time></trkpt><trkpt lat="47.3828555457" lon="10.9765031934"><ele>1560.74</ele><time>2026-08-27T11:03:11Z</time></trkpt><trkpt lat="47.3828351777" lon="10.9765319433"><ele>1561.02</ele><time>2026-08-27T11:03:13Z</time></trkpt><trkpt lat="47.3827858921" lon="10.9765926283"><ele>1561.48</ele><time>2026-08-27T11:03:17Z</time></trkpt><trkpt lat="47.3827380314" lon="10.9766606893"><ele>1562.26</ele><time>2026-08-27T11:03:22Z</time></trkpt><trkpt lat="47.3826597445" lon="10.9768031817"><ele>1563.36</ele><time>2026-08-27T11:03:30Z</time></trkpt><trkpt lat="47.3826403823" lon="10.9768422414"><ele>1563.85</ele><time>2026-08-27T11:03:33Z</time></trkpt><trkpt lat="47.3826315813" lon="10.9768557362"><ele>1564.12</ele><time>2026-08-27T11:03:34Z</time></trkpt><trkpt lat="47.3826268036" lon="10.9768706560"><ele>1564.12</ele><time>2026-08-27T11:03:35Z</time></trkpt><trkpt lat="47.3826217744" lon="10.9768842347"><ele>1564.34</ele><time>2026-08-27T11:03:36Z</time></trkpt><trkpt lat="47.3826154880" lon="10.9768992383"><ele>1564.45</ele><time>2026-08-27T11:03:37Z</time></trkpt><trkpt lat="47.3826069385" lon="10.9769146610"><ele>1564.57</ele><time>2026-08-27T11:03:38Z</time></trkpt><trkpt lat="47.3825943656" lon="10.9769268986"><ele>1564.71</ele><time>2026-08-27T11:03:39Z</time></trkpt><trkpt lat="47.3825817928" lon="10.9769382980"><ele>1564.88</ele><time>2026-08-27T11:03:40Z</time></trkpt><trkpt lat="47.3825731594" lon="10.9769534692"><ele>1565.05</ele><time>2026-08-27T11:03:41Z</time></trkpt><trkpt lat="47.3825661186" lon="10.9769713227"><ele>1565.20</ele><time>2026-08-27T11:03:42Z</time></trkpt><trkpt lat="47.3825129773" lon="10.9770825505"><ele>1566.15</ele><time>2026-08-27T11:03:50Z</time></trkpt><trkpt lat="47.3824683856" lon="10.9771888331"><ele>1567.15</ele><time>2026-08-27T11:03:57Z</time></trkpt><trkpt lat="47.3824055213" lon="10.9773220215"><ele>1568.48</ele><time>2026-08-27T11:04:06Z</time></trkpt><trkpt lat="47.3823372927" lon="10.9774392005"><ele>1569.39</ele><time>2026-08-27T11:04:14Z</time></trkpt><trkpt lat="47.3822494503" lon="10.9775733110"><ele>1569.69</ele><time>2026-08-27T11:04:22Z</time></trkpt><trkpt lat="47.3822185211" lon="10.9776329901"><ele>1570.02</ele><time>2026-08-27T11:04:26Z</time></trkpt><trkpt lat="47.3822087981" lon="10.9776489995"><ele>1570.15</ele><time>2026-08-27T11:04:27Z</time></trkpt><trkpt lat="47.3821939621" lon="10.9776807670"><ele>1570.55</ele><time>2026-08-27T11:04:29Z</time></trkpt><trkpt lat="47.3821890168" lon="10.9776988719"><ele>1570.79</ele><time>2026-08-27T11:04:30Z</time></trkpt><trkpt lat="47.3821348697" lon="10.9777784999"><ele>1572.03</ele><time>2026-08-27T11:04:36Z</time></trkpt><trkpt lat="47.3821284156" lon="10.9777862951"><ele>1572.24</ele><time>2026-08-27T11:04:37Z</time></trkpt><trkpt lat="47.3821191955" lon="10.9777992871"><ele>1572.38</ele><time>2026-08-27T11:04:38Z</time></trkpt><trkpt lat="47.3821084667" lon="10.9778142907"><ele>1572.55</ele><time>2026-08-27T11:04:39Z</time></trkpt><trkpt lat="47.3820988275" lon="10.9778282885"><ele>1572.80</ele><time>2026-08-27T11:04:40Z</time></trkpt><trkpt lat="47.3820904456" lon="10.9778422862"><ele>1573.05</ele><time>2026-08-27T11:04:41Z</time></trkpt><trkpt lat="47.3820425011" lon="10.9779219143"><ele>1574.13</ele><time>2026-08-27T11:04:47Z</time></trkpt><trkpt lat="47.3819926288" lon="10.9780185577"><ele>1575.39</ele><time>2026-08-27T11:04:54Z</time></trkpt><trkpt lat="47.3819501325" lon="10.9780874569"><ele>1576.48</ele><time>2026-08-27T11:04:59Z</time></trkpt><trkpt lat="47.3819429241" lon="10.9781002812"><ele>1576.63</ele><time>2026-08-27T11:05:00Z</time></trkpt><trkpt lat="47.3819233943" lon="10.9781352337"><ele>1576.92</ele><time>2026-08-27T11:05:03Z</time></trkpt><trkpt lat="47.3819189519" lon="10.9781510755"><ele>1577.00</ele><time>2026-08-27T11:05:04Z</time></trkpt><trkpt lat="47.3819056246" lon="10.9781617206"><ele>1577.09</ele><time>2026-08-27T11:05:05Z</time></trkpt><trkpt lat="47.3818871006" lon="10.9781827591"><ele>1577.28</ele><time>2026-08-27T11:05:07Z</time></trkpt><trkpt lat="47.3818702530" lon="10.9782379121"><ele>1577.76</ele><time>2026-08-27T11:05:11Z</time></trkpt><trkpt lat="47.3818626255" lon="10.9782493953"><ele>1578.02</ele><time>2026-08-27T11:05:12Z</time></trkpt><trkpt lat="47.3818289302" lon="10.9783112537"><ele>1578.81</ele><time>2026-08-27T11:05:17Z</time></trkpt><trkpt lat="47.3818171117" lon="10.9783198871"><ele>1579.06</ele><time>2026-08-27T11:05:18Z</time></trkpt><trkpt lat="47.3818079755" lon="10.9783293586"><ele>1579.29</ele><time>2026-08-27T11:05:19Z</time></trkpt><trkpt lat="47.3817911278" lon="10.9783417638"><ele>1579.75</ele><time>2026-08-27T11:05:21Z</time></trkpt><trkpt lat="47.3817727715" lon="10.9783778060"><ele>1580.28</ele><time>2026-08-27T11:05:24Z</time></trkpt><trkpt lat="47.3817182891" lon="10.9784425143"><ele>1581.04</ele><time>2026-08-27T11:05:31Z</time></trkpt><trkpt lat="47.3816791456" lon="10.9784854297"><ele>1581.77</ele><time>2026-08-27T11:05:36Z</time></trkpt><trkpt lat="47.3816394992" lon="10.9785246570"><ele>1582.36</ele><time>2026-08-27T11:05:40Z</time></trkpt><trkpt lat="47.3816309497" lon="10.9785347991"><ele>1582.48</ele><time>2026-08-27T11:05:41Z</time></trkpt><trkpt lat="47.3816127609" lon="10.9785541613"><ele>1582.77</ele><time>2026-08-27T11:05:43Z</time></trkpt><trkpt lat="47.3816034570" lon="10.9785633814"><ele>1582.93</ele><time>2026-08-27T11:05:44Z</time></trkpt><trkpt lat="47.3815947399" lon="10.9785726015"><ele>1583.05</ele><time>2026-08-27T11:05:45Z</time></trkpt><trkpt lat="47.3815629724" lon="10.9785977472"><ele>1583.67</ele><time>2026-08-27T11:05:49Z</time></trkpt><trkpt lat="47.3815508187" lon="10.9786040336"><ele>1583.83</ele><time>2026-08-27T11:05:50Z</time></trkpt><trkpt lat="47.3815167882" lon="10.9786540736"><ele>1584.29</ele><time>2026-08-27T11:05:55Z</time></trkpt><trkpt lat="47.3814842664" lon="10.9786886908"><ele>1584.93</ele><time>2026-08-27T11:05:59Z</time></trkpt><trkpt lat="47.3814596236" lon="10.9787093941"><ele>1585.80</ele><time>2026-08-27T11:06:02Z</time></trkpt><trkpt lat="47.3814479727" lon="10.9787171893"><ele>1585.94</ele><time>2026-08-27T11:06:03Z</time></trkpt><trkpt lat="47.3814364895" lon="10.9787250683"><ele>1586.12</ele><time>2026-08-27T11:06:04Z</time></trkpt><trkpt lat="47.3814229108" lon="10.9787388146"><ele>1586.53</ele><time>2026-08-27T11:06:06Z</time></trkpt><trkpt lat="47.3814110085" lon="10.9787460230"><ele>1586.70</ele><time>2026-08-27T11:06:07Z</time></trkpt><trkpt lat="47.3813690152" lon="10.9787920397"><ele>1587.39</ele><time>2026-08-27T11:06:12Z</time></trkpt><trkpt lat="47.3813375831" lon="10.9788173530"><ele>1588.04</ele><time>2026-08-27T11:06:16Z</time></trkpt><trkpt lat="47.3812959250" lon="10.9788560774"><ele>1588.80</ele><time>2026-08-27T11:06:21Z</time></trkpt><trkpt lat="47.3812519200" lon="10.9789067879"><ele>1590.18</ele><time>2026-08-27T11:06:27Z</time></trkpt><trkpt lat="47.3812352400" lon="10.9789294191"><ele>1590.75</ele><time>2026-08-27T11:06:29Z</time></trkpt><trkpt lat="47.3812157940" lon="10.9789522178"><ele>1591.20</ele><time>2026-08-27T11:06:31Z</time></trkpt><trkpt lat="47.3811654188" lon="10.9790204465"><ele>1591.81</ele><time>2026-08-27T11:06:37Z</time></trkpt><trkpt lat="47.3811193183" lon="10.9790739231"><ele>1592.23</ele><time>2026-08-27T11:06:43Z</time></trkpt><trkpt lat="47.3810398579" lon="10.9791553952"><ele>1593.07</ele><time>2026-08-27T11:06:51Z</time></trkpt><trkpt lat="47.3809707910" lon="10.9791768529"><ele>1593.35</ele><time>2026-08-27T11:06:57Z</time></trkpt><trkpt lat="47.3809350841" lon="10.9791947901"><ele>1593.66</ele><time>2026-08-27T11:07:00Z</time></trkpt><trkpt lat="47.3809088487" lon="10.9792061895"><ele>1593.77</ele><time>2026-08-27T11:07:02Z</time></trkpt><trkpt lat="47.3808929231" lon="10.9792148229"><ele>1593.87</ele><time>2026-08-27T11:07:03Z</time></trkpt><trkpt lat="47.3808759078" lon="10.9792221989"><ele>1594.03</ele><time>2026-08-27T11:07:04Z</time></trkpt><trkpt lat="47.3808588926" lon="10.9792332631"><ele>1594.16</ele><time>2026-08-27T11:07:05Z</time></trkpt><trkpt lat="47.3808415420" lon="10.9792470094"><ele>1594.25</ele><time>2026-08-27T11:07:06Z</time></trkpt><trkpt lat="47.3807723913" lon="10.9793171659"><ele>1594.50</ele><time>2026-08-27T11:07:13Z</time></trkpt><trkpt lat="47.3807746544" lon="10.9793319181"><ele>1595.24</ele><time>2026-08-27T11:07:32Z</time></trkpt><trkpt lat="47.3807783425" lon="10.9793439042"><ele>1594.84</ele><time>2026-08-27T11:07:50Z</time></trkpt><trkpt lat="47.3807839584" lon="10.9793479275"><ele>1595.13</ele><time>2026-08-27T11:08:21Z</time></trkpt><trkpt lat="47.3807822820" lon="10.9793518670"><ele>1595.35</ele><time>2026-08-27T11:08:43Z</time></trkpt><trkpt lat="47.3807624169" lon="10.9793580696"><ele>1595.77</ele><time>2026-08-27T11:09:01Z</time></trkpt><trkpt lat="47.3807542864" lon="10.9793718997"><ele>1595.75</ele><time>2026-08-27T11:09:02Z</time></trkpt><trkpt lat="47.3807439767" lon="10.9793864843"><ele>1595.73</ele><time>2026-08-27T11:09:03Z</time></trkpt><trkpt lat="47.3807303142" lon="10.9794014040"><ele>1595.72</ele><time>2026-08-27T11:09:04Z</time></trkpt><trkpt lat="47.3807153944" lon="10.9794185031"><ele>1595.68</ele><time>2026-08-27T11:09:05Z</time></trkpt><trkpt lat="47.3807003070" lon="10.9794360213"><ele>1595.65</ele><time>2026-08-27T11:09:06Z</time></trkpt><trkpt lat="47.3805920128" lon="10.9796504304"><ele>1595.58</ele><time>2026-08-27T11:09:16Z</time></trkpt><trkpt lat="47.3804967105" lon="10.9799119458"><ele>1596.86</ele><time>2026-08-27T11:09:28Z</time></trkpt><trkpt lat="47.3804528732" lon="10.9801518358"><ele>1597.74</ele><time>2026-08-27T11:09:38Z</time></trkpt><trkpt lat="47.3804432340" lon="10.9801966790"><ele>1598.79</ele><time>2026-08-27T11:09:40Z</time></trkpt><trkpt lat="47.3804079462" lon="10.9804156143"><ele>1599.78</ele><time>2026-08-27T11:09:49Z</time></trkpt><trkpt lat="47.3803548887" lon="10.9806306940"><ele>1600.61</ele><time>2026-08-27T11:09:58Z</time></trkpt><trkpt lat="47.3803052679" lon="10.9808808938"><ele>1601.83</ele><time>2026-08-27T11:10:08Z</time></trkpt><trkpt lat="47.3802691419" lon="10.9811096359"><ele>1602.75</ele><time>2026-08-27T11:10:17Z</time></trkpt><trkpt lat="47.3802287411" lon="10.9812780283"><ele>1603.54</ele><time>2026-08-27T11:10:24Z</time></trkpt><trkpt lat="47.3801744264" lon="10.9815208521"><ele>1605.12</ele><time>2026-08-27T11:10:34Z</time></trkpt><trkpt lat="47.3801186867" lon="10.9817537852"><ele>1605.77</ele><time>2026-08-27T11:10:44Z</time></trkpt><trkpt lat="47.3800586723" lon="10.9820490796"><ele>1607.50</ele><time>2026-08-27T11:10:56Z</time></trkpt><trkpt lat="47.3800134938" lon="10.9823304601"><ele>1608.95</ele><time>2026-08-27T11:11:08Z</time></trkpt><trkpt lat="47.3799937125" lon="10.9825020377"><ele>1609.67</ele><time>2026-08-27T11:11:15Z</time></trkpt><trkpt lat="47.3799900245" lon="10.9825249203"><ele>1609.97</ele><time>2026-08-27T11:11:16Z</time></trkpt><trkpt lat="47.3799901921" lon="10.9825452045"><ele>1610.13</ele><time>2026-08-27T11:11:17Z</time></trkpt><trkpt lat="47.3799716681" lon="10.9827079810"><ele>1611.03</ele><time>2026-08-27T11:11:24Z</time></trkpt><trkpt lat="47.3799577542" lon="10.9829600248"><ele>1611.69</ele><time>2026-08-27T11:11:34Z</time></trkpt><trkpt lat="47.3799482826" lon="10.9832693171"><ele>1612.39</ele><time>2026-08-27T11:11:44Z</time></trkpt><trkpt lat="47.3799582571" lon="10.9834644478"><ele>1612.69</ele><time>2026-08-27T11:11:50Z</time></trkpt><trkpt lat="47.3800343648" lon="10.9836662002"><ele>1613.17</ele><time>2026-08-27T11:11:58Z</time></trkpt><trkpt lat="47.3800650425" lon="10.9837002307"><ele>1613.75</ele><time>2026-08-27T11:12:04Z</time></trkpt><trkpt lat="47.3800788727" lon="10.9836959559"><ele>1613.29</ele><time>2026-08-27T11:12:23Z</time></trkpt><trkpt lat="47.3800927028" lon="10.9836946148"><ele>1613.73</ele><time>2026-08-27T11:12:34Z</time></trkpt><trkpt lat="47.3800810520" lon="10.9837136418"><ele>1613.92</ele><time>2026-08-27T11:12:44Z</time></trkpt><trkpt lat="47.3800820578" lon="10.9837208502"><ele>1613.70</ele><time>2026-08-27T11:12:48Z</time></trkpt><trkpt lat="47.3800732568" lon="10.9837141447"><ele>1613.57</ele><time>2026-08-27T11:12:52Z</time></trkpt><trkpt lat="47.3800589237" lon="10.9836798627"><ele>1613.63</ele><time>2026-08-27T11:12:57Z</time></trkpt><trkpt lat="47.3800669704" lon="10.9836680442"><ele>1613.78</ele><time>2026-08-27T11:13:04Z</time></trkpt><trkpt lat="47.3800653778" lon="10.9836723190"><ele>1613.92</ele><time>2026-08-27T11:13:08Z</time></trkpt><trkpt lat="47.3800590076" lon="10.9836904239"><ele>1613.84</ele><time>2026-08-27T11:13:14Z</time></trkpt><trkpt lat="47.3800580017" lon="10.9836968780"><ele>1613.84</ele><time>2026-08-27T11:13:21Z</time></trkpt><trkpt lat="47.3800579179" lon="10.9836973809"><ele>1613.84</ele><time>2026-08-27T11:13:28Z</time></trkpt><trkpt lat="47.3800640367" lon="10.9836895857"><ele>1613.84</ele><time>2026-08-27T11:13:36Z</time></trkpt><trkpt lat="47.3800528888" lon="10.9837052599"><ele>1613.84</ele><time>2026-08-27T11:13:49Z</time></trkpt><trkpt lat="47.3800329398" lon="10.9837526176"><ele>1614.03</ele><time>2026-08-27T11:13:55Z</time></trkpt><trkpt lat="47.3800268210" lon="10.9837825410"><ele>1614.38</ele><time>2026-08-27T11:14:02Z</time></trkpt><trkpt lat="47.3800239712" lon="10.9837877378"><ele>1614.49</ele><time>2026-08-27T11:14:07Z</time></trkpt><trkpt lat="47.3800140806" lon="10.9838573914"><ele>1614.55</ele><time>2026-08-27T11:14:12Z</time></trkpt><trkpt lat="47.3800160084" lon="10.9839432221"><ele>1614.69</ele><time>2026-08-27T11:14:15Z</time></trkpt><trkpt lat="47.3799592629" lon="10.9842240997"><ele>1614.91</ele><time>2026-08-27T11:14:24Z</time></trkpt><trkpt lat="47.3798839934" lon="10.9844090883"><ele>1614.92</ele><time>2026-08-27T11:14:31Z</time></trkpt><trkpt lat="47.3798120767" lon="10.9845452942"><ele>1615.72</ele><time>2026-08-27T11:14:38Z</time></trkpt><trkpt lat="47.3797666468" lon="10.9846374951"><ele>1616.79</ele><time>2026-08-27T11:14:44Z</time></trkpt><trkpt lat="47.3797096498" lon="10.9847126808"><ele>1617.75</ele><time>2026-08-27T11:14:50Z</time></trkpt><trkpt lat="47.3796779662" lon="10.9847488906"><ele>1618.32</ele><time>2026-08-27T11:14:53Z</time></trkpt><trkpt lat="47.3796681594" lon="10.9847581945"><ele>1618.52</ele><time>2026-08-27T11:14:54Z</time></trkpt><trkpt lat="47.3796609510" lon="10.9847566858"><ele>1618.86</ele><time>2026-08-27T11:14:55Z</time></trkpt><trkpt lat="47.3796586040" lon="10.9847612958"><ele>1619.06</ele><time>2026-08-27T11:14:56Z</time></trkpt><trkpt lat="47.3796286806" lon="10.9847970866"><ele>1619.81</ele><time>2026-08-27T11:15:00Z</time></trkpt><trkpt lat="47.3795880284" lon="10.9848391637"><ele>1620.42</ele><time>2026-08-27T11:15:04Z</time></trkpt><trkpt lat="47.3795653973" lon="10.9848557599"><ele>1620.88</ele><time>2026-08-27T11:15:06Z</time></trkpt><trkpt lat="47.3795530759" lon="10.9848644771"><ele>1621.06</ele><time>2026-08-27T11:15:07Z</time></trkpt><trkpt lat="47.3794918042" lon="10.9849292692"><ele>1621.73</ele><time>2026-08-27T11:15:13Z</time></trkpt><trkpt lat="47.3794073984" lon="10.9851223044"><ele>1622.68</ele><time>2026-08-27T11:15:22Z</time></trkpt><trkpt lat="47.3793381639" lon="10.9852769505"><ele>1622.86</ele><time>2026-08-27T11:15:29Z</time></trkpt><trkpt lat="47.3792293668" lon="10.9855315927"><ele>1622.98</ele><time>2026-08-27T11:15:38Z</time></trkpt><trkpt lat="47.3791675083" lon="10.9857664537"><ele>1623.51</ele><time>2026-08-27T11:15:45Z</time></trkpt><trkpt lat="47.3790877126" lon="10.9859796055"><ele>1623.72</ele><time>2026-08-27T11:15:53Z</time></trkpt><trkpt lat="47.3790043965" lon="10.9862291347"><ele>1624.79</ele><time>2026-08-27T11:16:02Z</time></trkpt><trkpt lat="47.3789266963" lon="10.9865374211"><ele>1625.88</ele><time>2026-08-27T11:16:13Z</time></trkpt><trkpt lat="47.3788963538" lon="10.9868108388"><ele>1626.93</ele><time>2026-08-27T11:16:23Z</time></trkpt><trkpt lat="47.3788941745" lon="10.9870110825"><ele>1628.04</ele><time>2026-08-27T11:16:31Z</time></trkpt><trkpt lat="47.3789433762" lon="10.9873087239"><ele>1629.57</ele><time>2026-08-27T11:16:43Z</time></trkpt><trkpt lat="47.3790033907" lon="10.9875679761"><ele>1632.26</ele><time>2026-08-27T11:16:55Z</time></trkpt><trkpt lat="47.3790136166" lon="10.9876060300"><ele>1632.65</ele><time>2026-08-27T11:16:57Z</time></trkpt><trkpt lat="47.3790235072" lon="10.9876204468"><ele>1632.85</ele><time>2026-08-27T11:16:58Z</time></trkpt><trkpt lat="47.3790308833" lon="10.9876360372"><ele>1633.07</ele><time>2026-08-27T11:16:59Z</time></trkpt><trkpt lat="47.3790367506" lon="10.9876842331"><ele>1633.77</ele><time>2026-08-27T11:17:07Z</time></trkpt><trkpt lat="47.3790450487" lon="10.9876941238"><ele>1634.02</ele><time>2026-08-27T11:17:35Z</time></trkpt><trkpt lat="47.3790487368" lon="10.9877080377"><ele>1634.25</ele><time>2026-08-27T11:17:45Z</time></trkpt><trkpt lat="47.3790496588" lon="10.9877061099"><ele>1634.27</ele><time>2026-08-27T11:18:00Z</time></trkpt><trkpt lat="47.3790559452" lon="10.9876985662"><ele>1634.49</ele><time>2026-08-27T11:18:10Z</time></trkpt><trkpt lat="47.3790701106" lon="10.9876936208"><ele>1634.37</ele><time>2026-08-27T11:18:19Z</time></trkpt><trkpt lat="47.3790663388" lon="10.9876790363"><ele>1633.90</ele><time>2026-08-27T11:18:40Z</time></trkpt><trkpt lat="47.3790685181" lon="10.9876734205"><ele>1634.41</ele><time>2026-08-27T11:19:12Z</time></trkpt><trkpt lat="47.3790656682" lon="10.9876621049"><ele>1634.41</ele><time>2026-08-27T11:19:42Z</time></trkpt><trkpt lat="47.3790640756" lon="10.9876575787"><ele>1634.41</ele><time>2026-08-27T11:20:12Z</time></trkpt><trkpt lat="47.3790562805" lon="10.9876662120"><ele>1634.41</ele><time>2026-08-27T11:20:26Z</time></trkpt><trkpt lat="47.3790579569" lon="10.9876647871"><ele>1634.41</ele><time>2026-08-27T11:20:38Z</time></trkpt><trkpt lat="47.3790573701" lon="10.9876648709"><ele>1634.41</ele><time>2026-08-27T11:20:46Z</time></trkpt><trkpt lat="47.3790525924" lon="10.9876596741"><ele>1634.41</ele><time>2026-08-27T11:20:51Z</time></trkpt><trkpt lat="47.3789782450" lon="10.9877231251"><ele>1634.43</ele><time>2026-08-27T11:21:01Z</time></trkpt><trkpt lat="47.3788238503" lon="10.9879054315"><ele>1634.31</ele><time>2026-08-27T11:21:07Z</time></trkpt><trkpt lat="47.3786694556" lon="10.9882217646"><ele>1632.90</ele><time>2026-08-27T11:21:12Z</time></trkpt><trkpt lat="47.3786358442" lon="10.9882997163"><ele>1632.55</ele><time>2026-08-27T11:21:13Z</time></trkpt><trkpt lat="47.3784436472" lon="10.9888321348"><ele>1629.40</ele><time>2026-08-27T11:21:19Z</time></trkpt><trkpt lat="47.3784092814" lon="10.9889063146"><ele>1628.82</ele><time>2026-08-27T11:21:20Z</time></trkpt><trkpt lat="47.3783726525" lon="10.9889742080"><ele>1628.25</ele><time>2026-08-27T11:21:21Z</time></trkpt><trkpt lat="47.3782595806" lon="10.9891785588"><ele>1625.99</ele><time>2026-08-27T11:21:24Z</time></trkpt><trkpt lat="47.3782318365" lon="10.9892589413"><ele>1625.30</ele><time>2026-08-27T11:21:25Z</time></trkpt><trkpt lat="47.3781336006" lon="10.9896275774"><ele>1621.88</ele><time>2026-08-27T11:21:29Z</time></trkpt><trkpt lat="47.3780997377" lon="10.9897238854"><ele>1620.74</ele><time>2026-08-27T11:21:30Z</time></trkpt><trkpt lat="47.3779560719" lon="10.9900074452"><ele>1617.26</ele><time>2026-08-27T11:21:33Z</time></trkpt><trkpt lat="47.3778678942" lon="10.9901429806"><ele>1615.04</ele><time>2026-08-27T11:21:35Z</time></trkpt><trkpt lat="47.3778322712" lon="10.9902597405"><ele>1612.57</ele><time>2026-08-27T11:21:37Z</time></trkpt><trkpt lat="47.3778280802" lon="10.9903220180"><ele>1611.89</ele><time>2026-08-27T11:21:38Z</time></trkpt><trkpt lat="47.3778283317" lon="10.9903929289"><ele>1611.50</ele><time>2026-08-27T11:21:39Z</time></trkpt><trkpt lat="47.3778315168" lon="10.9904728085"><ele>1611.21</ele><time>2026-08-27T11:21:40Z</time></trkpt><trkpt lat="47.3778297566" lon="10.9905598126"><ele>1610.86</ele><time>2026-08-27T11:21:41Z</time></trkpt><trkpt lat="47.3778074607" lon="10.9909883793"><ele>1608.05</ele><time>2026-08-27T11:21:45Z</time></trkpt><trkpt lat="47.3778116517" lon="10.9911040496"><ele>1607.10</ele><time>2026-08-27T11:21:46Z</time></trkpt><trkpt lat="47.3778148368" lon="10.9913199674"><ele>1603.60</ele><time>2026-08-27T11:21:48Z</time></trkpt><trkpt lat="47.3778039403" lon="10.9914166108"><ele>1602.56</ele><time>2026-08-27T11:21:49Z</time></trkpt><trkpt lat="47.3777884338" lon="10.9915122483"><ele>1601.53</ele><time>2026-08-27T11:21:50Z</time></trkpt><trkpt lat="47.3777255695" lon="10.9918253124"><ele>1598.34</ele><time>2026-08-27T11:21:53Z</time></trkpt><trkpt lat="47.3777062912" lon="10.9920489416"><ele>1596.03</ele><time>2026-08-27T11:21:55Z</time></trkpt><trkpt lat="47.3777090572" lon="10.9921670426"><ele>1594.92</ele><time>2026-08-27T11:21:56Z</time></trkpt><trkpt lat="47.3777099792" lon="10.9922899213"><ele>1593.81</ele><time>2026-08-27T11:21:57Z</time></trkpt><trkpt lat="47.3777145892" lon="10.9926306456"><ele>1590.06</ele><time>2026-08-27T11:22:00Z</time></trkpt><trkpt lat="47.3777391482" lon="10.9928490780"><ele>1587.97</ele><time>2026-08-27T11:22:02Z</time></trkpt><trkpt lat="47.3777606897" lon="10.9929527622"><ele>1587.14</ele><time>2026-08-27T11:22:03Z</time></trkpt><trkpt lat="47.3777919542" lon="10.9930474777"><ele>1586.28</ele><time>2026-08-27T11:22:04Z</time></trkpt><trkpt lat="47.3778297566" lon="10.9931333084"><ele>1585.12</ele><time>2026-08-27T11:22:05Z</time></trkpt><trkpt lat="47.3778735101" lon="10.9932141099"><ele>1583.80</ele><time>2026-08-27T11:22:06Z</time></trkpt><trkpt lat="47.3779050261" lon="10.9933033772"><ele>1582.70</ele><time>2026-08-27T11:22:07Z</time></trkpt><trkpt lat="47.3779214546" lon="10.9934014454"><ele>1581.91</ele><time>2026-08-27T11:22:08Z</time></trkpt><trkpt lat="47.3779237177" lon="10.9935022797"><ele>1581.15</ele><time>2026-08-27T11:22:09Z</time></trkpt><trkpt lat="47.3779122345" lon="10.9936922137"><ele>1578.61</ele><time>2026-08-27T11:22:11Z</time></trkpt><trkpt lat="47.3778575845" lon="10.9941108059"><ele>1575.30</ele><time>2026-08-27T11:22:15Z</time></trkpt><trkpt lat="47.3778177705" lon="10.9944516141"><ele>1571.94</ele><time>2026-08-27T11:22:18Z</time></trkpt><trkpt lat="47.3778105620" lon="10.9948238544"><ele>1568.72</ele><time>2026-08-27T11:22:21Z</time></trkpt><trkpt lat="47.3778251465" lon="10.9952282812"><ele>1565.06</ele><time>2026-08-27T11:22:24Z</time></trkpt><trkpt lat="47.3778368812" lon="10.9956669901"><ele>1561.16</ele><time>2026-08-27T11:22:27Z</time></trkpt><trkpt lat="47.3778257333" lon="10.9958156850"><ele>1559.72</ele><time>2026-08-27T11:22:28Z</time></trkpt><trkpt lat="47.3777945526" lon="10.9961023461"><ele>1556.48</ele><time>2026-08-27T11:22:30Z</time></trkpt><trkpt lat="47.3777589295" lon="10.9963394701"><ele>1553.20</ele><time>2026-08-27T11:22:32Z</time></trkpt><trkpt lat="47.3777321912" lon="10.9965620935"><ele>1550.70</ele><time>2026-08-27T11:22:34Z</time></trkpt><trkpt lat="47.3777344543" lon="10.9966720641"><ele>1549.41</ele><time>2026-08-27T11:22:35Z</time></trkpt><trkpt lat="47.3777533974" lon="10.9970267862"><ele>1545.50</ele><time>2026-08-27T11:22:39Z</time></trkpt><trkpt lat="47.3777784593" lon="10.9973239247"><ele>1542.52</ele><time>2026-08-27T11:22:45Z</time></trkpt><trkpt lat="47.3777746037" lon="10.9975581989"><ele>1540.90</ele><time>2026-08-27T11:22:49Z</time></trkpt><trkpt lat="47.3778212909" lon="10.9980186168"><ele>1538.40</ele><time>2026-08-27T11:22:54Z</time></trkpt><trkpt lat="47.3778374679" lon="10.9981327783"><ele>1537.71</ele><time>2026-08-27T11:22:55Z</time></trkpt><trkpt lat="47.3778528906" lon="10.9982606862"><ele>1536.79</ele><time>2026-08-27T11:22:56Z</time></trkpt><trkpt lat="47.3778797965" lon="10.9984014183"><ele>1535.72</ele><time>2026-08-27T11:22:57Z</time></trkpt><trkpt lat="47.3779051099" lon="10.9985442460"><ele>1534.56</ele><time>2026-08-27T11:22:58Z</time></trkpt><trkpt lat="47.3779392242" lon="10.9988071863"><ele>1531.11</ele><time>2026-08-27T11:23:00Z</time></trkpt><trkpt lat="47.3779263161" lon="10.9989247005"><ele>1530.31</ele><time>2026-08-27T11:23:01Z</time></trkpt><trkpt lat="47.3778986558" lon="10.9990310669"><ele>1529.88</ele><time>2026-08-27T11:23:02Z</time></trkpt><trkpt lat="47.3778667208" lon="10.9991282970"><ele>1529.67</ele><time>2026-08-27T11:23:03Z</time></trkpt><trkpt lat="47.3778010067" lon="10.9993399400"><ele>1529.64</ele><time>2026-08-27T11:23:07Z</time></trkpt><trkpt lat="47.3777863383" lon="10.9993648343"><ele>1529.78</ele><time>2026-08-27T11:23:13Z</time></trkpt><trkpt lat="47.3777720891" lon="10.9993659239"><ele>1529.61</ele><time>2026-08-27T11:23:22Z</time></trkpt><trkpt lat="47.3778026830" lon="10.9993651696"><ele>1528.91</ele><time>2026-08-27T11:24:15Z</time></trkpt><trkpt lat="47.3778043594" lon="10.9993691929"><ele>1529.01</ele><time>2026-08-27T11:24:24Z</time></trkpt><trkpt lat="47.3778061196" lon="10.9993852023"><ele>1528.99</ele><time>2026-08-27T11:24:29Z</time></trkpt><trkpt lat="47.3778014258" lon="10.9994115215"><ele>1528.99</ele><time>2026-08-27T11:24:30Z</time></trkpt><trkpt lat="47.3777968157" lon="10.9994512517"><ele>1528.96</ele><time>2026-08-27T11:24:31Z</time></trkpt><trkpt lat="47.3777890205" lon="10.9995008726"><ele>1528.94</ele><time>2026-08-27T11:24:32Z</time></trkpt><trkpt lat="47.3777792975" lon="10.9995584562"><ele>1528.93</ele><time>2026-08-27T11:24:33Z</time></trkpt><trkpt lat="47.3777614441" lon="10.9996226616"><ele>1528.86</ele><time>2026-08-27T11:24:34Z</time></trkpt><trkpt lat="47.3777387291" lon="10.9996913094"><ele>1528.71</ele><time>2026-08-27T11:24:35Z</time></trkpt><trkpt lat="47.3776802234" lon="10.9998151101"><ele>1527.89</ele><time>2026-08-27T11:24:37Z</time></trkpt><trkpt lat="47.3776490428" lon="10.9998792317"><ele>1527.60</ele><time>2026-08-27T11:24:38Z</time></trkpt><trkpt lat="47.3775916267" lon="11.0000135936"><ele>1527.29</ele><time>2026-08-27T11:24:40Z</time></trkpt><trkpt lat="47.3775718454" lon="11.0000969097"><ele>1527.18</ele><time>2026-08-27T11:24:41Z</time></trkpt><trkpt lat="47.3775544111" lon="11.0001925472"><ele>1527.03</ele><time>2026-08-27T11:24:42Z</time></trkpt><trkpt lat="47.3775347136" lon="11.0002927110"><ele>1526.79</ele><time>2026-08-27T11:24:43Z</time></trkpt><trkpt lat="47.3775149323" lon="11.0004020948"><ele>1526.40</ele><time>2026-08-27T11:24:44Z</time></trkpt><trkpt lat="47.3774890322" lon="11.0006116424"><ele>1525.26</ele><time>2026-08-27T11:24:46Z</time></trkpt><trkpt lat="47.3774933908" lon="11.0007194337"><ele>1524.64</ele><time>2026-08-27T11:24:47Z</time></trkpt><trkpt lat="47.3775173631" lon="11.0008123890"><ele>1524.16</ele><time>2026-08-27T11:24:48Z</time></trkpt><trkpt lat="47.3775544949" lon="11.0008811206"><ele>1523.77</ele><time>2026-08-27T11:24:49Z</time></trkpt><trkpt lat="47.3775989190" lon="11.0009393748"><ele>1523.38</ele><time>2026-08-27T11:24:50Z</time></trkpt><trkpt lat="47.3776599392" lon="11.0009928513"><ele>1522.99</ele><time>2026-08-27T11:24:51Z</time></trkpt><trkpt lat="47.3777081352" lon="11.0010577273"><ele>1522.62</ele><time>2026-08-27T11:24:52Z</time></trkpt><trkpt lat="47.3777330294" lon="11.0011364333"><ele>1522.25</ele><time>2026-08-27T11:24:53Z</time></trkpt><trkpt lat="47.3777332809" lon="11.0012113675"><ele>1521.78</ele><time>2026-08-27T11:24:54Z</time></trkpt><trkpt lat="47.3777114879" lon="11.0012674425"><ele>1521.21</ele><time>2026-08-27T11:24:55Z</time></trkpt><trkpt lat="47.3776781280" lon="11.0013212543"><ele>1520.62</ele><time>2026-08-27T11:24:56Z</time></trkpt><trkpt lat="47.3776064627" lon="11.0014255252"><ele>1519.87</ele><time>2026-08-27T11:24:58Z</time></trkpt><trkpt lat="47.3774413392" lon="11.0016592126"><ele>1519.32</ele><time>2026-08-27T11:25:02Z</time></trkpt><trkpt lat="47.3774084821" lon="11.0017271899"><ele>1519.07</ele><time>2026-08-27T11:25:03Z</time></trkpt><trkpt lat="47.3773865215" lon="11.0018022079"><ele>1518.92</ele><time>2026-08-27T11:25:04Z</time></trkpt><trkpt lat="47.3773783911" lon="11.0018877871"><ele>1518.71</ele><time>2026-08-27T11:25:05Z</time></trkpt><trkpt lat="47.3773819953" lon="11.0019794013"><ele>1518.43</ele><time>2026-08-27T11:25:06Z</time></trkpt><trkpt lat="47.3773959093" lon="11.0020710155"><ele>1518.13</ele><time>2026-08-27T11:25:07Z</time></trkpt><trkpt lat="47.3774181213" lon="11.0021640547"><ele>1517.84</ele><time>2026-08-27T11:25:08Z</time></trkpt><trkpt lat="47.3774747830" lon="11.0023572575"><ele>1517.19</ele><time>2026-08-27T11:25:10Z</time></trkpt><trkpt lat="47.3775106575" lon="11.0024404898"><ele>1516.89</ele><time>2026-08-27T11:25:11Z</time></trkpt><trkpt lat="47.3775597755" lon="11.0025114845"><ele>1516.53</ele><time>2026-08-27T11:25:12Z</time></trkpt><trkpt lat="47.3776241485" lon="11.0025661346"><ele>1516.18</ele><time>2026-08-27T11:25:13Z</time></trkpt><trkpt lat="47.3776791338" lon="11.0026203655"><ele>1515.83</ele><time>2026-08-27T11:25:14Z</time></trkpt><trkpt lat="47.3777160980" lon="11.0026931204"><ele>1515.48</ele><time>2026-08-27T11:25:15Z</time></trkpt><trkpt lat="47.3777331971" lon="11.0027647857"><ele>1515.13</ele><time>2026-08-27T11:25:16Z</time></trkpt><trkpt lat="47.3777348734" lon="11.0028260574"><ele>1514.84</ele><time>2026-08-27T11:25:17Z</time></trkpt><trkpt lat="47.3777127452" lon="11.0028823838"><ele>1514.65</ele><time>2026-08-27T11:25:18Z</time></trkpt><trkpt lat="47.3776720930" lon="11.0029301606"><ele>1514.52</ele><time>2026-08-27T11:25:19Z</time></trkpt><trkpt lat="47.3776211310" lon="11.0029670410"><ele>1514.42</ele><time>2026-08-27T11:25:20Z</time></trkpt><trkpt lat="47.3775608651" lon="11.0029910970"><ele>1514.26</ele><time>2026-08-27T11:25:21Z</time></trkpt><trkpt lat="47.3775010183" lon="11.0030113813"><ele>1514.07</ele><time>2026-08-27T11:25:22Z</time></trkpt><trkpt lat="47.3774463683" lon="11.0030434001"><ele>1513.84</ele><time>2026-08-27T11:25:23Z</time></trkpt><trkpt lat="47.3774087336" lon="11.0030924343"><ele>1513.54</ele><time>2026-08-27T11:25:24Z</time></trkpt><trkpt lat="47.3773947358" lon="11.0031559691"><ele>1513.21</ele><time>2026-08-27T11:25:25Z</time></trkpt><trkpt lat="47.3774078954" lon="11.0032258742"><ele>1512.93</ele><time>2026-08-27T11:25:26Z</time></trkpt><trkpt lat="47.3774332087" lon="11.0033003055"><ele>1512.43</ele><time>2026-08-27T11:25:27Z</time></trkpt><trkpt lat="47.3774658982" lon="11.0033885669"><ele>1512.14</ele><time>2026-08-27T11:25:28Z</time></trkpt><trkpt lat="47.3775839992" lon="11.0036885552"><ele>1510.03</ele><time>2026-08-27T11:25:31Z</time></trkpt><trkpt lat="47.3776245676" lon="11.0037880484"><ele>1509.23</ele><time>2026-08-27T11:25:32Z</time></trkpt><trkpt lat="47.3776459415" lon="11.0039012041"><ele>1508.47</ele><time>2026-08-27T11:25:33Z</time></trkpt><trkpt lat="47.3776495457" lon="11.0040186346"><ele>1507.74</ele><time>2026-08-27T11:25:34Z</time></trkpt><trkpt lat="47.3776479531" lon="11.0041341372"><ele>1507.00</ele><time>2026-08-27T11:25:35Z</time></trkpt><trkpt lat="47.3776430916" lon="11.0042471252"><ele>1506.26</ele><time>2026-08-27T11:25:36Z</time></trkpt><trkpt lat="47.3776072171" lon="11.0049456730"><ele>1502.53</ele><time>2026-08-27T11:25:42Z</time></trkpt><trkpt lat="47.3775907885" lon="11.0052529536"><ele>1499.89</ele><time>2026-08-27T11:25:45Z</time></trkpt><trkpt lat="47.3776009306" lon="11.0053526144"><ele>1499.07</ele><time>2026-08-27T11:25:46Z</time></trkpt><trkpt lat="47.3776330333" lon="11.0056512617"><ele>1496.93</ele><time>2026-08-27T11:25:49Z</time></trkpt><trkpt lat="47.3776263278" lon="11.0057571251"><ele>1495.61</ele><time>2026-08-27T11:25:50Z</time></trkpt><trkpt lat="47.3776037805" lon="11.0058650002"><ele>1494.94</ele><time>2026-08-27T11:25:51Z</time></trkpt><trkpt lat="47.3775617033" lon="11.0059628170"><ele>1494.03</ele><time>2026-08-27T11:25:52Z</time></trkpt><trkpt lat="47.3775105737" lon="11.0060568620"><ele>1493.09</ele><time>2026-08-27T11:25:53Z</time></trkpt><trkpt lat="47.3774513137" lon="11.0061497334"><ele>1492.15</ele><time>2026-08-27T11:25:54Z</time></trkpt><trkpt lat="47.3772482201" lon="11.0064099915"><ele>1488.93</ele><time>2026-08-27T11:25:57Z</time></trkpt><trkpt lat="47.3771272693" lon="11.0065884423"><ele>1487.51</ele><time>2026-08-27T11:25:59Z</time></trkpt><trkpt lat="47.3770369962" lon="11.0067895241"><ele>1486.37</ele><time>2026-08-27T11:26:01Z</time></trkpt><trkpt lat="47.3769723717" lon="11.0069719143"><ele>1485.25</ele><time>2026-08-27T11:26:03Z</time></trkpt><trkpt lat="47.3769543506" lon="11.0070590023"><ele>1484.64</ele><time>2026-08-27T11:26:04Z</time></trkpt><trkpt lat="47.3769468907" lon="11.0071504489"><ele>1484.11</ele><time>2026-08-27T11:26:05Z</time></trkpt><trkpt lat="47.3769398499" lon="11.0072518699"><ele>1483.70</ele><time>2026-08-27T11:26:06Z</time></trkpt><trkpt lat="47.3769269418" lon="11.0073589906"><ele>1483.30</ele><time>2026-08-27T11:26:07Z</time></trkpt><trkpt lat="47.3769026343" lon="11.0074599087"><ele>1482.88</ele><time>2026-08-27T11:26:08Z</time></trkpt><trkpt lat="47.3768673465" lon="11.0075463261"><ele>1482.35</ele><time>2026-08-27T11:26:09Z</time></trkpt><trkpt lat="47.3768249340" lon="11.0076231044"><ele>1481.60</ele><time>2026-08-27T11:26:10Z</time></trkpt><trkpt lat="47.3767855391" lon="11.0076919198"><ele>1480.73</ele><time>2026-08-27T11:26:11Z</time></trkpt><trkpt lat="47.3767129518" lon="11.0078809317"><ele>1479.19</ele><time>2026-08-27T11:26:14Z</time></trkpt><trkpt lat="47.3767320625" lon="11.0079476517"><ele>1478.15</ele><time>2026-08-27T11:26:15Z</time></trkpt><trkpt lat="47.3767577112" lon="11.0079916567"><ele>1477.66</ele><time>2026-08-27T11:26:16Z</time></trkpt><trkpt lat="47.3768020514" lon="11.0080142040"><ele>1477.22</ele><time>2026-08-27T11:26:17Z</time></trkpt><trkpt lat="47.3768520076" lon="11.0080095101"><ele>1476.80</ele><time>2026-08-27T11:26:18Z</time></trkpt><trkpt lat="47.3769079149" lon="11.0079950094"><ele>1476.42</ele><time>2026-08-27T11:26:19Z</time></trkpt><trkpt lat="47.3769645765" lon="11.0079864599"><ele>1476.05</ele><time>2026-08-27T11:26:20Z</time></trkpt><trkpt lat="47.3770227470" lon="11.0079893097"><ele>1475.58</ele><time>2026-08-27T11:26:21Z</time></trkpt><trkpt lat="47.3770669196" lon="11.0080039781"><ele>1474.99</ele><time>2026-08-27T11:26:22Z</time></trkpt><trkpt lat="47.3770972621" lon="11.0080247652"><ele>1474.43</ele><time>2026-08-27T11:26:23Z</time></trkpt><trkpt lat="47.3771144450" lon="11.0080393497"><ele>1474.01</ele><time>2026-08-27T11:26:24Z</time></trkpt><trkpt lat="47.3771237489" lon="11.0080493242"><ele>1473.59</ele><time>2026-08-27T11:26:31Z</time></trkpt><trkpt lat="47.3771502357" lon="11.0080762301"><ele>1473.29</ele><time>2026-08-27T11:26:49Z</time></trkpt><trkpt lat="47.3771520797" lon="11.0080939997"><ele>1473.30</ele><time>2026-08-27T11:26:50Z</time></trkpt><trkpt lat="47.3771514092" lon="11.0081120208"><ele>1473.32</ele><time>2026-08-27T11:26:51Z</time></trkpt><trkpt lat="47.3771517444" lon="11.0081226658"><ele>1473.31</ele><time>2026-08-27T11:26:57Z</time></trkpt><trkpt lat="47.3771509062" lon="11.0081726220"><ele>1473.31</ele><time>2026-08-27T11:27:22Z</time></trkpt><trkpt lat="47.3771476373" lon="11.0081959236"><ele>1473.29</ele><time>2026-08-27T11:27:23Z</time></trkpt><trkpt lat="47.3771245871" lon="11.0082498193"><ele>1473.21</ele><time>2026-08-27T11:27:25Z</time></trkpt><trkpt lat="47.3770996928" lon="11.0082832631"><ele>1473.13</ele><time>2026-08-27T11:27:26Z</time></trkpt><trkpt lat="47.3770679254" lon="11.0083194729"><ele>1472.98</ele><time>2026-08-27T11:27:27Z</time></trkpt><trkpt lat="47.3768821824" lon="11.0085104965"><ele>1471.58</ele><time>2026-08-27T11:27:31Z</time></trkpt><trkpt lat="47.3768383451" lon="11.0085797310"><ele>1471.07</ele><time>2026-08-27T11:27:32Z</time></trkpt><trkpt lat="47.3768011294" lon="11.0086547490"><ele>1470.45</ele><time>2026-08-27T11:27:33Z</time></trkpt><trkpt lat="47.3767689429" lon="11.0087332036"><ele>1469.79</ele><time>2026-08-27T11:27:34Z</time></trkpt><trkpt lat="47.3767399415" lon="11.0088154301"><ele>1469.26</ele><time>2026-08-27T11:27:35Z</time></trkpt><trkpt lat="47.3767157178" lon="11.0089027695"><ele>1468.73</ele><time>2026-08-27T11:27:36Z</time></trkpt><trkpt lat="47.3766059987" lon="11.0092328489"><ele>1465.59</ele><time>2026-08-27T11:27:40Z</time></trkpt><trkpt lat="47.3765795119" lon="11.0093182605"><ele>1464.70</ele><time>2026-08-27T11:27:41Z</time></trkpt><trkpt lat="47.3764897417" lon="11.0097278841"><ele>1461.04</ele><time>2026-08-27T11:27:45Z</time></trkpt><trkpt lat="47.3764403723" lon="11.0101848654"><ele>1457.22</ele><time>2026-08-27T11:27:49Z</time></trkpt><trkpt lat="47.3763997201" lon="11.0105631407"><ele>1454.30</ele><time>2026-08-27T11:27:53Z</time></trkpt><trkpt lat="47.3763060942" lon="11.0109600239"><ele>1452.74</ele><time>2026-08-27T11:28:00Z</time></trkpt><trkpt lat="47.3762817867" lon="11.0113292467"><ele>1451.05</ele><time>2026-08-27T11:28:05Z</time></trkpt><trkpt lat="47.3762692977" lon="11.0116170812"><ele>1449.39</ele><time>2026-08-27T11:28:08Z</time></trkpt><trkpt lat="47.3762511928" lon="11.0117132217"><ele>1448.81</ele><time>2026-08-27T11:28:09Z</time></trkpt><trkpt lat="47.3762276396" lon="11.0118049197"><ele>1448.30</ele><time>2026-08-27T11:28:10Z</time></trkpt><trkpt lat="47.3761936929" lon="11.0118927620"><ele>1447.78</ele><time>2026-08-27T11:28:11Z</time></trkpt><trkpt lat="47.3761571478" lon="11.0119738989"><ele>1447.28</ele><time>2026-08-27T11:28:12Z</time></trkpt><trkpt lat="47.3760795314" lon="11.0121184029"><ele>1446.42</ele><time>2026-08-27T11:28:14Z</time></trkpt><trkpt lat="47.3760413937" lon="11.0121844523"><ele>1446.13</ele><time>2026-08-27T11:28:15Z</time></trkpt><trkpt lat="47.3759989813" lon="11.0122406948"><ele>1445.89</ele><time>2026-08-27T11:28:16Z</time></trkpt><trkpt lat="47.3759496119" lon="11.0122829396"><ele>1445.36</ele><time>2026-08-27T11:28:17Z</time></trkpt><trkpt lat="47.3758999910" lon="11.0123167187"><ele>1445.05</ele><time>2026-08-27T11:28:18Z</time></trkpt><trkpt lat="47.3758536391" lon="11.0123541020"><ele>1444.55</ele><time>2026-08-27T11:28:19Z</time></trkpt><trkpt lat="47.3758033477" lon="11.0124079976"><ele>1443.98</ele><time>2026-08-27T11:28:20Z</time></trkpt><trkpt lat="47.3757555708" lon="11.0124810040"><ele>1443.46</ele><time>2026-08-27T11:28:21Z</time></trkpt><trkpt lat="47.3757119849" lon="11.0125693493"><ele>1442.93</ele><time>2026-08-27T11:28:22Z</time></trkpt><trkpt lat="47.3756661359" lon="11.0126577783"><ele>1442.32</ele><time>2026-08-27T11:28:23Z</time></trkpt><trkpt lat="47.3756165151" lon="11.0127472132"><ele>1441.58</ele><time>2026-08-27T11:28:24Z</time></trkpt><trkpt lat="47.3755639605" lon="11.0128324572"><ele>1440.70</ele><time>2026-08-27T11:28:25Z</time></trkpt><trkpt lat="47.3755065445" lon="11.0129171144"><ele>1439.74</ele><time>2026-08-27T11:28:26Z</time></trkpt><trkpt lat="47.3754603602" lon="11.0130028613"><ele>1438.68</ele><time>2026-08-27T11:28:27Z</time></trkpt><trkpt lat="47.3754280899" lon="11.0130970739"><ele>1437.58</ele><time>2026-08-27T11:28:28Z</time></trkpt><trkpt lat="47.3754108232" lon="11.0132024344"><ele>1436.54</ele><time>2026-08-27T11:28:29Z</time></trkpt><trkpt lat="47.3754092306" lon="11.0133154225"><ele>1435.56</ele><time>2026-08-27T11:28:30Z</time></trkpt><trkpt lat="47.3754104041" lon="11.0134374630"><ele>1434.57</ele><time>2026-08-27T11:28:31Z</time></trkpt><trkpt lat="47.3753958195" lon="11.0135635268"><ele>1433.55</ele><time>2026-08-27T11:28:32Z</time></trkpt><trkpt lat="47.3753811512" lon="11.0136931110"><ele>1432.56</ele><time>2026-08-27T11:28:33Z</time></trkpt><trkpt lat="47.3753401637" lon="11.0141249467"><ele>1429.19</ele><time>2026-08-27T11:28:36Z</time></trkpt><trkpt lat="47.3753165267" lon="11.0142682772"><ele>1427.78</ele><time>2026-08-27T11:28:37Z</time></trkpt><trkpt lat="47.3752833344" lon="11.0144016333"><ele>1426.35</ele><time>2026-08-27T11:28:38Z</time></trkpt><trkpt lat="47.3752529919" lon="11.0145232547"><ele>1424.96</ele><time>2026-08-27T11:28:39Z</time></trkpt><trkpt lat="47.3752326239" lon="11.0146535095"><ele>1423.66</ele><time>2026-08-27T11:28:40Z</time></trkpt><trkpt lat="47.3752158601" lon="11.0147862788"><ele>1421.62</ele><time>2026-08-27T11:28:41Z</time></trkpt><trkpt lat="47.3752039578" lon="11.0149210598"><ele>1420.63</ele><time>2026-08-27T11:28:42Z</time></trkpt><trkpt lat="47.3751636408" lon="11.0151757859"><ele>1418.08</ele><time>2026-08-27T11:28:44Z</time></trkpt><trkpt lat="47.3751274310" lon="11.0152911209"><ele>1416.80</ele><time>2026-08-27T11:28:45Z</time></trkpt><trkpt lat="47.3750747927" lon="11.0153870936"><ele>1415.64</ele><time>2026-08-27T11:28:46Z</time></trkpt><trkpt lat="47.3750101682" lon="11.0154720023"><ele>1414.58</ele><time>2026-08-27T11:28:47Z</time></trkpt><trkpt lat="47.3749411851" lon="11.0155538935"><ele>1413.70</ele><time>2026-08-27T11:28:48Z</time></trkpt><trkpt lat="47.3747887183" lon="11.0157074500"><ele>1412.11</ele><time>2026-08-27T11:28:50Z</time></trkpt><trkpt lat="47.3747045640" lon="11.0157698952"><ele>1411.13</ele><time>2026-08-27T11:28:51Z</time></trkpt><trkpt lat="47.3744624108" lon="11.0159307439"><ele>1408.12</ele><time>2026-08-27T11:28:54Z</time></trkpt><trkpt lat="47.3743343353" lon="11.0160411336"><ele>1406.22</ele><time>2026-08-27T11:28:56Z</time></trkpt><trkpt lat="47.3742868938" lon="11.0161112901"><ele>1405.42</ele><time>2026-08-27T11:28:57Z</time></trkpt><trkpt lat="47.3742487561" lon="11.0161840450"><ele>1404.74</ele><time>2026-08-27T11:28:58Z</time></trkpt><trkpt lat="47.3742252029" lon="11.0162649304"><ele>1404.25</ele><time>2026-08-27T11:28:59Z</time></trkpt><trkpt lat="47.3742221016" lon="11.0163549520"><ele>1403.86</ele><time>2026-08-27T11:29:00Z</time></trkpt><trkpt lat="47.3742294777" lon="11.0164452251"><ele>1403.52</ele><time>2026-08-27T11:29:01Z</time></trkpt><trkpt lat="47.3742398713" lon="11.0165354144"><ele>1403.24</ele><time>2026-08-27T11:29:02Z</time></trkpt><trkpt lat="47.3742495943" lon="11.0166251846"><ele>1402.98</ele><time>2026-08-27T11:29:03Z</time></trkpt><trkpt lat="47.3742537852" lon="11.0167176370"><ele>1402.70</ele><time>2026-08-27T11:29:04Z</time></trkpt><trkpt lat="47.3742540367" lon="11.0168099217"><ele>1402.28</ele><time>2026-08-27T11:29:05Z</time></trkpt><trkpt lat="47.3742537852" lon="11.0174579266"><ele>1400.96</ele><time>2026-08-27T11:29:12Z</time></trkpt><trkpt lat="47.3742012307" lon="11.0178446677"><ele>1399.87</ele><time>2026-08-27T11:29:16Z</time></trkpt><trkpt lat="47.3741756659" lon="11.0179373715"><ele>1399.59</ele><time>2026-08-27T11:29:17Z</time></trkpt><trkpt lat="47.3740565591" lon="11.0182687920"><ele>1399.09</ele><time>2026-08-27T11:29:21Z</time></trkpt><trkpt lat="47.3740206845" lon="11.0183346737"><ele>1399.02</ele><time>2026-08-27T11:29:22Z</time></trkpt><trkpt lat="47.3738915194" lon="11.0185122024"><ele>1398.91</ele><time>2026-08-27T11:29:25Z</time></trkpt><trkpt lat="47.3738417309" lon="11.0185595602"><ele>1398.92</ele><time>2026-08-27T11:29:26Z</time></trkpt><trkpt lat="47.3737036809" lon="11.0187069979"><ele>1398.54</ele><time>2026-08-27T11:29:29Z</time></trkpt><trkpt lat="47.3736639507" lon="11.0187569540"><ele>1398.41</ele><time>2026-08-27T11:29:30Z</time></trkpt><trkpt lat="47.3735635355" lon="11.0189406853"><ele>1398.17</ele><time>2026-08-27T11:29:33Z</time></trkpt><trkpt lat="47.3735424131" lon="11.0190089140"><ele>1398.06</ele><time>2026-08-27T11:29:34Z</time></trkpt><trkpt lat="47.3735272419" lon="11.0190811660"><ele>1397.94</ele><time>2026-08-27T11:29:35Z</time></trkpt><trkpt lat="47.3734886851" lon="11.0192860197"><ele>1397.71</ele><time>2026-08-27T11:29:38Z</time></trkpt><trkpt lat="47.3734756932" lon="11.0193541646"><ele>1397.70</ele><time>2026-08-27T11:29:39Z</time></trkpt><trkpt lat="47.3733993340" lon="11.0197008401"><ele>1398.20</ele><time>2026-08-27T11:29:45Z</time></trkpt><trkpt lat="47.3733124137" lon="11.0200584121"><ele>1399.00</ele><time>2026-08-27T11:29:51Z</time></trkpt><trkpt lat="47.3732091486" lon="11.0203581490"><ele>1399.51</ele><time>2026-08-27T11:29:57Z</time></trkpt><trkpt lat="47.3730467074" lon="11.0207261983"><ele>1398.86</ele><time>2026-08-27T11:30:03Z</time></trkpt><trkpt lat="47.3728637304" lon="11.0213146079"><ele>1396.04</ele><time>2026-08-27T11:30:09Z</time></trkpt><trkpt lat="47.3727241717" lon="11.0222209431"><ele>1392.06</ele><time>2026-08-27T11:30:17Z</time></trkpt><trkpt lat="47.3727058992" lon="11.0225829575"><ele>1390.37</ele><time>2026-08-27T11:30:20Z</time></trkpt><trkpt lat="47.3727104254" lon="11.0226973705"><ele>1390.00</ele><time>2026-08-27T11:30:21Z</time></trkpt><trkpt lat="47.3727200646" lon="11.0228083469"><ele>1389.69</ele><time>2026-08-27T11:30:22Z</time></trkpt><trkpt lat="47.3728258442" lon="11.0235438589"><ele>1389.06</ele><time>2026-08-27T11:30:29Z</time></trkpt><trkpt lat="47.3728303704" lon="11.0236464534"><ele>1388.95</ele><time>2026-08-27T11:30:30Z</time></trkpt><trkpt lat="47.3728294484" lon="11.0237493832"><ele>1388.76</ele><time>2026-08-27T11:30:31Z</time></trkpt><trkpt lat="47.3728238326" lon="11.0238520615"><ele>1388.52</ele><time>2026-08-27T11:30:32Z</time></trkpt><trkpt lat="47.3728154507" lon="11.0239525605"><ele>1388.25</ele><time>2026-08-27T11:30:33Z</time></trkpt><trkpt lat="47.3728021234" lon="11.0240501259"><ele>1387.97</ele><time>2026-08-27T11:30:34Z</time></trkpt><trkpt lat="47.3726309650" lon="11.0250338260"><ele>1385.80</ele><time>2026-08-27T11:30:45Z</time></trkpt><trkpt lat="47.3724530172" lon="11.0257980879"><ele>1384.43</ele><time>2026-08-27T11:30:54Z</time></trkpt><trkpt lat="47.3723582178" lon="11.0264385492"><ele>1383.29</ele><time>2026-08-27T11:31:01Z</time></trkpt><trkpt lat="47.3722999636" lon="11.0270538647"><ele>1381.57</ele><time>2026-08-27T11:31:07Z</time></trkpt><trkpt lat="47.3721705470" lon="11.0278433561"><ele>1380.19</ele><time>2026-08-27T11:31:15Z</time></trkpt><trkpt lat="47.3721565492" lon="11.0280390736"><ele>1379.97</ele><time>2026-08-27T11:31:17Z</time></trkpt><trkpt lat="47.3721612431" lon="11.0281396564"><ele>1379.87</ele><time>2026-08-27T11:31:18Z</time></trkpt><trkpt lat="47.3722155578" lon="11.0285504535"><ele>1379.21</ele><time>2026-08-27T11:31:22Z</time></trkpt><trkpt lat="47.3722278792" lon="11.0287589952"><ele>1378.97</ele><time>2026-08-27T11:31:24Z</time></trkpt><trkpt lat="47.3722252809" lon="11.0288633499"><ele>1378.82</ele><time>2026-08-27T11:31:25Z</time></trkpt><trkpt lat="47.3722225986" lon="11.0290750768"><ele>1378.35</ele><time>2026-08-27T11:31:27Z</time></trkpt><trkpt lat="47.3722987063" lon="11.0298457928"><ele>1377.65</ele><time>2026-08-27T11:31:35Z</time></trkpt><trkpt lat="47.3722953536" lon="11.0299410112"><ele>1377.65</ele><time>2026-08-27T11:31:36Z</time></trkpt><trkpt lat="47.3722869717" lon="11.0300372355"><ele>1377.66</ele><time>2026-08-27T11:31:37Z</time></trkpt><trkpt lat="47.3722705431" lon="11.0301312804"><ele>1377.66</ele><time>2026-08-27T11:31:38Z</time></trkpt><trkpt lat="47.3722465709" lon="11.0302192066"><ele>1377.64</ele><time>2026-08-27T11:31:39Z</time></trkpt><trkpt lat="47.3722155578" lon="11.0303025227"><ele>1377.63</ele><time>2026-08-27T11:31:40Z</time></trkpt><trkpt lat="47.3721751571" lon="11.0303796362"><ele>1377.59</ele><time>2026-08-27T11:31:41Z</time></trkpt><trkpt lat="47.3721289728" lon="11.0304506309"><ele>1377.52</ele><time>2026-08-27T11:31:42Z</time></trkpt><trkpt lat="47.3719078582" lon="11.0309504438"><ele>1376.63</ele><time>2026-08-27T11:31:48Z</time></trkpt><trkpt lat="47.3717250489" lon="11.0317124426"><ele>1374.84</ele><time>2026-08-27T11:31:56Z</time></trkpt><trkpt lat="47.3716180120" lon="11.0324701667"><ele>1373.85</ele><time>2026-08-27T11:32:04Z</time></trkpt><trkpt lat="47.3715175129" lon="11.0332376976"><ele>1373.31</ele><time>2026-08-27T11:32:12Z</time></trkpt><trkpt lat="47.3714902718" lon="11.0333295632"><ele>1373.21</ele><time>2026-08-27T11:32:13Z</time></trkpt><trkpt lat="47.3714583367" lon="11.0334211774"><ele>1373.13</ele><time>2026-08-27T11:32:14Z</time></trkpt><trkpt lat="47.3714204505" lon="11.0335072596"><ele>1372.98</ele><time>2026-08-27T11:32:15Z</time></trkpt><trkpt lat="47.3713825643" lon="11.0335911624"><ele>1372.82</ele><time>2026-08-27T11:32:16Z</time></trkpt><trkpt lat="47.3709907942" lon="11.0344555881"><ele>1370.62</ele><time>2026-08-27T11:32:26Z</time></trkpt><trkpt lat="47.3708106671" lon="11.0348949675"><ele>1369.75</ele><time>2026-08-27T11:32:31Z</time></trkpt><trkpt lat="47.3707907181" lon="11.0349907726"><ele>1369.66</ele><time>2026-08-27T11:32:32Z</time></trkpt><trkpt lat="47.3707724456" lon="11.0350889247"><ele>1369.56</ele><time>2026-08-27T11:32:33Z</time></trkpt><trkpt lat="47.3707541730" lon="11.0351862386"><ele>1369.47</ele><time>2026-08-27T11:32:34Z</time></trkpt><trkpt lat="47.3707383312" lon="11.0352828819"><ele>1369.37</ele><time>2026-08-27T11:32:35Z</time></trkpt><trkpt lat="47.3706294503" lon="11.0360577051"><ele>1369.12</ele><time>2026-08-27T11:32:44Z</time></trkpt><trkpt lat="47.3705314659" lon="11.0366947297"><ele>1368.44</ele><time>2026-08-27T11:32:52Z</time></trkpt><trkpt lat="47.3705177195" lon="11.0367680714"><ele>1368.30</ele><time>2026-08-27T11:32:53Z</time></trkpt><trkpt lat="47.3704872094" lon="11.0370161757"><ele>1368.18</ele><time>2026-08-27T11:32:58Z</time></trkpt><trkpt lat="47.3705178872" lon="11.0371537227"><ele>1368.57</ele><time>2026-08-27T11:33:06Z</time></trkpt><trkpt lat="47.3705318850" lon="11.0371547285"><ele>1368.78</ele><time>2026-08-27T11:33:07Z</time></trkpt><trkpt lat="47.3705532588" lon="11.0371543095"><ele>1368.86</ele><time>2026-08-27T11:33:08Z</time></trkpt><trkpt lat="47.3705732916" lon="11.0371481068"><ele>1368.92</ele><time>2026-08-27T11:33:09Z</time></trkpt><trkpt lat="47.3705925699" lon="11.0371362045"><ele>1368.97</ele><time>2026-08-27T11:33:10Z</time></trkpt><trkpt lat="47.3706097528" lon="11.0371234640"><ele>1369.02</ele><time>2026-08-27T11:33:11Z</time></trkpt><trkpt lat="47.3706458788" lon="11.0370846558"><ele>1369.61</ele><time>2026-08-27T11:33:18Z</time></trkpt><trkpt lat="47.3706841841" lon="11.0370284133"><ele>1369.59</ele><time>2026-08-27T11:33:28Z</time></trkpt><trkpt lat="47.3706953321" lon="11.0370062850"><ele>1369.61</ele><time>2026-08-27T11:33:29Z</time></trkpt><trkpt lat="47.3708060570" lon="11.0368398204"><ele>1370.48</ele><time>2026-08-27T11:33:37Z</time></trkpt><trkpt lat="47.3708722740" lon="11.0367162712"><ele>1371.25</ele><time>2026-08-27T11:33:45Z</time></trkpt><trkpt lat="47.3709605355" lon="11.0365803167"><ele>1372.00</ele><time>2026-08-27T11:33:52Z</time></trkpt><trkpt lat="47.3711383156" lon="11.0364990961"><ele>1373.65</ele><time>2026-08-27T11:34:01Z</time></trkpt><trkpt lat="47.3712528124" lon="11.0366253275"><ele>1375.22</ele><time>2026-08-27T11:34:08Z</time></trkpt><trkpt lat="47.3714129068" lon="11.0368992481"><ele>1377.32</ele><time>2026-08-27T11:34:20Z</time></trkpt><trkpt lat="47.3715692293" lon="11.0371623561"><ele>1379.63</ele><time>2026-08-27T11:34:33Z</time></trkpt><trkpt lat="47.3716728296" lon="11.0373739991"><ele>1381.14</ele><time>2026-08-27T11:34:44Z</time></trkpt><trkpt lat="47.3716793675" lon="11.0373775195"><ele>1381.95</ele><time>2026-08-27T11:34:52Z</time></trkpt><trkpt lat="47.3716754280" lon="11.0373719037"><ele>1381.70</ele><time>2026-08-27T11:35:31Z</time></trkpt><trkpt lat="47.3716750927" lon="11.0373703111"><ele>1381.66</ele><time>2026-08-27T11:35:44Z</time></trkpt><trkpt lat="47.3716960475" lon="11.0373960435"><ele>1381.54</ele><time>2026-08-27T11:35:47Z</time></trkpt><trkpt lat="47.3717100453" lon="11.0374096222"><ele>1381.54</ele><time>2026-08-27T11:35:48Z</time></trkpt><trkpt lat="47.3717252165" lon="11.0374246258"><ele>1381.61</ele><time>2026-08-27T11:35:49Z</time></trkpt><trkpt lat="47.3717434891" lon="11.0374397971"><ele>1381.73</ele><time>2026-08-27T11:35:50Z</time></trkpt><trkpt lat="47.3717619292" lon="11.0374535434"><ele>1381.84</ele><time>2026-08-27T11:35:51Z</time></trkpt><trkpt lat="47.3717796151" lon="11.0374620929"><ele>1381.96</ele><time>2026-08-27T11:35:52Z</time></trkpt><trkpt lat="47.3717967980" lon="11.0374716483"><ele>1382.10</ele><time>2026-08-27T11:35:53Z</time></trkpt><trkpt lat="47.3719632626" lon="11.0375407152"><ele>1383.94</ele><time>2026-08-27T11:36:02Z</time></trkpt><trkpt lat="47.3720923439" lon="11.0376871470"><ele>1385.57</ele><time>2026-08-27T11:36:11Z</time></trkpt><trkpt lat="47.3721406236" lon="11.0379863810"><ele>1386.83</ele><time>2026-08-27T11:36:22Z</time></trkpt><trkpt lat="47.3721690383" lon="11.0384210665"><ele>1389.19</ele><time>2026-08-27T11:36:38Z</time></trkpt><trkpt lat="47.3721394502" lon="11.0387660656"><ele>1390.77</ele><time>2026-08-27T11:36:51Z</time></trkpt><trkpt lat="47.3720765021" lon="11.0389744397"><ele>1391.52</ele><time>2026-08-27T11:37:00Z</time></trkpt><trkpt lat="47.3719742429" lon="11.0391970631"><ele>1391.44</ele><time>2026-08-27T11:37:07Z</time></trkpt><trkpt lat="47.3718557227" lon="11.0394461732"><ele>1391.58</ele><time>2026-08-27T11:37:15Z</time></trkpt><trkpt lat="47.3718465865" lon="11.0394706484"><ele>1391.91</ele><time>2026-08-27T11:37:20Z</time></trkpt><trkpt lat="47.3718407191" lon="11.0395049304"><ele>1391.75</ele><time>2026-08-27T11:37:50Z</time></trkpt><trkpt lat="47.3717356939" lon="11.0396898352"><ele>1391.84</ele><time>2026-08-27T11:37:58Z</time></trkpt><trkpt lat="47.3716916051" lon="11.0397956148"><ele>1392.44</ele><time>2026-08-27T11:38:06Z</time></trkpt><trkpt lat="47.3716776911" lon="11.0397763364"><ele>1392.36</ele><time>2026-08-27T11:38:16Z</time></trkpt><trkpt lat="47.3716735840" lon="11.0397800244"><ele>1391.91</ele><time>2026-08-27T11:38:23Z</time></trkpt><trkpt lat="47.3716829717" lon="11.0397702176"><ele>1391.91</ele><time>2026-08-27T11:38:31Z</time></trkpt><trkpt lat="47.3716912698" lon="11.0397553816"><ele>1391.91</ele><time>2026-08-27T11:38:43Z</time></trkpt><trkpt lat="47.3716895934" lon="11.0397450719"><ele>1391.91</ele><time>2026-08-27T11:39:02Z</time></trkpt><trkpt lat="47.3716817982" lon="11.0397353489"><ele>1391.91</ele><time>2026-08-27T11:39:15Z</time></trkpt><trkpt lat="47.3716798704" lon="11.0397330858"><ele>1391.91</ele><time>2026-08-27T11:39:25Z</time></trkpt><trkpt lat="47.3716881685" lon="11.0397154000"><ele>1391.91</ele><time>2026-08-27T11:39:36Z</time></trkpt><trkpt lat="47.3716823012" lon="11.0397155676"><ele>1391.91</ele><time>2026-08-27T11:39:48Z</time></trkpt><trkpt lat="47.3716823012" lon="11.0397154838"><ele>1391.91</ele><time>2026-08-27T11:40:04Z</time></trkpt><trkpt lat="47.3716641963" lon="11.0397420544"><ele>1391.91</ele><time>2026-08-27T11:40:16Z</time></trkpt><trkpt lat="47.3716595024" lon="11.0397585668"><ele>1391.91</ele><time>2026-08-27T11:40:31Z</time></trkpt><trkpt lat="47.3716356140" lon="11.0397404619"><ele>1391.91</ele><time>2026-08-27T11:40:41Z</time></trkpt><trkpt lat="47.3716466781" lon="11.0397724807"><ele>1391.91</ele><time>2026-08-27T11:40:50Z</time></trkpt><trkpt lat="47.3716407269" lon="11.0398028232"><ele>1391.91</ele><time>2026-08-27T11:41:07Z</time></trkpt><trkpt lat="47.3716063611" lon="11.0397590697"><ele>1391.91</ele><time>2026-08-27T11:41:17Z</time></trkpt><trkpt lat="47.3715094663" lon="11.0396960378"><ele>1390.98</ele><time>2026-08-27T11:41:28Z</time></trkpt><trkpt lat="47.3715002462" lon="11.0397370253"><ele>1391.13</ele><time>2026-08-27T11:41:37Z</time></trkpt><trkpt lat="47.3715770245" lon="11.0397948604"><ele>1391.30</ele><time>2026-08-27T11:41:52Z</time></trkpt><trkpt lat="47.3716496956" lon="11.0398858879"><ele>1391.21</ele><time>2026-08-27T11:42:14Z</time></trkpt><trkpt lat="47.3717894219" lon="11.0402394366"><ele>1391.09</ele><time>2026-08-27T11:42:33Z</time></trkpt><trkpt lat="47.3715284932" lon="11.0399609897"><ele>1391.02</ele><time>2026-08-27T11:44:18Z</time></trkpt><trkpt lat="47.3715179320" lon="11.0399733949"><ele>1391.02</ele><time>2026-08-27T11:44:19Z</time></trkpt><trkpt lat="47.3715300020" lon="11.0399882309"><ele>1391.02</ele><time>2026-08-27T11:44:27Z</time></trkpt><trkpt lat="47.3716823850" lon="11.0399576370"><ele>1390.93</ele><time>2026-08-27T11:45:40Z</time></trkpt><trkpt lat="47.3715331871" lon="11.0399593972"><ele>1390.57</ele><time>2026-08-27T11:45:58Z</time></trkpt><trkpt lat="47.3715302534" lon="11.0399542004"><ele>1390.60</ele><time>2026-08-27T11:46:12Z</time></trkpt><trkpt lat="47.3715345282" lon="11.0399493389"><ele>1390.60</ele><time>2026-08-27T11:46:30Z</time></trkpt><trkpt lat="47.3715220392" lon="11.0400110297"><ele>1390.60</ele><time>2026-08-27T11:46:42Z</time></trkpt><trkpt lat="47.3715200275" lon="11.0400571302"><ele>1390.60</ele><time>2026-08-27T11:46:57Z</time></trkpt><trkpt lat="47.3715290800" lon="11.0400020611"><ele>1390.60</ele><time>2026-08-27T11:47:13Z</time></trkpt><trkpt lat="47.3715106398" lon="11.0399913322"><ele>1390.60</ele><time>2026-08-27T11:47:29Z</time></trkpt><trkpt lat="47.3714937922" lon="11.0399980377"><ele>1390.60</ele><time>2026-08-27T11:47:45Z</time></trkpt><trkpt lat="47.3714883439" lon="11.0399953555"><ele>1390.60</ele><time>2026-08-27T11:48:00Z</time></trkpt><trkpt lat="47.3714808840" lon="11.0399832018"><ele>1390.60</ele><time>2026-08-27T11:48:19Z</time></trkpt><trkpt lat="47.3714605998" lon="11.0399894044"><ele>1390.60</ele><time>2026-08-27T11:48:33Z</time></trkpt><trkpt lat="47.3714607675" lon="11.0399846267"><ele>1390.60</ele><time>2026-08-27T11:48:49Z</time></trkpt><trkpt lat="47.3714550678" lon="11.0399938468"><ele>1390.60</ele><time>2026-08-27T11:49:04Z</time></trkpt><trkpt lat="47.3714592587" lon="11.0399885662"><ele>1390.60</ele><time>2026-08-27T11:49:17Z</time></trkpt><trkpt lat="47.3714688979" lon="11.0399727244"><ele>1390.60</ele><time>2026-08-27T11:49:30Z</time></trkpt><trkpt lat="47.3715075385" lon="11.0399479140"><ele>1390.60</ele><time>2026-08-27T11:49:45Z</time></trkpt><trkpt lat="47.3715219554" lon="11.0399419628"><ele>1390.60</ele><time>2026-08-27T11:49:59Z</time></trkpt><trkpt lat="47.3714790400" lon="11.0399970319"><ele>1390.60</ele><time>2026-08-27T11:50:17Z</time></trkpt><trkpt lat="47.3714979831" lon="11.0400059167"><ele>1390.60</ele><time>2026-08-27T11:50:33Z</time></trkpt><trkpt lat="47.3715098854" lon="11.0400133766"><ele>1390.60</ele><time>2026-08-27T11:50:53Z</time></trkpt><trkpt lat="47.3715030123" lon="11.0400096886"><ele>1390.60</ele><time>2026-08-27T11:51:07Z</time></trkpt><trkpt lat="47.3714989889" lon="11.0400009714"><ele>1390.60</ele><time>2026-08-27T11:51:23Z</time></trkpt><trkpt lat="47.3714984860" lon="11.0400137119"><ele>1390.60</ele><time>2026-08-27T11:51:41Z</time></trkpt><trkpt lat="47.3714907747" lon="11.0400037374"><ele>1390.60</ele><time>2026-08-27T11:51:58Z</time></trkpt><trkpt lat="47.3714890983" lon="11.0399785079"><ele>1390.60</ele><time>2026-08-27T11:52:15Z</time></trkpt><trkpt lat="47.3714870866" lon="11.0399938468"><ele>1390.60</ele><time>2026-08-27T11:52:32Z</time></trkpt><trkpt lat="47.3714834824" lon="11.0399714671"><ele>1390.60</ele><time>2026-08-27T11:52:45Z</time></trkpt><trkpt lat="47.3714512121" lon="11.0399732273"><ele>1390.60</ele><time>2026-08-27T11:53:00Z</time></trkpt><trkpt lat="47.3714497034" lon="11.0399635043"><ele>1390.60</ele><time>2026-08-27T11:53:16Z</time></trkpt><trkpt lat="47.3714428302" lon="11.0399565473"><ele>1390.60</ele><time>2026-08-27T11:53:31Z</time></trkpt><trkpt lat="47.3714466859" lon="11.0399623308"><ele>1390.60</ele><time>2026-08-27T11:53:44Z</time></trkpt><trkpt lat="47.3714661319" lon="11.0400023963"><ele>1390.60</ele><time>2026-08-27T11:53:59Z</time></trkpt><trkpt lat="47.3714923672" lon="11.0400088504"><ele>1390.60</ele><time>2026-08-27T11:54:13Z</time></trkpt><trkpt lat="47.3714977317" lon="11.0399963614"><ele>1390.60</ele><time>2026-08-27T11:54:26Z</time></trkpt><trkpt lat="47.3715078738" lon="11.0399780888"><ele>1390.60</ele><time>2026-08-27T11:54:45Z</time></trkpt><trkpt lat="47.3715113103" lon="11.0399676114"><ele>1390.60</ele><time>2026-08-27T11:55:01Z</time></trkpt><trkpt lat="47.3715135735" lon="11.0399605706"><ele>1390.60</ele><time>2026-08-27T11:55:16Z</time></trkpt><trkpt lat="47.3715129867" lon="11.0399959423"><ele>1390.60</ele><time>2026-08-27T11:55:31Z</time></trkpt><trkpt lat="47.3715298343" lon="11.0400412884"><ele>1390.60</ele><time>2026-08-27T11:55:46Z</time></trkpt><trkpt lat="47.3715429939" lon="11.0400177352"><ele>1390.60</ele><time>2026-08-27T11:56:00Z</time></trkpt><trkpt lat="47.3715443350" lon="11.0400111973"><ele>1390.60</ele><time>2026-08-27T11:56:15Z</time></trkpt><trkpt lat="47.3715453409" lon="11.0400104430"><ele>1390.60</ele><time>2026-08-27T11:56:32Z</time></trkpt><trkpt lat="47.3715532199" lon="11.0399780888"><ele>1390.60</ele><time>2026-08-27T11:56:46Z</time></trkpt><trkpt lat="47.3715573270" lon="11.0399794299"><ele>1390.60</ele><time>2026-08-27T11:57:00Z</time></trkpt><trkpt lat="47.3715619370" lon="11.0399961937"><ele>1390.60</ele><time>2026-08-27T11:57:15Z</time></trkpt><trkpt lat="47.3715615179" lon="11.0399872251"><ele>1390.60</ele><time>2026-08-27T11:57:28Z</time></trkpt><trkpt lat="47.3715628590" lon="11.0399780050"><ele>1390.60</ele><time>2026-08-27T11:57:42Z</time></trkpt><trkpt lat="47.3715718277" lon="11.0399763286"><ele>1390.60</ele><time>2026-08-27T11:58:00Z</time></trkpt><trkpt lat="47.3715750966" lon="11.0399539489"><ele>1390.60</ele><time>2026-08-27T11:58:15Z</time></trkpt><trkpt lat="47.3715615179" lon="11.0399422143"><ele>1390.60</ele><time>2026-08-27T11:58:31Z</time></trkpt><trkpt lat="47.3715611827" lon="11.0399665218"><ele>1390.60</ele><time>2026-08-27T11:58:48Z</time></trkpt><trkpt lat="47.3715597577" lon="11.0399632528"><ele>1390.60</ele><time>2026-08-27T11:59:03Z</time></trkpt><trkpt lat="47.3715405632" lon="11.0399736464"><ele>1390.60</ele><time>2026-08-27T11:59:17Z</time></trkpt><trkpt lat="47.3715272360" lon="11.0399841238"><ele>1390.60</ele><time>2026-08-27T11:59:35Z</time></trkpt><trkpt lat="47.3715112265" lon="11.0399761610"><ele>1390.60</ele><time>2026-08-27T11:59:52Z</time></trkpt><trkpt lat="47.3715137411" lon="11.0399816930"><ele>1390.60</ele><time>2026-08-27T12:00:08Z</time></trkpt><trkpt lat="47.3715109751" lon="11.0399748199"><ele>1390.60</ele><time>2026-08-27T12:00:23Z</time></trkpt><trkpt lat="47.3715146631" lon="11.0399809387"><ele>1390.60</ele><time>2026-08-27T12:00:38Z</time></trkpt><trkpt lat="47.3715589195" lon="11.0400412884"><ele>1390.60</ele><time>2026-08-27T12:00:55Z</time></trkpt><trkpt lat="47.3715745937" lon="11.0400425456"><ele>1390.60</ele><time>2026-08-27T12:01:10Z</time></trkpt><trkpt lat="47.3715683911" lon="11.0400603153"><ele>1390.60</ele><time>2026-08-27T12:01:26Z</time></trkpt><trkpt lat="47.3715810478" lon="11.0400621593"><ele>1390.60</ele><time>2026-08-27T12:01:39Z</time></trkpt><trkpt lat="47.3715700675" lon="11.0400362592"><ele>1390.60</ele><time>2026-08-27T12:01:55Z</time></trkpt><trkpt lat="47.3715785332" lon="11.0400220100"><ele>1390.60</ele><time>2026-08-27T12:02:11Z</time></trkpt><trkpt lat="47.3715680558" lon="11.0400168970"><ele>1390.60</ele><time>2026-08-27T12:02:25Z</time></trkpt><trkpt lat="47.3715591710" lon="11.0400329065"><ele>1390.60</ele><time>2026-08-27T12:02:41Z</time></trkpt><trkpt lat="47.3715601768" lon="11.0400113650"><ele>1390.60</ele><time>2026-08-27T12:02:54Z</time></trkpt><trkpt lat="47.3715483584" lon="11.0399858002"><ele>1390.60</ele><time>2026-08-27T12:03:08Z</time></trkpt><trkpt lat="47.3715414852" lon="11.0399744008"><ele>1390.60</ele><time>2026-08-27T12:03:22Z</time></trkpt><trkpt lat="47.3715283256" lon="11.0399717186"><ele>1390.60</ele><time>2026-08-27T12:03:35Z</time></trkpt><trkpt lat="47.3715271521" lon="11.0399671923"><ele>1390.60</ele><time>2026-08-27T12:03:52Z</time></trkpt><trkpt lat="47.3715398088" lon="11.0400085989"><ele>1390.60</ele><time>2026-08-27T12:04:08Z</time></trkpt><trkpt lat="47.3715457600" lon="11.0400372650"><ele>1390.60</ele><time>2026-08-27T12:04:23Z</time></trkpt><trkpt lat="47.3715710733" lon="11.0400418751"><ele>1390.60</ele><time>2026-08-27T12:04:38Z</time></trkpt><trkpt lat="47.3715495318" lon="11.0400434677"><ele>1390.60</ele><time>2026-08-27T12:04:53Z</time></trkpt><trkpt lat="47.3715577461" lon="11.0400240216"><ele>1390.60</ele><time>2026-08-27T12:05:07Z</time></trkpt><trkpt lat="47.3715623561" lon="11.0400495864"><ele>1390.60</ele><time>2026-08-27T12:05:22Z</time></trkpt><trkpt lat="47.3715593386" lon="11.0400412884"><ele>1390.60</ele><time>2026-08-27T12:05:37Z</time></trkpt><trkpt lat="47.3715627752" lon="11.0400308110"><ele>1390.60</ele><time>2026-08-27T12:05:53Z</time></trkpt><trkpt lat="47.3715587519" lon="11.0400235187"><ele>1390.60</ele><time>2026-08-27T12:06:08Z</time></trkpt><trkpt lat="47.3715675529" lon="11.0400187410"><ele>1390.60</ele><time>2026-08-27T12:06:25Z</time></trkpt><trkpt lat="47.3715545610" lon="11.0400631651"><ele>1390.60</ele><time>2026-08-27T12:06:42Z</time></trkpt><trkpt lat="47.3715579137" lon="11.0400615726"><ele>1390.60</ele><time>2026-08-27T12:06:58Z</time></trkpt><trkpt lat="47.3715574946" lon="11.0400634166"><ele>1390.60</ele><time>2026-08-27T12:07:13Z</time></trkpt><trkpt lat="47.3715553991" lon="11.0400430486"><ele>1390.60</ele><time>2026-08-27T12:07:32Z</time></trkpt><trkpt lat="47.3715662956" lon="11.0400100239"><ele>1390.60</ele><time>2026-08-27T12:07:50Z</time></trkpt><trkpt lat="47.3715466820" lon="11.0400154721"><ele>1390.60</ele><time>2026-08-27T12:08:06Z</time></trkpt><trkpt lat="47.3715584166" lon="11.0399974510"><ele>1390.60</ele><time>2026-08-27T12:08:23Z</time></trkpt><trkpt lat="47.3715570755" lon="11.0400067549"><ele>1390.60</ele><time>2026-08-27T12:08:38Z</time></trkpt><trkpt lat="47.3715559021" lon="11.0399916675"><ele>1390.60</ele><time>2026-08-27T12:08:56Z</time></trkpt><trkpt lat="47.3715726659" lon="11.0400394443"><ele>1390.60</ele><time>2026-08-27T12:09:14Z</time></trkpt><trkpt lat="47.3715647031" lon="11.0400487483"><ele>1390.60</ele><time>2026-08-27T12:09:30Z</time></trkpt><trkpt lat="47.3715792038" lon="11.0400445573"><ele>1390.60</ele><time>2026-08-27T12:10:04Z</time></trkpt><trkpt lat="47.3715849034" lon="11.0400619078"><ele>1390.60</ele><time>2026-08-27T12:10:15Z</time></trkpt><trkpt lat="47.3715562373" lon="11.0400776658"><ele>1390.60</ele><time>2026-08-27T12:10:29Z</time></trkpt><trkpt lat="47.3715199437" lon="11.0400543641"><ele>1390.60</ele><time>2026-08-27T12:10:45Z</time></trkpt><trkpt lat="47.3715375457" lon="11.0400291346"><ele>1390.60</ele><time>2026-08-27T12:11:35Z</time></trkpt><trkpt lat="47.3715233803" lon="11.0400003009"><ele>1390.60</ele><time>2026-08-27T12:12:05Z</time></trkpt><trkpt lat="47.3715479393" lon="11.0400227644"><ele>1390.60</ele><time>2026-08-27T12:12:21Z</time></trkpt><trkpt lat="47.3715409823" lon="11.0400272906"><ele>1390.60</ele><time>2026-08-27T12:12:37Z</time></trkpt><trkpt lat="47.3715486936" lon="11.0400210042"><ele>1390.60</ele><time>2026-08-27T12:12:46Z</time></trkpt><trkpt lat="47.3715244699" lon="11.0399681143"><ele>1390.60</ele><time>2026-08-27T12:12:53Z</time></trkpt><trkpt lat="47.3715666309" lon="11.0399127938"><ele>1388.28</ele><time>2026-08-27T12:13:01Z</time></trkpt><trkpt lat="47.3716242984" lon="11.0398834571"><ele>1388.18</ele><time>2026-08-27T12:13:08Z</time></trkpt><trkpt lat="47.3716303334" lon="11.0398526955"><ele>1388.65</ele><time>2026-08-27T12:13:17Z</time></trkpt><trkpt lat="47.3716462590" lon="11.0398504324"><ele>1388.54</ele><time>2026-08-27T12:13:30Z</time></trkpt><trkpt lat="47.3716638610" lon="11.0398370214"><ele>1388.62</ele><time>2026-08-27T12:13:43Z</time></trkpt><trkpt lat="47.3716646992" lon="11.0398239456"><ele>1388.65</ele><time>2026-08-27T12:13:57Z</time></trkpt><trkpt lat="47.3716597538" lon="11.0398315731"><ele>1388.78</ele><time>2026-08-27T12:14:14Z</time></trkpt><trkpt lat="47.3716397211" lon="11.0398478340"><ele>1388.94</ele><time>2026-08-27T12:14:29Z</time></trkpt><trkpt lat="47.3716298304" lon="11.0398596525"><ele>1388.80</ele><time>2026-08-27T12:14:44Z</time></trkpt><trkpt lat="47.3716240469" lon="11.0398186650"><ele>1388.71</ele><time>2026-08-27T12:14:56Z</time></trkpt><trkpt lat="47.3716516234" lon="11.0397702176"><ele>1389.30</ele><time>2026-08-27T12:15:03Z</time></trkpt><trkpt lat="47.3716649506" lon="11.0397576448"><ele>1389.39</ele><time>2026-08-27T12:15:18Z</time></trkpt><trkpt lat="47.3716922756" lon="11.0397511907"><ele>1389.32</ele><time>2026-08-27T12:15:28Z</time></trkpt><trkpt lat="47.3717285693" lon="11.0396894999"><ele>1389.47</ele><time>2026-08-27T12:15:35Z</time></trkpt><trkpt lat="47.3717446625" lon="11.0396419745"><ele>1389.46</ele><time>2026-08-27T12:15:43Z</time></trkpt><trkpt lat="47.3717525415" lon="11.0396213550"><ele>1389.46</ele><time>2026-08-27T12:15:44Z</time></trkpt><trkpt lat="47.3717612587" lon="11.0395998135"><ele>1389.48</ele><time>2026-08-27T12:15:45Z</time></trkpt><trkpt lat="47.3717714008" lon="11.0395776015"><ele>1389.51</ele><time>2026-08-27T12:15:46Z</time></trkpt><trkpt lat="47.3717834707" lon="11.0395563114"><ele>1389.56</ele><time>2026-08-27T12:15:47Z</time></trkpt><trkpt lat="47.3717952054" lon="11.0395338479"><ele>1389.59</ele><time>2026-08-27T12:15:48Z</time></trkpt><trkpt lat="47.3718100414" lon="11.0395107139"><ele>1389.61</ele><time>2026-08-27T12:15:49Z</time></trkpt><trkpt lat="47.3718224466" lon="11.0394843947"><ele>1389.61</ele><time>2026-08-27T12:15:50Z</time></trkpt><trkpt lat="47.3718376178" lon="11.0394567344"><ele>1389.61</ele><time>2026-08-27T12:15:51Z</time></trkpt><trkpt lat="47.3718553875" lon="11.0394294932"><ele>1389.61</ele><time>2026-08-27T12:15:52Z</time></trkpt><trkpt lat="47.3720039986" lon="11.0391643737"><ele>1389.33</ele><time>2026-08-27T12:16:00Z</time></trkpt><trkpt lat="47.3721303977" lon="11.0388931353"><ele>1389.06</ele><time>2026-08-27T12:16:08Z</time></trkpt><trkpt lat="47.3721888196" lon="11.0386042949"><ele>1388.80</ele><time>2026-08-27T12:16:16Z</time></trkpt><trkpt lat="47.3721733131" lon="11.0384325497"><ele>1388.29</ele><time>2026-08-27T12:16:23Z</time></trkpt><trkpt lat="47.3721497599" lon="11.0380729660"><ele>1386.95</ele><time>2026-08-27T12:16:29Z</time></trkpt><trkpt lat="47.3721110355" lon="11.0377914179"><ele>1385.51</ele><time>2026-08-27T12:16:32Z</time></trkpt><trkpt lat="47.3720828723" lon="11.0376988817"><ele>1385.03</ele><time>2026-08-27T12:16:33Z</time></trkpt><trkpt lat="47.3720419686" lon="11.0376198404"><ele>1384.52</ele><time>2026-08-27T12:16:34Z</time></trkpt><trkpt lat="47.3719900846" lon="11.0375589039"><ele>1384.02</ele><time>2026-08-27T12:16:35Z</time></trkpt><trkpt lat="47.3719266336" lon="11.0375127196"><ele>1383.58</ele><time>2026-08-27T12:16:36Z</time></trkpt><trkpt lat="47.3718641885" lon="11.0374740791"><ele>1383.08</ele><time>2026-08-27T12:16:37Z</time></trkpt><trkpt lat="47.3717374541" lon="11.0373836383"><ele>1381.66</ele><time>2026-08-27T12:16:39Z</time></trkpt><trkpt lat="47.3716752604" lon="11.0373185109"><ele>1380.91</ele><time>2026-08-27T12:16:40Z</time></trkpt><trkpt lat="47.3716170900" lon="11.0372393858"><ele>1380.24</ele><time>2026-08-27T12:16:41Z</time></trkpt><trkpt lat="47.3714647070" lon="11.0369677283"><ele>1377.75</ele><time>2026-08-27T12:16:44Z</time></trkpt><trkpt lat="47.3714181036" lon="11.0368762817"><ele>1376.89</ele><time>2026-08-27T12:16:45Z</time></trkpt><trkpt lat="47.3712578416" lon="11.0366360564"><ele>1373.67</ele><time>2026-08-27T12:16:48Z</time></trkpt><trkpt lat="47.3711617012" lon="11.0365194641"><ele>1372.47</ele><time>2026-08-27T12:16:50Z</time></trkpt><trkpt lat="47.3711101525" lon="11.0364913009"><ele>1371.93</ele><time>2026-08-27T12:16:51Z</time></trkpt><trkpt lat="47.3710489646" lon="11.0364981741"><ele>1371.50</ele><time>2026-08-27T12:16:52Z</time></trkpt><trkpt lat="47.3709877767" lon="11.0365327913"><ele>1371.20</ele><time>2026-08-27T12:16:53Z</time></trkpt><trkpt lat="47.3709320370" lon="11.0365885310"><ele>1370.82</ele><time>2026-08-27T12:16:54Z</time></trkpt><trkpt lat="47.3708757106" lon="11.0366595257"><ele>1370.25</ele><time>2026-08-27T12:16:55Z</time></trkpt><trkpt lat="47.3705202341" lon="11.0371780302"><ele>1366.77</ele><time>2026-08-27T12:17:01Z</time></trkpt><trkpt lat="47.3703075014" lon="11.0375823732"><ele>1363.75</ele><time>2026-08-27T12:17:05Z</time></trkpt><trkpt lat="47.3702049907" lon="11.0377859697"><ele>1362.95</ele><time>2026-08-27T12:17:07Z</time></trkpt><trkpt lat="47.3701439705" lon="11.0378750693"><ele>1362.78</ele><time>2026-08-27T12:17:08Z</time></trkpt><trkpt lat="47.3699678667" lon="11.0381352436"><ele>1362.44</ele><time>2026-08-27T12:17:11Z</time></trkpt><trkpt lat="47.3699236102" lon="11.0382336471"><ele>1362.14</ele><time>2026-08-27T12:17:12Z</time></trkpt><trkpt lat="47.3698924296" lon="11.0383395106"><ele>1361.94</ele><time>2026-08-27T12:17:13Z</time></trkpt><trkpt lat="47.3698672000" lon="11.0384517442"><ele>1361.69</ele><time>2026-08-27T12:17:14Z</time></trkpt><trkpt lat="47.3698497657" lon="11.0385663249"><ele>1361.35</ele><time>2026-08-27T12:17:15Z</time></trkpt><trkpt lat="47.3698388692" lon="11.0386821628"><ele>1361.01</ele><time>2026-08-27T12:17:16Z</time></trkpt><trkpt lat="47.3698326666" lon="11.0387969948"><ele>1360.77</ele><time>2026-08-27T12:17:17Z</time></trkpt><trkpt lat="47.3698266316" lon="11.0389099829"><ele>1360.64</ele><time>2026-08-27T12:17:18Z</time></trkpt><trkpt lat="47.3698347621" lon="11.0396501888"><ele>1360.64</ele><time>2026-08-27T12:17:25Z</time></trkpt><trkpt lat="47.3698223568" lon="11.0397547111"><ele>1360.65</ele><time>2026-08-27T12:17:26Z</time></trkpt><trkpt lat="47.3697998933" lon="11.0398543719"><ele>1360.64</ele><time>2026-08-27T12:17:27Z</time></trkpt><trkpt lat="47.3697659466" lon="11.0399448965"><ele>1360.62</ele><time>2026-08-27T12:17:28Z</time></trkpt><trkpt lat="47.3697224446" lon="11.0400270391"><ele>1360.59</ele><time>2026-08-27T12:17:29Z</time></trkpt><trkpt lat="47.3696724884" lon="11.0401021410"><ele>1360.57</ele><time>2026-08-27T12:17:30Z</time></trkpt><trkpt lat="47.3696226161" lon="11.0401736386"><ele>1360.55</ele><time>2026-08-27T12:17:31Z</time></trkpt><trkpt lat="47.3693938740" lon="11.0405123513"><ele>1360.58</ele><time>2026-08-27T12:17:36Z</time></trkpt><trkpt lat="47.3692104779" lon="11.0409646388"><ele>1362.66</ele><time>2026-08-27T12:17:44Z</time></trkpt><trkpt lat="47.3691331968" lon="11.0412090551"><ele>1364.00</ele><time>2026-08-27T12:17:50Z</time></trkpt><trkpt lat="47.3690573405" lon="11.0415387992"><ele>1365.21</ele><time>2026-08-27T12:17:57Z</time></trkpt><trkpt lat="47.3690305185" lon="11.0418126360"><ele>1365.72</ele><time>2026-08-27T12:18:03Z</time></trkpt><trkpt lat="47.3690208793" lon="11.0420910828"><ele>1365.59</ele><time>2026-08-27T12:18:07Z</time></trkpt><trkpt lat="47.3690140899" lon="11.0421484150"><ele>1365.56</ele><time>2026-08-27T12:18:08Z</time></trkpt><trkpt lat="47.3690095637" lon="11.0421973653"><ele>1365.55</ele><time>2026-08-27T12:18:09Z</time></trkpt><trkpt lat="47.3689311091" lon="11.0424082540"><ele>1366.36</ele><time>2026-08-27T12:18:14Z</time></trkpt><trkpt lat="47.3687950708" lon="11.0426784866"><ele>1366.94</ele><time>2026-08-27T12:18:20Z</time></trkpt><trkpt lat="47.3687741999" lon="11.0427372437"><ele>1366.96</ele><time>2026-08-27T12:18:21Z</time></trkpt><trkpt lat="47.3686202243" lon="11.0432702489"><ele>1365.62</ele><time>2026-08-27T12:18:28Z</time></trkpt><trkpt lat="47.3684942443" lon="11.0439181700"><ele>1362.48</ele><time>2026-08-27T12:18:34Z</time></trkpt><trkpt lat="47.3684937414" lon="11.0440336727"><ele>1362.04</ele><time>2026-08-27T12:18:35Z</time></trkpt><trkpt lat="47.3685126845" lon="11.0444906540"><ele>1360.39</ele><time>2026-08-27T12:18:39Z</time></trkpt><trkpt lat="47.3685034644" lon="11.0446878802"><ele>1360.21</ele><time>2026-08-27T12:18:41Z</time></trkpt><trkpt lat="47.3684499878" lon="11.0452642199"><ele>1358.96</ele><time>2026-08-27T12:18:46Z</time></trkpt><trkpt lat="47.3684437014" lon="11.0459163319"><ele>1355.51</ele><time>2026-08-27T12:18:51Z</time></trkpt><trkpt lat="47.3684411030" lon="11.0468380060"><ele>1353.15</ele><time>2026-08-27T12:18:58Z</time></trkpt><trkpt lat="47.3683779873" lon="11.0474834964"><ele>1351.36</ele><time>2026-08-27T12:19:03Z</time></trkpt><trkpt lat="47.3683515843" lon="11.0476067942"><ele>1350.97</ele><time>2026-08-27T12:19:04Z</time></trkpt><trkpt lat="47.3682078347" lon="11.0480102990"><ele>1350.47</ele><time>2026-08-27T12:19:08Z</time></trkpt><trkpt lat="47.3681658413" lon="11.0480961297"><ele>1350.47</ele><time>2026-08-27T12:19:09Z</time></trkpt><trkpt lat="47.3681211658" lon="11.0481837206"><ele>1350.51</ele><time>2026-08-27T12:19:10Z</time></trkpt><trkpt lat="47.3680320662" lon="11.0483674519"><ele>1350.60</ele><time>2026-08-27T12:19:12Z</time></trkpt><trkpt lat="47.3679926712" lon="11.0484696273"><ele>1350.58</ele><time>2026-08-27T12:19:13Z</time></trkpt><trkpt lat="47.3677795194" lon="11.0491872858"><ele>1348.09</ele><time>2026-08-27T12:19:19Z</time></trkpt><trkpt lat="47.3677272163" lon="11.0494417604"><ele>1347.34</ele><time>2026-08-27T12:19:21Z</time></trkpt><trkpt lat="47.3677155655" lon="11.0495780502"><ele>1347.01</ele><time>2026-08-27T12:19:22Z</time></trkpt><trkpt lat="47.3676709738" lon="11.0502651986"><ele>1344.20</ele><time>2026-08-27T12:19:27Z</time></trkpt><trkpt lat="47.3676454928" lon="11.0503969621"><ele>1343.59</ele><time>2026-08-27T12:19:28Z</time></trkpt><trkpt lat="47.3675972968" lon="11.0506719723"><ele>1342.05</ele><time>2026-08-27T12:19:30Z</time></trkpt><trkpt lat="47.3675014079" lon="11.0512643214"><ele>1339.02</ele><time>2026-08-27T12:19:34Z</time></trkpt><trkpt lat="47.3674644437" lon="11.0514068138"><ele>1338.16</ele><time>2026-08-27T12:19:35Z</time></trkpt><trkpt lat="47.3673325125" lon="11.0519624501"><ele>1334.92</ele><time>2026-08-27T12:19:39Z</time></trkpt><trkpt lat="47.3672940396" lon="11.0522450041"><ele>1333.81</ele><time>2026-08-27T12:19:41Z</time></trkpt><trkpt lat="47.3672907706" lon="11.0523898434"><ele>1333.34</ele><time>2026-08-27T12:19:42Z</time></trkpt><trkpt lat="47.3673012480" lon="11.0525324196"><ele>1333.08</ele><time>2026-08-27T12:19:43Z</time></trkpt><trkpt lat="47.3673256394" lon="11.0526708886"><ele>1332.89</ele><time>2026-08-27T12:19:44Z</time></trkpt><trkpt lat="47.3673533835" lon="11.0528108664"><ele>1332.68</ele><time>2026-08-27T12:19:45Z</time></trkpt><trkpt lat="47.3673775233" lon="11.0529462341"><ele>1332.40</ele><time>2026-08-27T12:19:46Z</time></trkpt><trkpt lat="47.3674344365" lon="11.0534754675"><ele>1331.51</ele><time>2026-08-27T12:19:50Z</time></trkpt><trkpt lat="47.3674555589" lon="11.0537402518"><ele>1331.12</ele><time>2026-08-27T12:19:52Z</time></trkpt><trkpt lat="47.3675014917" lon="11.0539941397"><ele>1330.27</ele><time>2026-08-27T12:19:54Z</time></trkpt><trkpt lat="47.3676822055" lon="11.0546800308"><ele>1328.69</ele><time>2026-08-27T12:20:00Z</time></trkpt><trkpt lat="47.3677240312" lon="11.0549039114"><ele>1328.46</ele><time>2026-08-27T12:20:02Z</time></trkpt><trkpt lat="47.3677328322" lon="11.0550176539"><ele>1328.39</ele><time>2026-08-27T12:20:03Z</time></trkpt><trkpt lat="47.3677303176" lon="11.0551320668"><ele>1328.27</ele><time>2026-08-27T12:20:04Z</time></trkpt><trkpt lat="47.3677201755" lon="11.0552472342"><ele>1328.09</ele><time>2026-08-27T12:20:05Z</time></trkpt><trkpt lat="47.3677038308" lon="11.0553626530"><ele>1327.86</ele><time>2026-08-27T12:20:06Z</time></trkpt><trkpt lat="47.3676847201" lon="11.0554768983"><ele>1327.58</ele><time>2026-08-27T12:20:07Z</time></trkpt><trkpt lat="47.3676257953" lon="11.0561504681"><ele>1326.00</ele><time>2026-08-27T12:20:13Z</time></trkpt><trkpt lat="47.3676921800" lon="11.0568983853"><ele>1324.79</ele><time>2026-08-27T12:20:20Z</time></trkpt><trkpt lat="47.3676588200" lon="11.0576978512"><ele>1323.39</ele><time>2026-08-27T12:20:28Z</time></trkpt><trkpt lat="47.3676376138" lon="11.0578726977"><ele>1323.11</ele><time>2026-08-27T12:20:30Z</time></trkpt><trkpt lat="47.3676275555" lon="11.0579476319"><ele>1322.99</ele><time>2026-08-27T12:20:31Z</time></trkpt><trkpt lat="47.3676231131" lon="11.0580296069"><ele>1322.91</ele><time>2026-08-27T12:20:32Z</time></trkpt><trkpt lat="47.3675700556" lon="11.0587811284"><ele>1322.07</ele><time>2026-08-27T12:20:40Z</time></trkpt><trkpt lat="47.3675456643" lon="11.0592876468"><ele>1320.81</ele><time>2026-08-27T12:20:45Z</time></trkpt><trkpt lat="47.3674175050" lon="11.0599363223"><ele>1319.45</ele><time>2026-08-27T12:20:52Z</time></trkpt><trkpt lat="47.3673331831" lon="11.0606286675"><ele>1319.78</ele><time>2026-08-27T12:21:00Z</time></trkpt><trkpt lat="47.3672916088" lon="11.0614190809"><ele>1317.72</ele><time>2026-08-27T12:21:08Z</time></trkpt><trkpt lat="47.3672794551" lon="11.0616159718"><ele>1317.58</ele><time>2026-08-27T12:21:10Z</time></trkpt><trkpt lat="47.3673011642" lon="11.0621058103"><ele>1317.20</ele><time>2026-08-27T12:21:15Z</time></trkpt><trkpt lat="47.3672947939" lon="11.0623033717"><ele>1316.70</ele><time>2026-08-27T12:21:17Z</time></trkpt><trkpt lat="47.3672783654" lon="11.0624016076"><ele>1316.44</ele><time>2026-08-27T12:21:18Z</time></trkpt><trkpt lat="47.3672551475" lon="11.0624977481"><ele>1316.21</ele><time>2026-08-27T12:21:19Z</time></trkpt><trkpt lat="47.3672260623" lon="11.0625885241"><ele>1316.04</ele><time>2026-08-27T12:21:20Z</time></trkpt><trkpt lat="47.3671943787" lon="11.0626725107"><ele>1315.96</ele><time>2026-08-27T12:21:21Z</time></trkpt><trkpt lat="47.3669426702" lon="11.0633061826"><ele>1315.45</ele><time>2026-08-27T12:21:29Z</time></trkpt><trkpt lat="47.3668467812" lon="11.0636488348"><ele>1314.88</ele><time>2026-08-27T12:21:33Z</time></trkpt><trkpt lat="47.3668419197" lon="11.0637183208"><ele>1314.70</ele><time>2026-08-27T12:21:34Z</time></trkpt><trkpt lat="47.3668359686" lon="11.0637847055"><ele>1314.58</ele><time>2026-08-27T12:21:35Z</time></trkpt><trkpt lat="47.3668303527" lon="11.0638462286"><ele>1314.49</ele><time>2026-08-27T12:21:36Z</time></trkpt><trkpt lat="47.3668223061" lon="11.0639125295"><ele>1314.42</ele><time>2026-08-27T12:21:37Z</time></trkpt><trkpt lat="47.3668123316" lon="11.0639924929"><ele>1314.21</ele><time>2026-08-27T12:21:38Z</time></trkpt><trkpt lat="47.3668165226" lon="11.0640726238"><ele>1314.09</ele><time>2026-08-27T12:21:39Z</time></trkpt><trkpt lat="47.3668156844" lon="11.0641552694"><ele>1313.99</ele><time>2026-08-27T12:21:40Z</time></trkpt><trkpt lat="47.3668006808" lon="11.0642480571"><ele>1313.90</ele><time>2026-08-27T12:21:41Z</time></trkpt><trkpt lat="47.3667849228" lon="11.0643446166"><ele>1313.79</ele><time>2026-08-27T12:21:42Z</time></trkpt><trkpt lat="47.3667153530" lon="11.0647028591"><ele>1313.11</ele><time>2026-08-27T12:21:46Z</time></trkpt><trkpt lat="47.3666396644" lon="11.0649404023"><ele>1312.61</ele><time>2026-08-27T12:21:49Z</time></trkpt><trkpt lat="47.3666006047" lon="11.0650112294"><ele>1312.52</ele><time>2026-08-27T12:21:50Z</time></trkpt><trkpt lat="47.3665234074" lon="11.0651264805"><ele>1312.45</ele><time>2026-08-27T12:21:52Z</time></trkpt><trkpt lat="47.3664820846" lon="11.0651702341"><ele>1312.45</ele><time>2026-08-27T12:21:53Z</time></trkpt><trkpt lat="47.3663876206" lon="11.0652516223"><ele>1312.45</ele><time>2026-08-27T12:21:55Z</time></trkpt><trkpt lat="47.3661065754" lon="11.0654626787"><ele>1312.16</ele><time>2026-08-27T12:22:01Z</time></trkpt><trkpt lat="47.3660253547" lon="11.0655494314"><ele>1311.96</ele><time>2026-08-27T12:22:03Z</time></trkpt><trkpt lat="47.3659868818" lon="11.0656026565"><ele>1311.88</ele><time>2026-08-27T12:22:04Z</time></trkpt><trkpt lat="47.3659525998" lon="11.0656636767"><ele>1311.80</ele><time>2026-08-27T12:22:05Z</time></trkpt><trkpt lat="47.3659225088" lon="11.0657338332"><ele>1311.67</ele><time>2026-08-27T12:22:06Z</time></trkpt><trkpt lat="47.3658961058" lon="11.0658074263"><ele>1311.48</ele><time>2026-08-27T12:22:07Z</time></trkpt><trkpt lat="47.3658733908" lon="11.0658845399"><ele>1311.25</ele><time>2026-08-27T12:22:08Z</time></trkpt><trkpt lat="47.3658526875" lon="11.0659634974"><ele>1310.97</ele><time>2026-08-27T12:22:09Z</time></trkpt><trkpt lat="47.3658187408" lon="11.0661165509"><ele>1310.47</ele><time>2026-08-27T12:22:11Z</time></trkpt><trkpt lat="47.3658031505" lon="11.0661950056"><ele>1310.36</ele><time>2026-08-27T12:22:12Z</time></trkpt><trkpt lat="47.3656871449" lon="11.0667730216"><ele>1309.96</ele><time>2026-08-27T12:22:20Z</time></trkpt><trkpt lat="47.3656482529" lon="11.0670584254"><ele>1309.74</ele><time>2026-08-27T12:22:24Z</time></trkpt><trkpt lat="47.3656044994" lon="11.0674519558"><ele>1309.31</ele><time>2026-08-27T12:22:29Z</time></trkpt><trkpt lat="47.3654662818" lon="11.0680144653"><ele>1309.16</ele><time>2026-08-27T12:22:37Z</time></trkpt><trkpt lat="47.3654163256" lon="11.0682264436"><ele>1309.90</ele><time>2026-08-27T12:22:41Z</time></trkpt><trkpt lat="47.3654159065" lon="11.0682836920"><ele>1310.12</ele><time>2026-08-27T12:22:42Z</time></trkpt><trkpt lat="47.3654251266" lon="11.0686445329"><ele>1311.54</ele><time>2026-08-27T12:22:49Z</time></trkpt><trkpt lat="47.3654517811" lon="11.0688593611"><ele>1313.22</ele><time>2026-08-27T12:22:55Z</time></trkpt><trkpt lat="47.3655257095" lon="11.0691445135"><ele>1314.44</ele><time>2026-08-27T12:23:03Z</time></trkpt><trkpt lat="47.3656703811" lon="11.0694420710"><ele>1315.59</ele><time>2026-08-27T12:23:13Z</time></trkpt><trkpt lat="47.3656473309" lon="11.0697710607"><ele>1316.85</ele><time>2026-08-27T12:23:22Z</time></trkpt><trkpt lat="47.3655199260" lon="11.0698600765"><ele>1317.65</ele><time>2026-08-27T12:23:28Z</time></trkpt><trkpt lat="47.3653915152" lon="11.0698877368"><ele>1318.66</ele><time>2026-08-27T12:23:34Z</time></trkpt><trkpt lat="47.3652399704" lon="11.0699870624"><ele>1319.67</ele><time>2026-08-27T12:23:41Z</time></trkpt><trkpt lat="47.3650962207" lon="11.0700636730"><ele>1320.34</ele><time>2026-08-27T12:23:48Z</time></trkpt><trkpt lat="47.3649471905" lon="11.0701234359"><ele>1321.50</ele><time>2026-08-27T12:23:56Z</time></trkpt><trkpt lat="47.3648041952" lon="11.0701557063"><ele>1322.53</ele><time>2026-08-27T12:24:03Z</time></trkpt><trkpt lat="47.3646261636" lon="11.0702459794"><ele>1323.96</ele><time>2026-08-27T12:24:12Z</time></trkpt><trkpt lat="47.3645673227" lon="11.0704213288"><ele>1325.12</ele><time>2026-08-27T12:24:18Z</time></trkpt><trkpt lat="47.3646375630" lon="11.0705872905"><ele>1326.09</ele><time>2026-08-27T12:24:24Z</time></trkpt><trkpt lat="47.3648113199" lon="11.0708043817"><ele>1327.86</ele><time>2026-08-27T12:24:34Z</time></trkpt><trkpt lat="47.3649558239" lon="11.0709551722"><ele>1328.68</ele><time>2026-08-27T12:24:42Z</time></trkpt><trkpt lat="47.3649937101" lon="11.0710041225"><ele>1329.63</ele><time>2026-08-27T12:24:48Z</time></trkpt><trkpt lat="47.3649936263" lon="11.0710067209"><ele>1329.98</ele><time>2026-08-27T12:24:57Z</time></trkpt><trkpt lat="47.3649963923" lon="11.0710019432"><ele>1329.97</ele><time>2026-08-27T12:25:13Z</time></trkpt><trkpt lat="47.3650051095" lon="11.0709901247"><ele>1329.95</ele><time>2026-08-27T12:25:36Z</time></trkpt><trkpt lat="47.3650224600" lon="11.0710063018"><ele>1330.07</ele><time>2026-08-27T12:25:43Z</time></trkpt><trkpt lat="47.3650471866" lon="11.0710360575"><ele>1330.12</ele><time>2026-08-27T12:25:46Z</time></trkpt><trkpt lat="47.3650616873" lon="11.0710508097"><ele>1330.15</ele><time>2026-08-27T12:25:47Z</time></trkpt><trkpt lat="47.3650798760" lon="11.0710684117"><ele>1330.16</ele><time>2026-08-27T12:25:48Z</time></trkpt><trkpt lat="47.3652113881" lon="11.0712373070"><ele>1331.24</ele><time>2026-08-27T12:25:56Z</time></trkpt><trkpt lat="47.3653548863" lon="11.0714802146"><ele>1332.41</ele><time>2026-08-27T12:26:04Z</time></trkpt><trkpt lat="47.3654087819" lon="11.0716957971"><ele>1333.22</ele><time>2026-08-27T12:26:10Z</time></trkpt><trkpt lat="47.3653900903" lon="11.0720942728"><ele>1334.56</ele><time>2026-08-27T12:26:20Z</time></trkpt><trkpt lat="47.3653784394" lon="11.0721583944"><ele>1334.74</ele><time>2026-08-27T12:26:23Z</time></trkpt><trkpt lat="47.3653747514" lon="11.0721874796"><ele>1335.16</ele><time>2026-08-27T12:26:30Z</time></trkpt><trkpt lat="47.3653760087" lon="11.0721860547"><ele>1335.17</ele><time>2026-08-27T12:26:39Z</time></trkpt><trkpt lat="47.3653843068" lon="11.0721823666"><ele>1335.11</ele><time>2026-08-27T12:27:03Z</time></trkpt><trkpt lat="47.3653870728" lon="11.0722858831"><ele>1335.20</ele><time>2026-08-27T12:27:09Z</time></trkpt><trkpt lat="47.3653817922" lon="11.0725600552"><ele>1335.36</ele><time>2026-08-27T12:27:16Z</time></trkpt><trkpt lat="47.3653428163" lon="11.0729365703"><ele>1336.10</ele><time>2026-08-27T12:27:24Z</time></trkpt><trkpt lat="47.3652755935" lon="11.0732688289"><ele>1336.22</ele><time>2026-08-27T12:27:30Z</time></trkpt><trkpt lat="47.3651201930" lon="11.0735204536"><ele>1336.93</ele><time>2026-08-27T12:27:36Z</time></trkpt><trkpt lat="47.3648854159" lon="11.0737159196"><ele>1337.60</ele><time>2026-08-27T12:27:43Z</time></trkpt><trkpt lat="47.3646838311" lon="11.0739786085"><ele>1338.40</ele><time>2026-08-27T12:27:50Z</time></trkpt><trkpt lat="47.3646572605" lon="11.0740299895"><ele>1338.43</ele><time>2026-08-27T12:27:51Z</time></trkpt><trkpt lat="47.3646331206" lon="11.0740876570"><ele>1338.43</ele><time>2026-08-27T12:27:52Z</time></trkpt><trkpt lat="47.3645340465" lon="11.0743801855"><ele>1337.90</ele><time>2026-08-27T12:27:56Z</time></trkpt><trkpt lat="47.3645154387" lon="11.0744659323"><ele>1337.62</ele><time>2026-08-27T12:27:57Z</time></trkpt><trkpt lat="47.3644509818" lon="11.0748197325"><ele>1336.50</ele><time>2026-08-27T12:28:01Z</time></trkpt><trkpt lat="47.3644329607" lon="11.0749112628"><ele>1336.28</ele><time>2026-08-27T12:28:02Z</time></trkpt><trkpt lat="47.3643654026" lon="11.0753489658"><ele>1334.28</ele><time>2026-08-27T12:28:08Z</time></trkpt><trkpt lat="47.3643519077" lon="11.0754083097"><ele>1334.15</ele><time>2026-08-27T12:28:09Z</time></trkpt><trkpt lat="47.3643090762" lon="11.0755946394"><ele>1333.82</ele><time>2026-08-27T12:28:12Z</time></trkpt><trkpt lat="47.3642962519" lon="11.0756645445"><ele>1333.67</ele><time>2026-08-27T12:28:13Z</time></trkpt><trkpt lat="47.3642851040" lon="11.0757388081"><ele>1333.53</ele><time>2026-08-27T12:28:14Z</time></trkpt><trkpt lat="47.3642719444" lon="11.0758191068"><ele>1333.42</ele><time>2026-08-27T12:28:15Z</time></trkpt><trkpt lat="47.3642550129" lon="11.0759016685"><ele>1333.25</ele><time>2026-08-27T12:28:16Z</time></trkpt><trkpt lat="47.3641153704" lon="11.0764392000"><ele>1331.31</ele><time>2026-08-27T12:28:22Z</time></trkpt><trkpt lat="47.3639085051" lon="11.0770336445"><ele>1329.10</ele><time>2026-08-27T12:28:28Z</time></trkpt><trkpt lat="47.3637563735" lon="11.0777833220"><ele>1327.13</ele><time>2026-08-27T12:28:35Z</time></trkpt><trkpt lat="47.3637543619" lon="11.0778724216"><ele>1326.77</ele><time>2026-08-27T12:28:36Z</time></trkpt><trkpt lat="47.3637624085" lon="11.0779615212"><ele>1326.43</ele><time>2026-08-27T12:28:37Z</time></trkpt><trkpt lat="47.3638079222" lon="11.0782380402"><ele>1325.57</ele><time>2026-08-27T12:28:40Z</time></trkpt><trkpt lat="47.3639569525" lon="11.0789712053"><ele>1323.20</ele><time>2026-08-27T12:28:47Z</time></trkpt><trkpt lat="47.3640157096" lon="11.0791746341"><ele>1322.59</ele><time>2026-08-27T12:28:49Z</time></trkpt><trkpt lat="47.3640325572" lon="11.0792830121"><ele>1322.44</ele><time>2026-08-27T12:28:50Z</time></trkpt><trkpt lat="47.3640388437" lon="11.0793996882"><ele>1322.34</ele><time>2026-08-27T12:28:51Z</time></trkpt><trkpt lat="47.3640456330" lon="11.0797553323"><ele>1321.37</ele><time>2026-08-27T12:28:54Z</time></trkpt><trkpt lat="47.3640592117" lon="11.0801363736"><ele>1320.28</ele><time>2026-08-27T12:28:57Z</time></trkpt><trkpt lat="47.3640553560" lon="11.0802667122"><ele>1319.86</ele><time>2026-08-27T12:28:58Z</time></trkpt><trkpt lat="47.3640479799" lon="11.0803952906"><ele>1319.42</ele><time>2026-08-27T12:28:59Z</time></trkpt><trkpt lat="47.3640332278" lon="11.0807795171"><ele>1317.84</ele><time>2026-08-27T12:29:02Z</time></trkpt><trkpt lat="47.3640360776" lon="11.0815916397"><ele>1316.82</ele><time>2026-08-27T12:29:09Z</time></trkpt><trkpt lat="47.3640785739" lon="11.0819820687"><ele>1317.08</ele><time>2026-08-27T12:29:13Z</time></trkpt><trkpt lat="47.3640826810" lon="11.0820744373"><ele>1317.11</ele><time>2026-08-27T12:29:14Z</time></trkpt><trkpt lat="47.3640806694" lon="11.0821682308"><ele>1317.11</ele><time>2026-08-27T12:29:15Z</time></trkpt><trkpt lat="47.3640728742" lon="11.0822549835"><ele>1317.07</ele><time>2026-08-27T12:29:16Z</time></trkpt><trkpt lat="47.3640566971" lon="11.0823406465"><ele>1317.06</ele><time>2026-08-27T12:29:17Z</time></trkpt><trkpt lat="47.3640374187" lon="11.0824252199"><ele>1317.05</ele><time>2026-08-27T12:29:18Z</time></trkpt><trkpt lat="47.3639601376" lon="11.0827497672"><ele>1317.07</ele><time>2026-08-27T12:29:22Z</time></trkpt><trkpt lat="47.3639356624" lon="11.0828296468"><ele>1317.04</ele><time>2026-08-27T12:29:23Z</time></trkpt><trkpt lat="47.3638893943" lon="11.0830035713"><ele>1317.00</ele><time>2026-08-27T12:29:25Z</time></trkpt><trkpt lat="47.3638771567" lon="11.0830824450"><ele>1316.99</ele><time>2026-08-27T12:29:26Z</time></trkpt><trkpt lat="47.3637726344" lon="11.0838332120"><ele>1317.32</ele><time>2026-08-27T12:29:34Z</time></trkpt><trkpt lat="47.3636037391" lon="11.0843708273"><ele>1317.25</ele><time>2026-08-27T12:29:40Z</time></trkpt><trkpt lat="47.3635827843" lon="11.0844608489"><ele>1317.20</ele><time>2026-08-27T12:29:41Z</time></trkpt><trkpt lat="47.3635692894" lon="11.0845519602"><ele>1317.17</ele><time>2026-08-27T12:29:42Z</time></trkpt><trkpt lat="47.3635606561" lon="11.0846455023"><ele>1317.20</ele><time>2026-08-27T12:29:43Z</time></trkpt><trkpt lat="47.3635633383" lon="11.0847408045"><ele>1317.20</ele><time>2026-08-27T12:29:44Z</time></trkpt><trkpt lat="47.3635788448" lon="11.0848322511"><ele>1317.20</ele><time>2026-08-27T12:29:45Z</time></trkpt><trkpt lat="47.3636075947" lon="11.0849188361"><ele>1317.20</ele><time>2026-08-27T12:29:46Z</time></trkpt><trkpt lat="47.3636472411" lon="11.0849990509"><ele>1317.20</ele><time>2026-08-27T12:29:47Z</time></trkpt><trkpt lat="47.3636875581" lon="11.0850680340"><ele>1317.16</ele><time>2026-08-27T12:29:48Z</time></trkpt><trkpt lat="47.3637800105" lon="11.0851938464"><ele>1316.93</ele><time>2026-08-27T12:29:50Z</time></trkpt><trkpt lat="47.3638388515" lon="11.0852375999"><ele>1316.78</ele><time>2026-08-27T12:29:51Z</time></trkpt><trkpt lat="47.3639044818" lon="11.0852641705"><ele>1316.54</ele><time>2026-08-27T12:29:52Z</time></trkpt><trkpt lat="47.3639681842" lon="11.0852694511"><ele>1316.18</ele><time>2026-08-27T12:29:53Z</time></trkpt><trkpt lat="47.3640178051" lon="11.0852674395"><ele>1315.73</ele><time>2026-08-27T12:29:54Z</time></trkpt><trkpt lat="47.3640784901" lon="11.0852735583"><ele>1315.27</ele><time>2026-08-27T12:29:55Z</time></trkpt><trkpt lat="47.3641390074" lon="11.0852889810"><ele>1314.88</ele><time>2026-08-27T12:29:56Z</time></trkpt><trkpt lat="47.3641880415" lon="11.0853267834"><ele>1314.42</ele><time>2026-08-27T12:29:57Z</time></trkpt><trkpt lat="47.3642280232" lon="11.0853966046"><ele>1313.79</ele><time>2026-08-27T12:29:58Z</time></trkpt><trkpt lat="47.3642623052" lon="11.0854871292"><ele>1313.16</ele><time>2026-08-27T12:29:59Z</time></trkpt><trkpt lat="47.3642918095" lon="11.0855939146"><ele>1312.56</ele><time>2026-08-27T12:30:00Z</time></trkpt><trkpt lat="47.3643239122" lon="11.0857058968"><ele>1311.88</ele><time>2026-08-27T12:30:01Z</time></trkpt><trkpt lat="47.3643597867" lon="11.0858064797"><ele>1311.11</ele><time>2026-08-27T12:30:02Z</time></trkpt><trkpt lat="47.3644070607" lon="11.0858925618"><ele>1310.30</ele><time>2026-08-27T12:30:03Z</time></trkpt><trkpt lat="47.3644581903" lon="11.0859678313"><ele>1309.42</ele><time>2026-08-27T12:30:04Z</time></trkpt><trkpt lat="47.3645083979" lon="11.0860269237"><ele>1308.60</ele><time>2026-08-27T12:30:05Z</time></trkpt><trkpt lat="47.3645965755" lon="11.0861480422"><ele>1306.71</ele><time>2026-08-27T12:30:07Z</time></trkpt><trkpt lat="47.3646197096" lon="11.0862223059"><ele>1305.98</ele><time>2026-08-27T12:30:08Z</time></trkpt><trkpt lat="47.3646232300" lon="11.0863113217"><ele>1305.19</ele><time>2026-08-27T12:30:09Z</time></trkpt><trkpt lat="47.3646235652" lon="11.0864142515"><ele>1304.42</ele><time>2026-08-27T12:30:10Z</time></trkpt><trkpt lat="47.3646307737" lon="11.0865226295"><ele>1303.71</ele><time>2026-08-27T12:30:11Z</time></trkpt><trkpt lat="47.3646570090" lon="11.0866256431"><ele>1302.99</ele><time>2026-08-27T12:30:12Z</time></trkpt><trkpt lat="47.3647019360" lon="11.0867170058"><ele>1302.21</ele><time>2026-08-27T12:30:13Z</time></trkpt><trkpt lat="47.3647514731" lon="11.0868086200"><ele>1301.37</ele><time>2026-08-27T12:30:14Z</time></trkpt><trkpt lat="47.3647912871" lon="11.0869123880"><ele>1300.63</ele><time>2026-08-27T12:30:15Z</time></trkpt><trkpt lat="47.3648115713" lon="11.0870278068"><ele>1300.14</ele><time>2026-08-27T12:30:16Z</time></trkpt><trkpt lat="47.3648208752" lon="11.0871496797"><ele>1299.85</ele><time>2026-08-27T12:30:17Z</time></trkpt><trkpt lat="47.3648687359" lon="11.0876851995"><ele>1298.41</ele><time>2026-08-27T12:30:21Z</time></trkpt><trkpt lat="47.3648823984" lon="11.0880816635"><ele>1295.39</ele><time>2026-08-27T12:30:24Z</time></trkpt><trkpt lat="47.3648989946" lon="11.0883194581"><ele>1293.02</ele><time>2026-08-27T12:30:26Z</time></trkpt><trkpt lat="47.3648874275" lon="11.0884404089"><ele>1291.99</ele><time>2026-08-27T12:30:27Z</time></trkpt><trkpt lat="47.3648031056" lon="11.0888149962"><ele>1288.34</ele><time>2026-08-27T12:30:30Z</time></trkpt><trkpt lat="47.3646847531" lon="11.0892924294"><ele>1285.24</ele><time>2026-08-27T12:30:34Z</time></trkpt><trkpt lat="47.3646585178" lon="11.0894095246"><ele>1284.52</ele><time>2026-08-27T12:30:35Z</time></trkpt><trkpt lat="47.3645885289" lon="11.0899412725"><ele>1281.36</ele><time>2026-08-27T12:30:39Z</time></trkpt><trkpt lat="47.3645510618" lon="11.0903651454"><ele>1278.32</ele><time>2026-08-27T12:30:42Z</time></trkpt><trkpt lat="47.3645267542" lon="11.0906560812"><ele>1276.87</ele><time>2026-08-27T12:30:44Z</time></trkpt><trkpt lat="47.3645358905" lon="11.0912001505"><ele>1273.90</ele><time>2026-08-27T12:30:48Z</time></trkpt><trkpt lat="47.3645624612" lon="11.0913045052"><ele>1273.10</ele><time>2026-08-27T12:30:49Z</time></trkpt><trkpt lat="47.3646037839" lon="11.0913884919"><ele>1272.43</ele><time>2026-08-27T12:30:50Z</time></trkpt><trkpt lat="47.3646799754" lon="11.0915596504"><ele>1271.08</ele><time>2026-08-27T12:30:52Z</time></trkpt><trkpt lat="47.3646948952" lon="11.0916689504"><ele>1270.53</ele><time>2026-08-27T12:30:53Z</time></trkpt><trkpt lat="47.3646995053" lon="11.0917895660"><ele>1270.01</ele><time>2026-08-27T12:30:54Z</time></trkpt><trkpt lat="47.3647016007" lon="11.0921307933"><ele>1267.48</ele><time>2026-08-27T12:30:57Z</time></trkpt><trkpt lat="47.3647159338" lon="11.0922311246"><ele>1266.69</ele><time>2026-08-27T12:30:58Z</time></trkpt><trkpt lat="47.3647437617" lon="11.0923206434"><ele>1265.98</ele><time>2026-08-27T12:30:59Z</time></trkpt><trkpt lat="47.3647830728" lon="11.0923970863"><ele>1265.17</ele><time>2026-08-27T12:31:00Z</time></trkpt><trkpt lat="47.3648243118" lon="11.0924685840"><ele>1264.29</ele><time>2026-08-27T12:31:01Z</time></trkpt><trkpt lat="47.3648596834" lon="11.0925506428"><ele>1263.47</ele><time>2026-08-27T12:31:02Z</time></trkpt><trkpt lat="47.3648873437" lon="11.0926390719"><ele>1262.82</ele><time>2026-08-27T12:31:03Z</time></trkpt><trkpt lat="47.3648953065" lon="11.0927301832"><ele>1262.17</ele><time>2026-08-27T12:31:04Z</time></trkpt><trkpt lat="47.3648831528" lon="11.0928211268"><ele>1261.43</ele><time>2026-08-27T12:31:05Z</time></trkpt><trkpt lat="47.3648530617" lon="11.0929028504"><ele>1260.74</ele><time>2026-08-27T12:31:06Z</time></trkpt><trkpt lat="47.3648212943" lon="11.0929733422"><ele>1260.15</ele><time>2026-08-27T12:31:07Z</time></trkpt><trkpt lat="47.3647984955" lon="11.0930439178"><ele>1259.62</ele><time>2026-08-27T12:31:08Z</time></trkpt><trkpt lat="47.3647892755" lon="11.0931133199"><ele>1259.10</ele><time>2026-08-27T12:31:09Z</time></trkpt><trkpt lat="47.3647984117" lon="11.0931838956"><ele>1258.59</ele><time>2026-08-27T12:31:10Z</time></trkpt><trkpt lat="47.3648331128" lon="11.0932463408"><ele>1258.06</ele><time>2026-08-27T12:31:11Z</time></trkpt><trkpt lat="47.3648839910" lon="11.0932921059"><ele>1257.55</ele><time>2026-08-27T12:31:12Z</time></trkpt><trkpt lat="47.3649377190" lon="11.0933133960"><ele>1257.08</ele><time>2026-08-27T12:31:13Z</time></trkpt><trkpt lat="47.3649973981" lon="11.0933175869"><ele>1256.53</ele><time>2026-08-27T12:31:14Z</time></trkpt><trkpt lat="47.3650610168" lon="11.0933154915"><ele>1255.89</ele><time>2026-08-27T12:31:15Z</time></trkpt><trkpt lat="47.3651265632" lon="11.0933159944"><ele>1255.29</ele><time>2026-08-27T12:31:16Z</time></trkpt><trkpt lat="47.3651900142" lon="11.0933359433"><ele>1254.80</ele><time>2026-08-27T12:31:17Z</time></trkpt><trkpt lat="47.3652541358" lon="11.0933716502"><ele>1254.35</ele><time>2026-08-27T12:31:18Z</time></trkpt><trkpt lat="47.3653097078" lon="11.0934175830"><ele>1253.41</ele><time>2026-08-27T12:31:19Z</time></trkpt><trkpt lat="47.3653529584" lon="11.0934692994"><ele>1252.92</ele><time>2026-08-27T12:31:20Z</time></trkpt><trkpt lat="47.3653836362" lon="11.0935242847"><ele>1252.51</ele><time>2026-08-27T12:31:21Z</time></trkpt><trkpt lat="47.3654013220" lon="11.0935782641"><ele>1252.30</ele><time>2026-08-27T12:31:22Z</time></trkpt><trkpt lat="47.3654081114" lon="11.0936229397"><ele>1252.18</ele><time>2026-08-27T12:31:23Z</time></trkpt><trkpt lat="47.3654009867" lon="11.0936625022"><ele>1252.13</ele><time>2026-08-27T12:31:24Z</time></trkpt><trkpt lat="47.3653813731" lon="11.0936948564"><ele>1252.15</ele><time>2026-08-27T12:31:25Z</time></trkpt><trkpt lat="47.3653533775" lon="11.0937260371"><ele>1252.16</ele><time>2026-08-27T12:31:26Z</time></trkpt><trkpt lat="47.3653206881" lon="11.0937609058"><ele>1252.16</ele><time>2026-08-27T12:31:27Z</time></trkpt><trkpt lat="47.3651954625" lon="11.0938862152"><ele>1251.98</ele><time>2026-08-27T12:31:30Z</time></trkpt><trkpt lat="47.3648437578" lon="11.0942236707"><ele>1250.06</ele><time>2026-08-27T12:31:36Z</time></trkpt><trkpt lat="47.3646013532" lon="11.0945425183"><ele>1247.53</ele><time>2026-08-27T12:31:40Z</time></trkpt><trkpt lat="47.3645275924" lon="11.0946244933"><ele>1246.95</ele><time>2026-08-27T12:31:41Z</time></trkpt><trkpt lat="47.3642104212" lon="11.0949449334"><ele>1243.53</ele><time>2026-08-27T12:31:45Z</time></trkpt><trkpt lat="47.3641361576" lon="11.0950359609"><ele>1242.62</ele><time>2026-08-27T12:31:46Z</time></trkpt><trkpt lat="47.3640700243" lon="11.0951356217"><ele>1241.74</ele><time>2026-08-27T12:31:47Z</time></trkpt><trkpt lat="47.3640016280" lon="11.0952352826"><ele>1240.90</ele><time>2026-08-27T12:31:48Z</time></trkpt><trkpt lat="47.3639351595" lon="11.0953460913"><ele>1240.17</ele><time>2026-08-27T12:31:49Z</time></trkpt><trkpt lat="47.3638831917" lon="11.0954713169"><ele>1239.57</ele><time>2026-08-27T12:31:50Z</time></trkpt><trkpt lat="47.3638372589" lon="11.0956036672"><ele>1239.11</ele><time>2026-08-27T12:31:51Z</time></trkpt><trkpt lat="47.3637385201" lon="11.0958537832"><ele>1238.00</ele><time>2026-08-27T12:31:53Z</time></trkpt><trkpt lat="47.3636766616" lon="11.0959679447"><ele>1237.28</ele><time>2026-08-27T12:31:54Z</time></trkpt><trkpt lat="47.3634707183" lon="11.0962551087"><ele>1235.96</ele><time>2026-08-27T12:31:57Z</time></trkpt><trkpt lat="47.3634060938" lon="11.0963480640"><ele>1235.71</ele><time>2026-08-27T12:31:58Z</time></trkpt><trkpt lat="47.3633599933" lon="11.0964585375"><ele>1235.55</ele><time>2026-08-27T12:31:59Z</time></trkpt><trkpt lat="47.3633360211" lon="11.0965834279"><ele>1235.43</ele><time>2026-08-27T12:32:00Z</time></trkpt><trkpt lat="47.3633231968" lon="11.0967166163"><ele>1235.28</ele><time>2026-08-27T12:32:01Z</time></trkpt><trkpt lat="47.3633212689" lon="11.0968499724"><ele>1235.07</ele><time>2026-08-27T12:32:02Z</time></trkpt><trkpt lat="47.3633294832" lon="11.0969847534"><ele>1234.75</ele><time>2026-08-27T12:32:03Z</time></trkpt><trkpt lat="47.3633453250" lon="11.0971197020"><ele>1234.32</ele><time>2026-08-27T12:32:04Z</time></trkpt><trkpt lat="47.3633682076" lon="11.0972538963"><ele>1233.92</ele><time>2026-08-27T12:32:05Z</time></trkpt><trkpt lat="47.3635757435" lon="11.0979685374"><ele>1232.43</ele><time>2026-08-27T12:32:11Z</time></trkpt><trkpt lat="47.3638229258" lon="11.0987020377"><ele>1231.65</ele><time>2026-08-27T12:32:18Z</time></trkpt><trkpt lat="47.3638681043" lon="11.0990348831"><ele>1231.24</ele><time>2026-08-27T12:32:21Z</time></trkpt><trkpt lat="47.3638726305" lon="11.0991491284"><ele>1231.15</ele><time>2026-08-27T12:32:22Z</time></trkpt><trkpt lat="47.3637624923" lon="11.0998926871"><ele>1230.27</ele><time>2026-08-27T12:32:29Z</time></trkpt><trkpt lat="47.3634701315" lon="11.1008286942"><ele>1229.00</ele><time>2026-08-27T12:32:39Z</time></trkpt><trkpt lat="47.3631811235" lon="11.1015621107"><ele>1228.19</ele><time>2026-08-27T12:32:48Z</time></trkpt><trkpt lat="47.3631541338" lon="11.1016391404"><ele>1228.02</ele><time>2026-08-27T12:32:49Z</time></trkpt><trkpt lat="47.3630983941" lon="11.1018932797"><ele>1227.46</ele><time>2026-08-27T12:32:52Z</time></trkpt><trkpt lat="47.3630916886" lon="11.1019886658"><ele>1227.24</ele><time>2026-08-27T12:32:53Z</time></trkpt><trkpt lat="47.3630937003" lon="11.1020876560"><ele>1227.03</ele><time>2026-08-27T12:32:54Z</time></trkpt><trkpt lat="47.3631077819" lon="11.1021872330"><ele>1226.86</ele><time>2026-08-27T12:32:55Z</time></trkpt><trkpt lat="47.3631318379" lon="11.1022857204"><ele>1226.66</ele><time>2026-08-27T12:32:56Z</time></trkpt><trkpt lat="47.3631648626" lon="11.1023812741"><ele>1226.19</ele><time>2026-08-27T12:32:57Z</time></trkpt><trkpt lat="47.3632030003" lon="11.1024755705"><ele>1226.00</ele><time>2026-08-27T12:32:58Z</time></trkpt><trkpt lat="47.3632434849" lon="11.1025679391"><ele>1225.85</ele><time>2026-08-27T12:32:59Z</time></trkpt><trkpt lat="47.3633290641" lon="11.1027450487"><ele>1225.63</ele><time>2026-08-27T12:33:01Z</time></trkpt><trkpt lat="47.3634382803" lon="11.1029061489"><ele>1225.45</ele><time>2026-08-27T12:33:03Z</time></trkpt><trkpt lat="47.3635030724" lon="11.1029777303"><ele>1225.36</ele><time>2026-08-27T12:33:04Z</time></trkpt><trkpt lat="47.3638534360" lon="11.1033850908"><ele>1224.87</ele><time>2026-08-27T12:33:10Z</time></trkpt><trkpt lat="47.3638923280" lon="11.1034648865"><ele>1224.76</ele><time>2026-08-27T12:33:11Z</time></trkpt><trkpt lat="47.3640517518" lon="11.1037948821"><ele>1224.22</ele><time>2026-08-27T12:33:15Z</time></trkpt><trkpt lat="47.3642150313" lon="11.1041530408"><ele>1223.84</ele><time>2026-08-27T12:33:19Z</time></trkpt><trkpt lat="47.3642757162" lon="11.1043526977"><ele>1223.48</ele><time>2026-08-27T12:33:21Z</time></trkpt><trkpt lat="47.3642870318" lon="11.1044595670"><ele>1223.41</ele><time>2026-08-27T12:33:22Z</time></trkpt><trkpt lat="47.3642745428" lon="11.1052639782"><ele>1222.47</ele><time>2026-08-27T12:33:29Z</time></trkpt><trkpt lat="47.3642285261" lon="11.1060155835"><ele>1222.31</ele><time>2026-08-27T12:33:36Z</time></trkpt><trkpt lat="47.3642053921" lon="11.1064591538"><ele>1222.21</ele><time>2026-08-27T12:33:40Z</time></trkpt><trkpt lat="47.3642353993" lon="11.1066866387"><ele>1221.84</ele><time>2026-08-27T12:33:42Z</time></trkpt><trkpt lat="47.3642603774" lon="11.1068097688"><ele>1221.31</ele><time>2026-08-27T12:33:43Z</time></trkpt><trkpt lat="47.3642923962" lon="11.1069360003"><ele>1221.31</ele><time>2026-08-27T12:33:44Z</time></trkpt><trkpt lat="47.3643352278" lon="11.1070580408"><ele>1220.32</ele><time>2026-08-27T12:33:45Z</time></trkpt><trkpt lat="47.3643877823" lon="11.1071731243"><ele>1219.61</ele><time>2026-08-27T12:33:46Z</time></trkpt><trkpt lat="47.3644493055" lon="11.1072787363"><ele>1218.97</ele><time>2026-08-27T12:33:47Z</time></trkpt><trkpt lat="47.3645171151" lon="11.1073783971"><ele>1218.41</ele><time>2026-08-27T12:33:48Z</time></trkpt><trkpt lat="47.3648584262" lon="11.1079536472"><ele>1216.47</ele><time>2026-08-27T12:33:54Z</time></trkpt><trkpt lat="47.3649145011" lon="11.1080367956"><ele>1216.44</ele><time>2026-08-27T12:33:55Z</time></trkpt><trkpt lat="47.3650300875" lon="11.1081934534"><ele>1216.44</ele><time>2026-08-27T12:33:57Z</time></trkpt><trkpt lat="47.3650771100" lon="11.1082807090"><ele>1216.44</ele><time>2026-08-27T12:33:58Z</time></trkpt><trkpt lat="47.3651555646" lon="11.1084718164"><ele>1216.18</ele><time>2026-08-27T12:34:00Z</time></trkpt><trkpt lat="47.3651803751" lon="11.1085811164"><ele>1215.77</ele><time>2026-08-27T12:34:01Z</time></trkpt><trkpt lat="47.3651982285" lon="11.1086987983"><ele>1215.37</ele><time>2026-08-27T12:34:02Z</time></trkpt><trkpt lat="47.3652073648" lon="11.1088179890"><ele>1214.95</ele><time>2026-08-27T12:34:03Z</time></trkpt><trkpt lat="47.3652065266" lon="11.1089377664"><ele>1214.52</ele><time>2026-08-27T12:34:04Z</time></trkpt><trkpt lat="47.3651948757" lon="11.1090576276"><ele>1214.08</ele><time>2026-08-27T12:34:05Z</time></trkpt><trkpt lat="47.3651710711" lon="11.1091812607"><ele>1213.64</ele><time>2026-08-27T12:34:06Z</time></trkpt><trkpt lat="47.3651477695" lon="11.1093010381"><ele>1213.31</ele><time>2026-08-27T12:34:07Z</time></trkpt><trkpt lat="47.3651195224" lon="11.1094128527"><ele>1213.12</ele><time>2026-08-27T12:34:08Z</time></trkpt><trkpt lat="47.3648357950" lon="11.1102293339"><ele>1212.84</ele><time>2026-08-27T12:34:16Z</time></trkpt><trkpt lat="47.3646701686" lon="11.1106115486"><ele>1212.49</ele><time>2026-08-27T12:34:21Z</time></trkpt><trkpt lat="47.3643431906" lon="11.1113204062"><ele>1212.09</ele><time>2026-08-27T12:34:30Z</time></trkpt><trkpt lat="47.3641048931" lon="11.1118348036"><ele>1210.20</ele><time>2026-08-27T12:34:36Z</time></trkpt><trkpt lat="47.3637735564" lon="11.1124198604"><ele>1208.46</ele><time>2026-08-27T12:34:43Z</time></trkpt><trkpt lat="47.3637123685" lon="11.1124807131"><ele>1208.23</ele><time>2026-08-27T12:34:44Z</time></trkpt><trkpt lat="47.3636491690" lon="11.1125299986"><ele>1207.97</ele><time>2026-08-27T12:34:45Z</time></trkpt><trkpt lat="47.3634494282" lon="11.1126518715"><ele>1207.40</ele><time>2026-08-27T12:34:48Z</time></trkpt><trkpt lat="47.3632542137" lon="11.1127872393"><ele>1206.91</ele><time>2026-08-27T12:34:51Z</time></trkpt><trkpt lat="47.3628598452" lon="11.1132334080"><ele>1205.59</ele><time>2026-08-27T12:34:58Z</time></trkpt><trkpt lat="47.3624533229" lon="11.1139004398"><ele>1203.98</ele><time>2026-08-27T12:35:06Z</time></trkpt><trkpt lat="47.3623332102" lon="11.1143288389"><ele>1203.28</ele><time>2026-08-27T12:35:10Z</time></trkpt><trkpt lat="47.3623197991" lon="11.1144451797"><ele>1203.03</ele><time>2026-08-27T12:35:11Z</time></trkpt><trkpt lat="47.3623120878" lon="11.1145611852"><ele>1202.83</ele><time>2026-08-27T12:35:12Z</time></trkpt><trkpt lat="47.3622896243" lon="11.1155649181"><ele>1201.41</ele><time>2026-08-27T12:35:21Z</time></trkpt><trkpt lat="47.3622361477" lon="11.1162612867"><ele>1200.56</ele><time>2026-08-27T12:35:28Z</time></trkpt><trkpt lat="47.3621224053" lon="11.1170734093"><ele>1199.71</ele><time>2026-08-27T12:35:37Z</time></trkpt><trkpt lat="47.3621036299" lon="11.1171623413"><ele>1199.68</ele><time>2026-08-27T12:35:38Z</time></trkpt><trkpt lat="47.3618520889" lon="11.1182085704"><ele>1198.35</ele><time>2026-08-27T12:35:49Z</time></trkpt><trkpt lat="47.3616178986" lon="11.1189488601"><ele>1195.33</ele><time>2026-08-27T12:35:56Z</time></trkpt><trkpt lat="47.3614603188" lon="11.1198071670"><ele>1194.02</ele><time>2026-08-27T12:36:04Z</time></trkpt><trkpt lat="47.3614795133" lon="11.1207150109"><ele>1192.44</ele><time>2026-08-27T12:36:12Z</time></trkpt><trkpt lat="47.3614646774" lon="11.1214688793"><ele>1191.52</ele><time>2026-08-27T12:36:19Z</time></trkpt><trkpt lat="47.3613378592" lon="11.1223215703"><ele>1190.95</ele><time>2026-08-27T12:36:28Z</time></trkpt><trkpt lat="47.3613185808" lon="11.1224024557"><ele>1190.91</ele><time>2026-08-27T12:36:29Z</time></trkpt><trkpt lat="47.3613136355" lon="11.1224855203"><ele>1190.89</ele><time>2026-08-27T12:36:30Z</time></trkpt><trkpt lat="47.3613181617" lon="11.1225717701"><ele>1190.89</ele><time>2026-08-27T12:36:31Z</time></trkpt><trkpt lat="47.3613288067" lon="11.1226603668"><ele>1190.89</ele><time>2026-08-27T12:36:32Z</time></trkpt><trkpt lat="47.3613353446" lon="11.1227490474"><ele>1190.89</ele><time>2026-08-27T12:36:33Z</time></trkpt><trkpt lat="47.3613343388" lon="11.1228377279"><ele>1190.86</ele><time>2026-08-27T12:36:34Z</time></trkpt><trkpt lat="47.3612936866" lon="11.1236783490"><ele>1189.51</ele><time>2026-08-27T12:36:43Z</time></trkpt><trkpt lat="47.3612273857" lon="11.1247997638"><ele>1187.83</ele><time>2026-08-27T12:36:55Z</time></trkpt><trkpt lat="47.3611750826" lon="11.1256869044"><ele>1186.78</ele><time>2026-08-27T12:37:04Z</time></trkpt><trkpt lat="47.3612318281" lon="11.1264903098"><ele>1186.09</ele><time>2026-08-27T12:37:12Z</time></trkpt><trkpt lat="47.3613573890" lon="11.1275232118"><ele>1184.62</ele><time>2026-08-27T12:37:22Z</time></trkpt><trkpt lat="47.3614164814" lon="11.1279540416"><ele>1184.07</ele><time>2026-08-27T12:37:26Z</time></trkpt><trkpt lat="47.3614410404" lon="11.1280563008"><ele>1183.96</ele><time>2026-08-27T12:37:27Z</time></trkpt><trkpt lat="47.3614741489" lon="11.1281579733"><ele>1183.83</ele><time>2026-08-27T12:37:28Z</time></trkpt><trkpt lat="47.3617616482" lon="11.1289898772"><ele>1182.59</ele><time>2026-08-27T12:37:36Z</time></trkpt><trkpt lat="47.3621058092" lon="11.1301124655"><ele>1180.48</ele><time>2026-08-27T12:37:46Z</time></trkpt><trkpt lat="47.3621616326" lon="11.1303369328"><ele>1179.97</ele><time>2026-08-27T12:37:48Z</time></trkpt><trkpt lat="47.3621788993" lon="11.1304526031"><ele>1179.84</ele><time>2026-08-27T12:37:49Z</time></trkpt><trkpt lat="47.3622564320" lon="11.1312726885"><ele>1178.66</ele><time>2026-08-27T12:37:56Z</time></trkpt><trkpt lat="47.3623374850" lon="11.1319576576"><ele>1177.74</ele><time>2026-08-27T12:38:02Z</time></trkpt><trkpt lat="47.3623265047" lon="11.1320673767"><ele>1177.66</ele><time>2026-08-27T12:38:03Z</time></trkpt><trkpt lat="47.3622997664" lon="11.1321654450"><ele>1177.57</ele><time>2026-08-27T12:38:04Z</time></trkpt><trkpt lat="47.3622587789" lon="11.1322497670"><ele>1177.45</ele><time>2026-08-27T12:38:05Z</time></trkpt><trkpt lat="47.3622101638" lon="11.1323228572"><ele>1177.32</ele><time>2026-08-27T12:38:06Z</time></trkpt><trkpt lat="47.3620728683" lon="11.1325433012"><ele>1177.02</ele><time>2026-08-27T12:38:09Z</time></trkpt><trkpt lat="47.3620431125" lon="11.1326316465"><ele>1176.95</ele><time>2026-08-27T12:38:10Z</time></trkpt><trkpt lat="47.3620279413" lon="11.1327297147"><ele>1176.91</ele><time>2026-08-27T12:38:11Z</time></trkpt><trkpt lat="47.3620188888" lon="11.1334077269"><ele>1176.58</ele><time>2026-08-27T12:38:18Z</time></trkpt><trkpt lat="47.3620645702" lon="11.1342084501"><ele>1175.58</ele><time>2026-08-27T12:38:26Z</time></trkpt><trkpt lat="47.3620814178" lon="11.1343057640"><ele>1175.40</ele><time>2026-08-27T12:38:27Z</time></trkpt><trkpt lat="47.3621084075" lon="11.1343972106"><ele>1175.23</ele><time>2026-08-27T12:38:28Z</time></trkpt><trkpt lat="47.3621456232" lon="11.1344824545"><ele>1175.07</ele><time>2026-08-27T12:38:29Z</time></trkpt><trkpt lat="47.3621884547" lon="11.1345633399"><ele>1174.90</ele><time>2026-08-27T12:38:30Z</time></trkpt><trkpt lat="47.3622264247" lon="11.1346472427"><ele>1174.73</ele><time>2026-08-27T12:38:31Z</time></trkpt><trkpt lat="47.3622561805" lon="11.1347385217"><ele>1174.61</ele><time>2026-08-27T12:38:32Z</time></trkpt><trkpt lat="47.3622765485" lon="11.1348317284"><ele>1174.51</ele><time>2026-08-27T12:38:33Z</time></trkpt><trkpt lat="47.3622868583" lon="11.1349266116"><ele>1174.37</ele><time>2026-08-27T12:38:34Z</time></trkpt><trkpt lat="47.3622843437" lon="11.1350241769"><ele>1174.20</ele><time>2026-08-27T12:38:35Z</time></trkpt><trkpt lat="47.3622732796" lon="11.1351193953"><ele>1174.00</ele><time>2026-08-27T12:38:36Z</time></trkpt><trkpt lat="47.3622577731" lon="11.1352136079"><ele>1173.62</ele><time>2026-08-27T12:38:37Z</time></trkpt><trkpt lat="47.3622260056" lon="11.1354962457"><ele>1173.26</ele><time>2026-08-27T12:38:40Z</time></trkpt><trkpt lat="47.3622224852" lon="11.1358630378"><ele>1172.97</ele><time>2026-08-27T12:38:44Z</time></trkpt><trkpt lat="47.3622338846" lon="11.1359514669"><ele>1172.88</ele><time>2026-08-27T12:38:45Z</time></trkpt><trkpt lat="47.3623704258" lon="11.1368945986"><ele>1171.86</ele><time>2026-08-27T12:38:56Z</time></trkpt><trkpt lat="47.3624508083" lon="11.1376193818"><ele>1171.30</ele><time>2026-08-27T12:39:05Z</time></trkpt><trkpt lat="47.3624726851" lon="11.1377885286"><ele>1171.04</ele><time>2026-08-27T12:39:07Z</time></trkpt><trkpt lat="47.3624910414" lon="11.1378707550"><ele>1170.88</ele><time>2026-08-27T12:39:08Z</time></trkpt><trkpt lat="47.3625176121" lon="11.1379500479"><ele>1170.75</ele><time>2026-08-27T12:39:09Z</time></trkpt><trkpt lat="47.3625536542" lon="11.1380290054"><ele>1170.66</ele><time>2026-08-27T12:39:10Z</time></trkpt><trkpt lat="47.3625933845" lon="11.1381053645"><ele>1170.60</ele><time>2026-08-27T12:39:11Z</time></trkpt><trkpt lat="47.3626374733" lon="11.1381762754"><ele>1170.56</ele><time>2026-08-27T12:39:12Z</time></trkpt><trkpt lat="47.3626903631" lon="11.1382460967"><ele>1170.44</ele><time>2026-08-27T12:39:13Z</time></trkpt><trkpt lat="47.3627437558" lon="11.1383089609"><ele>1170.27</ele><time>2026-08-27T12:39:14Z</time></trkpt><trkpt lat="47.3627994116" lon="11.1383601744"><ele>1170.11</ele><time>2026-08-27T12:39:15Z</time></trkpt><trkpt lat="47.3628579173" lon="11.1384056043"><ele>1169.99</ele><time>2026-08-27T12:39:16Z</time></trkpt><trkpt lat="47.3630738351" lon="11.1385830492"><ele>1169.57</ele><time>2026-08-27T12:39:20Z</time></trkpt><trkpt lat="47.3631149065" lon="11.1386407167"><ele>1169.36</ele><time>2026-08-27T12:39:21Z</time></trkpt><trkpt lat="47.3635436408" lon="11.1392105184"><ele>1167.54</ele><time>2026-08-27T12:39:30Z</time></trkpt><trkpt lat="47.3637892306" lon="11.1394920666"><ele>1166.84</ele><time>2026-08-27T12:39:35Z</time></trkpt><trkpt lat="47.3639498278" lon="11.1396658234"><ele>1166.62</ele><time>2026-08-27T12:39:38Z</time></trkpt><trkpt lat="47.3640011251" lon="11.1397248320"><ele>1166.42</ele><time>2026-08-27T12:39:39Z</time></trkpt><trkpt lat="47.3640532605" lon="11.1397897918"><ele>1166.05</ele><time>2026-08-27T12:39:40Z</time></trkpt><trkpt lat="47.3643344734" lon="11.1400897801"><ele>1164.56</ele><time>2026-08-27T12:39:45Z</time></trkpt><trkpt lat="47.3643916380" lon="11.1401565839"><ele>1164.43</ele><time>2026-08-27T12:39:46Z</time></trkpt><trkpt lat="47.3644477967" lon="11.1402208731"><ele>1164.36</ele><time>2026-08-27T12:39:47Z</time></trkpt><trkpt lat="47.3645521514" lon="11.1403341126"><ele>1164.36</ele><time>2026-08-27T12:39:49Z</time></trkpt><trkpt lat="47.3647171073" lon="11.1405480187"><ele>1164.45</ele><time>2026-08-27T12:39:53Z</time></trkpt><trkpt lat="47.3648032732" lon="11.1406462546"><ele>1164.84</ele><time>2026-08-27T12:39:55Z</time></trkpt><trkpt lat="47.3648502957" lon="11.1406884156"><ele>1164.99</ele><time>2026-08-27T12:39:56Z</time></trkpt><trkpt lat="47.3648924567" lon="11.1407143157"><ele>1165.08</ele><time>2026-08-27T12:39:57Z</time></trkpt><trkpt lat="47.3649327736" lon="11.1407315824"><ele>1165.15</ele><time>2026-08-27T12:39:58Z</time></trkpt><trkpt lat="47.3649732582" lon="11.1407460831"><ele>1165.21</ele><time>2026-08-27T12:39:59Z</time></trkpt><trkpt lat="47.3650103901" lon="11.1407558061"><ele>1165.30</ele><time>2026-08-27T12:40:00Z</time></trkpt><trkpt lat="47.3651860747" lon="11.1407822091"><ele>1165.54</ele><time>2026-08-27T12:40:07Z</time></trkpt><trkpt lat="47.3652774375" lon="11.1408221070"><ele>1165.58</ele><time>2026-08-27T12:40:13Z</time></trkpt><trkpt lat="47.3653641064" lon="11.1408081092"><ele>1165.28</ele><time>2026-08-27T12:40:20Z</time></trkpt><trkpt lat="47.3653806187" lon="11.1407928541"><ele>1165.19</ele><time>2026-08-27T12:40:28Z</time></trkpt><trkpt lat="47.3654288985" lon="11.1407563090"><ele>1165.10</ele><time>2026-08-27T12:40:34Z</time></trkpt><trkpt lat="47.3654578160" lon="11.1407617573"><ele>1165.03</ele><time>2026-08-27T12:40:36Z</time></trkpt><trkpt lat="47.3654669523" lon="11.1407843884"><ele>1165.01</ele><time>2026-08-27T12:40:37Z</time></trkpt><trkpt lat="47.3654793575" lon="11.1408081092"><ele>1165.00</ele><time>2026-08-27T12:40:38Z</time></trkpt><trkpt lat="47.3654967081" lon="11.1408278067"><ele>1164.99</ele><time>2026-08-27T12:40:39Z</time></trkpt><trkpt lat="47.3655134719" lon="11.1408450734"><ele>1164.98</ele><time>2026-08-27T12:40:40Z</time></trkpt><trkpt lat="47.3655326664" lon="11.1408583168"><ele>1164.97</ele><time>2026-08-27T12:40:41Z</time></trkpt><trkpt lat="47.3655519448" lon="11.1408729013"><ele>1164.96</ele><time>2026-08-27T12:40:42Z</time></trkpt><trkpt lat="47.3655641824" lon="11.1408917606"><ele>1164.96</ele><time>2026-08-27T12:40:43Z</time></trkpt><trkpt lat="47.3655713908" lon="11.1409098655"><ele>1164.95</ele><time>2026-08-27T12:40:44Z</time></trkpt><trkpt lat="47.3655849695" lon="11.1409324128"><ele>1164.94</ele><time>2026-08-27T12:40:45Z</time></trkpt><trkpt lat="47.3656087741" lon="11.1409544572"><ele>1164.93</ele><time>2026-08-27T12:40:46Z</time></trkpt><trkpt lat="47.3656380270" lon="11.1409725621"><ele>1164.93</ele><time>2026-08-27T12:40:47Z</time></trkpt><trkpt lat="47.3659089301" lon="11.1410887353"><ele>1164.84</ele><time>2026-08-27T12:40:54Z</time></trkpt><trkpt lat="47.3663030472" lon="11.1413356662"><ele>1164.29</ele><time>2026-08-27T12:41:02Z</time></trkpt><trkpt lat="47.3667389899" lon="11.1417788174"><ele>1163.40</ele><time>2026-08-27T12:41:10Z</time></trkpt><trkpt lat="47.3673199397" lon="11.1425581668"><ele>1161.35</ele><time>2026-08-27T12:41:20Z</time></trkpt><trkpt lat="47.3678013124" lon="11.1430573091"><ele>1159.38</ele><time>2026-08-27T12:41:27Z</time></trkpt><trkpt lat="47.3687187117" lon="11.1439115088"><ele>1156.31</ele><time>2026-08-27T12:41:40Z</time></trkpt><trkpt lat="47.3692733422" lon="11.1445155088"><ele>1155.53</ele><time>2026-08-27T12:41:49Z</time></trkpt><trkpt lat="47.3693188559" lon="11.1445881799"><ele>1155.44</ele><time>2026-08-27T12:41:50Z</time></trkpt><trkpt lat="47.3693449236" lon="11.1446654610"><ele>1155.33</ele><time>2026-08-27T12:41:51Z</time></trkpt><trkpt lat="47.3693712428" lon="11.1447358690"><ele>1155.26</ele><time>2026-08-27T12:41:52Z</time></trkpt><trkpt lat="47.3694088776" lon="11.1447900161"><ele>1155.22</ele><time>2026-08-27T12:41:53Z</time></trkpt><trkpt lat="47.3694494460" lon="11.1448362004"><ele>1155.20</ele><time>2026-08-27T12:41:54Z</time></trkpt><trkpt lat="47.3695377912" lon="11.1449286528"><ele>1155.15</ele><time>2026-08-27T12:41:56Z</time></trkpt><trkpt lat="47.3696330097" lon="11.1450234521"><ele>1155.13</ele><time>2026-08-27T12:41:58Z</time></trkpt><trkpt lat="47.3696820438" lon="11.1450833827"><ele>1155.07</ele><time>2026-08-27T12:41:59Z</time></trkpt><trkpt lat="47.3701255303" lon="11.1457101814"><ele>1154.29</ele><time>2026-08-27T12:42:08Z</time></trkpt><trkpt lat="47.3704680987" lon="11.1463052128"><ele>1153.38</ele><time>2026-08-27T12:42:15Z</time></trkpt><trkpt lat="47.3710115813" lon="11.1473031621"><ele>1151.52</ele><time>2026-08-27T12:42:26Z</time></trkpt><trkpt lat="47.3716934491" lon="11.1487346236"><ele>1149.53</ele><time>2026-08-27T12:42:41Z</time></trkpt><trkpt lat="47.3723156378" lon="11.1501039751"><ele>1148.01</ele><time>2026-08-27T12:42:55Z</time></trkpt><trkpt lat="47.3727765586" lon="11.1511405651"><ele>1146.73</ele><time>2026-08-27T12:43:06Z</time></trkpt><trkpt lat="47.3730512336" lon="11.1516046710"><ele>1146.23</ele><time>2026-08-27T12:43:12Z</time></trkpt><trkpt lat="47.3731213901" lon="11.1516301520"><ele>1146.20</ele><time>2026-08-27T12:43:13Z</time></trkpt><trkpt lat="47.3731897864" lon="11.1516029108"><ele>1146.11</ele><time>2026-08-27T12:43:14Z</time></trkpt><trkpt lat="47.3732441850" lon="11.1515389569"><ele>1145.93</ele><time>2026-08-27T12:43:15Z</time></trkpt><trkpt lat="47.3732763715" lon="11.1514569819"><ele>1145.68</ele><time>2026-08-27T12:43:16Z</time></trkpt><trkpt lat="47.3733007628" lon="11.1513736658"><ele>1145.39</ele><time>2026-08-27T12:43:17Z</time></trkpt><trkpt lat="47.3735526390" lon="11.1506446917"><ele>1144.81</ele><time>2026-08-27T12:43:26Z</time></trkpt><trkpt lat="47.3737358674" lon="11.1501718685"><ele>1144.81</ele><time>2026-08-27T12:43:32Z</time></trkpt><trkpt lat="47.3737823870" lon="11.1501249298"><ele>1144.81</ele><time>2026-08-27T12:43:33Z</time></trkpt><trkpt lat="47.3738346901" lon="11.1501296237"><ele>1144.81</ele><time>2026-08-27T12:43:34Z</time></trkpt><trkpt lat="47.3738828022" lon="11.1501768976"><ele>1144.81</ele><time>2026-08-27T12:43:35Z</time></trkpt><trkpt lat="47.3739279807" lon="11.1502448749"><ele>1144.81</ele><time>2026-08-27T12:43:36Z</time></trkpt><trkpt lat="47.3739719018" lon="11.1503224913"><ele>1144.77</ele><time>2026-08-27T12:43:37Z</time></trkpt><trkpt lat="47.3744750675" lon="11.1510609370"><ele>1143.23</ele><time>2026-08-27T12:43:47Z</time></trkpt><trkpt lat="47.3749209847" lon="11.1518601514"><ele>1142.52</ele><time>2026-08-27T12:43:57Z</time></trkpt><trkpt lat="47.3752602004" lon="11.1528270040"><ele>1141.52</ele><time>2026-08-27T12:44:07Z</time></trkpt><trkpt lat="47.3755400721" lon="11.1533639487"><ele>1141.01</ele><time>2026-08-27T12:44:13Z</time></trkpt><trkpt lat="47.3760624323" lon="11.1541306414"><ele>1139.07</ele><time>2026-08-27T12:44:22Z</time></trkpt><trkpt lat="47.3765701242" lon="11.1549961567"><ele>1138.03</ele><time>2026-08-27T12:44:32Z</time></trkpt><trkpt lat="47.3769821785" lon="11.1557934433"><ele>1136.55</ele><time>2026-08-27T12:44:41Z</time></trkpt><trkpt lat="47.3772473820" lon="11.1565547716"><ele>1135.66</ele><time>2026-08-27T12:44:49Z</time></trkpt><trkpt lat="47.3773860186" lon="11.1571507249"><ele>1135.26</ele><time>2026-08-27T12:44:55Z</time></trkpt><trkpt lat="47.3774050456" lon="11.1572533194"><ele>1135.16</ele><time>2026-08-27T12:44:56Z</time></trkpt><trkpt lat="47.3774334602" lon="11.1573513877"><ele>1135.01</ele><time>2026-08-27T12:44:57Z</time></trkpt><trkpt lat="47.3775501363" lon="11.1577277351"><ele>1134.35</ele><time>2026-08-27T12:45:01Z</time></trkpt><trkpt lat="47.3778930400" lon="11.1585608125"><ele>1133.46</ele><time>2026-08-27T12:45:10Z</time></trkpt><trkpt lat="47.3784833774" lon="11.1594018526"><ele>1132.01</ele><time>2026-08-27T12:45:21Z</time></trkpt><trkpt lat="47.3790193163" lon="11.1601322517"><ele>1130.75</ele><time>2026-08-27T12:45:31Z</time></trkpt><trkpt lat="47.3793764692" lon="11.1606384348"><ele>1129.71</ele><time>2026-08-27T12:45:38Z</time></trkpt><trkpt lat="47.3794321250" lon="11.1606981978"><ele>1129.62</ele><time>2026-08-27T12:45:39Z</time></trkpt><trkpt lat="47.3794938996" lon="11.1607451364"><ele>1129.55</ele><time>2026-08-27T12:45:40Z</time></trkpt><trkpt lat="47.3795601167" lon="11.1607808433"><ele>1129.49</ele><time>2026-08-27T12:45:41Z</time></trkpt><trkpt lat="47.3796290159" lon="11.1608122755"><ele>1129.43</ele><time>2026-08-27T12:45:42Z</time></trkpt><trkpt lat="47.3802698962" lon="11.1611888744"><ele>1128.36</ele><time>2026-08-27T12:45:51Z</time></trkpt><trkpt lat="47.3808966950" lon="11.1615201272"><ele>1127.07</ele><time>2026-08-27T12:45:59Z</time></trkpt><trkpt lat="47.3816319555" lon="11.1620771047"><ele>1125.73</ele><time>2026-08-27T12:46:09Z</time></trkpt><trkpt lat="47.3816757090" lon="11.1621758435"><ele>1125.63</ele><time>2026-08-27T12:46:10Z</time></trkpt><trkpt lat="47.3816963285" lon="11.1622905917"><ele>1125.55</ele><time>2026-08-27T12:46:11Z</time></trkpt><trkpt lat="47.3816943169" lon="11.1624110397"><ele>1125.45</ele><time>2026-08-27T12:46:12Z</time></trkpt><trkpt lat="47.3816762958" lon="11.1625293922"><ele>1125.31</ele><time>2026-08-27T12:46:13Z</time></trkpt><trkpt lat="47.3816526588" lon="11.1626446433"><ele>1125.11</ele><time>2026-08-27T12:46:14Z</time></trkpt><trkpt lat="47.3814125173" lon="11.1637642141"><ele>1123.59</ele><time>2026-08-27T12:46:24Z</time></trkpt><trkpt lat="47.3813668359" lon="11.1640755180"><ele>1123.59</ele><time>2026-08-27T12:46:27Z</time></trkpt><trkpt lat="47.3813663330" lon="11.1641818006"><ele>1123.65</ele><time>2026-08-27T12:46:28Z</time></trkpt><trkpt lat="47.3813794926" lon="11.1642848980"><ele>1123.69</ele><time>2026-08-27T12:46:29Z</time></trkpt><trkpt lat="47.3814020399" lon="11.1643831339"><ele>1123.71</ele><time>2026-08-27T12:46:30Z</time></trkpt><trkpt lat="47.3814341426" lon="11.1644765921"><ele>1123.72</ele><time>2026-08-27T12:46:31Z</time></trkpt><trkpt lat="47.3814732861" lon="11.1645655241"><ele>1123.70</ele><time>2026-08-27T12:46:32Z</time></trkpt><trkpt lat="47.3818037845" lon="11.1653105915"><ele>1123.02</ele><time>2026-08-27T12:46:40Z</time></trkpt><trkpt lat="47.3821337800" lon="11.1662744265"><ele>1121.76</ele><time>2026-08-27T12:46:49Z</time></trkpt><trkpt lat="47.3821720015" lon="11.1663853191"><ele>1121.56</ele><time>2026-08-27T12:46:50Z</time></trkpt><trkpt lat="47.3821984883" lon="11.1665061023"><ele>1121.34</ele><time>2026-08-27T12:46:51Z</time></trkpt><trkpt lat="47.3824444972" lon="11.1674613040"><ele>1119.29</ele><time>2026-08-27T12:46:59Z</time></trkpt><trkpt lat="47.3827127181" lon="11.1683893483"><ele>1117.63</ele><time>2026-08-27T12:47:07Z</time></trkpt><trkpt lat="47.3829163145" lon="11.1688828748"><ele>1117.37</ele><time>2026-08-27T12:47:12Z</time></trkpt><trkpt lat="47.3830882274" lon="11.1691018939"><ele>1117.27</ele><time>2026-08-27T12:47:15Z</time></trkpt><trkpt lat="47.3831562046" lon="11.1691502575"><ele>1117.24</ele><time>2026-08-27T12:47:16Z</time></trkpt><trkpt lat="47.3832250200" lon="11.1691981182"><ele>1117.23</ele><time>2026-08-27T12:47:17Z</time></trkpt><trkpt lat="47.3833556939" lon="11.1693235952"><ele>1117.20</ele><time>2026-08-27T12:47:19Z</time></trkpt><trkpt lat="47.3834707774" lon="11.1694561969"><ele>1117.10</ele><time>2026-08-27T12:47:21Z</time></trkpt><trkpt lat="47.3835300375" lon="11.1695096735"><ele>1117.13</ele><time>2026-08-27T12:47:22Z</time></trkpt><trkpt lat="47.3839871027" lon="11.1699171178"><ele>1117.78</ele><time>2026-08-27T12:47:30Z</time></trkpt><trkpt lat="47.3845960479" lon="11.1704876740"><ele>1117.57</ele><time>2026-08-27T12:47:40Z</time></trkpt><trkpt lat="47.3854308017" lon="11.1712583899"><ele>1116.96</ele><time>2026-08-27T12:47:53Z</time></trkpt><trkpt lat="47.3861017730" lon="11.1719446164"><ele>1115.76</ele><time>2026-08-27T12:48:03Z</time></trkpt><trkpt lat="47.3867218662" lon="11.1727971397"><ele>1114.01</ele><time>2026-08-27T12:48:13Z</time></trkpt><trkpt lat="47.3873497546" lon="11.1735186540"><ele>1112.17</ele><time>2026-08-27T12:48:22Z</time></trkpt><trkpt lat="47.3882198799" lon="11.1743523180"><ele>1110.07</ele><time>2026-08-27T12:48:34Z</time></trkpt><trkpt lat="47.3882871028" lon="11.1744395737"><ele>1110.03</ele><time>2026-08-27T12:48:36Z</time></trkpt><trkpt lat="47.3882886115" lon="11.1744822375"><ele>1110.13</ele><time>2026-08-27T12:48:37Z</time></trkpt><trkpt lat="47.3882805649" lon="11.1745161843"><ele>1110.32</ele><time>2026-08-27T12:48:38Z</time></trkpt><trkpt lat="47.3882498033" lon="11.1746126600"><ele>1109.85</ele><time>2026-08-27T12:48:43Z</time></trkpt><trkpt lat="47.3882378172" lon="11.1746161804"><ele>1108.57</ele><time>2026-08-27T12:48:56Z</time></trkpt><trkpt lat="47.3882297706" lon="11.1745795514"><ele>1108.43</ele><time>2026-08-27T12:49:12Z</time></trkpt><trkpt lat="47.3882153537" lon="11.1745870952"><ele>1108.43</ele><time>2026-08-27T12:49:28Z</time></trkpt><trkpt lat="47.3882101569" lon="11.1745922081"><ele>1108.35</ele><time>2026-08-27T12:50:03Z</time></trkpt><trkpt lat="47.3882307764" lon="11.1745854188"><ele>1108.35</ele><time>2026-08-27T12:50:27Z</time></trkpt><trkpt lat="47.3882390745" lon="11.1745435931"><ele>1108.35</ele><time>2026-08-27T12:50:33Z</time></trkpt><trkpt lat="47.3882415891" lon="11.1745141726"><ele>1108.47</ele><time>2026-08-27T12:50:35Z</time></trkpt><trkpt lat="47.3882663157" lon="11.1743961554"><ele>1109.91</ele><time>2026-08-27T12:50:42Z</time></trkpt><trkpt lat="47.3882923834" lon="11.1743792240"><ele>1110.56</ele><time>2026-08-27T12:50:46Z</time></trkpt><trkpt lat="47.3884004261" lon="11.1744770408"><ele>1110.52</ele><time>2026-08-27T12:50:51Z</time></trkpt><trkpt lat="47.3886345327" lon="11.1746642087"><ele>1110.17</ele><time>2026-08-27T12:50:57Z</time></trkpt><trkpt lat="47.3890893348" lon="11.1749957968"><ele>1108.91</ele><time>2026-08-27T12:51:05Z</time></trkpt><trkpt lat="47.3897033092" lon="11.1753366888"><ele>1106.78</ele><time>2026-08-27T12:51:14Z</time></trkpt><trkpt lat="47.3904635478" lon="11.1754899099"><ele>1105.15</ele><time>2026-08-27T12:51:24Z</time></trkpt><trkpt lat="47.3910587467" lon="11.1754656024"><ele>1104.63</ele><time>2026-08-27T12:51:32Z</time></trkpt><trkpt lat="47.3917308077" lon="11.1753003951"><ele>1104.10</ele><time>2026-08-27T12:51:41Z</time></trkpt><trkpt lat="47.3923973367" lon="11.1750569008"><ele>1103.53</ele><time>2026-08-27T12:51:50Z</time></trkpt><trkpt lat="47.3931592517" lon="11.1749525461"><ele>1102.07</ele><time>2026-08-27T12:52:00Z</time></trkpt><trkpt lat="47.3939886410" lon="11.1750616785"><ele>1101.04</ele><time>2026-08-27T12:52:11Z</time></trkpt><trkpt lat="47.3947943933" lon="11.1754061747"><ele>1100.24</ele><time>2026-08-27T12:52:22Z</time></trkpt><trkpt lat="47.3954964615" lon="11.1759345699"><ele>1099.34</ele><time>2026-08-27T12:52:32Z</time></trkpt><trkpt lat="47.3962038942" lon="11.1767365504"><ele>1098.31</ele><time>2026-08-27T12:52:43Z</time></trkpt><trkpt lat="47.3970799707" lon="11.1778597254"><ele>1096.42</ele><time>2026-08-27T12:52:57Z</time></trkpt><trkpt lat="47.3977019079" lon="11.1786152702"><ele>1095.32</ele><time>2026-08-27T12:53:07Z</time></trkpt><trkpt lat="47.3983950913" lon="11.1792812124"><ele>1094.72</ele><time>2026-08-27T12:53:18Z</time></trkpt><trkpt lat="47.3989054654" lon="11.1797193345"><ele>1094.49</ele><time>2026-08-27T12:53:26Z</time></trkpt><trkpt lat="47.3992223013" lon="11.1799139623"><ele>1094.12</ele><time>2026-08-27T12:53:31Z</time></trkpt><trkpt lat="47.3992839083" lon="11.1799601465"><ele>1094.10</ele><time>2026-08-27T12:53:32Z</time></trkpt><trkpt lat="47.3994564079" lon="11.1801064108"><ele>1094.04</ele><time>2026-08-27T12:53:35Z</time></trkpt><trkpt lat="47.3994988203" lon="11.1801615637"><ele>1094.00</ele><time>2026-08-27T12:53:36Z</time></trkpt><trkpt lat="47.3995248042" lon="11.1802086700"><ele>1093.98</ele><time>2026-08-27T12:53:37Z</time></trkpt><trkpt lat="47.3995367903" lon="11.1802356597"><ele>1093.97</ele><time>2026-08-27T12:53:38Z</time></trkpt><trkpt lat="47.3995375447" lon="11.1802489869"><ele>1094.25</ele><time>2026-08-27T12:53:44Z</time></trkpt><trkpt lat="47.3995357845" lon="11.1802558601"><ele>1094.15</ele><time>2026-08-27T12:54:06Z</time></trkpt><trkpt lat="47.3995424062" lon="11.1802908126"><ele>1094.04</ele><time>2026-08-27T12:54:24Z</time></trkpt><trkpt lat="47.3995685577" lon="11.1805383302"><ele>1093.73</ele><time>2026-08-27T12:54:31Z</time></trkpt><trkpt lat="47.3995877523" lon="11.1810617801"><ele>1092.67</ele><time>2026-08-27T12:54:41Z</time></trkpt><trkpt lat="47.3995760176" lon="11.1812355369"><ele>1092.40</ele><time>2026-08-27T12:54:44Z</time></trkpt><trkpt lat="47.3995830584" lon="11.1816128902"><ele>1092.17</ele><time>2026-08-27T12:54:51Z</time></trkpt><trkpt lat="47.3997138161" lon="11.1816973798"><ele>1092.07</ele><time>2026-08-27T12:54:55Z</time></trkpt><trkpt lat="47.3997605871" lon="11.1816920154"><ele>1092.02</ele><time>2026-08-27T12:54:56Z</time></trkpt><trkpt lat="47.3998108786" lon="11.1816749163"><ele>1091.98</ele><time>2026-08-27T12:54:57Z</time></trkpt><trkpt lat="47.3998609185" lon="11.1816409696"><ele>1091.92</ele><time>2026-08-27T12:54:58Z</time></trkpt><trkpt lat="47.3999025766" lon="11.1815901753"><ele>1091.84</ele><time>2026-08-27T12:54:59Z</time></trkpt><trkpt lat="47.3999373615" lon="11.1815351900"><ele>1091.72</ele><time>2026-08-27T12:55:00Z</time></trkpt><trkpt lat="47.4000018183" lon="11.1814301647"><ele>1091.42</ele><time>2026-08-27T12:55:02Z</time></trkpt><trkpt lat="47.4000376929" lon="11.1813932844"><ele>1091.28</ele><time>2026-08-27T12:55:03Z</time></trkpt><trkpt lat="47.4000746571" lon="11.1813579127"><ele>1091.16</ele><time>2026-08-27T12:55:04Z</time></trkpt><trkpt lat="47.4002118688" lon="11.1812528037"><ele>1091.22</ele><time>2026-08-27T12:55:08Z</time></trkpt><trkpt lat="47.4002440553" lon="11.1812620237"><ele>1091.48</ele><time>2026-08-27T12:55:09Z</time></trkpt><trkpt lat="47.4002683628" lon="11.1812940426"><ele>1091.56</ele><time>2026-08-27T12:55:10Z</time></trkpt><trkpt lat="47.4002888147" lon="11.1813404784"><ele>1091.63</ele><time>2026-08-27T12:55:11Z</time></trkpt><trkpt lat="47.4003082607" lon="11.1813877523"><ele>1091.71</ele><time>2026-08-27T12:55:12Z</time></trkpt><trkpt lat="47.4004089274" lon="11.1815190967"><ele>1091.85</ele><time>2026-08-27T12:55:15Z</time></trkpt><trkpt lat="47.4004519265" lon="11.1815761775"><ele>1091.85</ele><time>2026-08-27T12:55:16Z</time></trkpt><trkpt lat="47.4004932493" lon="11.1816475075"><ele>1091.71</ele><time>2026-08-27T12:55:17Z</time></trkpt><trkpt lat="47.4005173892" lon="11.1817228608"><ele>1091.41</ele><time>2026-08-27T12:55:18Z</time></trkpt><trkpt lat="47.4005438760" lon="11.1817962024"><ele>1091.06</ele><time>2026-08-27T12:55:19Z</time></trkpt><trkpt lat="47.4005698599" lon="11.1818678677"><ele>1090.81</ele><time>2026-08-27T12:55:20Z</time></trkpt><trkpt lat="47.4005899765" lon="11.1819458194"><ele>1090.65</ele><time>2026-08-27T12:55:21Z</time></trkpt><trkpt lat="47.4006025493" lon="11.1820282973"><ele>1090.54</ele><time>2026-08-27T12:55:22Z</time></trkpt><trkpt lat="47.4006095901" lon="11.1821103562"><ele>1090.44</ele><time>2026-08-27T12:55:23Z</time></trkpt><trkpt lat="47.4006092548" lon="11.1821864638"><ele>1090.36</ele><time>2026-08-27T12:55:24Z</time></trkpt><trkpt lat="47.4005844444" lon="11.1824884638"><ele>1089.90</ele><time>2026-08-27T12:55:28Z</time></trkpt><trkpt lat="47.4005757272" lon="11.1825675052"><ele>1089.78</ele><time>2026-08-27T12:55:29Z</time></trkpt><trkpt lat="47.4005605560" lon="11.1826400924"><ele>1089.67</ele><time>2026-08-27T12:55:30Z</time></trkpt><trkpt lat="47.4005402718" lon="11.1827104166"><ele>1089.58</ele><time>2026-08-27T12:55:31Z</time></trkpt><trkpt lat="47.4005123600" lon="11.1827744544"><ele>1089.49</ele><time>2026-08-27T12:55:32Z</time></trkpt><trkpt lat="47.4004789162" lon="11.1828318704"><ele>1089.45</ele><time>2026-08-27T12:55:33Z</time></trkpt><trkpt lat="47.4004429579" lon="11.1828798987"><ele>1089.41</ele><time>2026-08-27T12:55:34Z</time></trkpt><trkpt lat="47.4004064128" lon="11.1829186231"><ele>1089.38</ele><time>2026-08-27T12:55:35Z</time></trkpt><trkpt lat="47.4003650062" lon="11.1829567607"><ele>1089.38</ele><time>2026-08-27T12:55:36Z</time></trkpt><trkpt lat="47.4000209291" lon="11.1831718404"><ele>1089.34</ele><time>2026-08-27T12:55:43Z</time></trkpt><trkpt lat="47.3999665305" lon="11.1831820663"><ele>1089.30</ele><time>2026-08-27T12:55:44Z</time></trkpt><trkpt lat="47.3998106271" lon="11.1831906997"><ele>1088.92</ele><time>2026-08-27T12:55:47Z</time></trkpt><trkpt lat="47.3997547198" lon="11.1832072958"><ele>1088.87</ele><time>2026-08-27T12:55:48Z</time></trkpt><trkpt lat="47.3994754348" lon="11.1833748501"><ele>1088.63</ele><time>2026-08-27T12:55:53Z</time></trkpt><trkpt lat="47.3994276579" lon="11.1834212020"><ele>1088.59</ele><time>2026-08-27T12:55:54Z</time></trkpt><trkpt lat="47.3993842397" lon="11.1834767740"><ele>1088.52</ele><time>2026-08-27T12:55:55Z</time></trkpt><trkpt lat="47.3993484490" lon="11.1835380457"><ele>1088.46</ele><time>2026-08-27T12:55:56Z</time></trkpt><trkpt lat="47.3993212078" lon="11.1836055201"><ele>1088.41</ele><time>2026-08-27T12:55:57Z</time></trkpt><trkpt lat="47.3992983252" lon="11.1836824659"><ele>1088.36</ele><time>2026-08-27T12:55:58Z</time></trkpt><trkpt lat="47.3992792144" lon="11.1837668717"><ele>1088.33</ele><time>2026-08-27T12:55:59Z</time></trkpt><trkpt lat="47.3992673121" lon="11.1838518642"><ele>1088.33</ele><time>2026-08-27T12:56:00Z</time></trkpt><trkpt lat="47.3992589302" lon="11.1839411315"><ele>1088.32</ele><time>2026-08-27T12:56:01Z</time></trkpt><trkpt lat="47.3992420826" lon="11.1841190793"><ele>1088.29</ele><time>2026-08-27T12:56:03Z</time></trkpt><trkpt lat="47.3992334493" lon="11.1842065863"><ele>1088.28</ele><time>2026-08-27T12:56:04Z</time></trkpt><trkpt lat="47.3992303479" lon="11.1842945963"><ele>1088.27</ele><time>2026-08-27T12:56:05Z</time></trkpt><trkpt lat="47.3992269952" lon="11.1845686845"><ele>1088.17</ele><time>2026-08-27T12:56:08Z</time></trkpt><trkpt lat="47.3992148414" lon="11.1846597958"><ele>1087.99</ele><time>2026-08-27T12:56:09Z</time></trkpt><trkpt lat="47.3991917912" lon="11.1847423576"><ele>1087.81</ele><time>2026-08-27T12:56:10Z</time></trkpt><trkpt lat="47.3991709203" lon="11.1848206446"><ele>1087.73</ele><time>2026-08-27T12:56:11Z</time></trkpt><trkpt lat="47.3991448525" lon="11.1848965008"><ele>1087.68</ele><time>2026-08-27T12:56:12Z</time></trkpt><trkpt lat="47.3991229758" lon="11.1849736143"><ele>1087.66</ele><time>2026-08-27T12:56:13Z</time></trkpt><trkpt lat="47.3991155159" lon="11.1850584392"><ele>1087.64</ele><time>2026-08-27T12:56:14Z</time></trkpt><trkpt lat="47.3991059605" lon="11.1851432640"><ele>1087.64</ele><time>2026-08-27T12:56:15Z</time></trkpt><trkpt lat="47.3990992550" lon="11.1852324475"><ele>1087.65</ele><time>2026-08-27T12:56:16Z</time></trkpt><trkpt lat="47.3990980815" lon="11.1853238102"><ele>1087.65</ele><time>2026-08-27T12:56:17Z</time></trkpt><trkpt lat="47.3990974110" lon="11.1854174361"><ele>1087.64</ele><time>2026-08-27T12:56:18Z</time></trkpt><trkpt lat="47.3990944773" lon="11.1856062803"><ele>1087.61</ele><time>2026-08-27T12:56:20Z</time></trkpt><trkpt lat="47.3990783840" lon="11.1856985651"><ele>1087.59</ele><time>2026-08-27T12:56:21Z</time></trkpt><trkpt lat="47.3990503047" lon="11.1857772712"><ele>1087.46</ele><time>2026-08-27T12:56:22Z</time></trkpt><trkpt lat="47.3990147654" lon="11.1858430691"><ele>1087.46</ele><time>2026-08-27T12:56:23Z</time></trkpt><trkpt lat="47.3989842553" lon="11.1859006528"><ele>1087.32</ele><time>2026-08-27T12:56:24Z</time></trkpt><trkpt lat="47.3989662342" lon="11.1859615892"><ele>1087.29</ele><time>2026-08-27T12:56:25Z</time></trkpt><trkpt lat="47.3989510629" lon="11.1860335059"><ele>1087.27</ele><time>2026-08-27T12:56:26Z</time></trkpt><trkpt lat="47.3989422619" lon="11.1861093622"><ele>1087.27</ele><time>2026-08-27T12:56:27Z</time></trkpt><trkpt lat="47.3989392444" lon="11.1861915048"><ele>1087.31</ele><time>2026-08-27T12:56:28Z</time></trkpt><trkpt lat="47.3989454471" lon="11.1862778384"><ele>1087.37</ele><time>2026-08-27T12:56:29Z</time></trkpt><trkpt lat="47.3989658151" lon="11.1863558739"><ele>1087.42</ele><time>2026-08-27T12:56:30Z</time></trkpt><trkpt lat="47.3989990912" lon="11.1864344124"><ele>1087.45</ele><time>2026-08-27T12:56:31Z</time></trkpt><trkpt lat="47.3990310263" lon="11.1865197401"><ele>1087.45</ele><time>2026-08-27T12:56:32Z</time></trkpt><trkpt lat="47.3990564235" lon="11.1866094265"><ele>1087.44</ele><time>2026-08-27T12:56:33Z</time></trkpt><trkpt lat="47.3990738578" lon="11.1867033876"><ele>1087.40</ele><time>2026-08-27T12:56:34Z</time></trkpt><trkpt lat="47.3990824074" lon="11.1867907271"><ele>1087.24</ele><time>2026-08-27T12:56:35Z</time></trkpt><trkpt lat="47.3990867659" lon="11.1868728697"><ele>1087.04</ele><time>2026-08-27T12:56:36Z</time></trkpt><trkpt lat="47.3990964890" lon="11.1869587004"><ele>1086.87</ele><time>2026-08-27T12:56:37Z</time></trkpt><trkpt lat="47.3991233110" lon="11.1872289330"><ele>1086.57</ele><time>2026-08-27T12:56:40Z</time></trkpt><trkpt lat="47.3991804756" lon="11.1874874309"><ele>1086.30</ele><time>2026-08-27T12:56:43Z</time></trkpt><trkpt lat="47.3992144223" lon="11.1875693221"><ele>1086.20</ele><time>2026-08-27T12:56:44Z</time></trkpt><trkpt lat="47.3992513027" lon="11.1876493692"><ele>1086.09</ele><time>2026-08-27T12:56:45Z</time></trkpt><trkpt lat="47.3994241375" lon="11.1880791932"><ele>1085.64</ele><time>2026-08-27T12:56:50Z</time></trkpt><trkpt lat="47.3994443379" lon="11.1881744955"><ele>1085.61</ele><time>2026-08-27T12:56:51Z</time></trkpt><trkpt lat="47.3995089624" lon="11.1884615757"><ele>1085.41</ele><time>2026-08-27T12:56:54Z</time></trkpt><trkpt lat="47.3996889219" lon="11.1891464610"><ele>1084.29</ele><time>2026-08-27T12:57:01Z</time></trkpt><trkpt lat="47.3998924345" lon="11.1897897720"><ele>1084.10</ele><time>2026-08-27T12:57:08Z</time></trkpt><trkpt lat="47.3999239504" lon="11.1898818891"><ele>1084.03</ele><time>2026-08-27T12:57:09Z</time></trkpt><trkpt lat="47.3999832943" lon="11.1900639441"><ele>1083.88</ele><time>2026-08-27T12:57:11Z</time></trkpt><trkpt lat="47.4000208452" lon="11.1901458353"><ele>1083.76</ele><time>2026-08-27T12:57:12Z</time></trkpt><trkpt lat="47.4000610784" lon="11.1902154889"><ele>1083.75</ele><time>2026-08-27T12:57:13Z</time></trkpt><trkpt lat="47.4001157284" lon="11.1902732402"><ele>1083.73</ele><time>2026-08-27T12:57:14Z</time></trkpt><trkpt lat="47.4001809396" lon="11.1903220229"><ele>1083.72</ele><time>2026-08-27T12:57:15Z</time></trkpt><trkpt lat="47.4002507608" lon="11.1903566401"><ele>1083.67</ele><time>2026-08-27T12:57:16Z</time></trkpt><trkpt lat="47.4003204983" lon="11.1903866474"><ele>1083.58</ele><time>2026-08-27T12:57:17Z</time></trkpt><trkpt lat="47.4003852904" lon="11.1904189177"><ele>1083.45</ele><time>2026-08-27T12:57:18Z</time></trkpt><trkpt lat="47.4006022979" lon="11.1905576382"><ele>1083.19</ele><time>2026-08-27T12:57:22Z</time></trkpt><trkpt lat="47.4006725382" lon="11.1906505097"><ele>1083.96</ele><time>2026-08-27T12:57:26Z</time></trkpt><trkpt lat="47.4007566925" lon="11.1907173134"><ele>1084.75</ele><time>2026-08-27T12:57:30Z</time></trkpt><trkpt lat="47.4008780625" lon="11.1907669343"><ele>1084.88</ele><time>2026-08-27T12:57:35Z</time></trkpt><trkpt lat="47.4010031205" lon="11.1908132862"><ele>1084.73</ele><time>2026-08-27T12:57:38Z</time></trkpt><trkpt lat="47.4013512209" lon="11.1909842771"><ele>1082.87</ele><time>2026-08-27T12:57:43Z</time></trkpt><trkpt lat="47.4014078826" lon="11.1910463870"><ele>1082.64</ele><time>2026-08-27T12:57:44Z</time></trkpt><trkpt lat="47.4017144926" lon="11.1914850958"><ele>1082.03</ele><time>2026-08-27T12:57:50Z</time></trkpt><trkpt lat="47.4019345175" lon="11.1917688232"><ele>1081.65</ele><time>2026-08-27T12:57:54Z</time></trkpt><trkpt lat="47.4020676222" lon="11.1919720005"><ele>1081.44</ele><time>2026-08-27T12:57:57Z</time></trkpt><trkpt lat="47.4021061789" lon="11.1920327693"><ele>1081.42</ele><time>2026-08-27T12:57:58Z</time></trkpt><trkpt lat="47.4023149721" lon="11.1922640260"><ele>1082.27</ele><time>2026-08-27T12:58:02Z</time></trkpt><trkpt lat="47.4023658503" lon="11.1923280638"><ele>1082.27</ele><time>2026-08-27T12:58:03Z</time></trkpt><trkpt lat="47.4026095960" lon="11.1926676147"><ele>1081.44</ele><time>2026-08-27T12:58:08Z</time></trkpt><trkpt lat="47.4026585463" lon="11.1927296408"><ele>1081.38</ele><time>2026-08-27T12:58:09Z</time></trkpt><trkpt lat="47.4027037248" lon="11.1928111129"><ele>1081.33</ele><time>2026-08-27T12:58:10Z</time></trkpt><trkpt lat="47.4027427845" lon="11.1929081753"><ele>1081.24</ele><time>2026-08-27T12:58:11Z</time></trkpt><trkpt lat="47.4027764797" lon="11.1930094287"><ele>1081.09</ele><time>2026-08-27T12:58:12Z</time></trkpt><trkpt lat="47.4028022122" lon="11.1931122746"><ele>1080.81</ele><time>2026-08-27T12:58:13Z</time></trkpt><trkpt lat="47.4028152041" lon="11.1932141148"><ele>1080.36</ele><time>2026-08-27T12:58:14Z</time></trkpt><trkpt lat="47.4028211553" lon="11.1933205649"><ele>1079.95</ele><time>2026-08-27T12:58:15Z</time></trkpt><trkpt lat="47.4028548505" lon="11.1935173720"><ele>1079.50</ele><time>2026-08-27T12:58:17Z</time></trkpt><trkpt lat="47.4028943293" lon="11.1936100759"><ele>1079.40</ele><time>2026-08-27T12:58:18Z</time></trkpt><trkpt lat="47.4029386695" lon="11.1936949845"><ele>1079.35</ele><time>2026-08-27T12:58:19Z</time></trkpt><trkpt lat="47.4030346423" lon="11.1938663106"><ele>1079.23</ele><time>2026-08-27T12:58:21Z</time></trkpt><trkpt lat="47.4030680861" lon="11.1939472798"><ele>1079.20</ele><time>2026-08-27T12:58:22Z</time></trkpt><trkpt lat="47.4030926451" lon="11.1940228846"><ele>1079.20</ele><time>2026-08-27T12:58:23Z</time></trkpt><trkpt lat="47.4031145219" lon="11.1940941308"><ele>1079.27</ele><time>2026-08-27T12:58:24Z</time></trkpt><trkpt lat="47.4031418469" lon="11.1941459309"><ele>1079.43</ele><time>2026-08-27T12:58:25Z</time></trkpt><trkpt lat="47.4031730276" lon="11.1941698194"><ele>1079.59</ele><time>2026-08-27T12:58:26Z</time></trkpt><trkpt lat="47.4032034539" lon="11.1941693164"><ele>1079.84</ele><time>2026-08-27T12:58:27Z</time></trkpt><trkpt lat="47.4032317847" lon="11.1941620242"><ele>1080.20</ele><time>2026-08-27T12:58:28Z</time></trkpt><trkpt lat="47.4032573495" lon="11.1941508763"><ele>1080.64</ele><time>2026-08-27T12:58:29Z</time></trkpt><trkpt lat="47.4032827467" lon="11.1941403989"><ele>1080.98</ele><time>2026-08-27T12:58:30Z</time></trkpt><trkpt lat="47.4034404941" lon="11.1940803844"><ele>1081.48</ele><time>2026-08-27T12:58:36Z</time></trkpt><trkpt lat="47.4034680706" lon="11.1941007525"><ele>1081.45</ele><time>2026-08-27T12:58:37Z</time></trkpt><trkpt lat="47.4034894444" lon="11.1941452604"><ele>1081.41</ele><time>2026-08-27T12:58:38Z</time></trkpt><trkpt lat="47.4035047833" lon="11.1942036822"><ele>1081.36</ele><time>2026-08-27T12:58:39Z</time></trkpt><trkpt lat="47.4035201222" lon="11.1942688096"><ele>1081.25</ele><time>2026-08-27T12:58:40Z</time></trkpt><trkpt lat="47.4035448488" lon="11.1943375412"><ele>1081.05</ele><time>2026-08-27T12:58:41Z</time></trkpt><trkpt lat="47.4035762809" lon="11.1944051832"><ele>1080.77</ele><time>2026-08-27T12:58:42Z</time></trkpt><trkpt lat="47.4036487006" lon="11.1945324205"><ele>1080.06</ele><time>2026-08-27T12:58:44Z</time></trkpt><trkpt lat="47.4036902748" lon="11.1945786886"><ele>1079.31</ele><time>2026-08-27T12:58:45Z</time></trkpt><trkpt lat="47.4037382193" lon="11.1946071032"><ele>1079.11</ele><time>2026-08-27T12:58:46Z</time></trkpt><trkpt lat="47.4037854094" lon="11.1946190894"><ele>1079.11</ele><time>2026-08-27T12:58:47Z</time></trkpt><trkpt lat="47.4038263969" lon="11.1946200114"><ele>1079.00</ele><time>2026-08-27T12:58:48Z</time></trkpt><trkpt lat="47.4038665462" lon="11.1946154851"><ele>1078.91</ele><time>2026-08-27T12:58:49Z</time></trkpt><trkpt lat="47.4039082043" lon="11.1946101207"><ele>1078.91</ele><time>2026-08-27T12:58:50Z</time></trkpt><trkpt lat="47.4039513711" lon="11.1946030799"><ele>1078.92</ele><time>2026-08-27T12:58:51Z</time></trkpt><trkpt lat="47.4042171612" lon="11.1945331749"><ele>1079.02</ele><time>2026-08-27T12:58:57Z</time></trkpt><trkpt lat="47.4043752439" lon="11.1944308318"><ele>1079.99</ele><time>2026-08-27T12:59:03Z</time></trkpt><trkpt lat="47.4043910019" lon="11.1944191810"><ele>1080.69</ele><time>2026-08-27T12:59:09Z</time></trkpt><trkpt lat="47.4043910857" lon="11.1944175884"><ele>1080.55</ele><time>2026-08-27T12:59:21Z</time></trkpt><trkpt lat="47.4043971207" lon="11.1944082845"><ele>1080.29</ele><time>2026-08-27T12:59:54Z</time></trkpt><trkpt lat="47.4044018146" lon="11.1944078654"><ele>1079.88</ele><time>2026-08-27T13:00:19Z</time></trkpt><trkpt lat="47.4044021498" lon="11.1944144871"><ele>1079.84</ele><time>2026-08-27T13:00:47Z</time></trkpt><trkpt lat="47.4043801893" lon="11.1944144033"><ele>1079.44</ele><time>2026-08-27T13:00:55Z</time></trkpt><trkpt lat="47.4043604080" lon="11.1944237072"><ele>1079.40</ele><time>2026-08-27T13:00:56Z</time></trkpt><trkpt lat="47.4043142237" lon="11.1944636051"><ele>1079.29</ele><time>2026-08-27T13:00:58Z</time></trkpt><trkpt lat="47.4042857252" lon="11.1944839731"><ele>1079.18</ele><time>2026-08-27T13:00:59Z</time></trkpt><trkpt lat="47.4042522814" lon="11.1944998987"><ele>1079.02</ele><time>2026-08-27T13:01:00Z</time></trkpt><trkpt lat="47.4042185023" lon="11.1945129745"><ele>1078.89</ele><time>2026-08-27T13:01:01Z</time></trkpt><trkpt lat="47.4041811191" lon="11.1945225298"><ele>1078.73</ele><time>2026-08-27T13:01:02Z</time></trkpt><trkpt lat="47.4041385390" lon="11.1945335101"><ele>1078.47</ele><time>2026-08-27T13:01:03Z</time></trkpt><trkpt lat="47.4040946178" lon="11.1945455801"><ele>1078.22</ele><time>2026-08-27T13:01:04Z</time></trkpt><trkpt lat="47.4037912767" lon="11.1945890822"><ele>1077.04</ele><time>2026-08-27T13:01:11Z</time></trkpt><trkpt lat="47.4037461821" lon="11.1945813708"><ele>1076.96</ele><time>2026-08-27T13:01:12Z</time></trkpt><trkpt lat="47.4037030991" lon="11.1945568118"><ele>1076.82</ele><time>2026-08-27T13:01:13Z</time></trkpt><trkpt lat="47.4036658835" lon="11.1945190933"><ele>1076.77</ele><time>2026-08-27T13:01:14Z</time></trkpt><trkpt lat="47.4036356248" lon="11.1944774352"><ele>1076.74</ele><time>2026-08-27T13:01:15Z</time></trkpt><trkpt lat="47.4036088865" lon="11.1944324244"><ele>1076.73</ele><time>2026-08-27T13:01:16Z</time></trkpt><trkpt lat="47.4035816453" lon="11.1943836417"><ele>1076.72</ele><time>2026-08-27T13:01:17Z</time></trkpt><trkpt lat="47.4035593495" lon="11.1943305004"><ele>1076.72</ele><time>2026-08-27T13:01:18Z</time></trkpt><trkpt lat="47.4035404064" lon="11.1942799576"><ele>1076.74</ele><time>2026-08-27T13:01:19Z</time></trkpt><trkpt lat="47.4034674000" lon="11.1940894369"><ele>1077.56</ele><time>2026-08-27T13:01:24Z</time></trkpt><trkpt lat="47.4034459423" lon="11.1940849945"><ele>1077.86</ele><time>2026-08-27T13:01:25Z</time></trkpt><trkpt lat="47.4034225568" lon="11.1940932088"><ele>1078.13</ele><time>2026-08-27T13:01:26Z</time></trkpt><trkpt lat="47.4032231513" lon="11.1942266487"><ele>1079.42</ele><time>2026-08-27T13:01:33Z</time></trkpt><trkpt lat="47.4032019451" lon="11.1943221185"><ele>1079.30</ele><time>2026-08-27T13:01:35Z</time></trkpt><trkpt lat="47.4032179546" lon="11.1943846475"><ele>1079.13</ele><time>2026-08-27T13:01:36Z</time></trkpt><trkpt lat="47.4032423459" lon="11.1944521219"><ele>1079.13</ele><time>2026-08-27T13:01:37Z</time></trkpt><trkpt lat="47.4033575132" lon="11.1947978754"><ele>1077.23</ele><time>2026-08-27T13:01:42Z</time></trkpt><trkpt lat="47.4034228083" lon="11.1949168984"><ele>1076.91</ele><time>2026-08-27T13:01:44Z</time></trkpt><trkpt lat="47.4034484569" lon="11.1949847080"><ele>1076.82</ele><time>2026-08-27T13:01:45Z</time></trkpt><trkpt lat="47.4034652207" lon="11.1950562894"><ele>1076.78</ele><time>2026-08-27T13:01:46Z</time></trkpt><trkpt lat="47.4034689926" lon="11.1951300502"><ele>1076.73</ele><time>2026-08-27T13:01:47Z</time></trkpt><trkpt lat="47.4034580961" lon="11.1951996200"><ele>1076.70</ele><time>2026-08-27T13:01:48Z</time></trkpt><trkpt lat="47.4034554977" lon="11.1952694412"><ele>1076.70</ele><time>2026-08-27T13:01:49Z</time></trkpt><trkpt lat="47.4034617841" lon="11.1953421123"><ele>1076.73</ele><time>2026-08-27T13:01:50Z</time></trkpt><trkpt lat="47.4034785479" lon="11.1954047251"><ele>1076.74</ele><time>2026-08-27T13:01:51Z</time></trkpt><trkpt lat="47.4035069626" lon="11.1954582855"><ele>1076.71</ele><time>2026-08-27T13:01:52Z</time></trkpt><trkpt lat="47.4035421666" lon="11.1955097504"><ele>1076.70</ele><time>2026-08-27T13:01:53Z</time></trkpt><trkpt lat="47.4038182665" lon="11.1959826574"><ele>1077.10</ele><time>2026-08-27T13:02:01Z</time></trkpt><trkpt lat="47.4041182548" lon="11.1965574883"><ele>1075.93</ele><time>2026-08-27T13:02:09Z</time></trkpt><trkpt lat="47.4042682070" lon="11.1969257891"><ele>1075.64</ele><time>2026-08-27T13:02:14Z</time></trkpt><trkpt lat="47.4043007288" lon="11.1969948560"><ele>1075.59</ele><time>2026-08-27T13:02:15Z</time></trkpt><trkpt lat="47.4044022337" lon="11.1973738857"><ele>1075.42</ele><time>2026-08-27T13:02:20Z</time></trkpt><trkpt lat="47.4044801015" lon="11.1976043880"><ele>1075.86</ele><time>2026-08-27T13:02:24Z</time></trkpt><trkpt lat="47.4045039061" lon="11.1976633128"><ele>1076.08</ele><time>2026-08-27T13:02:25Z</time></trkpt><trkpt lat="47.4045320693" lon="11.1977254227"><ele>1076.25</ele><time>2026-08-27T13:02:26Z</time></trkpt><trkpt lat="47.4045607354" lon="11.1977910530"><ele>1076.38</ele><time>2026-08-27T13:02:27Z</time></trkpt><trkpt lat="47.4045890663" lon="11.1978599522"><ele>1076.38</ele><time>2026-08-27T13:02:28Z</time></trkpt><trkpt lat="47.4046124518" lon="11.1979258340"><ele>1076.29</ele><time>2026-08-27T13:02:29Z</time></trkpt><trkpt lat="47.4046362564" lon="11.1979945656"><ele>1076.10</ele><time>2026-08-27T13:02:30Z</time></trkpt><trkpt lat="47.4046607316" lon="11.1980667338"><ele>1075.85</ele><time>2026-08-27T13:02:31Z</time></trkpt><trkpt lat="47.4047074188" lon="11.1982098967"><ele>1075.39</ele><time>2026-08-27T13:02:33Z</time></trkpt><trkpt lat="47.4047460593" lon="11.1982815620"><ele>1075.21</ele><time>2026-08-27T13:02:34Z</time></trkpt><trkpt lat="47.4047875497" lon="11.1983531434"><ele>1075.06</ele><time>2026-08-27T13:02:35Z</time></trkpt><trkpt lat="47.4050120171" lon="11.1987149902"><ele>1074.07</ele><time>2026-08-27T13:02:40Z</time></trkpt><trkpt lat="47.4050504062" lon="11.1987997312"><ele>1073.89</ele><time>2026-08-27T13:02:41Z</time></trkpt><trkpt lat="47.4050836824" lon="11.1988867354"><ele>1073.66</ele><time>2026-08-27T13:02:42Z</time></trkpt><trkpt lat="47.4051647354" lon="11.1991295591"><ele>1073.15</ele><time>2026-08-27T13:02:45Z</time></trkpt><trkpt lat="47.4051967543" lon="11.1992043257"><ele>1073.10</ele><time>2026-08-27T13:02:46Z</time></trkpt><trkpt lat="47.4052270129" lon="11.1992781702"><ele>1073.09</ele><time>2026-08-27T13:02:47Z</time></trkpt><trkpt lat="47.4052485544" lon="11.1993503384"><ele>1073.09</ele><time>2026-08-27T13:02:48Z</time></trkpt><trkpt lat="47.4052643962" lon="11.1994209141"><ele>1073.09</ele><time>2026-08-27T13:02:49Z</time></trkpt><trkpt lat="47.4052970856" lon="11.1995629035"><ele>1073.15</ele><time>2026-08-27T13:02:51Z</time></trkpt><trkpt lat="47.4053329602" lon="11.1997664161"><ele>1073.33</ele><time>2026-08-27T13:02:54Z</time></trkpt><trkpt lat="47.4053424317" lon="11.1998382490"><ele>1073.37</ele><time>2026-08-27T13:02:55Z</time></trkpt><trkpt lat="47.4053519033" lon="11.1999079026"><ele>1073.44</ele><time>2026-08-27T13:02:56Z</time></trkpt><trkpt lat="47.4053655658" lon="11.1999771371"><ele>1073.58</ele><time>2026-08-27T13:02:57Z</time></trkpt><trkpt lat="47.4053847603" lon="11.2000348046"><ele>1073.76</ele><time>2026-08-27T13:02:58Z</time></trkpt><trkpt lat="47.4054113310" lon="11.2000950705"><ele>1073.98</ele><time>2026-08-27T13:02:59Z</time></trkpt><trkpt lat="47.4055898655" lon="11.2004530616"><ele>1074.46</ele><time>2026-08-27T13:03:05Z</time></trkpt><trkpt lat="47.4056189507" lon="11.2005058676"><ele>1074.45</ele><time>2026-08-27T13:03:06Z</time></trkpt><trkpt lat="47.4056411628" lon="11.2005491182"><ele>1074.44</ele><time>2026-08-27T13:03:07Z</time></trkpt><trkpt lat="47.4057119060" lon="11.2006303389"><ele>1074.48</ele><time>2026-08-27T13:03:09Z</time></trkpt><trkpt lat="47.4057576712" lon="11.2006745953"><ele>1074.48</ele><time>2026-08-27T13:03:10Z</time></trkpt><trkpt lat="47.4058047775" lon="11.2007217016"><ele>1074.48</ele><time>2026-08-27T13:03:11Z</time></trkpt><trkpt lat="47.4059605133" lon="11.2008536328"><ele>1074.28</ele><time>2026-08-27T13:03:14Z</time></trkpt><trkpt lat="47.4060097151" lon="11.2008811254"><ele>1074.08</ele><time>2026-08-27T13:03:15Z</time></trkpt><trkpt lat="47.4061747547" lon="11.2009440735"><ele>1073.98</ele><time>2026-08-27T13:03:18Z</time></trkpt><trkpt lat="47.4065614957" lon="11.2010848057"><ele>1073.95</ele><time>2026-08-27T13:03:25Z</time></trkpt><trkpt lat="47.4066069257" lon="11.2011193391"><ele>1073.98</ele><time>2026-08-27T13:03:26Z</time></trkpt><trkpt lat="47.4068670999" lon="11.2013459858"><ele>1073.61</ele><time>2026-08-27T13:03:31Z</time></trkpt><trkpt lat="47.4071413558" lon="11.2015465647"><ele>1073.32</ele><time>2026-08-27T13:03:36Z</time></trkpt><trkpt lat="47.4072028790" lon="11.2015864626"><ele>1073.30</ele><time>2026-08-27T13:03:37Z</time></trkpt><trkpt lat="47.4072673358" lon="11.2016334012"><ele>1073.20</ele><time>2026-08-27T13:03:38Z</time></trkpt><trkpt lat="47.4073302001" lon="11.2016909849"><ele>1072.86</ele><time>2026-08-27T13:03:39Z</time></trkpt><trkpt lat="47.4073849339" lon="11.2017520890"><ele>1072.52</ele><time>2026-08-27T13:03:40Z</time></trkpt><trkpt lat="47.4074266758" lon="11.2018309627"><ele>1072.08</ele><time>2026-08-27T13:03:41Z</time></trkpt><trkpt lat="47.4074567668" lon="11.2019225769"><ele>1071.65</ele><time>2026-08-27T13:03:42Z</time></trkpt><trkpt lat="47.4074747041" lon="11.2020189688"><ele>1071.35</ele><time>2026-08-27T13:03:43Z</time></trkpt><trkpt lat="47.4074785598" lon="11.2021123432"><ele>1071.12</ele><time>2026-08-27T13:03:44Z</time></trkpt><trkpt lat="47.4074728601" lon="11.2022029515"><ele>1070.96</ele><time>2026-08-27T13:03:45Z</time></trkpt><trkpt lat="47.4074669089" lon="11.2022902910"><ele>1070.89</ele><time>2026-08-27T13:03:46Z</time></trkpt><trkpt lat="47.4074709322" lon="11.2023763731"><ele>1070.85</ele><time>2026-08-27T13:03:47Z</time></trkpt><trkpt lat="47.4074788950" lon="11.2024629582"><ele>1070.85</ele><time>2026-08-27T13:03:48Z</time></trkpt><trkpt lat="47.4074913003" lon="11.2025476154"><ele>1070.90</ele><time>2026-08-27T13:03:49Z</time></trkpt><trkpt lat="47.4075211398" lon="11.2026348710"><ele>1070.93</ele><time>2026-08-27T13:03:50Z</time></trkpt><trkpt lat="47.4076929688" lon="11.2030826323"><ele>1070.01</ele><time>2026-08-27T13:03:55Z</time></trkpt><trkpt lat="47.4077912048" lon="11.2033018190"><ele>1069.39</ele><time>2026-08-27T13:03:58Z</time></trkpt><trkpt lat="47.4078063760" lon="11.2033720594"><ele>1069.38</ele><time>2026-08-27T13:03:59Z</time></trkpt><trkpt lat="47.4078323599" lon="11.2034980394"><ele>1069.81</ele><time>2026-08-27T13:04:01Z</time></trkpt><trkpt lat="47.4079160951" lon="11.2037070002"><ele>1070.69</ele><time>2026-08-27T13:04:04Z</time></trkpt><trkpt lat="47.4079495389" lon="11.2037754804"><ele>1070.73</ele><time>2026-08-27T13:04:05Z</time></trkpt><trkpt lat="47.4079880118" lon="11.2038456369"><ele>1070.71</ele><time>2026-08-27T13:04:06Z</time></trkpt><trkpt lat="47.4081124831" lon="11.2040500715"><ele>1069.94</ele><time>2026-08-27T13:04:09Z</time></trkpt><trkpt lat="47.4081437476" lon="11.2041351479"><ele>1069.72</ele><time>2026-08-27T13:04:10Z</time></trkpt><trkpt lat="47.4082392175" lon="11.2044560909"><ele>1068.84</ele><time>2026-08-27T13:04:13Z</time></trkpt><trkpt lat="47.4082654528" lon="11.2045683246"><ele>1068.54</ele><time>2026-08-27T13:04:14Z</time></trkpt><trkpt lat="47.4082941189" lon="11.2047903612"><ele>1068.05</ele><time>2026-08-27T13:04:16Z</time></trkpt><trkpt lat="47.4082988966" lon="11.2048992421"><ele>1067.90</ele><time>2026-08-27T13:04:17Z</time></trkpt><trkpt lat="47.4082963821" lon="11.2050064467"><ele>1067.83</ele><time>2026-08-27T13:04:18Z</time></trkpt><trkpt lat="47.4082842283" lon="11.2050992344"><ele>1067.79</ele><time>2026-08-27T13:04:19Z</time></trkpt><trkpt lat="47.4082602561" lon="11.2051760126"><ele>1067.79</ele><time>2026-08-27T13:04:20Z</time></trkpt><trkpt lat="47.4082292430" lon="11.2052387092"><ele>1067.92</ele><time>2026-08-27T13:04:21Z</time></trkpt><trkpt lat="47.4081937876" lon="11.2052928563"><ele>1068.14</ele><time>2026-08-27T13:04:22Z</time></trkpt><trkpt lat="47.4081593379" lon="11.2053470872"><ele>1068.34</ele><time>2026-08-27T13:04:23Z</time></trkpt><trkpt lat="47.4081259780" lon="11.2054009829"><ele>1068.51</ele><time>2026-08-27T13:04:24Z</time></trkpt><trkpt lat="47.4080602638" lon="11.2055075169"><ele>1068.81</ele><time>2026-08-27T13:04:26Z</time></trkpt><trkpt lat="47.4080349505" lon="11.2055651844"><ele>1068.89</ele><time>2026-08-27T13:04:27Z</time></trkpt><trkpt lat="47.4080179352" lon="11.2056306470"><ele>1068.89</ele><time>2026-08-27T13:04:28Z</time></trkpt><trkpt lat="47.4080061167" lon="11.2057038210"><ele>1068.84</ele><time>2026-08-27T13:04:29Z</time></trkpt><trkpt lat="47.4080003332" lon="11.2057831977"><ele>1068.79</ele><time>2026-08-27T13:04:30Z</time></trkpt><trkpt lat="47.4079983216" lon="11.2058645021"><ele>1068.76</ele><time>2026-08-27T13:04:31Z</time></trkpt><trkpt lat="47.4079966452" lon="11.2059433758"><ele>1068.74</ele><time>2026-08-27T13:04:32Z</time></trkpt><trkpt lat="47.4080086313" lon="11.2062727846"><ele>1068.57</ele><time>2026-08-27T13:04:36Z</time></trkpt><trkpt lat="47.4080205336" lon="11.2063455395"><ele>1068.48</ele><time>2026-08-27T13:04:37Z</time></trkpt><trkpt lat="47.4080435839" lon="11.2064152770"><ele>1068.42</ele><time>2026-08-27T13:04:38Z</time></trkpt><trkpt lat="47.4080657959" lon="11.2064907979"><ele>1068.37</ele><time>2026-08-27T13:04:39Z</time></trkpt><trkpt lat="47.4080813024" lon="11.2065687496"><ele>1068.35</ele><time>2026-08-27T13:04:40Z</time></trkpt><trkpt lat="47.4080906063" lon="11.2066508085"><ele>1068.34</ele><time>2026-08-27T13:04:41Z</time></trkpt><trkpt lat="47.4080980662" lon="11.2067319453"><ele>1068.33</ele><time>2026-08-27T13:04:42Z</time></trkpt><trkpt lat="47.4081035145" lon="11.2068160996"><ele>1068.32</ele><time>2026-08-27T13:04:43Z</time></trkpt><trkpt lat="47.4081365392" lon="11.2071530521"><ele>1068.30</ele><time>2026-08-27T13:04:47Z</time></trkpt><trkpt lat="47.4081581645" lon="11.2072294950"><ele>1068.29</ele><time>2026-08-27T13:04:48Z</time></trkpt><trkpt lat="47.4081864115" lon="11.2073047645"><ele>1068.29</ele><time>2026-08-27T13:04:49Z</time></trkpt><trkpt lat="47.4082213640" lon="11.2073763460"><ele>1068.29</ele><time>2026-08-27T13:04:50Z</time></trkpt><trkpt lat="47.4082619324" lon="11.2074417248"><ele>1068.29</ele><time>2026-08-27T13:04:51Z</time></trkpt><trkpt lat="47.4083082005" lon="11.2075009849"><ele>1068.29</ele><time>2026-08-27T13:04:52Z</time></trkpt><trkpt lat="47.4083579052" lon="11.2075538747"><ele>1068.29</ele><time>2026-08-27T13:04:53Z</time></trkpt><trkpt lat="47.4084102083" lon="11.2076016515"><ele>1068.29</ele><time>2026-08-27T13:04:54Z</time></trkpt><trkpt lat="47.4084625952" lon="11.2076456565"><ele>1068.29</ele><time>2026-08-27T13:04:55Z</time></trkpt><trkpt lat="47.4089236837" lon="11.2079115305"><ele>1068.12</ele><time>2026-08-27T13:05:03Z</time></trkpt><trkpt lat="47.4090990331" lon="11.2080189865"><ele>1067.52</ele><time>2026-08-27T13:05:06Z</time></trkpt><trkpt lat="47.4095578585" lon="11.2083485629"><ele>1067.13</ele><time>2026-08-27T13:05:14Z</time></trkpt><trkpt lat="47.4100710824" lon="11.2086224835"><ele>1065.70</ele><time>2026-08-27T13:05:22Z</time></trkpt><trkpt lat="47.4104412273" lon="11.2088817358"><ele>1065.01</ele><time>2026-08-27T13:05:28Z</time></trkpt><trkpt lat="47.4108370207" lon="11.2092744280"><ele>1064.50</ele><time>2026-08-27T13:05:35Z</time></trkpt><trkpt lat="47.4112814292" lon="11.2095322553"><ele>1063.78</ele><time>2026-08-27T13:05:42Z</time></trkpt><trkpt lat="47.4118700903" lon="11.2098579761"><ele>1063.66</ele><time>2026-08-27T13:05:52Z</time></trkpt><trkpt lat="47.4119309429" lon="11.2098662741"><ele>1063.62</ele><time>2026-08-27T13:05:53Z</time></trkpt><trkpt lat="47.4119922984" lon="11.2098630052"><ele>1063.57</ele><time>2026-08-27T13:05:54Z</time></trkpt><trkpt lat="47.4120523129" lon="11.2098455708"><ele>1063.54</ele><time>2026-08-27T13:05:55Z</time></trkpt><trkpt lat="47.4121086393" lon="11.2098101154"><ele>1063.51</ele><time>2026-08-27T13:05:56Z</time></trkpt><trkpt lat="47.4121582601" lon="11.2097590696"><ele>1063.47</ele><time>2026-08-27T13:05:57Z</time></trkpt><trkpt lat="47.4121992476" lon="11.2096977979"><ele>1063.39</ele><time>2026-08-27T13:05:58Z</time></trkpt><trkpt lat="47.4122385588" lon="11.2096367776"><ele>1063.25</ele><time>2026-08-27T13:05:59Z</time></trkpt><trkpt lat="47.4122812226" lon="11.2095828820"><ele>1063.14</ele><time>2026-08-27T13:06:00Z</time></trkpt><trkpt lat="47.4123325199" lon="11.2095390446"><ele>1063.07</ele><time>2026-08-27T13:06:01Z</time></trkpt><trkpt lat="47.4123927020" lon="11.2095150724"><ele>1063.00</ele><time>2026-08-27T13:06:02Z</time></trkpt><trkpt lat="47.4124561530" lon="11.2095113844"><ele>1062.90</ele><time>2026-08-27T13:06:03Z</time></trkpt><trkpt lat="47.4125203583" lon="11.2095177546"><ele>1062.71</ele><time>2026-08-27T13:06:04Z</time></trkpt><trkpt lat="47.4125859886" lon="11.2095175870"><ele>1062.50</ele><time>2026-08-27T13:06:05Z</time></trkpt><trkpt lat="47.4126496073" lon="11.2095054332"><ele>1062.25</ele><time>2026-08-27T13:06:06Z</time></trkpt><trkpt lat="47.4127109628" lon="11.2094802875"><ele>1062.19</ele><time>2026-08-27T13:06:07Z</time></trkpt><trkpt lat="47.4127720669" lon="11.2094543036"><ele>1062.17</ele><time>2026-08-27T13:06:08Z</time></trkpt><trkpt lat="47.4128338415" lon="11.2094414793"><ele>1062.17</ele><time>2026-08-27T13:06:09Z</time></trkpt><trkpt lat="47.4128965382" lon="11.2094460055"><ele>1062.17</ele><time>2026-08-27T13:06:10Z</time></trkpt><trkpt lat="47.4129568879" lon="11.2094644457"><ele>1062.18</ele><time>2026-08-27T13:06:11Z</time></trkpt><trkpt lat="47.4130149744" lon="11.2094973028"><ele>1062.20</ele><time>2026-08-27T13:06:12Z</time></trkpt><trkpt lat="47.4130693730" lon="11.2095409725"><ele>1062.24</ele><time>2026-08-27T13:06:13Z</time></trkpt><trkpt lat="47.4131210893" lon="11.2095886655"><ele>1062.31</ele><time>2026-08-27T13:06:14Z</time></trkpt><trkpt lat="47.4135539308" lon="11.2099491712"><ele>1062.68</ele><time>2026-08-27T13:06:22Z</time></trkpt><trkpt lat="47.4136045575" lon="11.2100096885"><ele>1062.67</ele><time>2026-08-27T13:06:23Z</time></trkpt><trkpt lat="47.4136512447" lon="11.2100798450"><ele>1062.61</ele><time>2026-08-27T13:06:24Z</time></trkpt><trkpt lat="47.4139393307" lon="11.2105070706"><ele>1061.66</ele><time>2026-08-27T13:06:30Z</time></trkpt><trkpt lat="47.4139970820" lon="11.2105576135"><ele>1061.50</ele><time>2026-08-27T13:06:31Z</time></trkpt><trkpt lat="47.4140581023" lon="11.2105920631"><ele>1061.40</ele><time>2026-08-27T13:06:32Z</time></trkpt><trkpt lat="47.4141218886" lon="11.2106021214"><ele>1061.31</ele><time>2026-08-27T13:06:33Z</time></trkpt><trkpt lat="47.4141846690" lon="11.2105871178"><ele>1061.27</ele><time>2026-08-27T13:06:34Z</time></trkpt><trkpt lat="47.4142417498" lon="11.2105494831"><ele>1061.22</ele><time>2026-08-27T13:06:35Z</time></trkpt><trkpt lat="47.4142923765" lon="11.2105000298"><ele>1061.17</ele><time>2026-08-27T13:06:36Z</time></trkpt><trkpt lat="47.4143384770" lon="11.2104469724"><ele>1061.11</ele><time>2026-08-27T13:06:37Z</time></trkpt><trkpt lat="47.4145010021" lon="11.2102471478"><ele>1060.81</ele><time>2026-08-27T13:06:41Z</time></trkpt><trkpt lat="47.4145425763" lon="11.2102057412"><ele>1060.76</ele><time>2026-08-27T13:06:42Z</time></trkpt><trkpt lat="47.4148906767" lon="11.2099956069"><ele>1060.65</ele><time>2026-08-27T13:06:50Z</time></trkpt><trkpt lat="47.4149362743" lon="11.2099935114"><ele>1060.69</ele><time>2026-08-27T13:06:51Z</time></trkpt><trkpt lat="47.4149807822" lon="11.2100044917"><ele>1060.76</ele><time>2026-08-27T13:06:52Z</time></trkpt><trkpt lat="47.4150204286" lon="11.2100370973"><ele>1060.97</ele><time>2026-08-27T13:06:53Z</time></trkpt><trkpt lat="47.4150515255" lon="11.2100933399"><ele>1061.03</ele><time>2026-08-27T13:06:54Z</time></trkpt><trkpt lat="47.4150781799" lon="11.2101587187"><ele>1061.06</ele><time>2026-08-27T13:06:55Z</time></trkpt><trkpt lat="47.4153851252" lon="11.2108869385"><ele>1060.52</ele><time>2026-08-27T13:07:05Z</time></trkpt><trkpt lat="47.4157483131" lon="11.2116387114"><ele>1059.23</ele><time>2026-08-27T13:07:14Z</time></trkpt><trkpt lat="47.4159532506" lon="11.2120696250"><ele>1058.98</ele><time>2026-08-27T13:07:19Z</time></trkpt><trkpt lat="47.4164055381" lon="11.2127724476"><ele>1058.01</ele><time>2026-08-27T13:07:28Z</time></trkpt><trkpt lat="47.4167973921" lon="11.2131285947"><ele>1057.48</ele><time>2026-08-27T13:07:34Z</time></trkpt><trkpt lat="47.4171924312" lon="11.2134252302"><ele>1056.60</ele><time>2026-08-27T13:07:40Z</time></trkpt><trkpt lat="47.4172561336" lon="11.2134831492"><ele>1056.54</ele><time>2026-08-27T13:07:41Z</time></trkpt><trkpt lat="47.4173139688" lon="11.2135533057"><ele>1056.49</ele><time>2026-08-27T13:07:42Z</time></trkpt><trkpt lat="47.4173658527" lon="11.2136333529"><ele>1056.48</ele><time>2026-08-27T13:07:43Z</time></trkpt><trkpt lat="47.4174118694" lon="11.2137215305"><ele>1056.47</ele><time>2026-08-27T13:07:44Z</time></trkpt><trkpt lat="47.4174562935" lon="11.2138119712"><ele>1056.45</ele><time>2026-08-27T13:07:45Z</time></trkpt><trkpt lat="47.4179763068" lon="11.2148268521"><ele>1055.47</ele><time>2026-08-27T13:07:56Z</time></trkpt><trkpt lat="47.4183932226" lon="11.2155214604"><ele>1054.63</ele><time>2026-08-27T13:08:04Z</time></trkpt><trkpt lat="47.4185063783" lon="11.2156853266"><ele>1054.27</ele><time>2026-08-27T13:08:06Z</time></trkpt><trkpt lat="47.4185554963" lon="11.2157740910"><ele>1054.13</ele><time>2026-08-27T13:08:07Z</time></trkpt><trkpt lat="47.4186005071" lon="11.2158702314"><ele>1054.11</ele><time>2026-08-27T13:08:08Z</time></trkpt><trkpt lat="47.4186373875" lon="11.2159652822"><ele>1054.06</ele><time>2026-08-27T13:08:09Z</time></trkpt><trkpt lat="47.4186725076" lon="11.2160656136"><ele>1054.04</ele><time>2026-08-27T13:08:10Z</time></trkpt><trkpt lat="47.4189130682" lon="11.2166910712"><ele>1053.43</ele><time>2026-08-27T13:08:16Z</time></trkpt><trkpt lat="47.4189488590" lon="11.2168004550"><ele>1053.35</ele><time>2026-08-27T13:08:17Z</time></trkpt><trkpt lat="47.4189786147" lon="11.2169128563"><ele>1053.24</ele><time>2026-08-27T13:08:18Z</time></trkpt><trkpt lat="47.4191239569" lon="11.2175926287"><ele>1052.39</ele><time>2026-08-27T13:08:24Z</time></trkpt><trkpt lat="47.4193003960" lon="11.2184790988"><ele>1052.45</ele><time>2026-08-27T13:08:32Z</time></trkpt><trkpt lat="47.4193710554" lon="11.2187991198"><ele>1052.29</ele><time>2026-08-27T13:08:35Z</time></trkpt><trkpt lat="47.4194018170" lon="11.2190041412"><ele>1052.28</ele><time>2026-08-27T13:08:37Z</time></trkpt><trkpt lat="47.4195608217" lon="11.2196738552"><ele>1052.20</ele><time>2026-08-27T13:08:43Z</time></trkpt><trkpt lat="47.4196878076" lon="11.2202928588"><ele>1050.86</ele><time>2026-08-27T13:08:48Z</time></trkpt><trkpt lat="47.4197753984" lon="11.2210125290"><ele>1049.65</ele><time>2026-08-27T13:08:54Z</time></trkpt><trkpt lat="47.4198461417" lon="11.2216963246"><ele>1049.70</ele><time>2026-08-27T13:09:00Z</time></trkpt><trkpt lat="47.4198587984" lon="11.2218041997"><ele>1049.58</ele><time>2026-08-27T13:09:01Z</time></trkpt><trkpt lat="47.4198728800" lon="11.2219067942"><ele>1049.45</ele><time>2026-08-27T13:09:02Z</time></trkpt><trkpt lat="47.4200981017" lon="11.2228520215"><ele>1049.51</ele><time>2026-08-27T13:09:11Z</time></trkpt><trkpt lat="47.4201426096" lon="11.2231828552"><ele>1049.49</ele><time>2026-08-27T13:09:14Z</time></trkpt><trkpt lat="47.4201362394" lon="11.2240737677"><ele>1048.48</ele><time>2026-08-27T13:09:22Z</time></trkpt><trkpt lat="47.4201282766" lon="11.2246471737"><ele>1047.68</ele><time>2026-08-27T13:09:27Z</time></trkpt><trkpt lat="47.4201234151" lon="11.2247523665"><ele>1047.51</ele><time>2026-08-27T13:09:28Z</time></trkpt><trkpt lat="47.4201193918" lon="11.2251941767"><ele>1047.02</ele><time>2026-08-27T13:09:32Z</time></trkpt><trkpt lat="47.4201173801" lon="11.2253003754"><ele>1046.97</ele><time>2026-08-27T13:09:33Z</time></trkpt><trkpt lat="47.4201109260" lon="11.2254008744"><ele>1046.97</ele><time>2026-08-27T13:09:34Z</time></trkpt><trkpt lat="47.4201110937" lon="11.2260298524"><ele>1046.99</ele><time>2026-08-27T13:09:40Z</time></trkpt><trkpt lat="47.4201161228" lon="11.2261251546"><ele>1047.00</ele><time>2026-08-27T13:09:41Z</time></trkpt><trkpt lat="47.4201291148" lon="11.2262218818"><ele>1047.00</ele><time>2026-08-27T13:09:42Z</time></trkpt><trkpt lat="47.4202303682" lon="11.2267615087"><ele>1046.68</ele><time>2026-08-27T13:09:48Z</time></trkpt><trkpt lat="47.4202747084" lon="11.2270365190"><ele>1046.61</ele><time>2026-08-27T13:09:51Z</time></trkpt><trkpt lat="47.4202997703" lon="11.2272225134"><ele>1046.65</ele><time>2026-08-27T13:09:53Z</time></trkpt><trkpt lat="47.4203260057" lon="11.2273066677"><ele>1046.75</ele><time>2026-08-27T13:09:54Z</time></trkpt><trkpt lat="47.4203580245" lon="11.2273843680"><ele>1046.75</ele><time>2026-08-27T13:09:55Z</time></trkpt><trkpt lat="47.4203948211" lon="11.2274577934"><ele>1046.70</ele><time>2026-08-27T13:09:56Z</time></trkpt><trkpt lat="47.4204342999" lon="11.2275251839"><ele>1046.67</ele><time>2026-08-27T13:09:57Z</time></trkpt><trkpt lat="47.4204767961" lon="11.2275903951"><ele>1046.66</ele><time>2026-08-27T13:09:58Z</time></trkpt><trkpt lat="47.4205275066" lon="11.2276487332"><ele>1046.62</ele><time>2026-08-27T13:09:59Z</time></trkpt><trkpt lat="47.4206405785" lon="11.2277396768"><ele>1046.55</ele><time>2026-08-27T13:10:01Z</time></trkpt><trkpt lat="47.4209562410" lon="11.2278995197"><ele>1046.52</ele><time>2026-08-27T13:10:06Z</time></trkpt><trkpt lat="47.4214241188" lon="11.2280486338"><ele>1046.36</ele><time>2026-08-27T13:10:13Z</time></trkpt><trkpt lat="47.4218518473" lon="11.2283912022"><ele>1046.08</ele><time>2026-08-27T13:10:20Z</time></trkpt><trkpt lat="47.4220919050" lon="11.2286376301"><ele>1046.17</ele><time>2026-08-27T13:10:24Z</time></trkpt><trkpt lat="47.4226426799" lon="11.2291843817"><ele>1045.47</ele><time>2026-08-27T13:10:33Z</time></trkpt><trkpt lat="47.4234287348" lon="11.2298613880"><ele>1044.34</ele><time>2026-08-27T13:10:45Z</time></trkpt><trkpt lat="47.4241594691" lon="11.2304906175"><ele>1043.81</ele><time>2026-08-27T13:10:56Z</time></trkpt><trkpt lat="47.4247483816" lon="11.2311209366"><ele>1043.45</ele><time>2026-08-27T13:11:06Z</time></trkpt><trkpt lat="47.4250019342" lon="11.2314431369"><ele>1042.97</ele><time>2026-08-27T13:11:11Z</time></trkpt><trkpt lat="47.4250514712" lon="11.2315027323"><ele>1042.89</ele><time>2026-08-27T13:11:12Z</time></trkpt><trkpt lat="47.4253822211" lon="11.2319879606"><ele>1042.71</ele><time>2026-08-27T13:11:20Z</time></trkpt><trkpt lat="47.4258153979" lon="11.2326300144"><ele>1041.99</ele><time>2026-08-27T13:11:30Z</time></trkpt><trkpt lat="47.4260905758" lon="11.2329625245"><ele>1041.76</ele><time>2026-08-27T13:11:36Z</time></trkpt><trkpt lat="47.4263800029" lon="11.2332878262"><ele>1041.64</ele><time>2026-08-27T13:11:42Z</time></trkpt><trkpt lat="47.4266271014" lon="11.2335405406"><ele>1041.39</ele><time>2026-08-27T13:11:47Z</time></trkpt><trkpt lat="47.4269989226" lon="11.2339373399"><ele>1041.27</ele><time>2026-08-27T13:11:54Z</time></trkpt><trkpt lat="47.4273595959" lon="11.2343374919"><ele>1041.63</ele><time>2026-08-27T13:12:01Z</time></trkpt><trkpt lat="47.4276849814" lon="11.2347234786"><ele>1041.48</ele><time>2026-08-27T13:12:08Z</time></trkpt><trkpt lat="47.4277253821" lon="11.2347745243"><ele>1041.71</ele><time>2026-08-27T13:12:11Z</time></trkpt><trkpt lat="47.4277335964" lon="11.2347848341"><ele>1042.09</ele><time>2026-08-27T13:12:20Z</time></trkpt><trkpt lat="47.4277308304" lon="11.2347771227"><ele>1042.10</ele><time>2026-08-27T13:12:24Z</time></trkpt><trkpt lat="47.4277387932" lon="11.2347958982"><ele>1042.05</ele><time>2026-08-27T13:12:30Z</time></trkpt><trkpt lat="47.4277449120" lon="11.2347916234"><ele>1042.03</ele><time>2026-08-27T13:12:36Z</time></trkpt><trkpt lat="47.4277603347" lon="11.2348044477"><ele>1041.89</ele><time>2026-08-27T13:12:44Z</time></trkpt><trkpt lat="47.4277967121" lon="11.2348134164"><ele>1041.77</ele><time>2026-08-27T13:13:04Z</time></trkpt><trkpt lat="47.4278169964" lon="11.2348200381"><ele>1041.77</ele><time>2026-08-27T13:13:05Z</time></trkpt><trkpt lat="47.4280192517" lon="11.2348574214"><ele>1041.58</ele><time>2026-08-27T13:13:11Z</time></trkpt><trkpt lat="47.4281925056" lon="11.2348723412"><ele>1041.52</ele><time>2026-08-27T13:13:15Z</time></trkpt><trkpt lat="47.4282349180" lon="11.2348975707"><ele>1041.51</ele><time>2026-08-27T13:13:16Z</time></trkpt><trkpt lat="47.4282718822" lon="11.2349302601"><ele>1041.51</ele><time>2026-08-27T13:13:17Z</time></trkpt><trkpt lat="47.4283002131" lon="11.2349771988"><ele>1041.51</ele><time>2026-08-27T13:13:18Z</time></trkpt><trkpt lat="47.4283225089" lon="11.2350366265"><ele>1041.51</ele><time>2026-08-27T13:13:19Z</time></trkpt><trkpt lat="47.4283439666" lon="11.2351013348"><ele>1041.51</ele><time>2026-08-27T13:13:20Z</time></trkpt><trkpt lat="47.4283681065" lon="11.2351684738"><ele>1041.54</ele><time>2026-08-27T13:13:21Z</time></trkpt><trkpt lat="47.4284841958" lon="11.2355277222"><ele>1041.89</ele><time>2026-08-27T13:13:26Z</time></trkpt><trkpt lat="47.4285185616" lon="11.2355982140"><ele>1042.00</ele><time>2026-08-27T13:13:27Z</time></trkpt><trkpt lat="47.4285572860" lon="11.2356604915"><ele>1042.10</ele><time>2026-08-27T13:13:28Z</time></trkpt><trkpt lat="47.4288333859" lon="11.2360821012"><ele>1042.56</ele><time>2026-08-27T13:13:35Z</time></trkpt><trkpt lat="47.4288645666" lon="11.2361535151"><ele>1042.56</ele><time>2026-08-27T13:13:36Z</time></trkpt><trkpt lat="47.4288894609" lon="11.2362295389"><ele>1042.56</ele><time>2026-08-27T13:13:37Z</time></trkpt><trkpt lat="47.4289825000" lon="11.2366249971"><ele>1042.80</ele><time>2026-08-27T13:13:42Z</time></trkpt><trkpt lat="47.4289918877" lon="11.2367073912"><ele>1042.88</ele><time>2026-08-27T13:13:43Z</time></trkpt><trkpt lat="47.4290225655" lon="11.2374503631"><ele>1044.02</ele><time>2026-08-27T13:13:52Z</time></trkpt><trkpt lat="47.4290081486" lon="11.2384877075"><ele>1045.07</ele><time>2026-08-27T13:14:05Z</time></trkpt><trkpt lat="47.4290512316" lon="11.2390679866"><ele>1045.65</ele><time>2026-08-27T13:14:12Z</time></trkpt><trkpt lat="47.4291939754" lon="11.2397314981"><ele>1046.43</ele><time>2026-08-27T13:14:21Z</time></trkpt><trkpt lat="47.4294533953" lon="11.2405342329"><ele>1046.80</ele><time>2026-08-27T13:14:32Z</time></trkpt><trkpt lat="47.4295500387" lon="11.2408221513"><ele>1047.08</ele><time>2026-08-27T13:14:36Z</time></trkpt><trkpt lat="47.4295850750" lon="11.2408833392"><ele>1047.11</ele><time>2026-08-27T13:14:37Z</time></trkpt><trkpt lat="47.4296258949" lon="11.2409354746"><ele>1047.14</ele><time>2026-08-27T13:14:38Z</time></trkpt><trkpt lat="47.4298526254" lon="11.2411731016"><ele>1047.61</ele><time>2026-08-27T13:14:43Z</time></trkpt><trkpt lat="47.4298948701" lon="11.2412281707"><ele>1047.66</ele><time>2026-08-27T13:14:44Z</time></trkpt><trkpt lat="47.4299313314" lon="11.2412901968"><ele>1047.71</ele><time>2026-08-27T13:14:45Z</time></trkpt><trkpt lat="47.4299641047" lon="11.2413562462"><ele>1047.74</ele><time>2026-08-27T13:14:46Z</time></trkpt><trkpt lat="47.4300216883" lon="11.2415010855"><ele>1047.79</ele><time>2026-08-27T13:14:48Z</time></trkpt><trkpt lat="47.4300432298" lon="11.2415793724"><ele>1047.79</ele><time>2026-08-27T13:14:49Z</time></trkpt><trkpt lat="47.4300585687" lon="11.2416593358"><ele>1047.79</ele><time>2026-08-27T13:14:50Z</time></trkpt><trkpt lat="47.4300798588" lon="11.2418163288"><ele>1047.79</ele><time>2026-08-27T13:14:52Z</time></trkpt><trkpt lat="47.4300814513" lon="11.2418983039"><ele>1047.79</ele><time>2026-08-27T13:14:53Z</time></trkpt><trkpt lat="47.4300755840" lon="11.2419801112"><ele>1047.79</ele><time>2026-08-27T13:14:54Z</time></trkpt><trkpt lat="47.4300098699" lon="11.2422916666"><ele>1047.99</ele><time>2026-08-27T13:14:58Z</time></trkpt><trkpt lat="47.4299799465" lon="11.2423593085"><ele>1048.11</ele><time>2026-08-27T13:14:59Z</time></trkpt><trkpt lat="47.4299434014" lon="11.2424216699"><ele>1048.25</ele><time>2026-08-27T13:15:00Z</time></trkpt><trkpt lat="47.4296711572" lon="11.2429507356"><ele>1049.27</ele><time>2026-08-27T13:15:08Z</time></trkpt><trkpt lat="47.4296114780" lon="11.2430789787"><ele>1049.35</ele><time>2026-08-27T13:15:10Z</time></trkpt><trkpt lat="47.4295901880" lon="11.2431521527"><ele>1049.41</ele><time>2026-08-27T13:15:11Z</time></trkpt><trkpt lat="47.4295756035" lon="11.2432300206"><ele>1049.49</ele><time>2026-08-27T13:15:12Z</time></trkpt><trkpt lat="47.4295673892" lon="11.2433081400"><ele>1049.62</ele><time>2026-08-27T13:15:13Z</time></trkpt><trkpt lat="47.4295661319" lon="11.2433869299"><ele>1049.76</ele><time>2026-08-27T13:15:14Z</time></trkpt><trkpt lat="47.4295703229" lon="11.2434672285"><ele>1049.89</ele><time>2026-08-27T13:15:15Z</time></trkpt><trkpt lat="47.4295744300" lon="11.2435445096"><ele>1049.99</ele><time>2026-08-27T13:15:16Z</time></trkpt><trkpt lat="47.4295844883" lon="11.2437000778"><ele>1050.31</ele><time>2026-08-27T13:15:20Z</time></trkpt><trkpt lat="47.4295855779" lon="11.2437130697"><ele>1041.05</ele><time>2026-08-27T13:15:25Z</time></trkpt><trkpt lat="47.4296312593" lon="11.2437191047"><ele>1053.91</ele><time>2026-08-27T13:18:40Z</time></trkpt><trkpt lat="47.4296357017" lon="11.2437270675"><ele>1053.91</ele><time>2026-08-27T13:18:52Z</time></trkpt><trkpt lat="47.4296265654" lon="11.2437802088"><ele>1053.91</ele><time>2026-08-27T13:19:03Z</time></trkpt><trkpt lat="47.4296172615" lon="11.2438825518"><ele>1050.86</ele><time>2026-08-27T13:19:07Z</time></trkpt><trkpt lat="47.4296071194" lon="11.2439838890"><ele>1049.48</ele><time>2026-08-27T13:19:10Z</time></trkpt><trkpt lat="47.4295206182" lon="11.2442568038"><ele>1048.17</ele><time>2026-08-27T13:19:16Z</time></trkpt><trkpt lat="47.4292933010" lon="11.2447616458"><ele>1046.25</ele><time>2026-08-27T13:19:25Z</time></trkpt><trkpt lat="47.4290909618" lon="11.2454472855"><ele>1044.48</ele><time>2026-08-27T13:19:35Z</time></trkpt><trkpt lat="47.4290764611" lon="11.2455991656"><ele>1044.80</ele><time>2026-08-27T13:19:37Z</time></trkpt><trkpt lat="47.4290750362" lon="11.2456765305"><ele>1044.90</ele><time>2026-08-27T13:19:38Z</time></trkpt><trkpt lat="47.4291707575" lon="11.2462890800"><ele>1045.32</ele><time>2026-08-27T13:19:46Z</time></trkpt><trkpt lat="47.4292788003" lon="11.2465545349"><ele>1045.49</ele><time>2026-08-27T13:19:50Z</time></trkpt><trkpt lat="47.4293141719" lon="11.2466144655"><ele>1045.62</ele><time>2026-08-27T13:19:51Z</time></trkpt><trkpt lat="47.4293541536" lon="11.2466711272"><ele>1045.73</ele><time>2026-08-27T13:19:52Z</time></trkpt><trkpt lat="47.4293982424" lon="11.2467241846"><ele>1045.83</ele><time>2026-08-27T13:19:53Z</time></trkpt><trkpt lat="47.4294445943" lon="11.2467777450"><ele>1045.93</ele><time>2026-08-27T13:19:54Z</time></trkpt><trkpt lat="47.4294864200" lon="11.2468340714"><ele>1046.01</ele><time>2026-08-27T13:19:55Z</time></trkpt><trkpt lat="47.4295918643" lon="11.2470249273"><ele>1046.17</ele><time>2026-08-27T13:19:58Z</time></trkpt><trkpt lat="47.4296096340" lon="11.2471023761"><ele>1046.19</ele><time>2026-08-27T13:19:59Z</time></trkpt><trkpt lat="47.4296165910" lon="11.2471871171"><ele>1046.20</ele><time>2026-08-27T13:20:00Z</time></trkpt><trkpt lat="47.4296080414" lon="11.2478920352"><ele>1045.37</ele><time>2026-08-27T13:20:07Z</time></trkpt><trkpt lat="47.4295416567" lon="11.2487023976"><ele>1042.12</ele><time>2026-08-27T13:20:13Z</time></trkpt><trkpt lat="47.4295232166" lon="11.2494913023"><ele>1038.67</ele><time>2026-08-27T13:20:18Z</time></trkpt><trkpt lat="47.4295103922" lon="11.2499973178"><ele>1035.66</ele><time>2026-08-27T13:20:21Z</time></trkpt><trkpt lat="47.4294879287" lon="11.2506893277"><ele>1031.77</ele><time>2026-08-27T13:20:25Z</time></trkpt><trkpt lat="47.4294824805" lon="11.2514174636"><ele>1028.63</ele><time>2026-08-27T13:20:29Z</time></trkpt><trkpt lat="47.4295179360" lon="11.2515902147"><ele>1027.73</ele><time>2026-08-27T13:20:30Z</time></trkpt><trkpt lat="47.4296072870" lon="11.2519295979"><ele>1025.28</ele><time>2026-08-27T13:20:32Z</time></trkpt><trkpt lat="47.4296167586" lon="11.2521072943"><ele>1024.56</ele><time>2026-08-27T13:20:33Z</time></trkpt><trkpt lat="47.4295928702" lon="11.2522858288"><ele>1023.72</ele><time>2026-08-27T13:20:34Z</time></trkpt><trkpt lat="47.4295420758" lon="11.2524502818"><ele>1022.83</ele><time>2026-08-27T13:20:35Z</time></trkpt><trkpt lat="47.4294822291" lon="11.2525870744"><ele>1021.91</ele><time>2026-08-27T13:20:36Z</time></trkpt><trkpt lat="47.4294290878" lon="11.2527108751"><ele>1020.95</ele><time>2026-08-27T13:20:37Z</time></trkpt><trkpt lat="47.4294029362" lon="11.2528471649"><ele>1020.13</ele><time>2026-08-27T13:20:38Z</time></trkpt><trkpt lat="47.4294167664" lon="11.2529880647"><ele>1019.57</ele><time>2026-08-27T13:20:39Z</time></trkpt><trkpt lat="47.4294672254" lon="11.2531145476"><ele>1019.21</ele><time>2026-08-27T13:20:40Z</time></trkpt><trkpt lat="47.4295450933" lon="11.2532215007"><ele>1018.91</ele><time>2026-08-27T13:20:41Z</time></trkpt><trkpt lat="47.4296330195" lon="11.2533171382"><ele>1018.47</ele><time>2026-08-27T13:20:42Z</time></trkpt><trkpt lat="47.4298197683" lon="11.2535085808"><ele>1017.22</ele><time>2026-08-27T13:20:44Z</time></trkpt><trkpt lat="47.4300910905" lon="11.2538513169"><ele>1014.92</ele><time>2026-08-27T13:20:47Z</time></trkpt><trkpt lat="47.4304062501" lon="11.2541714218"><ele>1011.93</ele><time>2026-08-27T13:20:50Z</time></trkpt><trkpt lat="47.4305220880" lon="11.2542594317"><ele>1010.86</ele><time>2026-08-27T13:20:51Z</time></trkpt><trkpt lat="47.4306349084" lon="11.2543549016"><ele>1009.63</ele><time>2026-08-27T13:20:52Z</time></trkpt><trkpt lat="47.4307380896" lon="11.2544748466"><ele>1008.27</ele><time>2026-08-27T13:20:53Z</time></trkpt><trkpt lat="47.4308390915" lon="11.2546045147"><ele>1006.79</ele><time>2026-08-27T13:20:54Z</time></trkpt><trkpt lat="47.4310524948" lon="11.2548542116"><ele>1002.99</ele><time>2026-08-27T13:20:56Z</time></trkpt><trkpt lat="47.4311665725" lon="11.2549623381"><ele>1002.19</ele><time>2026-08-27T13:20:57Z</time></trkpt><trkpt lat="47.4312858470" lon="11.2550559640"><ele>1001.28</ele><time>2026-08-27T13:20:58Z</time></trkpt><trkpt lat="47.4315275811" lon="11.2552376837"><ele>999.06</ele><time>2026-08-27T13:21:00Z</time></trkpt><trkpt lat="47.4317538086" lon="11.2554581277"><ele>996.57</ele><time>2026-08-27T13:21:02Z</time></trkpt><trkpt lat="47.4318508711" lon="11.2555975188"><ele>995.39</ele><time>2026-08-27T13:21:03Z</time></trkpt><trkpt lat="47.4319378752" lon="11.2557511590"><ele>994.22</ele><time>2026-08-27T13:21:04Z</time></trkpt><trkpt lat="47.4320163298" lon="11.2559156958"><ele>993.16</ele><time>2026-08-27T13:21:05Z</time></trkpt><trkpt lat="47.4320929404" lon="11.2560866866"><ele>992.24</ele><time>2026-08-27T13:21:06Z</time></trkpt><trkpt lat="47.4322650209" lon="11.2564207055"><ele>990.63</ele><time>2026-08-27T13:21:08Z</time></trkpt><trkpt lat="47.4323664419" lon="11.2565722503"><ele>989.88</ele><time>2026-08-27T13:21:09Z</time></trkpt><trkpt lat="47.4324593972" lon="11.2567334343"><ele>988.98</ele><time>2026-08-27T13:21:10Z</time></trkpt><trkpt lat="47.4325378519" lon="11.2569087837"><ele>988.00</ele><time>2026-08-27T13:21:11Z</time></trkpt><trkpt lat="47.4326237664" lon="11.2570727337"><ele>986.90</ele><time>2026-08-27T13:21:12Z</time></trkpt><trkpt lat="47.4327117763" lon="11.2572428863"><ele>985.71</ele><time>2026-08-27T13:21:13Z</time></trkpt><trkpt lat="47.4329570308" lon="11.2577378377"><ele>983.52</ele><time>2026-08-27T13:21:16Z</time></trkpt><trkpt lat="47.4330587871" lon="11.2578698527"><ele>982.57</ele><time>2026-08-27T13:21:17Z</time></trkpt><trkpt lat="47.4331762176" lon="11.2579752970"><ele>981.43</ele><time>2026-08-27T13:21:18Z</time></trkpt><trkpt lat="47.4333032034" lon="11.2580629718"><ele>979.05</ele><time>2026-08-27T13:21:19Z</time></trkpt><trkpt lat="47.4334282614" lon="11.2581543345"><ele>977.80</ele><time>2026-08-27T13:21:20Z</time></trkpt><trkpt lat="47.4335416686" lon="11.2582591083"><ele>976.53</ele><time>2026-08-27T13:21:21Z</time></trkpt><trkpt lat="47.4336421676" lon="11.2583694980"><ele>975.19</ele><time>2026-08-27T13:21:22Z</time></trkpt><trkpt lat="47.4338305090" lon="11.2585523073"><ele>972.68</ele><time>2026-08-27T13:21:24Z</time></trkpt><trkpt lat="47.4339315947" lon="11.2585931271"><ele>971.83</ele><time>2026-08-27T13:21:25Z</time></trkpt><trkpt lat="47.4340409786" lon="11.2585829012"><ele>971.24</ele><time>2026-08-27T13:21:26Z</time></trkpt><trkpt lat="47.4341407232" lon="11.2585300114"><ele>970.74</ele><time>2026-08-27T13:21:27Z</time></trkpt><trkpt lat="47.4342347682" lon="11.2584534008"><ele>970.10</ele><time>2026-08-27T13:21:28Z</time></trkpt><trkpt lat="47.4343305733" lon="11.2583699171"><ele>969.25</ele><time>2026-08-27T13:21:29Z</time></trkpt><trkpt lat="47.4347037356" lon="11.2579753809"><ele>965.77</ele><time>2026-08-27T13:21:33Z</time></trkpt><trkpt lat="47.4347748142" lon="11.2578349002"><ele>964.98</ele><time>2026-08-27T13:21:34Z</time></trkpt><trkpt lat="47.4349795002" lon="11.2572326604"><ele>961.57</ele><time>2026-08-27T13:21:38Z</time></trkpt><trkpt lat="47.4351082463" lon="11.2567706499"><ele>960.21</ele><time>2026-08-27T13:21:41Z</time></trkpt><trkpt lat="47.4352840986" lon="11.2559728604"><ele>958.13</ele><time>2026-08-27T13:21:47Z</time></trkpt><trkpt lat="47.4353021197" lon="11.2559014466"><ele>958.09</ele><time>2026-08-27T13:21:48Z</time></trkpt><trkpt lat="47.4353213143" lon="11.2558493111"><ele>958.15</ele><time>2026-08-27T13:21:49Z</time></trkpt><trkpt lat="47.4353457894" lon="11.2558146939"><ele>958.40</ele><time>2026-08-27T13:21:50Z</time></trkpt><trkpt lat="47.4353814963" lon="11.2557896320"><ele>958.69</ele><time>2026-08-27T13:21:51Z</time></trkpt><trkpt lat="47.4354240764" lon="11.2557704374"><ele>958.85</ele><time>2026-08-27T13:21:52Z</time></trkpt><trkpt lat="47.4354694225" lon="11.2557536736"><ele>958.94</ele><time>2026-08-27T13:21:53Z</time></trkpt><trkpt lat="47.4355125893" lon="11.2557266839"><ele>958.98</ele><time>2026-08-27T13:21:54Z</time></trkpt><trkpt lat="47.4355406687" lon="11.2556827627"><ele>958.93</ele><time>2026-08-27T13:21:55Z</time></trkpt><trkpt lat="47.4355568457" lon="11.2556342315"><ele>958.85</ele><time>2026-08-27T13:21:56Z</time></trkpt><trkpt lat="47.4355613720" lon="11.2555911485"><ele>958.82</ele><time>2026-08-27T13:21:57Z</time></trkpt><trkpt lat="47.4355592765" lon="11.2555535138"><ele>958.80</ele><time>2026-08-27T13:21:58Z</time></trkpt><trkpt lat="47.4355565943" lon="11.2555200700"><ele>958.81</ele><time>2026-08-27T13:21:59Z</time></trkpt><trkpt lat="47.4355589412" lon="11.2554892246"><ele>958.98</ele><time>2026-08-27T13:22:00Z</time></trkpt><trkpt lat="47.4355615396" lon="11.2554561999"><ele>959.27</ele><time>2026-08-27T13:22:01Z</time></trkpt><trkpt lat="47.4355623778" lon="11.2554214150"><ele>959.60</ele><time>2026-08-27T13:22:02Z</time></trkpt><trkpt lat="47.4355838355" lon="11.2552477419"><ele>960.74</ele><time>2026-08-27T13:22:08Z</time></trkpt><trkpt lat="47.4355888646" lon="11.2552246917"><ele>960.86</ele><time>2026-08-27T13:22:09Z</time></trkpt><trkpt lat="47.4355964083" lon="11.2552008871"><ele>961.01</ele><time>2026-08-27T13:22:10Z</time></trkpt><trkpt lat="47.4356027786" lon="11.2551741488"><ele>961.16</ele><time>2026-08-27T13:22:11Z</time></trkpt><trkpt lat="47.4356082268" lon="11.2551412079"><ele>961.29</ele><time>2026-08-27T13:22:12Z</time></trkpt><trkpt lat="47.4356171116" lon="11.2551087700"><ele>961.40</ele><time>2026-08-27T13:22:13Z</time></trkpt><trkpt lat="47.4356264994" lon="11.2550793495"><ele>961.51</ele><time>2026-08-27T13:22:14Z</time></trkpt><trkpt lat="47.4357393198" lon="11.2548876554"><ele>962.44</ele><time>2026-08-27T13:22:21Z</time></trkpt><trkpt lat="47.4358455185" lon="11.2546678819"><ele>963.60</ele><time>2026-08-27T13:22:29Z</time></trkpt><trkpt lat="47.4358656351" lon="11.2546053529"><ele>963.98</ele><time>2026-08-27T13:22:31Z</time></trkpt><trkpt lat="47.4358686525" lon="11.2545708194"><ele>964.12</ele><time>2026-08-27T13:22:32Z</time></trkpt><trkpt lat="47.4358757772" lon="11.2545371242"><ele>964.28</ele><time>2026-08-27T13:22:33Z</time></trkpt><trkpt lat="47.4358796328" lon="11.2545035966"><ele>964.43</ele><time>2026-08-27T13:22:34Z</time></trkpt><trkpt lat="47.4358853325" lon="11.2544769421"><ele>964.59</ele><time>2026-08-27T13:22:35Z</time></trkpt><trkpt lat="47.4358881824" lon="11.2544460967"><ele>964.75</ele><time>2026-08-27T13:22:36Z</time></trkpt><trkpt lat="47.4358857516" lon="11.2544165924"><ele>964.92</ele><time>2026-08-27T13:22:37Z</time></trkpt><trkpt lat="47.4358852487" lon="11.2543900218"><ele>965.11</ele><time>2026-08-27T13:22:38Z</time></trkpt><trkpt lat="47.4358845782" lon="11.2543642055"><ele>965.28</ele><time>2026-08-27T13:22:39Z</time></trkpt><trkpt lat="47.4358684011" lon="11.2541538198"><ele>966.08</ele><time>2026-08-27T13:22:46Z</time></trkpt><trkpt lat="47.4358518049" lon="11.2540768739"><ele>966.61</ele><time>2026-08-27T13:22:49Z</time></trkpt><trkpt lat="47.4358527269" lon="11.2540482916"><ele>966.78</ele><time>2026-08-27T13:22:50Z</time></trkpt><trkpt lat="47.4358556606" lon="11.2540182844"><ele>966.97</ele><time>2026-08-27T13:22:51Z</time></trkpt><trkpt lat="47.4358558282" lon="11.2539859302"><ele>967.21</ele><time>2026-08-27T13:22:52Z</time></trkpt><trkpt lat="47.4358589295" lon="11.2539561745"><ele>967.46</ele><time>2026-08-27T13:22:53Z</time></trkpt><trkpt lat="47.4358618632" lon="11.2539270055"><ele>967.72</ele><time>2026-08-27T13:22:54Z</time></trkpt><trkpt lat="47.4358760286" lon="11.2536884565"><ele>969.34</ele><time>2026-08-27T13:23:01Z</time></trkpt><trkpt lat="47.4358866736" lon="11.2534776516"><ele>970.46</ele><time>2026-08-27T13:23:07Z</time></trkpt><trkpt lat="47.4359316006" lon="11.2533289567"><ele>971.31</ele><time>2026-08-27T13:23:12Z</time></trkpt><trkpt lat="47.4359456822" lon="11.2532965187"><ele>971.48</ele><time>2026-08-27T13:23:13Z</time></trkpt><trkpt lat="47.4359600991" lon="11.2532220874"><ele>971.70</ele><time>2026-08-27T13:23:15Z</time></trkpt><trkpt lat="47.4359658826" lon="11.2531885598"><ele>971.84</ele><time>2026-08-27T13:23:16Z</time></trkpt><trkpt lat="47.4360138271" lon="11.2529164832"><ele>972.73</ele><time>2026-08-27T13:23:24Z</time></trkpt><trkpt lat="47.4360605143" lon="11.2527745776"><ele>973.30</ele><time>2026-08-27T13:23:29Z</time></trkpt><trkpt lat="47.4360665493" lon="11.2527438998"><ele>973.36</ele><time>2026-08-27T13:23:30Z</time></trkpt><trkpt lat="47.4360714108" lon="11.2527016550"><ele>973.42</ele><time>2026-08-27T13:23:31Z</time></trkpt><trkpt lat="47.4360774457" lon="11.2526579853"><ele>973.47</ele><time>2026-08-27T13:23:32Z</time></trkpt><trkpt lat="47.4360869173" lon="11.2526127230"><ele>973.50</ele><time>2026-08-27T13:23:33Z</time></trkpt><trkpt lat="47.4361038487" lon="11.2525746692"><ele>973.57</ele><time>2026-08-27T13:23:34Z</time></trkpt><trkpt lat="47.4361973908" lon="11.2523709890"><ele>974.19</ele><time>2026-08-27T13:23:40Z</time></trkpt><trkpt lat="47.4362585787" lon="11.2522523850"><ele>974.68</ele><time>2026-08-27T13:23:44Z</time></trkpt><trkpt lat="47.4362757616" lon="11.2522164267"><ele>974.79</ele><time>2026-08-27T13:23:45Z</time></trkpt><trkpt lat="47.4364262167" lon="11.2519613653"><ele>975.70</ele><time>2026-08-27T13:23:53Z</time></trkpt><trkpt lat="47.4365982972" lon="11.2516853493"><ele>976.67</ele><time>2026-08-27T13:24:02Z</time></trkpt><trkpt lat="47.4367876444" lon="11.2516764645"><ele>977.53</ele><time>2026-08-27T13:24:09Z</time></trkpt><trkpt lat="47.4369613174" lon="11.2516384106"><ele>978.43</ele><time>2026-08-27T13:24:16Z</time></trkpt><trkpt lat="47.4370829388" lon="11.2514210679"><ele>979.28</ele><time>2026-08-27T13:24:24Z</time></trkpt><trkpt lat="47.4371603876" lon="11.2511691079"><ele>980.33</ele><time>2026-08-27T13:24:32Z</time></trkpt><trkpt lat="47.4373001140" lon="11.2508692872"><ele>981.96</ele><time>2026-08-27T13:24:42Z</time></trkpt><trkpt lat="47.4374632258" lon="11.2507008947"><ele>983.03</ele><time>2026-08-27T13:24:50Z</time></trkpt><trkpt lat="47.4376112502" lon="11.2505820394"><ele>984.66</ele><time>2026-08-27T13:24:58Z</time></trkpt><trkpt lat="47.4377352186" lon="11.2503578234"><ele>986.64</ele><time>2026-08-27T13:25:08Z</time></trkpt><trkpt lat="47.4377562571" lon="11.2501558196"><ele>987.98</ele><time>2026-08-27T13:25:15Z</time></trkpt><trkpt lat="47.4377187062" lon="11.2498920411"><ele>989.73</ele><time>2026-08-27T13:25:25Z</time></trkpt><trkpt lat="47.4377153534" lon="11.2498674821"><ele>989.84</ele><time>2026-08-27T13:25:26Z</time></trkpt><trkpt lat="47.4377117492" lon="11.2498430908"><ele>989.98</ele><time>2026-08-27T13:25:27Z</time></trkpt><trkpt lat="47.4376760423" lon="11.2495820783"><ele>991.19</ele><time>2026-08-27T13:25:36Z</time></trkpt><trkpt lat="47.4376799818" lon="11.2495522387"><ele>991.36</ele><time>2026-08-27T13:25:37Z</time></trkpt><trkpt lat="47.4376747850" lon="11.2494526617"><ele>991.98</ele><time>2026-08-27T13:25:40Z</time></trkpt><trkpt lat="47.4376685824" lon="11.2494193856"><ele>992.18</ele><time>2026-08-27T13:25:41Z</time></trkpt><trkpt lat="47.4376640562" lon="11.2493861932"><ele>992.35</ele><time>2026-08-27T13:25:42Z</time></trkpt><trkpt lat="47.4376636371" lon="11.2493545096"><ele>992.51</ele><time>2026-08-27T13:25:43Z</time></trkpt><trkpt lat="47.4376635533" lon="11.2493272685"><ele>992.66</ele><time>2026-08-27T13:25:44Z</time></trkpt><trkpt lat="47.4376625475" lon="11.2492980994"><ele>993.00</ele><time>2026-08-27T13:25:45Z</time></trkpt><trkpt lat="47.4376565125" lon="11.2492630631"><ele>993.16</ele><time>2026-08-27T13:25:46Z</time></trkpt><trkpt lat="47.4376494717" lon="11.2492290325"><ele>993.30</ele><time>2026-08-27T13:25:47Z</time></trkpt><trkpt lat="47.4375970848" lon="11.2490200717"><ele>994.15</ele><time>2026-08-27T13:25:54Z</time></trkpt><trkpt lat="47.4375027884" lon="11.2487011403"><ele>995.19</ele><time>2026-08-27T13:26:03Z</time></trkpt><trkpt lat="47.4374426063" lon="11.2484925985"><ele>996.03</ele><time>2026-08-27T13:26:10Z</time></trkpt><trkpt lat="47.4374356493" lon="11.2484660279"><ele>996.13</ele><time>2026-08-27T13:26:11Z</time></trkpt><trkpt lat="47.4374291115" lon="11.2484394573"><ele>996.25</ele><time>2026-08-27T13:26:12Z</time></trkpt><trkpt lat="47.4374268483" lon="11.2484093662"><ele>996.36</ele><time>2026-08-27T13:26:13Z</time></trkpt><trkpt lat="47.4374258425" lon="11.2483753357"><ele>996.47</ele><time>2026-08-27T13:26:14Z</time></trkpt><trkpt lat="47.4374175444" lon="11.2483369466"><ele>996.59</ele><time>2026-08-27T13:26:15Z</time></trkpt><trkpt lat="47.4374120962" lon="11.2482886668"><ele>996.76</ele><time>2026-08-27T13:26:16Z</time></trkpt><trkpt lat="47.4374072347" lon="11.2482491042"><ele>996.92</ele><time>2026-08-27T13:26:17Z</time></trkpt><trkpt lat="47.4374073185" lon="11.2482178397"><ele>997.07</ele><time>2026-08-27T13:26:18Z</time></trkpt><trkpt lat="47.4374064803" lon="11.2481824681"><ele>997.21</ele><time>2026-08-27T13:26:19Z</time></trkpt><trkpt lat="47.4373976793" lon="11.2481522933"><ele>997.36</ele><time>2026-08-27T13:26:20Z</time></trkpt><trkpt lat="47.4373982660" lon="11.2481160834"><ele>997.50</ele><time>2026-08-27T13:26:21Z</time></trkpt><trkpt lat="47.4373983499" lon="11.2480771076"><ele>997.63</ele><time>2026-08-27T13:26:22Z</time></trkpt><trkpt lat="47.4373911414" lon="11.2480522133"><ele>997.73</ele><time>2026-08-27T13:26:23Z</time></trkpt><trkpt lat="47.4373872019" lon="11.2480251398"><ele>997.80</ele><time>2026-08-27T13:26:24Z</time></trkpt><trkpt lat="47.4373831786" lon="11.2479979824"><ele>997.88</ele><time>2026-08-27T13:26:25Z</time></trkpt><trkpt lat="47.4373796582" lon="11.2479642034"><ele>997.96</ele><time>2026-08-27T13:26:26Z</time></trkpt><trkpt lat="47.4373753835" lon="11.2479298376"><ele>998.04</ele><time>2026-08-27T13:26:27Z</time></trkpt><trkpt lat="47.4373687617" lon="11.2478942983"><ele>998.16</ele><time>2026-08-27T13:26:28Z</time></trkpt><trkpt lat="47.4373580329" lon="11.2477039453"><ele>998.96</ele><time>2026-08-27T13:26:34Z</time></trkpt><trkpt lat="47.4373553507" lon="11.2476093136"><ele>999.30</ele><time>2026-08-27T13:26:37Z</time></trkpt><trkpt lat="47.4373470526" lon="11.2475188728"><ele>999.58</ele><time>2026-08-27T13:26:40Z</time></trkpt><trkpt lat="47.4373410176" lon="11.2474869378"><ele>999.69</ele><time>2026-08-27T13:26:41Z</time></trkpt><trkpt lat="47.4373424426" lon="11.2474586070"><ele>999.84</ele><time>2026-08-27T13:26:42Z</time></trkpt><trkpt lat="47.4373392574" lon="11.2474286836"><ele>1000.01</ele><time>2026-08-27T13:26:43Z</time></trkpt><trkpt lat="47.4373377487" lon="11.2474038731"><ele>1000.16</ele><time>2026-08-27T13:26:44Z</time></trkpt><trkpt lat="47.4373370782" lon="11.2473753747"><ele>1000.33</ele><time>2026-08-27T13:26:45Z</time></trkpt><trkpt lat="47.4373323843" lon="11.2473395001"><ele>1000.51</ele><time>2026-08-27T13:26:46Z</time></trkpt><trkpt lat="47.4373274390" lon="11.2472908013"><ele>1000.65</ele><time>2026-08-27T13:26:47Z</time></trkpt><trkpt lat="47.4373343959" lon="11.2472466286"><ele>1000.77</ele><time>2026-08-27T13:26:48Z</time></trkpt><trkpt lat="47.4373388384" lon="11.2472098321"><ele>1000.92</ele><time>2026-08-27T13:26:49Z</time></trkpt><trkpt lat="47.4373459630" lon="11.2471728679"><ele>1001.12</ele><time>2026-08-27T13:26:50Z</time></trkpt><trkpt lat="47.4373413529" lon="11.2470169645"><ele>1002.16</ele><time>2026-08-27T13:26:55Z</time></trkpt><trkpt lat="47.4373141956" lon="11.2468296289"><ele>1003.22</ele><time>2026-08-27T13:27:01Z</time></trkpt><trkpt lat="47.4372339807" lon="11.2465765793"><ele>1004.01</ele><time>2026-08-27T13:27:09Z</time></trkpt><trkpt lat="47.4371846952" lon="11.2464236096"><ele>1004.53</ele><time>2026-08-27T13:27:14Z</time></trkpt><trkpt lat="47.4370908178" lon="11.2461481802"><ele>1005.59</ele><time>2026-08-27T13:27:22Z</time></trkpt><trkpt lat="47.4369836971" lon="11.2458817195"><ele>1006.70</ele><time>2026-08-27T13:27:30Z</time></trkpt><trkpt lat="47.4369153846" lon="11.2456442602"><ele>1007.80</ele><time>2026-08-27T13:27:37Z</time></trkpt><trkpt lat="47.4368566275" lon="11.2454164401"><ele>1008.73</ele><time>2026-08-27T13:27:44Z</time></trkpt><trkpt lat="47.4368041568" lon="11.2452073954"><ele>1009.75</ele><time>2026-08-27T13:27:51Z</time></trkpt><trkpt lat="47.4367576372" lon="11.2450034637"><ele>1010.60</ele><time>2026-08-27T13:27:58Z</time></trkpt><trkpt lat="47.4367571343" lon="11.2449716125"><ele>1010.77</ele><time>2026-08-27T13:27:59Z</time></trkpt><trkpt lat="47.4367542844" lon="11.2449420244"><ele>1010.97</ele><time>2026-08-27T13:28:00Z</time></trkpt><trkpt lat="47.4367356766" lon="11.2448379211"><ele>1011.67</ele><time>2026-08-27T13:28:04Z</time></trkpt><trkpt lat="47.4367359281" lon="11.2448116858"><ele>1011.77</ele><time>2026-08-27T13:28:05Z</time></trkpt><trkpt lat="47.4367339164" lon="11.2447853666"><ele>1011.88</ele><time>2026-08-27T13:28:06Z</time></trkpt><trkpt lat="47.4367329944" lon="11.2447556946"><ele>1012.01</ele><time>2026-08-27T13:28:07Z</time></trkpt><trkpt lat="47.4367273785" lon="11.2447262742"><ele>1012.15</ele><time>2026-08-27T13:28:08Z</time></trkpt><trkpt lat="47.4366879836" lon="11.2445856258"><ele>1012.93</ele><time>2026-08-27T13:28:13Z</time></trkpt><trkpt lat="47.4366808590" lon="11.2445648387"><ele>1013.06</ele><time>2026-08-27T13:28:14Z</time></trkpt><trkpt lat="47.4365942739" lon="11.2443506811"><ele>1014.58</ele><time>2026-08-27T13:28:22Z</time></trkpt><trkpt lat="47.4365849700" lon="11.2443285529"><ele>1014.75</ele><time>2026-08-27T13:28:23Z</time></trkpt><trkpt lat="47.4365767557" lon="11.2443051673"><ele>1014.92</ele><time>2026-08-27T13:28:24Z</time></trkpt><trkpt lat="47.4365717266" lon="11.2442862242"><ele>1015.09</ele><time>2026-08-27T13:28:25Z</time></trkpt><trkpt lat="47.4365341756" lon="11.2440813705"><ele>1016.24</ele><time>2026-08-27T13:28:31Z</time></trkpt><trkpt lat="47.4364290666" lon="11.2437786162"><ele>1017.79</ele><time>2026-08-27T13:28:40Z</time></trkpt><trkpt lat="47.4363475945" lon="11.2436033506"><ele>1018.38</ele><time>2026-08-27T13:28:46Z</time></trkpt><trkpt lat="47.4362257216" lon="11.2433589343"><ele>1019.71</ele><time>2026-08-27T13:28:55Z</time></trkpt><trkpt lat="47.4361398909" lon="11.2430959102"><ele>1021.44</ele><time>2026-08-27T13:29:04Z</time></trkpt><trkpt lat="47.4361240491" lon="11.2429352291"><ele>1022.51</ele><time>2026-08-27T13:29:09Z</time></trkpt><trkpt lat="47.4361313414" lon="11.2429042999"><ele>1022.70</ele><time>2026-08-27T13:29:10Z</time></trkpt><trkpt lat="47.4361469317" lon="11.2428158708"><ele>1023.14</ele><time>2026-08-27T13:29:13Z</time></trkpt><trkpt lat="47.4362299126" lon="11.2426094245"><ele>1024.18</ele><time>2026-08-27T13:29:20Z</time></trkpt><trkpt lat="47.4363067746" lon="11.2424321473"><ele>1025.19</ele><time>2026-08-27T13:29:26Z</time></trkpt><trkpt lat="47.4363140669" lon="11.2424036488"><ele>1025.36</ele><time>2026-08-27T13:29:27Z</time></trkpt><trkpt lat="47.4363265559" lon="11.2423738930"><ele>1025.54</ele><time>2026-08-27T13:29:28Z</time></trkpt><trkpt lat="47.4363384582" lon="11.2423455622"><ele>1025.70</ele><time>2026-08-27T13:29:29Z</time></trkpt><trkpt lat="47.4363521207" lon="11.2423168961"><ele>1025.85</ele><time>2026-08-27T13:29:30Z</time></trkpt><trkpt lat="47.4363637716" lon="11.2422879785"><ele>1025.97</ele><time>2026-08-27T13:29:31Z</time></trkpt><trkpt lat="47.4363758415" lon="11.2422607373"><ele>1026.09</ele><time>2026-08-27T13:29:32Z</time></trkpt><trkpt lat="47.4363879114" lon="11.2422310654"><ele>1026.23</ele><time>2026-08-27T13:29:33Z</time></trkpt><trkpt lat="47.4363945331" lon="11.2421981245"><ele>1026.38</ele><time>2026-08-27T13:29:34Z</time></trkpt><trkpt lat="47.4364017416" lon="11.2421656866"><ele>1026.50</ele><time>2026-08-27T13:29:35Z</time></trkpt><trkpt lat="47.4364283122" lon="11.2417940330"><ele>1028.29</ele><time>2026-08-27T13:29:46Z</time></trkpt><trkpt lat="47.4364470877" lon="11.2414356228"><ele>1030.62</ele><time>2026-08-27T13:29:57Z</time></trkpt><trkpt lat="47.4364597443" lon="11.2411707547"><ele>1031.60</ele><time>2026-08-27T13:30:05Z</time></trkpt><trkpt lat="47.4364621751" lon="11.2408113386"><ele>1032.66</ele><time>2026-08-27T13:30:15Z</time></trkpt><trkpt lat="47.4364778493" lon="11.2405491527"><ele>1033.67</ele><time>2026-08-27T13:30:23Z</time></trkpt><trkpt lat="47.4364877399" lon="11.2402911577"><ele>1034.92</ele><time>2026-08-27T13:30:30Z</time></trkpt><trkpt lat="47.4365192559" lon="11.2401400320"><ele>1035.63</ele><time>2026-08-27T13:30:34Z</time></trkpt><trkpt lat="47.4365381990" lon="11.2401231844"><ele>1035.86</ele><time>2026-08-27T13:30:35Z</time></trkpt><trkpt lat="47.4365536217" lon="11.2401196640"><ele>1035.97</ele><time>2026-08-27T13:30:36Z</time></trkpt><trkpt lat="47.4365725648" lon="11.2401227653"><ele>1036.13</ele><time>2026-08-27T13:30:37Z</time></trkpt><trkpt lat="47.4365909211" lon="11.2401267886"><ele>1036.33</ele><time>2026-08-27T13:30:38Z</time></trkpt><trkpt lat="47.4366121273" lon="11.2401252799"><ele>1036.49</ele><time>2026-08-27T13:30:39Z</time></trkpt><trkpt lat="47.4368052464" lon="11.2400789279"><ele>1036.33</ele><time>2026-08-27T13:30:45Z</time></trkpt><trkpt lat="47.4369090144" lon="11.2400241941"><ele>1035.73</ele><time>2026-08-27T13:30:47Z</time></trkpt><trkpt lat="47.4369611498" lon="11.2399832066"><ele>1035.28</ele><time>2026-08-27T13:30:48Z</time></trkpt><trkpt lat="47.4370791670" lon="11.2398776785"><ele>1033.99</ele><time>2026-08-27T13:30:50Z</time></trkpt><trkpt lat="47.4372140318" lon="11.2397506088"><ele>1031.56</ele><time>2026-08-27T13:30:54Z</time></trkpt><trkpt lat="47.4372222461" lon="11.2397258822"><ele>1031.30</ele><time>2026-08-27T13:30:55Z</time></trkpt><trkpt lat="47.4372234195" lon="11.2396970484"><ele>1031.12</ele><time>2026-08-27T13:30:56Z</time></trkpt><trkpt lat="47.4372175522" lon="11.2396712322"><ele>1031.00</ele><time>2026-08-27T13:30:57Z</time></trkpt><trkpt lat="47.4371979386" lon="11.2396456674"><ele>1030.85</ele><time>2026-08-27T13:30:58Z</time></trkpt><trkpt lat="47.4371729605" lon="11.2396195997"><ele>1030.66</ele><time>2026-08-27T13:30:59Z</time></trkpt><trkpt lat="47.4371433724" lon="11.2395900954"><ele>1030.27</ele><time>2026-08-27T13:31:00Z</time></trkpt><trkpt lat="47.4371158797" lon="11.2395644467"><ele>1030.05</ele><time>2026-08-27T13:31:01Z</time></trkpt><trkpt lat="47.4370810110" lon="11.2395242974"><ele>1029.80</ele><time>2026-08-27T13:31:02Z</time></trkpt><trkpt lat="47.4370358326" lon="11.2394704018"><ele>1029.50</ele><time>2026-08-27T13:31:03Z</time></trkpt><trkpt lat="47.4370002095" lon="11.2394057773"><ele>1029.18</ele><time>2026-08-27T13:31:04Z</time></trkpt><trkpt lat="47.4369264487" lon="11.2392394803"><ele>1028.51</ele><time>2026-08-27T13:31:06Z</time></trkpt><trkpt lat="47.4368933402" lon="11.2391516380"><ele>1028.02</ele><time>2026-08-27T13:31:07Z</time></trkpt><trkpt lat="47.4367970321" lon="11.2388278451"><ele>1026.39</ele><time>2026-08-27T13:31:10Z</time></trkpt><trkpt lat="47.4367899913" lon="11.2387085706"><ele>1025.84</ele><time>2026-08-27T13:31:11Z</time></trkpt><trkpt lat="47.4368046597" lon="11.2385872845"><ele>1025.33</ele><time>2026-08-27T13:31:12Z</time></trkpt><trkpt lat="47.4368259497" lon="11.2384618074"><ele>1024.69</ele><time>2026-08-27T13:31:13Z</time></trkpt><trkpt lat="47.4368438032" lon="11.2383385096"><ele>1023.95</ele><time>2026-08-27T13:31:14Z</time></trkpt><trkpt lat="47.4368609861" lon="11.2382136192"><ele>1023.25</ele><time>2026-08-27T13:31:15Z</time></trkpt><trkpt lat="47.4368885625" lon="11.2381005473"><ele>1022.79</ele><time>2026-08-27T13:31:16Z</time></trkpt><trkpt lat="47.4369115289" lon="11.2380159739"><ele>1022.55</ele><time>2026-08-27T13:31:17Z</time></trkpt><trkpt lat="47.4369376805" lon="11.2378599029"><ele>1023.05</ele><time>2026-08-27T13:31:21Z</time></trkpt><trkpt lat="47.4369401950" lon="11.2378359307"><ele>1023.34</ele><time>2026-08-27T13:31:22Z</time></trkpt><trkpt lat="47.4369368423" lon="11.2378091086"><ele>1023.49</ele><time>2026-08-27T13:31:23Z</time></trkpt><trkpt lat="47.4368919991" lon="11.2375514489"><ele>1023.53</ele><time>2026-08-27T13:31:30Z</time></trkpt><trkpt lat="47.4368495867" lon="11.2375036720"><ele>1023.48</ele><time>2026-08-27T13:31:32Z</time></trkpt><trkpt lat="47.4368313979" lon="11.2374728266"><ele>1023.47</ele><time>2026-08-27T13:31:33Z</time></trkpt><trkpt lat="47.4367573019" lon="11.2372765224"><ele>1023.42</ele><time>2026-08-27T13:31:41Z</time></trkpt><trkpt lat="47.4367340840" lon="11.2371534761"><ele>1023.42</ele><time>2026-08-27T13:31:48Z</time></trkpt><trkpt lat="47.4367312342" lon="11.2371177692"><ele>1023.52</ele><time>2026-08-27T13:31:56Z</time></trkpt><trkpt lat="47.4367236905" lon="11.2371258996"><ele>1023.08</ele><time>2026-08-27T13:32:17Z</time></trkpt><trkpt lat="47.4367073458" lon="11.2371192779"><ele>1022.98</ele><time>2026-08-27T13:32:45Z</time></trkpt><trkpt lat="47.4367074296" lon="11.2371189427"><ele>1022.83</ele><time>2026-08-27T13:33:09Z</time></trkpt><trkpt lat="47.4367095251" lon="11.2371079624"><ele>1022.83</ele><time>2026-08-27T13:33:46Z</time></trkpt><trkpt lat="47.4366921745" lon="11.2370980717"><ele>1022.83</ele><time>2026-08-27T13:34:32Z</time></trkpt><trkpt lat="47.4366979580" lon="11.2371394783"><ele>1022.83</ele><time>2026-08-27T13:35:08Z</time></trkpt><trkpt lat="47.4366955273" lon="11.2370975688"><ele>1022.83</ele><time>2026-08-27T13:35:47Z</time></trkpt><trkpt lat="47.4367139675" lon="11.2370951381"><ele>1022.83</ele><time>2026-08-27T13:36:31Z</time></trkpt><trkpt lat="47.4367118720" lon="11.2371312641"><ele>1022.83</ele><time>2026-08-27T13:37:29Z</time></trkpt><trkpt lat="47.4367077649" lon="11.2371132430"><ele>1022.83</ele><time>2026-08-27T13:38:15Z</time></trkpt><trkpt lat="47.4367194995" lon="11.2371164281"><ele>1022.83</ele><time>2026-08-27T13:39:01Z</time></trkpt><trkpt lat="47.4367060885" lon="11.2371031009"><ele>1022.83</ele><time>2026-08-27T13:39:59Z</time></trkpt><trkpt lat="47.4367055856" lon="11.2370898575"><ele>1022.83</ele><time>2026-08-27T13:41:40Z</time></trkpt><trkpt lat="47.4366953596" lon="11.2370917015"><ele>1022.83</ele><time>2026-08-27T13:43:30Z</time></trkpt><trkpt lat="47.4366950244" lon="11.2371003348"><ele>1022.83</ele><time>2026-08-27T13:44:57Z</time></trkpt><trkpt lat="47.4366913363" lon="11.2370696571"><ele>1022.83</ele><time>2026-08-27T13:46:32Z</time></trkpt><trkpt lat="47.4366992153" lon="11.2370990776"><ele>1022.83</ele><time>2026-08-27T13:47:13Z</time></trkpt><trkpt lat="47.4367163144" lon="11.2371327728"><ele>1022.83</ele><time>2026-08-27T13:47:50Z</time></trkpt><trkpt lat="47.4366925098" lon="11.2370855827"><ele>1022.83</ele><time>2026-08-27T13:50:00Z</time></trkpt><trkpt lat="47.4366935156" lon="11.2370663881"><ele>1022.83</ele><time>2026-08-27T13:52:04Z</time></trkpt><trkpt lat="47.4366850499" lon="11.2371002510"><ele>1022.83</ele><time>2026-08-27T13:53:56Z</time></trkpt><trkpt lat="47.4366803560" lon="11.2370791286"><ele>1022.83</ele><time>2026-08-27T13:55:36Z</time></trkpt><trkpt lat="47.4367167335" lon="11.2371010892"><ele>1022.83</ele><time>2026-08-27T13:57:09Z</time></trkpt><trkpt lat="47.4367254507" lon="11.2371070404"><ele>1022.83</ele><time>2026-08-27T13:58:16Z</time></trkpt><trkpt lat="47.4367213435" lon="11.2371182721"><ele>1022.83</ele><time>2026-08-27T14:00:30Z</time></trkpt><trkpt lat="47.4367230199" lon="11.2370864209"><ele>1022.83</ele><time>2026-08-27T14:01:34Z</time></trkpt><trkpt lat="47.4367194995" lon="11.2370896898"><ele>1022.83</ele><time>2026-08-27T14:02:08Z</time></trkpt><trkpt lat="47.4367256183" lon="11.2370896060"><ele>1022.83</ele><time>2026-08-27T14:02:14Z</time></trkpt><trkpt lat="47.4367320724" lon="11.2369084731"><ele>1020.04</ele><time>2026-08-27T14:02:21Z</time></trkpt><trkpt lat="47.4367274623" lon="11.2368782144"><ele>1019.76</ele><time>2026-08-27T14:02:22Z</time></trkpt><trkpt lat="47.4367129616" lon="11.2368012685"><ele>1019.45</ele><time>2026-08-27T14:02:24Z</time></trkpt><trkpt lat="47.4365793541" lon="11.2365968339"><ele>1019.42</ele><time>2026-08-27T14:02:32Z</time></trkpt><trkpt lat="47.4363937788" lon="11.2365596183"><ele>1019.40</ele><time>2026-08-27T14:02:39Z</time></trkpt><trkpt lat="47.4362718221" lon="11.2364584487"><ele>1019.48</ele><time>2026-08-27T14:02:45Z</time></trkpt><trkpt lat="47.4362443294" lon="11.2364215683"><ele>1019.56</ele><time>2026-08-27T14:02:47Z</time></trkpt><trkpt lat="47.4362367019" lon="11.2363929860"><ele>1019.59</ele><time>2026-08-27T14:02:48Z</time></trkpt><trkpt lat="47.4362299126" lon="11.2363618053"><ele>1019.60</ele><time>2026-08-27T14:02:49Z</time></trkpt><trkpt lat="47.4361636117" lon="11.2360059936"><ele>1019.27</ele><time>2026-08-27T14:02:59Z</time></trkpt><trkpt lat="47.4361458421" lon="11.2357186619"><ele>1019.14</ele><time>2026-08-27T14:03:05Z</time></trkpt><trkpt lat="47.4361458421" lon="11.2356005609"><ele>1019.09</ele><time>2026-08-27T14:03:07Z</time></trkpt><trkpt lat="47.4361504521" lon="11.2355366908"><ele>1019.06</ele><time>2026-08-27T14:03:08Z</time></trkpt><trkpt lat="47.4361578282" lon="11.2354702223"><ele>1018.98</ele><time>2026-08-27T14:03:09Z</time></trkpt><trkpt lat="47.4362341035" lon="11.2350780331"><ele>1018.34</ele><time>2026-08-27T14:03:15Z</time></trkpt><trkpt lat="47.4362400547" lon="11.2350156717"><ele>1018.30</ele><time>2026-08-27T14:03:16Z</time></trkpt><trkpt lat="47.4362434074" lon="11.2349546514"><ele>1018.28</ele><time>2026-08-27T14:03:17Z</time></trkpt><trkpt lat="47.4362205248" lon="11.2344277650"><ele>1018.51</ele><time>2026-08-27T14:03:25Z</time></trkpt><trkpt lat="47.4361811299" lon="11.2342019565"><ele>1018.56</ele><time>2026-08-27T14:03:29Z</time></trkpt><trkpt lat="47.4361643661" lon="11.2341432832"><ele>1018.65</ele><time>2026-08-27T14:03:30Z</time></trkpt><trkpt lat="47.4361379631" lon="11.2340117712"><ele>1018.71</ele><time>2026-08-27T14:03:32Z</time></trkpt><trkpt lat="47.4361208640" lon="11.2338004634"><ele>1018.50</ele><time>2026-08-27T14:03:35Z</time></trkpt><trkpt lat="47.4361268152" lon="11.2337298039"><ele>1018.45</ele><time>2026-08-27T14:03:36Z</time></trkpt><trkpt lat="47.4361401424" lon="11.2336617429"><ele>1018.42</ele><time>2026-08-27T14:03:37Z</time></trkpt><trkpt lat="47.4362237938" lon="11.2331362814"><ele>1019.03</ele><time>2026-08-27T14:03:45Z</time></trkpt><trkpt lat="47.4362643622" lon="11.2329348642"><ele>1018.98</ele><time>2026-08-27T14:03:48Z</time></trkpt><trkpt lat="47.4362843949" lon="11.2328766100"><ele>1018.89</ele><time>2026-08-27T14:03:49Z</time></trkpt><trkpt lat="47.4363141507" lon="11.2328245584"><ele>1018.79</ele><time>2026-08-27T14:03:50Z</time></trkpt><trkpt lat="47.4363473430" lon="11.2327804696"><ele>1018.74</ele><time>2026-08-27T14:03:51Z</time></trkpt><trkpt lat="47.4363827147" lon="11.2327425834"><ele>1018.71</ele><time>2026-08-27T14:03:52Z</time></trkpt><trkpt lat="47.4364197627" lon="11.2327108998"><ele>1018.70</ele><time>2026-08-27T14:03:53Z</time></trkpt><trkpt lat="47.4364998098" lon="11.2326458562"><ele>1018.73</ele><time>2026-08-27T14:03:55Z</time></trkpt><trkpt lat="47.4365417194" lon="11.2326217163"><ele>1018.76</ele><time>2026-08-27T14:03:56Z</time></trkpt><trkpt lat="47.4368153047" lon="11.2325830758"><ele>1018.93</ele><time>2026-08-27T14:04:03Z</time></trkpt><trkpt lat="47.4372939114" lon="11.2326085567"><ele>1019.03</ele><time>2026-08-27T14:04:15Z</time></trkpt><trkpt lat="47.4375182111" lon="11.2325812317"><ele>1019.52</ele><time>2026-08-27T14:04:24Z</time></trkpt><trkpt lat="47.4377307761" lon="11.2325394899"><ele>1019.27</ele><time>2026-08-27T14:04:33Z</time></trkpt><trkpt lat="47.4377311952" lon="11.2325658090"><ele>1019.26</ele><time>2026-08-27T14:04:36Z</time></trkpt><trkpt lat="47.4377278425" lon="11.2325861771"><ele>1019.26</ele><time>2026-08-27T14:04:37Z</time></trkpt><trkpt lat="47.4376893695" lon="11.2327357102"><ele>1018.77</ele><time>2026-08-27T14:04:43Z</time></trkpt><trkpt lat="47.4376902077" lon="11.2327468581"><ele>1018.49</ele><time>2026-08-27T14:04:48Z</time></trkpt><trkpt lat="47.4377357215" lon="11.2328352034"><ele>1018.54</ele><time>2026-08-27T14:04:57Z</time></trkpt><trkpt lat="47.4377478752" lon="11.2328751013"><ele>1018.58</ele><time>2026-08-27T14:05:04Z</time></trkpt><trkpt lat="47.4377513118" lon="11.2328773644"><ele>1017.88</ele><time>2026-08-27T14:05:34Z</time></trkpt><trkpt lat="47.4377321173" lon="11.2328618579"><ele>1018.02</ele><time>2026-08-27T14:05:46Z</time></trkpt><trkpt lat="47.4376805685" lon="11.2326943036"><ele>1018.46</ele><time>2026-08-27T14:05:56Z</time></trkpt><trkpt lat="47.4376838375" lon="11.2326619495"><ele>1018.43</ele><time>2026-08-27T14:05:58Z</time></trkpt><trkpt lat="47.4376883637" lon="11.2326458562"><ele>1018.42</ele><time>2026-08-27T14:05:59Z</time></trkpt><trkpt lat="47.4377342127" lon="11.2325202953"><ele>1019.17</ele><time>2026-08-27T14:06:10Z</time></trkpt><trkpt lat="47.4377475400" lon="11.2325172778"><ele>1019.21</ele><time>2026-08-27T14:06:12Z</time></trkpt><trkpt lat="47.4377620406" lon="11.2325118296"><ele>1019.24</ele><time>2026-08-27T14:06:13Z</time></trkpt><trkpt lat="47.4378028605" lon="11.2325038668"><ele>1019.30</ele><time>2026-08-27T14:06:15Z</time></trkpt><trkpt lat="47.4378305208" lon="11.2325087283"><ele>1019.30</ele><time>2026-08-27T14:06:16Z</time></trkpt><trkpt lat="47.4378557503" lon="11.2325140927"><ele>1019.30</ele><time>2026-08-27T14:06:17Z</time></trkpt><trkpt lat="47.4380041100" lon="11.2325735204"><ele>1019.14</ele><time>2026-08-27T14:06:23Z</time></trkpt><trkpt lat="47.4380227178" lon="11.2325904518"><ele>1019.12</ele><time>2026-08-27T14:06:24Z</time></trkpt><trkpt lat="47.4382208660" lon="11.2326907832"><ele>1018.99</ele><time>2026-08-27T14:06:32Z</time></trkpt><trkpt lat="47.4383154977" lon="11.2327353749"><ele>1019.26</ele><time>2026-08-27T14:06:38Z</time></trkpt><trkpt lat="47.4383258075" lon="11.2327260710"><ele>1019.31</ele><time>2026-08-27T14:06:39Z</time></trkpt><trkpt lat="47.4383332673" lon="11.2327102292"><ele>1019.34</ele><time>2026-08-27T14:06:40Z</time></trkpt><trkpt lat="47.4383384641" lon="11.2326926272"><ele>1019.35</ele><time>2026-08-27T14:06:41Z</time></trkpt><trkpt lat="47.4383427389" lon="11.2326777074"><ele>1019.37</ele><time>2026-08-27T14:06:42Z</time></trkpt><trkpt lat="47.4383446667" lon="11.2326591834"><ele>1019.40</ele><time>2026-08-27T14:06:43Z</time></trkpt><trkpt lat="47.4383452535" lon="11.2326388992"><ele>1019.44</ele><time>2026-08-27T14:06:44Z</time></trkpt><trkpt lat="47.4383500312" lon="11.2325522304"><ele>1019.68</ele><time>2026-08-27T14:06:50Z</time></trkpt><trkpt lat="47.4383581616" lon="11.2324229814"><ele>1020.08</ele><time>2026-08-27T14:06:55Z</time></trkpt><trkpt lat="47.4383596703" lon="11.2324028648"><ele>1020.16</ele><time>2026-08-27T14:06:56Z</time></trkpt><trkpt lat="47.4383538030" lon="11.2323078979"><ele>1020.73</ele><time>2026-08-27T14:07:00Z</time></trkpt><trkpt lat="47.4383484386" lon="11.2322796509"><ele>1020.92</ele><time>2026-08-27T14:07:01Z</time></trkpt><trkpt lat="47.4383435771" lon="11.2322528288"><ele>1021.12</ele><time>2026-08-27T14:07:02Z</time></trkpt><trkpt lat="47.4383315071" lon="11.2322068959"><ele>1021.47</ele><time>2026-08-27T14:07:04Z</time></trkpt><trkpt lat="47.4383247178" lon="11.2321846001"><ele>1021.71</ele><time>2026-08-27T14:07:05Z</time></trkpt><trkpt lat="47.4382416531" lon="11.2319791596"><ele>1023.16</ele><time>2026-08-27T14:07:14Z</time></trkpt><trkpt lat="47.4381725863" lon="11.2318458874"><ele>1023.75</ele><time>2026-08-27T14:07:20Z</time></trkpt><trkpt lat="47.4381017592" lon="11.2316855416"><ele>1024.79</ele><time>2026-08-27T14:07:27Z</time></trkpt><trkpt lat="47.4380690698" lon="11.2316117808"><ele>1025.20</ele><time>2026-08-27T14:07:30Z</time></trkpt><trkpt lat="47.4379761145" lon="11.2314842921"><ele>1025.82</ele><time>2026-08-27T14:07:36Z</time></trkpt><trkpt lat="47.4379072990" lon="11.2313376926"><ele>1026.21</ele><time>2026-08-27T14:07:41Z</time></trkpt><trkpt lat="47.4378605280" lon="11.2312366068"><ele>1026.62</ele><time>2026-08-27T14:07:45Z</time></trkpt><trkpt lat="47.4377388228" lon="11.2310262211"><ele>1027.87</ele><time>2026-08-27T14:07:56Z</time></trkpt><trkpt lat="47.4376752041" lon="11.2308917753"><ele>1029.34</ele><time>2026-08-27T14:08:04Z</time></trkpt><trkpt lat="47.4376301933" lon="11.2307012547"><ele>1031.17</ele><time>2026-08-27T14:08:14Z</time></trkpt><trkpt lat="47.4375870265" lon="11.2305702455"><ele>1032.90</ele><time>2026-08-27T14:08:22Z</time></trkpt><trkpt lat="47.4375805724" lon="11.2305310182"><ele>1033.92</ele><time>2026-08-27T14:08:29Z</time></trkpt><trkpt lat="47.4375244975" lon="11.2304858398"><ele>1034.58</ele><time>2026-08-27T14:08:38Z</time></trkpt><trkpt lat="47.4374687579" lon="11.2303973269"><ele>1036.04</ele><time>2026-08-27T14:08:48Z</time></trkpt><trkpt lat="47.4374213163" lon="11.2303441018"><ele>1037.56</ele><time>2026-08-27T14:08:57Z</time></trkpt><trkpt lat="47.4373658281" lon="11.2302993424"><ele>1039.29</ele><time>2026-08-27T14:09:07Z</time></trkpt><trkpt lat="47.4373029638" lon="11.2302342150"><ele>1041.09</ele><time>2026-08-27T14:09:18Z</time></trkpt><trkpt lat="47.4372625630" lon="11.2301864382"><ele>1043.14</ele><time>2026-08-27T14:09:27Z</time></trkpt><trkpt lat="47.4372732081" lon="11.2301228195"><ele>1044.56</ele><time>2026-08-27T14:09:35Z</time></trkpt><trkpt lat="47.4372908939" lon="11.2300758809"><ele>1045.36</ele><time>2026-08-27T14:09:40Z</time></trkpt><trkpt lat="47.4372975994" lon="11.2300402578"><ele>1046.03</ele><time>2026-08-27T14:09:43Z</time></trkpt><trkpt lat="47.4372777343" lon="11.2299989350"><ele>1047.42</ele><time>2026-08-27T14:09:49Z</time></trkpt><trkpt lat="47.4372160435" lon="11.2299678382"><ele>1049.36</ele><time>2026-08-27T14:09:59Z</time></trkpt><trkpt lat="47.4371913169" lon="11.2299390882"><ele>1050.09</ele><time>2026-08-27T14:10:04Z</time></trkpt><trkpt lat="47.4371772353" lon="11.2298819236"><ele>1051.04</ele><time>2026-08-27T14:10:10Z</time></trkpt><trkpt lat="47.4372273590" lon="11.2298426125"><ele>1052.71</ele><time>2026-08-27T14:10:20Z</time></trkpt><trkpt lat="47.4372354895" lon="11.2298381701"><ele>1052.88</ele><time>2026-08-27T14:10:21Z</time></trkpt><trkpt lat="47.4372896366" lon="11.2297752220"><ele>1054.06</ele><time>2026-08-27T14:10:29Z</time></trkpt><trkpt lat="47.4373132735" lon="11.2296976894"><ele>1055.46</ele><time>2026-08-27T14:10:38Z</time></trkpt><trkpt lat="47.4373348989" lon="11.2296042312"><ele>1057.58</ele><time>2026-08-27T14:10:50Z</time></trkpt><trkpt lat="47.4373585358" lon="11.2295007147"><ele>1059.14</ele><time>2026-08-27T14:11:00Z</time></trkpt><trkpt lat="47.4373673368" lon="11.2294038199"><ele>1060.47</ele><time>2026-08-27T14:11:08Z</time></trkpt><trkpt lat="47.4373735394" lon="11.2293116190"><ele>1061.64</ele><time>2026-08-27T14:11:17Z</time></trkpt><trkpt lat="47.4373737071" lon="11.2292878982"><ele>1062.56</ele><time>2026-08-27T14:11:28Z</time></trkpt><trkpt lat="47.4373763055" lon="11.2292819470"><ele>1062.51</ele><time>2026-08-27T14:11:39Z</time></trkpt><trkpt lat="47.4373820052" lon="11.2292131316"><ele>1062.56</ele><time>2026-08-27T14:11:52Z</time></trkpt><trkpt lat="47.4373816699" lon="11.2292011455"><ele>1062.59</ele><time>2026-08-27T14:11:53Z</time></trkpt><trkpt lat="47.4373955838" lon="11.2290241197"><ele>1063.92</ele><time>2026-08-27T14:12:02Z</time></trkpt><trkpt lat="47.4373915605" lon="11.2289713975"><ele>1064.38</ele><time>2026-08-27T14:12:05Z</time></trkpt><trkpt lat="47.4373742100" lon="11.2287622690"><ele>1066.06</ele><time>2026-08-27T14:12:15Z</time></trkpt><trkpt lat="47.4373427778" lon="11.2285156734"><ele>1066.81</ele><time>2026-08-27T14:12:25Z</time></trkpt><trkpt lat="47.4373181351" lon="11.2282632105"><ele>1067.72</ele><time>2026-08-27T14:12:35Z</time></trkpt><trkpt lat="47.4373218231" lon="11.2280624639"><ele>1069.12</ele><time>2026-08-27T14:12:45Z</time></trkpt><trkpt lat="47.4373222422" lon="11.2278760504"><ele>1070.46</ele><time>2026-08-27T14:12:55Z</time></trkpt><trkpt lat="47.4373255949" lon="11.2277487293"><ele>1071.84</ele><time>2026-08-27T14:13:03Z</time></trkpt><trkpt lat="47.4373012036" lon="11.2275808398"><ele>1073.90</ele><time>2026-08-27T14:13:13Z</time></trkpt><trkpt lat="47.4373047240" lon="11.2275230885"><ele>1074.50</ele><time>2026-08-27T14:13:17Z</time></trkpt><trkpt lat="47.4372706935" lon="11.2273810990"><ele>1076.51</ele><time>2026-08-27T14:13:27Z</time></trkpt><trkpt lat="47.4372642394" lon="11.2273667660"><ele>1076.71</ele><time>2026-08-27T14:13:28Z</time></trkpt><trkpt lat="47.4372362439" lon="11.2272658478"><ele>1078.00</ele><time>2026-08-27T14:13:34Z</time></trkpt><trkpt lat="47.4372517504" lon="11.2270647660"><ele>1079.56</ele><time>2026-08-27T14:13:46Z</time></trkpt><trkpt lat="47.4372520018" lon="11.2269290630"><ele>1080.95</ele><time>2026-08-27T14:13:54Z</time></trkpt><trkpt lat="47.4372492358" lon="11.2267722376"><ele>1082.51</ele><time>2026-08-27T14:14:03Z</time></trkpt><trkpt lat="47.4372557737" lon="11.2266123109"><ele>1084.81</ele><time>2026-08-27T14:14:13Z</time></trkpt><trkpt lat="47.4372654967" lon="11.2265711557"><ele>1085.55</ele><time>2026-08-27T14:14:16Z</time></trkpt><trkpt lat="47.4373034667" lon="11.2263600994"><ele>1086.39</ele><time>2026-08-27T14:14:26Z</time></trkpt><trkpt lat="47.4373030476" lon="11.2261779606"><ele>1086.42</ele><time>2026-08-27T14:14:32Z</time></trkpt><trkpt lat="47.4372972641" lon="11.2259336282"><ele>1086.66</ele><time>2026-08-27T14:14:39Z</time></trkpt><trkpt lat="47.4372835178" lon="11.2255750503"><ele>1087.02</ele><time>2026-08-27T14:14:48Z</time></trkpt><trkpt lat="47.4372344837" lon="11.2252405286"><ele>1087.40</ele><time>2026-08-27T14:14:57Z</time></trkpt><trkpt lat="47.4372167140" lon="11.2249112874"><ele>1087.73</ele><time>2026-08-27T14:15:04Z</time></trkpt><trkpt lat="47.4372492358" lon="11.2245118059"><ele>1087.19</ele><time>2026-08-27T14:15:11Z</time></trkpt><trkpt lat="47.4372682627" lon="11.2241673935"><ele>1087.16</ele><time>2026-08-27T14:15:17Z</time></trkpt><trkpt lat="47.4372664187" lon="11.2238399126"><ele>1086.88</ele><time>2026-08-27T14:15:22Z</time></trkpt><trkpt lat="47.4372436199" lon="11.2237078976"><ele>1086.64</ele><time>2026-08-27T14:15:24Z</time></trkpt><trkpt lat="47.4371745531" lon="11.2234185543"><ele>1086.16</ele><time>2026-08-27T14:15:28Z</time></trkpt><trkpt lat="47.4371038936" lon="11.2231881358"><ele>1085.36</ele><time>2026-08-27T14:15:31Z</time></trkpt><trkpt lat="47.4370878004" lon="11.2231112737"><ele>1085.21</ele><time>2026-08-27T14:15:32Z</time></trkpt><trkpt lat="47.4370811787" lon="11.2230342440"><ele>1085.09</ele><time>2026-08-27T14:15:33Z</time></trkpt><trkpt lat="47.4370839447" lon="11.2229510956"><ele>1084.96</ele><time>2026-08-27T14:15:34Z</time></trkpt><trkpt lat="47.4370942544" lon="11.2228632532"><ele>1084.84</ele><time>2026-08-27T14:15:35Z</time></trkpt><trkpt lat="47.4372422788" lon="11.2222662102"><ele>1083.69</ele><time>2026-08-27T14:15:41Z</time></trkpt><trkpt lat="47.4374236632" lon="11.2216505595"><ele>1080.55</ele><time>2026-08-27T14:15:46Z</time></trkpt><trkpt lat="47.4375581928" lon="11.2210682686"><ele>1077.19</ele><time>2026-08-27T14:15:50Z</time></trkpt><trkpt lat="47.4376732763" lon="11.2206094433"><ele>1073.74</ele><time>2026-08-27T14:15:53Z</time></trkpt><trkpt lat="47.4378146790" lon="11.2200124003"><ele>1070.65</ele><time>2026-08-27T14:15:57Z</time></trkpt><trkpt lat="47.4378668983" lon="11.2193498109"><ele>1070.19</ele><time>2026-08-27T14:16:02Z</time></trkpt><trkpt lat="47.4378379807" lon="11.2190125231"><ele>1070.81</ele><time>2026-08-27T14:16:05Z</time></trkpt><trkpt lat="47.4378150143" lon="11.2189180590"><ele>1070.97</ele><time>2026-08-27T14:16:06Z</time></trkpt><trkpt lat="47.4377865158" lon="11.2188339047"><ele>1071.14</ele><time>2026-08-27T14:16:07Z</time></trkpt><trkpt lat="47.4377545808" lon="11.2187581323"><ele>1071.35</ele><time>2026-08-27T14:16:08Z</time></trkpt><trkpt lat="47.4377211370" lon="11.2186848745"><ele>1071.68</ele><time>2026-08-27T14:16:09Z</time></trkpt><trkpt lat="47.4376189616" lon="11.2184557132"><ele>1072.48</ele><time>2026-08-27T14:16:12Z</time></trkpt><trkpt lat="47.4375337176" lon="11.2182011548"><ele>1072.41</ele><time>2026-08-27T14:16:15Z</time></trkpt><trkpt lat="47.4375179596" lon="11.2181013264"><ele>1072.28</ele><time>2026-08-27T14:16:16Z</time></trkpt><trkpt lat="47.4375098292" lon="11.2179931998"><ele>1072.08</ele><time>2026-08-27T14:16:17Z</time></trkpt><trkpt lat="47.4375120085" lon="11.2178853247"><ele>1071.79</ele><time>2026-08-27T14:16:18Z</time></trkpt><trkpt lat="47.4375200551" lon="11.2177722529"><ele>1071.44</ele><time>2026-08-27T14:16:19Z</time></trkpt><trkpt lat="47.4375346396" lon="11.2176522240"><ele>1071.04</ele><time>2026-08-27T14:16:20Z</time></trkpt><trkpt lat="47.4375868589" lon="11.2174122501"><ele>1069.75</ele><time>2026-08-27T14:16:22Z</time></trkpt><trkpt lat="47.4376244098" lon="11.2172964960"><ele>1069.06</ele><time>2026-08-27T14:16:23Z</time></trkpt><trkpt lat="47.4377104081" lon="11.2170555163"><ele>1067.85</ele><time>2026-08-27T14:16:25Z</time></trkpt><trkpt lat="47.4377617892" lon="11.2169392593"><ele>1067.26</ele><time>2026-08-27T14:16:26Z</time></trkpt><trkpt lat="47.4379717559" lon="11.2165113632"><ele>1065.21</ele><time>2026-08-27T14:16:31Z</time></trkpt><trkpt lat="47.4381730054" lon="11.2162184995"><ele>1064.51</ele><time>2026-08-27T14:16:37Z</time></trkpt><trkpt lat="47.4383393861" lon="11.2159867398"><ele>1063.39</ele><time>2026-08-27T14:16:42Z</time></trkpt><trkpt lat="47.4383721594" lon="11.2159342691"><ele>1063.23</ele><time>2026-08-27T14:16:43Z</time></trkpt><trkpt lat="47.4384057708" lon="11.2158828042"><ele>1063.06</ele><time>2026-08-27T14:16:44Z</time></trkpt><trkpt lat="47.4388020672" lon="11.2153868470"><ele>1062.00</ele><time>2026-08-27T14:16:55Z</time></trkpt><trkpt lat="47.4389408715" lon="11.2151804846"><ele>1061.95</ele><time>2026-08-27T14:17:01Z</time></trkpt><trkpt lat="47.4389489181" lon="11.2151572667"><ele>1061.76</ele><time>2026-08-27T14:17:06Z</time></trkpt><trkpt lat="47.4389585573" lon="11.2151440233"><ele>1061.76</ele><time>2026-08-27T14:17:15Z</time></trkpt><trkpt lat="47.4389669392" lon="11.2151324563"><ele>1061.76</ele><time>2026-08-27T14:17:16Z</time></trkpt><trkpt lat="47.4389783386" lon="11.2151202187"><ele>1061.76</ele><time>2026-08-27T14:17:17Z</time></trkpt><trkpt lat="47.4390374310" lon="11.2150369864"><ele>1061.75</ele><time>2026-08-27T14:17:22Z</time></trkpt><trkpt lat="47.4390294682" lon="11.2150217313"><ele>1061.75</ele><time>2026-08-27T14:17:23Z</time></trkpt><trkpt lat="47.4389961921" lon="11.2150251679"><ele>1061.73</ele><time>2026-08-27T14:17:25Z</time></trkpt><trkpt lat="47.4389823619" lon="11.2150419317"><ele>1061.70</ele><time>2026-08-27T14:17:26Z</time></trkpt><trkpt lat="47.4389712978" lon="11.2150585279"><ele>1061.36</ele><time>2026-08-27T14:17:27Z</time></trkpt><trkpt lat="47.4389594793" lon="11.2150685024"><ele>1061.21</ele><time>2026-08-27T14:17:28Z</time></trkpt><trkpt lat="47.4389453977" lon="11.2150781415"><ele>1061.04</ele><time>2026-08-27T14:17:34Z</time></trkpt><trkpt lat="47.4389438052" lon="11.2150739506"><ele>1060.48</ele><time>2026-08-27T14:17:43Z</time></trkpt><trkpt lat="47.4389519356" lon="11.2150948215"><ele>1060.61</ele><time>2026-08-27T14:18:37Z</time></trkpt><trkpt lat="47.4389675260" lon="11.2150875293"><ele>1060.61</ele><time>2026-08-27T14:18:44Z</time></trkpt><trkpt lat="47.4389727227" lon="11.2150809914"><ele>1060.61</ele><time>2026-08-27T14:18:45Z</time></trkpt><trkpt lat="47.4389912467" lon="11.2150604557"><ele>1060.61</ele><time>2026-08-27T14:18:47Z</time></trkpt><trkpt lat="47.4390076753" lon="11.2150541693"><ele>1060.61</ele><time>2026-08-27T14:18:48Z</time></trkpt><trkpt lat="47.4391358346" lon="11.2149770558"><ele>1061.73</ele><time>2026-08-27T14:18:55Z</time></trkpt><trkpt lat="47.4392831046" lon="11.2147164624"><ele>1062.03</ele><time>2026-08-27T14:19:02Z</time></trkpt><trkpt lat="47.4394892156" lon="11.2143932562"><ele>1062.26</ele><time>2026-08-27T14:19:10Z</time></trkpt><trkpt lat="47.4395994376" lon="11.2143042404"><ele>1062.29</ele><time>2026-08-27T14:19:13Z</time></trkpt><trkpt lat="47.4396778084" lon="11.2142446451"><ele>1062.30</ele><time>2026-08-27T14:19:15Z</time></trkpt><trkpt lat="47.4397130124" lon="11.2142003048"><ele>1062.28</ele><time>2026-08-27T14:19:16Z</time></trkpt><trkpt lat="47.4397840910" lon="11.2141024042"><ele>1062.15</ele><time>2026-08-27T14:19:18Z</time></trkpt><trkpt lat="47.4398200493" lon="11.2140531186"><ele>1062.08</ele><time>2026-08-27T14:19:19Z</time></trkpt><trkpt lat="47.4401112366" lon="11.2135126535"><ele>1061.91</ele><time>2026-08-27T14:19:28Z</time></trkpt><trkpt lat="47.4404421542" lon="11.2130035367"><ele>1061.81</ele><time>2026-08-27T14:19:37Z</time></trkpt><trkpt lat="47.4406144861" lon="11.2127403449"><ele>1061.86</ele><time>2026-08-27T14:19:42Z</time></trkpt><trkpt lat="47.4407599960" lon="11.2123898137"><ele>1062.32</ele><time>2026-08-27T14:19:49Z</time></trkpt><trkpt lat="47.4408717267" lon="11.2122624088"><ele>1063.25</ele><time>2026-08-27T14:19:55Z</time></trkpt><trkpt lat="47.4410376884" lon="11.2121194974"><ele>1064.25</ele><time>2026-08-27T14:20:02Z</time></trkpt><trkpt lat="47.4411562085" lon="11.2119921762"><ele>1064.45</ele><time>2026-08-27T14:20:06Z</time></trkpt><trkpt lat="47.4411859643" lon="11.2119534519"><ele>1064.49</ele><time>2026-08-27T14:20:07Z</time></trkpt><trkpt lat="47.4414209928" lon="11.2116423156"><ele>1064.97</ele><time>2026-08-27T14:20:14Z</time></trkpt><trkpt lat="47.4417498149" lon="11.2110916246"><ele>1065.61</ele><time>2026-08-27T14:20:25Z</time></trkpt><trkpt lat="47.4419468734" lon="11.2107159477"><ele>1066.32</ele><time>2026-08-27T14:20:33Z</time></trkpt><trkpt lat="47.4421057943" lon="11.2102480698"><ele>1065.31</ele><time>2026-08-27T14:20:39Z</time></trkpt><trkpt lat="47.4423306808" lon="11.2096640188"><ele>1062.32</ele><time>2026-08-27T14:20:45Z</time></trkpt><trkpt lat="47.4428078625" lon="11.2089141738"><ele>1059.05</ele><time>2026-08-27T14:20:53Z</time></trkpt><trkpt lat="47.4432318192" lon="11.2082846928"><ele>1058.24</ele><time>2026-08-27T14:21:01Z</time></trkpt><trkpt lat="47.4436639063" lon="11.2075714767"><ele>1057.88</ele><time>2026-08-27T14:21:11Z</time></trkpt><trkpt lat="47.4437967595" lon="11.2072426546"><ele>1057.50</ele><time>2026-08-27T14:21:15Z</time></trkpt><trkpt lat="47.4439435266" lon="11.2066344637"><ele>1057.40</ele><time>2026-08-27T14:21:22Z</time></trkpt><trkpt lat="47.4439666606" lon="11.2065608706"><ele>1057.49</ele><time>2026-08-27T14:21:23Z</time></trkpt><trkpt lat="47.4442464486" lon="11.2059261091"><ele>1059.12</ele><time>2026-08-27T14:21:33Z</time></trkpt><trkpt lat="47.4446010031" lon="11.2052944489"><ele>1059.29</ele><time>2026-08-27T14:21:43Z</time></trkpt><trkpt lat="47.4446334410" lon="11.2052344345"><ele>1059.28</ele><time>2026-08-27T14:21:44Z</time></trkpt><trkpt lat="47.4447201099" lon="11.2050323468"><ele>1059.30</ele><time>2026-08-27T14:21:47Z</time></trkpt><trkpt lat="47.4449078646" lon="11.2043702602"><ele>1058.32</ele><time>2026-08-27T14:21:55Z</time></trkpt><trkpt lat="47.4449609220" lon="11.2037422881"><ele>1056.59</ele><time>2026-08-27T14:22:01Z</time></trkpt><trkpt lat="47.4449587427" lon="11.2028250564"><ele>1053.60</ele><time>2026-08-27T14:22:09Z</time></trkpt><trkpt lat="47.4449773505" lon="11.2026305124"><ele>1053.54</ele><time>2026-08-27T14:22:11Z</time></trkpt><trkpt lat="47.4450004008" lon="11.2025321089"><ele>1053.53</ele><time>2026-08-27T14:22:12Z</time></trkpt><trkpt lat="47.4450304918" lon="11.2024378125"><ele>1053.50</ele><time>2026-08-27T14:22:13Z</time></trkpt><trkpt lat="47.4450676236" lon="11.2023492996"><ele>1053.40</ele><time>2026-08-27T14:22:14Z</time></trkpt><trkpt lat="47.4451060966" lon="11.2022624630"><ele>1053.18</ele><time>2026-08-27T14:22:15Z</time></trkpt><trkpt lat="47.4453382753" lon="11.2016211636"><ele>1052.11</ele><time>2026-08-27T14:22:22Z</time></trkpt><trkpt lat="47.4453830346" lon="11.2015439663"><ele>1052.00</ele><time>2026-08-27T14:22:23Z</time></trkpt><trkpt lat="47.4454359245" lon="11.2014791742"><ele>1051.89</ele><time>2026-08-27T14:22:24Z</time></trkpt><trkpt lat="47.4454941787" lon="11.2014324870"><ele>1051.78</ele><time>2026-08-27T14:22:25Z</time></trkpt><trkpt lat="47.4455562886" lon="11.2013988756"><ele>1051.69</ele><time>2026-08-27T14:22:26Z</time></trkpt><trkpt lat="47.4456209969" lon="11.2013731431"><ele>1051.62</ele><time>2026-08-27T14:22:27Z</time></trkpt><trkpt lat="47.4456879683" lon="11.2013505120"><ele>1051.51</ele><time>2026-08-27T14:22:28Z</time></trkpt><trkpt lat="47.4458901398" lon="11.2012554612"><ele>1050.96</ele><time>2026-08-27T14:22:31Z</time></trkpt><trkpt lat="47.4459498189" lon="11.2011956144"><ele>1050.73</ele><time>2026-08-27T14:22:32Z</time></trkpt><trkpt lat="47.4460014515" lon="11.2011196744"><ele>1050.50</ele><time>2026-08-27T14:22:33Z</time></trkpt><trkpt lat="47.4461399205" lon="11.2008886691"><ele>1050.04</ele><time>2026-08-27T14:22:36Z</time></trkpt><trkpt lat="47.4462476280" lon="11.2007467635"><ele>1049.92</ele><time>2026-08-27T14:22:38Z</time></trkpt><trkpt lat="47.4462937284" lon="11.2006673869"><ele>1049.86</ele><time>2026-08-27T14:22:39Z</time></trkpt><trkpt lat="47.4463311955" lon="11.2005807180"><ele>1049.76</ele><time>2026-08-27T14:22:40Z</time></trkpt><trkpt lat="47.4465525616" lon="11.1998282745"><ele>1048.59</ele><time>2026-08-27T14:22:48Z</time></trkpt><trkpt lat="47.4465969019" lon="11.1997366603"><ele>1048.25</ele><time>2026-08-27T14:22:49Z</time></trkpt><trkpt lat="47.4466496240" lon="11.1996557750"><ele>1047.95</ele><time>2026-08-27T14:22:50Z</time></trkpt><trkpt lat="47.4467095546" lon="11.1995882168"><ele>1047.68</ele><time>2026-08-27T14:22:51Z</time></trkpt><trkpt lat="47.4467737600" lon="11.1995338183"><ele>1047.46</ele><time>2026-08-27T14:22:52Z</time></trkpt><trkpt lat="47.4468394741" lon="11.1994862091"><ele>1047.26</ele><time>2026-08-27T14:22:53Z</time></trkpt><trkpt lat="47.4469687231" lon="11.1993847042"><ele>1046.79</ele><time>2026-08-27T14:22:55Z</time></trkpt><trkpt lat="47.4470260553" lon="11.1993218400"><ele>1046.59</ele><time>2026-08-27T14:22:56Z</time></trkpt><trkpt lat="47.4470726587" lon="11.1992419604"><ele>1046.47</ele><time>2026-08-27T14:22:57Z</time></trkpt><trkpt lat="47.4471092038" lon="11.1991515197"><ele>1046.38</ele><time>2026-08-27T14:22:58Z</time></trkpt><trkpt lat="47.4471395463" lon="11.1990543734"><ele>1046.29</ele><time>2026-08-27T14:22:59Z</time></trkpt><trkpt lat="47.4471645243" lon="11.1989563052"><ele>1046.23</ele><time>2026-08-27T14:23:00Z</time></trkpt><trkpt lat="47.4471869878" lon="11.1988579854"><ele>1046.14</ele><time>2026-08-27T14:23:01Z</time></trkpt><trkpt lat="47.4473440647" lon="11.1981823202"><ele>1045.11</ele><time>2026-08-27T14:23:08Z</time></trkpt><trkpt lat="47.4473423883" lon="11.1975561082"><ele>1044.20</ele><time>2026-08-27T14:23:14Z</time></trkpt><trkpt lat="47.4473301508" lon="11.1974463891"><ele>1044.11</ele><time>2026-08-27T14:23:15Z</time></trkpt><trkpt lat="47.4473007303" lon="11.1971205845"><ele>1043.71</ele><time>2026-08-27T14:23:18Z</time></trkpt><trkpt lat="47.4473043345" lon="11.1969159823"><ele>1043.44</ele><time>2026-08-27T14:23:20Z</time></trkpt><trkpt lat="47.4473210145" lon="11.1968194228"><ele>1043.30</ele><time>2026-08-27T14:23:21Z</time></trkpt><trkpt lat="47.4473492615" lon="11.1967263836"><ele>1043.20</ele><time>2026-08-27T14:23:22Z</time></trkpt><trkpt lat="47.4473873153" lon="11.1966399662"><ele>1043.09</ele><time>2026-08-27T14:23:23Z</time></trkpt><trkpt lat="47.4474329129" lon="11.1965517886"><ele>1042.94</ele><time>2026-08-27T14:23:24Z</time></trkpt><trkpt lat="47.4474856351" lon="11.1964719091"><ele>1042.80</ele><time>2026-08-27T14:23:25Z</time></trkpt><trkpt lat="47.4475401174" lon="11.1963963881"><ele>1042.69</ele><time>2026-08-27T14:23:26Z</time></trkpt><trkpt lat="47.4479416106" lon="11.1957928073"><ele>1042.20</ele><time>2026-08-27T14:23:34Z</time></trkpt><trkpt lat="47.4480264354" lon="11.1956307851"><ele>1042.08</ele><time>2026-08-27T14:23:36Z</time></trkpt><trkpt lat="47.4480613880" lon="11.1955426075"><ele>1042.02</ele><time>2026-08-27T14:23:37Z</time></trkpt><trkpt lat="47.4481943250" lon="11.1950777471"><ele>1041.33</ele><time>2026-08-27T14:23:42Z</time></trkpt><trkpt lat="47.4482231587" lon="11.1945002340"><ele>1040.76</ele><time>2026-08-27T14:23:48Z</time></trkpt><trkpt lat="47.4482344743" lon="11.1944082007"><ele>1040.76</ele><time>2026-08-27T14:23:49Z</time></trkpt><trkpt lat="47.4482579436" lon="11.1943181790"><ele>1040.76</ele><time>2026-08-27T14:23:50Z</time></trkpt><trkpt lat="47.4482914712" lon="11.1942329351"><ele>1040.76</ele><time>2026-08-27T14:23:51Z</time></trkpt><trkpt lat="47.4483308662" lon="11.1941482779"><ele>1040.75</ele><time>2026-08-27T14:23:52Z</time></trkpt><trkpt lat="47.4483739492" lon="11.1940665543"><ele>1040.74</ele><time>2026-08-27T14:23:53Z</time></trkpt><trkpt lat="47.4486419186" lon="11.1935030390"><ele>1040.45</ele><time>2026-08-27T14:24:00Z</time></trkpt><trkpt lat="47.4489320163" lon="11.1928282958"><ele>1039.94</ele><time>2026-08-27T14:24:08Z</time></trkpt><trkpt lat="47.4492362794" lon="11.1922351085"><ele>1039.01</ele><time>2026-08-27T14:24:15Z</time></trkpt><trkpt lat="47.4494450726" lon="11.1919233855"><ele>1038.55</ele><time>2026-08-27T14:24:19Z</time></trkpt><trkpt lat="47.4495086912" lon="11.1918583419"><ele>1038.17</ele><time>2026-08-27T14:24:20Z</time></trkpt><trkpt lat="47.4495757464" lon="11.1918028537"><ele>1038.00</ele><time>2026-08-27T14:24:21Z</time></trkpt><trkpt lat="47.4500840250" lon="11.1915035360"><ele>1036.29</ele><time>2026-08-27T14:24:28Z</time></trkpt><trkpt lat="47.4507042859" lon="11.1911078263"><ele>1034.82</ele><time>2026-08-27T14:24:37Z</time></trkpt><trkpt lat="47.4511383846" lon="11.1907031480"><ele>1034.04</ele><time>2026-08-27T14:24:44Z</time></trkpt><trkpt lat="47.4516201764" lon="11.1901592463"><ele>1035.03</ele><time>2026-08-27T14:24:54Z</time></trkpt><trkpt lat="47.4519261997" lon="11.1897044443"><ele>1036.44</ele><time>2026-08-27T14:25:02Z</time></trkpt><trkpt lat="47.4519633316" lon="11.1896394845"><ele>1036.49</ele><time>2026-08-27T14:25:03Z</time></trkpt><trkpt lat="47.4522917345" lon="11.1891151126"><ele>1036.92</ele><time>2026-08-27T14:25:12Z</time></trkpt><trkpt lat="47.4525234103" lon="11.1888359953"><ele>1038.89</ele><time>2026-08-27T14:25:19Z</time></trkpt><trkpt lat="47.4525635596" lon="11.1888128612"><ele>1039.10</ele><time>2026-08-27T14:25:20Z</time></trkpt><trkpt lat="47.4528394081" lon="11.1886774935"><ele>1039.98</ele><time>2026-08-27T14:25:27Z</time></trkpt><trkpt lat="47.4531544838" lon="11.1884829495"><ele>1040.01</ele><time>2026-08-27T14:25:35Z</time></trkpt><trkpt lat="47.4532837328" lon="11.1884147208"><ele>1039.55</ele><time>2026-08-27T14:25:38Z</time></trkpt><trkpt lat="47.4533276539" lon="11.1883931793"><ele>1039.36</ele><time>2026-08-27T14:25:39Z</time></trkpt><trkpt lat="47.4534237944" lon="11.1883459892"><ele>1039.03</ele><time>2026-08-27T14:25:41Z</time></trkpt><trkpt lat="47.4535299931" lon="11.1882817838"><ele>1038.35</ele><time>2026-08-27T14:25:43Z</time></trkpt><trkpt lat="47.4539039098" lon="11.1881373636"><ele>1036.49</ele><time>2026-08-27T14:25:48Z</time></trkpt><trkpt lat="47.4541624915" lon="11.1880381219"><ele>1035.65</ele><time>2026-08-27T14:25:51Z</time></trkpt><trkpt lat="47.4542502500" lon="11.1880166642"><ele>1035.32</ele><time>2026-08-27T14:25:52Z</time></trkpt><trkpt lat="47.4543450493" lon="11.1880212743"><ele>1034.88</ele><time>2026-08-27T14:25:53Z</time></trkpt><trkpt lat="47.4544390105" lon="11.1880279798"><ele>1034.34</ele><time>2026-08-27T14:25:54Z</time></trkpt><trkpt lat="47.4545374978" lon="11.1880511139"><ele>1033.71</ele><time>2026-08-27T14:25:55Z</time></trkpt><trkpt lat="47.4548315350" lon="11.1881064344"><ele>1030.24</ele><time>2026-08-27T14:25:58Z</time></trkpt><trkpt lat="47.4551272485" lon="11.1881167442"><ele>1027.28</ele><time>2026-08-27T14:26:01Z</time></trkpt><trkpt lat="47.4552215450" lon="11.1880853958"><ele>1026.17</ele><time>2026-08-27T14:26:02Z</time></trkpt><trkpt lat="47.4553197809" lon="11.1880361941"><ele>1025.10</ele><time>2026-08-27T14:26:03Z</time></trkpt><trkpt lat="47.4557058513" lon="11.1877736729"><ele>1021.38</ele><time>2026-08-27T14:26:07Z</time></trkpt><trkpt lat="47.4561060872" lon="11.1874965671"><ele>1018.12</ele><time>2026-08-27T14:26:11Z</time></trkpt><trkpt lat="47.4562097713" lon="11.1874566693"><ele>1017.31</ele><time>2026-08-27T14:26:12Z</time></trkpt><trkpt lat="47.4563153833" lon="11.1874391511"><ele>1016.42</ele><time>2026-08-27T14:26:13Z</time></trkpt><trkpt lat="47.4564211629" lon="11.1874371395"><ele>1015.44</ele><time>2026-08-27T14:26:14Z</time></trkpt><trkpt lat="47.4565261882" lon="11.1874480359"><ele>1014.61</ele><time>2026-08-27T14:26:15Z</time></trkpt><trkpt lat="47.4566281959" lon="11.1874710862"><ele>1013.97</ele><time>2026-08-27T14:26:16Z</time></trkpt><trkpt lat="47.4567260128" lon="11.1875001714"><ele>1013.44</ele><time>2026-08-27T14:26:17Z</time></trkpt><trkpt lat="47.4573243130" lon="11.1876956373"><ele>1011.57</ele><time>2026-08-27T14:26:24Z</time></trkpt><trkpt lat="47.4573647976" lon="11.1876925360"><ele>1011.54</ele><time>2026-08-27T14:26:25Z</time></trkpt><trkpt lat="47.4573882669" lon="11.1876730062"><ele>1011.54</ele><time>2026-08-27T14:26:26Z</time></trkpt><trkpt lat="47.4573958106" lon="11.1876325216"><ele>1011.68</ele><time>2026-08-27T14:26:27Z</time></trkpt><trkpt lat="47.4574007560" lon="11.1875911988"><ele>1011.83</ele><time>2026-08-27T14:26:28Z</time></trkpt><trkpt lat="47.4574140832" lon="11.1875522230"><ele>1011.92</ele><time>2026-08-27T14:26:29Z</time></trkpt><trkpt lat="47.4574368820" lon="11.1875195336"><ele>1011.96</ele><time>2026-08-27T14:26:30Z</time></trkpt><trkpt lat="47.4574658833" lon="11.1875019316"><ele>1011.97</ele><time>2026-08-27T14:26:31Z</time></trkpt><trkpt lat="47.4574984051" lon="11.1874866765"><ele>1011.96</ele><time>2026-08-27T14:26:32Z</time></trkpt><trkpt lat="47.4575308431" lon="11.1874668952"><ele>1011.92</ele><time>2026-08-27T14:26:33Z</time></trkpt><trkpt lat="47.4575641192" lon="11.1874427553"><ele>1011.85</ele><time>2026-08-27T14:26:34Z</time></trkpt><trkpt lat="47.4575998262" lon="11.1874172743"><ele>1011.74</ele><time>2026-08-27T14:26:35Z</time></trkpt><trkpt lat="47.4576761015" lon="11.1873611994"><ele>1011.42</ele><time>2026-08-27T14:26:37Z</time></trkpt><trkpt lat="47.4579698872" lon="11.1871719360"><ele>1010.46</ele><time>2026-08-27T14:26:43Z</time></trkpt><trkpt lat="47.4581515230" lon="11.1870926432"><ele>1009.67</ele><time>2026-08-27T14:26:46Z</time></trkpt><trkpt lat="47.4585523456" lon="11.1869559344"><ele>1008.42</ele><time>2026-08-27T14:26:52Z</time></trkpt><trkpt lat="47.4586994480" lon="11.1868770607"><ele>1007.98</ele><time>2026-08-27T14:26:54Z</time></trkpt><trkpt lat="47.4587686826" lon="11.1868148670"><ele>1007.78</ele><time>2026-08-27T14:26:55Z</time></trkpt><trkpt lat="47.4591847602" lon="11.1863010563"><ele>1006.94</ele><time>2026-08-27T14:27:02Z</time></trkpt><trkpt lat="47.4596312642" lon="11.1858411413"><ele>1005.77</ele><time>2026-08-27T14:27:09Z</time></trkpt><trkpt lat="47.4597556517" lon="11.1856963020"><ele>1005.06</ele><time>2026-08-27T14:27:11Z</time></trkpt><trkpt lat="47.4598078709" lon="11.1856139917"><ele>1004.87</ele><time>2026-08-27T14:27:12Z</time></trkpt><trkpt lat="47.4598486908" lon="11.1855243053"><ele>1004.66</ele><time>2026-08-27T14:27:13Z</time></trkpt><trkpt lat="47.4598769378" lon="11.1854269914"><ele>1004.42</ele><time>2026-08-27T14:27:14Z</time></trkpt><trkpt lat="47.4598948751" lon="11.1853296775"><ele>1004.20</ele><time>2026-08-27T14:27:15Z</time></trkpt><trkpt lat="47.4599097110" lon="11.1852342077"><ele>1004.10</ele><time>2026-08-27T14:27:16Z</time></trkpt><trkpt lat="47.4599289056" lon="11.1851391569"><ele>1004.00</ele><time>2026-08-27T14:27:17Z</time></trkpt><trkpt lat="47.4600729905" lon="11.1846224125"><ele>1003.17</ele><time>2026-08-27T14:27:22Z</time></trkpt><trkpt lat="47.4600858986" lon="11.1845090892"><ele>1002.93</ele><time>2026-08-27T14:27:23Z</time></trkpt><trkpt lat="47.4600905925" lon="11.1843938380"><ele>1002.72</ele><time>2026-08-27T14:27:24Z</time></trkpt><trkpt lat="47.4600863177" lon="11.1840495933"><ele>1002.18</ele><time>2026-08-27T14:27:27Z</time></trkpt><trkpt lat="47.4600783549" lon="11.1839359347"><ele>1002.09</ele><time>2026-08-27T14:27:28Z</time></trkpt><trkpt lat="47.4600503594" lon="11.1833813880"><ele>1001.41</ele><time>2026-08-27T14:27:33Z</time></trkpt><trkpt lat="47.4600830488" lon="11.1831983272"><ele>1001.15</ele><time>2026-08-27T14:27:35Z</time></trkpt><trkpt lat="47.4601160735" lon="11.1831240635"><ele>1001.18</ele><time>2026-08-27T14:27:36Z</time></trkpt><trkpt lat="47.4601501878" lon="11.1830646358"><ele>1001.36</ele><time>2026-08-27T14:27:37Z</time></trkpt><trkpt lat="47.4602842983" lon="11.1828653142"><ele>1004.23</ele><time>2026-08-27T14:27:42Z</time></trkpt><trkpt lat="47.4603459053" lon="11.1827818304"><ele>1004.82</ele><time>2026-08-27T14:27:44Z</time></trkpt><trkpt lat="47.4605247751" lon="11.1825871188"><ele>1005.17</ele><time>2026-08-27T14:27:50Z</time></trkpt><trkpt lat="47.4606321473" lon="11.1823248491"><ele>1006.34</ele><time>2026-08-27T14:27:55Z</time></trkpt><trkpt lat="47.4607551936" lon="11.1817313265"><ele>1007.74</ele><time>2026-08-27T14:28:04Z</time></trkpt><trkpt lat="47.4607964326" lon="11.1815981381"><ele>1007.95</ele><time>2026-08-27T14:28:06Z</time></trkpt><trkpt lat="47.4608244281" lon="11.1815389618"><ele>1008.02</ele><time>2026-08-27T14:28:07Z</time></trkpt><trkpt lat="47.4608556088" lon="11.1814871617"><ele>1008.06</ele><time>2026-08-27T14:28:08Z</time></trkpt><trkpt lat="47.4611567706" lon="11.1810028553"><ele>1008.08</ele><time>2026-08-27T14:28:17Z</time></trkpt><trkpt lat="47.4613771308" lon="11.1805306189"><ele>1006.96</ele><time>2026-08-27T14:28:24Z</time></trkpt><trkpt lat="47.4613951519" lon="11.1804528348"><ele>1006.72</ele><time>2026-08-27T14:28:25Z</time></trkpt><trkpt lat="47.4613937270" lon="11.1803742126"><ele>1006.48</ele><time>2026-08-27T14:28:26Z</time></trkpt><trkpt lat="47.4613701738" lon="11.1803071573"><ele>1006.16</ele><time>2026-08-27T14:28:27Z</time></trkpt><trkpt lat="47.4613291025" lon="11.1802627333"><ele>1005.71</ele><time>2026-08-27T14:28:28Z</time></trkpt><trkpt lat="47.4612759613" lon="11.1802412756"><ele>1005.21</ele><time>2026-08-27T14:28:29Z</time></trkpt><trkpt lat="47.4612144381" lon="11.1802322231"><ele>1004.74</ele><time>2026-08-27T14:28:30Z</time></trkpt><trkpt lat="47.4611484725" lon="11.1802277807"><ele>1004.29</ele><time>2026-08-27T14:28:31Z</time></trkpt><trkpt lat="47.4610126857" lon="11.1802060716"><ele>1003.18</ele><time>2026-08-27T14:28:33Z</time></trkpt><trkpt lat="47.4609561916" lon="11.1801788304"><ele>1002.57</ele><time>2026-08-27T14:28:34Z</time></trkpt><trkpt lat="47.4609181378" lon="11.1801379267"><ele>1001.95</ele><time>2026-08-27T14:28:35Z</time></trkpt><trkpt lat="47.4609007873" lon="11.1800878868"><ele>1001.37</ele><time>2026-08-27T14:28:36Z</time></trkpt><trkpt lat="47.4609085824" lon="11.1800339911"><ele>1000.94</ele><time>2026-08-27T14:28:37Z</time></trkpt><trkpt lat="47.4609335605" lon="11.1799944285"><ele>1000.62</ele><time>2026-08-27T14:28:38Z</time></trkpt><trkpt lat="47.4609702732" lon="11.1799710430"><ele>1000.34</ele><time>2026-08-27T14:28:39Z</time></trkpt><trkpt lat="47.4610113446" lon="11.1799523514"><ele>1000.10</ele><time>2026-08-27T14:28:40Z</time></trkpt><trkpt lat="47.4613656476" lon="11.1796950269"><ele>998.76</ele><time>2026-08-27T14:28:48Z</time></trkpt><trkpt lat="47.4617655482" lon="11.1793762632"><ele>997.21</ele><time>2026-08-27T14:28:55Z</time></trkpt><trkpt lat="47.4620149937" lon="11.1792253051"><ele>996.15</ele><time>2026-08-27T14:28:59Z</time></trkpt><trkpt lat="47.4620755948" lon="11.1792037636"><ele>995.98</ele><time>2026-08-27T14:29:00Z</time></trkpt><trkpt lat="47.4621324241" lon="11.1791828088"><ele>995.84</ele><time>2026-08-27T14:29:01Z</time></trkpt><trkpt lat="47.4621771835" lon="11.1791466828"><ele>995.73</ele><time>2026-08-27T14:29:02Z</time></trkpt><trkpt lat="47.4621978868" lon="11.1790890992"><ele>995.67</ele><time>2026-08-27T14:29:03Z</time></trkpt><trkpt lat="47.4621968810" lon="11.1790331919"><ele>995.65</ele><time>2026-08-27T14:29:04Z</time></trkpt><trkpt lat="47.4621853139" lon="11.1789853312"><ele>995.68</ele><time>2026-08-27T14:29:05Z</time></trkpt><trkpt lat="47.4621707294" lon="11.1789461039"><ele>995.90</ele><time>2026-08-27T14:29:06Z</time></trkpt><trkpt lat="47.4621536303" lon="11.1789109837"><ele>996.25</ele><time>2026-08-27T14:29:07Z</time></trkpt><trkpt lat="47.4620623514" lon="11.1787345447"><ele>998.03</ele><time>2026-08-27T14:29:14Z</time></trkpt><trkpt lat="47.4619729165" lon="11.1785714328"><ele>999.22</ele><time>2026-08-27T14:29:22Z</time></trkpt><trkpt lat="47.4618294183" lon="11.1783426907"><ele>1001.00</ele><time>2026-08-27T14:29:33Z</time></trkpt><trkpt lat="47.4617133290" lon="11.1781468056"><ele>1002.53</ele><time>2026-08-27T14:29:42Z</time></trkpt><trkpt lat="47.4616126623" lon="11.1779973563"><ele>1003.98</ele><time>2026-08-27T14:29:51Z</time></trkpt><trkpt lat="47.4615330342" lon="11.1779133696"><ele>1005.57</ele><time>2026-08-27T14:29:59Z</time></trkpt><trkpt lat="47.4615000095" lon="11.1778635811"><ele>1006.08</ele><time>2026-08-27T14:30:06Z</time></trkpt><trkpt lat="47.4614964053" lon="11.1778571270"><ele>1006.34</ele><time>2026-08-27T14:30:15Z</time></trkpt><trkpt lat="47.4614610337" lon="11.1778254434"><ele>1006.47</ele><time>2026-08-27T14:30:24Z</time></trkpt><trkpt lat="47.4614599440" lon="11.1778316461"><ele>1006.20</ele><time>2026-08-27T14:30:33Z</time></trkpt><trkpt lat="47.4614617880" lon="11.1778433807"><ele>1005.91</ele><time>2026-08-27T14:31:09Z</time></trkpt><trkpt lat="47.4614828266" lon="11.1778427102"><ele>1005.84</ele><time>2026-08-27T14:32:39Z</time></trkpt><trkpt lat="47.4614808988" lon="11.1778772436"><ele>1005.84</ele><time>2026-08-27T14:32:59Z</time></trkpt><trkpt lat="47.4614564236" lon="11.1779330671"><ele>1005.84</ele><time>2026-08-27T14:33:53Z</time></trkpt><trkpt lat="47.4614675716" lon="11.1778874695"><ele>1005.84</ele><time>2026-08-27T14:34:15Z</time></trkpt><trkpt lat="47.4614679068" lon="11.1778710410"><ele>1005.84</ele><time>2026-08-27T14:34:16Z</time></trkpt><trkpt lat="47.4614700023" lon="11.1778016388"><ele>1007.08</ele><time>2026-08-27T14:34:24Z</time></trkpt><trkpt lat="47.4614544120" lon="11.1777815223"><ele>1007.17</ele><time>2026-08-27T14:34:26Z</time></trkpt><trkpt lat="47.4614396598" lon="11.1777732242"><ele>1007.24</ele><time>2026-08-27T14:34:27Z</time></trkpt><trkpt lat="47.4614251591" lon="11.1777640041"><ele>1007.30</ele><time>2026-08-27T14:34:28Z</time></trkpt><trkpt lat="47.4614113290" lon="11.1777512636"><ele>1007.37</ele><time>2026-08-27T14:34:29Z</time></trkpt><trkpt lat="47.4613980856" lon="11.1777369305"><ele>1007.47</ele><time>2026-08-27T14:34:30Z</time></trkpt><trkpt lat="47.4613850098" lon="11.1777226813"><ele>1007.61</ele><time>2026-08-27T14:34:31Z</time></trkpt><trkpt lat="47.4611695949" lon="11.1775247846"><ele>1010.70</ele><time>2026-08-27T14:34:46Z</time></trkpt><trkpt lat="47.4610468000" lon="11.1774519458"><ele>1012.37</ele><time>2026-08-27T14:34:54Z</time></trkpt><trkpt lat="47.4609292019" lon="11.1773540452"><ele>1014.15</ele><time>2026-08-27T14:35:02Z</time></trkpt><trkpt lat="47.4608594645" lon="11.1771457549"><ele>1015.43</ele><time>2026-08-27T14:35:11Z</time></trkpt><trkpt lat="47.4609243404" lon="11.1767587624"><ele>1016.15</ele><time>2026-08-27T14:35:21Z</time></trkpt><trkpt lat="47.4610209838" lon="11.1764722690"><ele>1016.70</ele><time>2026-08-27T14:35:30Z</time></trkpt><trkpt lat="47.4611943215" lon="11.1761816684"><ele>1016.48</ele><time>2026-08-27T14:35:38Z</time></trkpt><trkpt lat="47.4613265879" lon="11.1760244239"><ele>1016.08</ele><time>2026-08-27T14:35:42Z</time></trkpt><trkpt lat="47.4613596126" lon="11.1759810895"><ele>1016.00</ele><time>2026-08-27T14:35:43Z</time></trkpt><trkpt lat="47.4613949843" lon="11.1759441253"><ele>1015.87</ele><time>2026-08-27T14:35:44Z</time></trkpt><trkpt lat="47.4617982376" lon="11.1755488347"><ele>1014.58</ele><time>2026-08-27T14:35:54Z</time></trkpt><trkpt lat="47.4621438235" lon="11.1751574837"><ele>1013.24</ele><time>2026-08-27T14:36:01Z</time></trkpt><trkpt lat="47.4625169020" lon="11.1747636180"><ele>1009.83</ele><time>2026-08-27T14:36:07Z</time></trkpt><trkpt lat="47.4629081693" lon="11.1743620411"><ele>1006.19</ele><time>2026-08-27T14:36:12Z</time></trkpt><trkpt lat="47.4633432738" lon="11.1738740467"><ele>1003.87</ele><time>2026-08-27T14:36:18Z</time></trkpt><trkpt lat="47.4637457728" lon="11.1734107789"><ele>1003.44</ele><time>2026-08-27T14:36:24Z</time></trkpt><trkpt lat="47.4637955613" lon="11.1733202543"><ele>1003.19</ele><time>2026-08-27T14:36:25Z</time></trkpt><trkpt lat="47.4638299271" lon="11.1732221860"><ele>1002.90</ele><time>2026-08-27T14:36:26Z</time></trkpt><trkpt lat="47.4638427515" lon="11.1731195915"><ele>1002.52</ele><time>2026-08-27T14:36:27Z</time></trkpt><trkpt lat="47.4638351239" lon="11.1730104592"><ele>1002.06</ele><time>2026-08-27T14:36:28Z</time></trkpt><trkpt lat="47.4638046976" lon="11.1728989799"><ele>1000.85</ele><time>2026-08-27T14:36:29Z</time></trkpt><trkpt lat="47.4637577590" lon="11.1727975588"><ele>1000.19</ele><time>2026-08-27T14:36:30Z</time></trkpt><trkpt lat="47.4637037795" lon="11.1727079563"><ele>999.52</ele><time>2026-08-27T14:36:31Z</time></trkpt><trkpt lat="47.4636387359" lon="11.1726293340"><ele>998.85</ele><time>2026-08-27T14:36:32Z</time></trkpt><trkpt lat="47.4635656457" lon="11.1725651287"><ele>998.19</ele><time>2026-08-27T14:36:33Z</time></trkpt><trkpt lat="47.4634863529" lon="11.1725067906"><ele>997.53</ele><time>2026-08-27T14:36:34Z</time></trkpt><trkpt lat="47.4634026177" lon="11.1724492908"><ele>996.92</ele><time>2026-08-27T14:36:35Z</time></trkpt><trkpt lat="47.4629805889" lon="11.1721191276"><ele>993.28</ele><time>2026-08-27T14:36:40Z</time></trkpt><trkpt lat="47.4629033078" lon="11.1720236577"><ele>992.54</ele><time>2026-08-27T14:36:41Z</time></trkpt><trkpt lat="47.4626670219" lon="11.1716550216"><ele>990.27</ele><time>2026-08-27T14:36:45Z</time></trkpt><trkpt lat="47.4626204185" lon="11.1715634912"><ele>989.88</ele><time>2026-08-27T14:36:46Z</time></trkpt><trkpt lat="47.4625852145" lon="11.1714648362"><ele>989.46</ele><time>2026-08-27T14:36:47Z</time></trkpt><trkpt lat="47.4625603203" lon="11.1713541113"><ele>988.96</ele><time>2026-08-27T14:36:48Z</time></trkpt><trkpt lat="47.4625490047" lon="11.1712355074"><ele>988.35</ele><time>2026-08-27T14:36:49Z</time></trkpt><trkpt lat="47.4625590630" lon="11.1711149756"><ele>987.65</ele><time>2026-08-27T14:36:50Z</time></trkpt><trkpt lat="47.4625782575" lon="11.1709953658"><ele>986.90</ele><time>2026-08-27T14:36:51Z</time></trkpt><trkpt lat="47.4625999667" lon="11.1708762590"><ele>986.18</ele><time>2026-08-27T14:36:52Z</time></trkpt><trkpt lat="47.4626709614" lon="11.1705147475"><ele>983.46</ele><time>2026-08-27T14:36:55Z</time></trkpt><trkpt lat="47.4627013877" lon="11.1704175174"><ele>982.57</ele><time>2026-08-27T14:36:56Z</time></trkpt><trkpt lat="47.4627375137" lon="11.1703424994"><ele>981.76</ele><time>2026-08-27T14:36:57Z</time></trkpt><trkpt lat="47.4627767410" lon="11.1702813115"><ele>981.06</ele><time>2026-08-27T14:36:58Z</time></trkpt><trkpt lat="47.4628269486" lon="11.1702378094"><ele>980.46</ele><time>2026-08-27T14:36:59Z</time></trkpt><trkpt lat="47.4628903996" lon="11.1702212971"><ele>979.97</ele><time>2026-08-27T14:37:00Z</time></trkpt><trkpt lat="47.4629527610" lon="11.1702449340"><ele>979.46</ele><time>2026-08-27T14:37:01Z</time></trkpt><trkpt lat="47.4630085845" lon="11.1703051999"><ele>978.82</ele><time>2026-08-27T14:37:02Z</time></trkpt><trkpt lat="47.4630406871" lon="11.1704001669"><ele>978.10</ele><time>2026-08-27T14:37:03Z</time></trkpt><trkpt lat="47.4630495720" lon="11.1705108918"><ele>977.28</ele><time>2026-08-27T14:37:04Z</time></trkpt><trkpt lat="47.4630480632" lon="11.1706201918"><ele>976.35</ele><time>2026-08-27T14:37:05Z</time></trkpt><trkpt lat="47.4630452134" lon="11.1707346886"><ele>975.44</ele><time>2026-08-27T14:37:06Z</time></trkpt><trkpt lat="47.4630501587" lon="11.1708572321"><ele>974.67</ele><time>2026-08-27T14:37:07Z</time></trkpt><trkpt lat="47.4630677607" lon="11.1709746625"><ele>974.00</ele><time>2026-08-27T14:37:08Z</time></trkpt><trkpt lat="47.4630988576" lon="11.1710825376"><ele>973.42</ele><time>2026-08-27T14:37:09Z</time></trkpt><trkpt lat="47.4631462153" lon="11.1711753253"><ele>972.78</ele><time>2026-08-27T14:37:10Z</time></trkpt><trkpt lat="47.4632042181" lon="11.1712501757"><ele>972.05</ele><time>2026-08-27T14:37:11Z</time></trkpt><trkpt lat="47.4632656574" lon="11.1713074241"><ele>971.29</ele><time>2026-08-27T14:37:12Z</time></trkpt><trkpt lat="47.4633283541" lon="11.1713511776"><ele>970.53</ele><time>2026-08-27T14:37:13Z</time></trkpt><trkpt lat="47.4633939844" lon="11.1713748984"><ele>969.81</ele><time>2026-08-27T14:37:14Z</time></trkpt><trkpt lat="47.4634630512" lon="11.1713709589"><ele>969.16</ele><time>2026-08-27T14:37:15Z</time></trkpt><trkpt lat="47.4635336269" lon="11.1713277083"><ele>968.50</ele><time>2026-08-27T14:37:16Z</time></trkpt><trkpt lat="47.4635967426" lon="11.1712624133"><ele>967.85</ele><time>2026-08-27T14:37:17Z</time></trkpt><trkpt lat="47.4636496324" lon="11.1711848807"><ele>966.47</ele><time>2026-08-27T14:37:18Z</time></trkpt><trkpt lat="47.4636854231" lon="11.1711035762"><ele>966.06</ele><time>2026-08-27T14:37:19Z</time></trkpt><trkpt lat="47.4637020193" lon="11.1710271332"><ele>965.84</ele><time>2026-08-27T14:37:20Z</time></trkpt><trkpt lat="47.4637028575" lon="11.1709672865"><ele>965.74</ele><time>2026-08-27T14:37:21Z</time></trkpt><trkpt lat="47.4636964034" lon="11.1709209345"><ele>965.92</ele><time>2026-08-27T14:37:22Z</time></trkpt><trkpt lat="47.4636896979" lon="11.1708805338"><ele>966.43</ele><time>2026-08-27T14:37:23Z</time></trkpt><trkpt lat="47.4636638816" lon="11.1707016639"><ele>969.58</ele><time>2026-08-27T14:37:29Z</time></trkpt><trkpt lat="47.4636886083" lon="11.1703658011"><ele>971.88</ele><time>2026-08-27T14:37:40Z</time></trkpt><trkpt lat="47.4637087248" lon="11.1701546609"><ele>973.03</ele><time>2026-08-27T14:37:47Z</time></trkpt><trkpt lat="47.4636846688" lon="11.1699184589"><ele>974.49</ele><time>2026-08-27T14:37:55Z</time></trkpt><trkpt lat="47.4636071362" lon="11.1696481425"><ele>975.98</ele><time>2026-08-27T14:38:04Z</time></trkpt><trkpt lat="47.4635074753" lon="11.1693730485"><ele>977.28</ele><time>2026-08-27T14:38:14Z</time></trkpt><trkpt lat="47.4634434376" lon="11.1690671090"><ele>977.88</ele><time>2026-08-27T14:38:24Z</time></trkpt><trkpt lat="47.4633975048" lon="11.1688407138"><ele>978.58</ele><time>2026-08-27T14:38:32Z</time></trkpt><trkpt lat="47.4633226544" lon="11.1686040927"><ele>979.21</ele><time>2026-08-27T14:38:40Z</time></trkpt><trkpt lat="47.4632715248" lon="11.1683308426"><ele>979.74</ele><time>2026-08-27T14:38:48Z</time></trkpt><trkpt lat="47.4632324651" lon="11.1680577602"><ele>981.27</ele><time>2026-08-27T14:38:56Z</time></trkpt><trkpt lat="47.4632191379" lon="11.1677799001"><ele>982.38</ele><time>2026-08-27T14:39:03Z</time></trkpt><trkpt lat="47.4631792400" lon="11.1674359068"><ele>982.56</ele><time>2026-08-27T14:39:10Z</time></trkpt><trkpt lat="47.4630662519" lon="11.1671708710"><ele>982.57</ele><time>2026-08-27T14:39:17Z</time></trkpt><trkpt lat="47.4630537629" lon="11.1671509221"><ele>982.66</ele><time>2026-08-27T14:39:25Z</time></trkpt><trkpt lat="47.4630457163" lon="11.1671572085"><ele>982.61</ele><time>2026-08-27T14:39:48Z</time></trkpt><trkpt lat="47.4630349036" lon="11.1671504192"><ele>982.36</ele><time>2026-08-27T14:40:15Z</time></trkpt><trkpt lat="47.4630301259" lon="11.1671250220"><ele>982.34</ele><time>2026-08-27T14:40:47Z</time></trkpt><trkpt lat="47.4630240072" lon="11.1671380140"><ele>982.27</ele><time>2026-08-27T14:41:21Z</time></trkpt><trkpt lat="47.4630328082" lon="11.1671610642"><ele>982.13</ele><time>2026-08-27T14:41:46Z</time></trkpt><trkpt lat="47.4630236719" lon="11.1671841145"><ele>982.19</ele><time>2026-08-27T14:42:14Z</time></trkpt><trkpt lat="47.4630044773" lon="11.1672104336"><ele>982.19</ele><time>2026-08-27T14:42:33Z</time></trkpt><trkpt lat="47.4630190618" lon="11.1672386806"><ele>982.19</ele><time>2026-08-27T14:42:35Z</time></trkpt><trkpt lat="47.4630302936" lon="11.1672547739"><ele>982.19</ele><time>2026-08-27T14:42:36Z</time></trkpt><trkpt lat="47.4631301221" lon="11.1674279440"><ele>982.19</ele><time>2026-08-27T14:42:43Z</time></trkpt><trkpt lat="47.4632069003" lon="11.1677537486"><ele>981.85</ele><time>2026-08-27T14:42:50Z</time></trkpt><trkpt lat="47.4632335547" lon="11.1680385657"><ele>981.88</ele><time>2026-08-27T14:42:56Z</time></trkpt><trkpt lat="47.4632876180" lon="11.1683925334"><ele>981.21</ele><time>2026-08-27T14:43:01Z</time></trkpt><trkpt lat="47.4633224029" lon="11.1685534660"><ele>980.41</ele><time>2026-08-27T14:43:03Z</time></trkpt><trkpt lat="47.4633515719" lon="11.1686112173"><ele>979.89</ele><time>2026-08-27T14:43:04Z</time></trkpt><trkpt lat="47.4633860216" lon="11.1686479300"><ele>979.47</ele><time>2026-08-27T14:43:05Z</time></trkpt><trkpt lat="47.4634183757" lon="11.1686667055"><ele>979.22</ele><time>2026-08-27T14:43:06Z</time></trkpt><trkpt lat="47.4634407554" lon="11.1686667055"><ele>979.09</ele><time>2026-08-27T14:43:07Z</time></trkpt><trkpt lat="47.4634586927" lon="11.1686383747"><ele>979.10</ele><time>2026-08-27T14:43:09Z</time></trkpt><trkpt lat="47.4634630512" lon="11.1686178390"><ele>979.34</ele><time>2026-08-27T14:43:10Z</time></trkpt><trkpt lat="47.4634681642" lon="11.1685766000"><ele>979.95</ele><time>2026-08-27T14:43:12Z</time></trkpt><trkpt lat="47.4634684157" lon="11.1685567349"><ele>980.17</ele><time>2026-08-27T14:43:13Z</time></trkpt><trkpt lat="47.4634687509" lon="11.1685336847"><ele>980.39</ele><time>2026-08-27T14:43:14Z</time></trkpt><trkpt lat="47.4634662364" lon="11.1685104668"><ele>980.61</ele><time>2026-08-27T14:43:15Z</time></trkpt><trkpt lat="47.4634630512" lon="11.1684869975"><ele>980.85</ele><time>2026-08-27T14:43:16Z</time></trkpt><trkpt lat="47.4634611234" lon="11.1684661265"><ele>981.09</ele><time>2026-08-27T14:43:17Z</time></trkpt><trkpt lat="47.4634594470" lon="11.1684459262"><ele>981.34</ele><time>2026-08-27T14:43:18Z</time></trkpt><trkpt lat="47.4634394143" lon="11.1682928726"><ele>983.00</ele><time>2026-08-27T14:43:26Z</time></trkpt><trkpt lat="47.4634012766" lon="11.1680811457"><ele>985.15</ele><time>2026-08-27T14:43:37Z</time></trkpt><trkpt lat="47.4633865245" lon="11.1679366417"><ele>986.45</ele><time>2026-08-27T14:43:45Z</time></trkpt><trkpt lat="47.4633924756" lon="11.1677261721"><ele>989.15</ele><time>2026-08-27T14:43:58Z</time></trkpt><trkpt lat="47.4634110834" lon="11.1675771419"><ele>990.78</ele><time>2026-08-27T14:44:07Z</time></trkpt><trkpt lat="47.4634481315" lon="11.1674224958"><ele>993.09</ele><time>2026-08-27T14:44:17Z</time></trkpt><trkpt lat="47.4634980876" lon="11.1672510020"><ele>994.89</ele><time>2026-08-27T14:44:29Z</time></trkpt><trkpt lat="47.4635290168" lon="11.1670940090"><ele>996.51</ele><time>2026-08-27T14:44:39Z</time></trkpt><trkpt lat="47.4635486305" lon="11.1669278797"><ele>998.05</ele><time>2026-08-27T14:44:50Z</time></trkpt><trkpt lat="47.4635498878" lon="11.1669111997"><ele>998.18</ele><time>2026-08-27T14:44:51Z</time></trkpt><trkpt lat="47.4635868520" lon="11.1667450704"><ele>1000.24</ele><time>2026-08-27T14:45:03Z</time></trkpt><trkpt lat="47.4636127520" lon="11.1665662844"><ele>1001.94</ele><time>2026-08-27T14:45:15Z</time></trkpt><trkpt lat="47.4636363890" lon="11.1664796155"><ele>1002.79</ele><time>2026-08-27T14:45:21Z</time></trkpt><trkpt lat="47.4636608642" lon="11.1663731653"><ele>1004.24</ele><time>2026-08-27T14:45:29Z</time></trkpt><trkpt lat="47.4636871833" lon="11.1662440840"><ele>1005.72</ele><time>2026-08-27T14:45:38Z</time></trkpt><trkpt lat="47.4637135025" lon="11.1660966463"><ele>1007.34</ele><time>2026-08-27T14:45:48Z</time></trkpt><trkpt lat="47.4637229741" lon="11.1659282539"><ele>1009.18</ele><time>2026-08-27T14:45:59Z</time></trkpt><trkpt lat="47.4637119938" lon="11.1658031121"><ele>1010.79</ele><time>2026-08-27T14:46:08Z</time></trkpt><trkpt lat="47.4636933859" lon="11.1656612065"><ele>1012.63</ele><time>2026-08-27T14:46:18Z</time></trkpt><trkpt lat="47.4636746105" lon="11.1654799897"><ele>1014.16</ele><time>2026-08-27T14:46:30Z</time></trkpt><trkpt lat="47.4636555836" lon="11.1652805842"><ele>1016.29</ele><time>2026-08-27T14:46:43Z</time></trkpt><trkpt lat="47.4636507221" lon="11.1650987808"><ele>1017.78</ele><time>2026-08-27T14:46:53Z</time></trkpt><trkpt lat="47.4636530690" lon="11.1648962740"><ele>1019.50</ele><time>2026-08-27T14:47:05Z</time></trkpt><trkpt lat="47.4636567570" lon="11.1648790911"><ele>1019.65</ele><time>2026-08-27T14:47:06Z</time></trkpt><trkpt lat="47.4637202919" lon="11.1646609940"><ele>1021.35</ele><time>2026-08-27T14:47:19Z</time></trkpt><trkpt lat="47.4638147559" lon="11.1645117123"><ele>1022.60</ele><time>2026-08-27T14:47:30Z</time></trkpt><trkpt lat="47.4638528936" lon="11.1644650251"><ele>1023.11</ele><time>2026-08-27T14:47:34Z</time></trkpt><trkpt lat="47.4638583418" lon="11.1644455791"><ele>1023.24</ele><time>2026-08-27T14:47:35Z</time></trkpt><trkpt lat="47.4638652150" lon="11.1644296534"><ele>1023.34</ele><time>2026-08-27T14:47:36Z</time></trkpt><trkpt lat="47.4638723396" lon="11.1644127220"><ele>1023.41</ele><time>2026-08-27T14:47:37Z</time></trkpt><trkpt lat="47.4638812244" lon="11.1643983051"><ele>1023.51</ele><time>2026-08-27T14:47:38Z</time></trkpt><trkpt lat="47.4638901092" lon="11.1643832177"><ele>1023.63</ele><time>2026-08-27T14:47:39Z</time></trkpt><trkpt lat="47.4638992455" lon="11.1643701419"><ele>1023.78</ele><time>2026-08-27T14:47:40Z</time></trkpt><trkpt lat="47.4639074598" lon="11.1643564794"><ele>1023.92</ele><time>2026-08-27T14:47:41Z</time></trkpt><trkpt lat="47.4639155064" lon="11.1643418949"><ele>1024.05</ele><time>2026-08-27T14:47:42Z</time></trkpt><trkpt lat="47.4639822263" lon="11.1641563196"><ele>1025.69</ele><time>2026-08-27T14:47:54Z</time></trkpt><trkpt lat="47.4640118144" lon="11.1639879271"><ele>1026.79</ele><time>2026-08-27T14:48:03Z</time></trkpt><trkpt lat="47.4640035164" lon="11.1638171878"><ele>1027.72</ele><time>2026-08-27T14:48:12Z</time></trkpt><trkpt lat="47.4639791250" lon="11.1636556685"><ele>1028.28</ele><time>2026-08-27T14:48:20Z</time></trkpt><trkpt lat="47.4639688153" lon="11.1635944806"><ele>1028.39</ele><time>2026-08-27T14:48:23Z</time></trkpt><trkpt lat="47.4639659654" lon="11.1635728553"><ele>1028.41</ele><time>2026-08-27T14:48:24Z</time></trkpt><trkpt lat="47.4639608525" lon="11.1635516491"><ele>1028.47</ele><time>2026-08-27T14:48:25Z</time></trkpt><trkpt lat="47.4639561586" lon="11.1635317001"><ele>1028.54</ele><time>2026-08-27T14:48:26Z</time></trkpt><trkpt lat="47.4639477767" lon="11.1635042913"><ele>1028.59</ele><time>2026-08-27T14:48:27Z</time></trkpt><trkpt lat="47.4638581742" lon="11.1632385012"><ele>1029.15</ele><time>2026-08-27T14:48:36Z</time></trkpt><trkpt lat="47.4637996685" lon="11.1628480721"><ele>1029.88</ele><time>2026-08-27T14:48:46Z</time></trkpt><trkpt lat="47.4637686554" lon="11.1625645962"><ele>1030.64</ele><time>2026-08-27T14:48:54Z</time></trkpt><trkpt lat="47.4636700843" lon="11.1621675454"><ele>1031.66</ele><time>2026-08-27T14:49:05Z</time></trkpt><trkpt lat="47.4636489619" lon="11.1618376337"><ele>1032.17</ele><time>2026-08-27T14:49:13Z</time></trkpt><trkpt lat="47.4636446871" lon="11.1615378130"><ele>1033.05</ele><time>2026-08-27T14:49:21Z</time></trkpt><trkpt lat="47.4636513926" lon="11.1612785608"><ele>1033.93</ele><time>2026-08-27T14:49:28Z</time></trkpt><trkpt lat="47.4636688270" lon="11.1609763931"><ele>1035.11</ele><time>2026-08-27T14:49:37Z</time></trkpt><trkpt lat="47.4636805616" lon="11.1606677715"><ele>1035.95</ele><time>2026-08-27T14:49:46Z</time></trkpt><trkpt lat="47.4636614509" lon="11.1603957787"><ele>1036.74</ele><time>2026-08-27T14:49:54Z</time></trkpt><trkpt lat="47.4637074675" lon="11.1599829700"><ele>1038.06</ele><time>2026-08-27T14:50:06Z</time></trkpt><trkpt lat="47.4637671467" lon="11.1597003322"><ele>1039.20</ele><time>2026-08-27T14:50:15Z</time></trkpt><trkpt lat="47.4638291728" lon="11.1593953986"><ele>1040.31</ele><time>2026-08-27T14:50:24Z</time></trkpt><trkpt lat="47.4638795480" lon="11.1591407564"><ele>1041.09</ele><time>2026-08-27T14:50:32Z</time></trkpt><trkpt lat="47.4639247265" lon="11.1588377506"><ele>1042.42</ele><time>2026-08-27T14:50:42Z</time></trkpt><trkpt lat="47.4639609363" lon="11.1584930029"><ele>1043.54</ele><time>2026-08-27T14:50:52Z</time></trkpt><trkpt lat="47.4640032649" lon="11.1582084373"><ele>1043.98</ele><time>2026-08-27T14:51:00Z</time></trkpt><trkpt lat="47.4640057795" lon="11.1581692100"><ele>1044.02</ele><time>2026-08-27T14:51:01Z</time></trkpt><trkpt lat="47.4640087131" lon="11.1581350118"><ele>1044.06</ele><time>2026-08-27T14:51:02Z</time></trkpt><trkpt lat="47.4640667159" lon="11.1578075308"><ele>1045.05</ele><time>2026-08-27T14:51:12Z</time></trkpt><trkpt lat="47.4640846532" lon="11.1575235520"><ele>1046.28</ele><time>2026-08-27T14:51:22Z</time></trkpt><trkpt lat="47.4641093798" lon="11.1572384834"><ele>1048.20</ele><time>2026-08-27T14:51:32Z</time></trkpt><trkpt lat="47.4641220365" lon="11.1570421793"><ele>1049.10</ele><time>2026-08-27T14:51:39Z</time></trkpt><trkpt lat="47.4641165882" lon="11.1567020416"><ele>1050.60</ele><time>2026-08-27T14:51:50Z</time></trkpt><trkpt lat="47.4641038477" lon="11.1563738063"><ele>1051.38</ele><time>2026-08-27T14:52:01Z</time></trkpt><trkpt lat="47.4641643651" lon="11.1560290586"><ele>1051.75</ele><time>2026-08-27T14:52:11Z</time></trkpt><trkpt lat="47.4641693104" lon="11.1557277292"><ele>1052.07</ele><time>2026-08-27T14:52:19Z</time></trkpt><trkpt lat="47.4641316757" lon="11.1554390565"><ele>1053.59</ele><time>2026-08-27T14:52:29Z</time></trkpt><trkpt lat="47.4640947115" lon="11.1551778764"><ele>1054.32</ele><time>2026-08-27T14:52:39Z</time></trkpt><trkpt lat="47.4640901014" lon="11.1551610287"><ele>1054.39</ele><time>2026-08-27T14:52:46Z</time></trkpt><trkpt lat="47.4640810490" lon="11.1551477015"><ele>1054.43</ele><time>2026-08-27T14:53:07Z</time></trkpt><trkpt lat="47.4640650395" lon="11.1551530659"><ele>1054.37</ele><time>2026-08-27T14:53:34Z</time></trkpt><trkpt lat="47.4640719965" lon="11.1551317759"><ele>1054.42</ele><time>2026-08-27T14:53:49Z</time></trkpt><trkpt lat="47.4640519638" lon="11.1551256571"><ele>1054.42</ele><time>2026-08-27T14:54:12Z</time></trkpt><trkpt lat="47.4640622735" lon="11.1551456060"><ele>1054.42</ele><time>2026-08-27T14:54:59Z</time></trkpt><trkpt lat="47.4640646204" lon="11.1551365536"><ele>1054.42</ele><time>2026-08-27T14:55:18Z</time></trkpt><trkpt lat="47.4640629441" lon="11.1550576799"><ele>1054.42</ele><time>2026-08-27T14:55:23Z</time></trkpt><trkpt lat="47.4640595913" lon="11.1550296843"><ele>1054.42</ele><time>2026-08-27T14:55:24Z</time></trkpt><trkpt lat="47.4640577473" lon="11.1550000962"><ele>1054.42</ele><time>2026-08-27T14:55:25Z</time></trkpt><trkpt lat="47.4640603457" lon="11.1549675744"><ele>1054.43</ele><time>2026-08-27T14:55:26Z</time></trkpt><trkpt lat="47.4640642852" lon="11.1549350526"><ele>1054.48</ele><time>2026-08-27T14:55:27Z</time></trkpt><trkpt lat="47.4640750140" lon="11.1546270177"><ele>1054.49</ele><time>2026-08-27T14:55:35Z</time></trkpt><trkpt lat="47.4640820548" lon="11.1542440485"><ele>1054.20</ele><time>2026-08-27T14:55:42Z</time></trkpt><trkpt lat="47.4640820548" lon="11.1541750655"><ele>1054.10</ele><time>2026-08-27T14:55:43Z</time></trkpt><trkpt lat="47.4640558194" lon="11.1536300741"><ele>1053.23</ele><time>2026-08-27T14:55:50Z</time></trkpt><trkpt lat="47.4640658777" lon="11.1530300975"><ele>1051.43</ele><time>2026-08-27T14:55:57Z</time></trkpt><trkpt lat="47.4641230423" lon="11.1527690850"><ele>1051.82</ele><time>2026-08-27T14:56:02Z</time></trkpt><trkpt lat="47.4641700648" lon="11.1526613776"><ele>1054.21</ele><time>2026-08-27T14:56:08Z</time></trkpt><trkpt lat="47.4642814603" lon="11.1525312904"><ele>1056.22</ele><time>2026-08-27T14:56:17Z</time></trkpt><trkpt lat="47.4643627647" lon="11.1523468047"><ele>1056.87</ele><time>2026-08-27T14:56:24Z</time></trkpt><trkpt lat="47.4643399660" lon="11.1521711200"><ele>1056.67</ele><time>2026-08-27T14:56:27Z</time></trkpt><trkpt lat="47.4643328413" lon="11.1521046516"><ele>1056.56</ele><time>2026-08-27T14:56:28Z</time></trkpt><trkpt lat="47.4643232021" lon="11.1520362552"><ele>1056.42</ele><time>2026-08-27T14:56:29Z</time></trkpt><trkpt lat="47.4643194303" lon="11.1518884823"><ele>1056.04</ele><time>2026-08-27T14:56:31Z</time></trkpt><trkpt lat="47.4643256329" lon="11.1518099438"><ele>1055.78</ele><time>2026-08-27T14:56:32Z</time></trkpt><trkpt lat="47.4643275607" lon="11.1517278850"><ele>1055.48</ele><time>2026-08-27T14:56:33Z</time></trkpt><trkpt lat="47.4643255491" lon="11.1516440660"><ele>1055.16</ele><time>2026-08-27T14:56:34Z</time></trkpt><trkpt lat="47.4643190112" lon="11.1515616719"><ele>1054.86</ele><time>2026-08-27T14:56:35Z</time></trkpt><trkpt lat="47.4642975535" lon="11.1511959694"><ele>1054.44</ele><time>2026-08-27T14:56:40Z</time></trkpt><trkpt lat="47.4642824661" lon="11.1509397347"><ele>1054.06</ele><time>2026-08-27T14:56:43Z</time></trkpt><trkpt lat="47.4642753415" lon="11.1508399900"><ele>1053.64</ele><time>2026-08-27T14:56:44Z</time></trkpt><trkpt lat="47.4642285705" lon="11.1503319629"><ele>1050.38</ele><time>2026-08-27T14:56:48Z</time></trkpt><trkpt lat="47.4641952105" lon="11.1499463953"><ele>1045.76</ele><time>2026-08-27T14:56:51Z</time></trkpt><trkpt lat="47.4641911034" lon="11.1496758275"><ele>1042.79</ele><time>2026-08-27T14:56:53Z</time></trkpt><trkpt lat="47.4641943723" lon="11.1492713168"><ele>1038.31</ele><time>2026-08-27T14:56:56Z</time></trkpt><trkpt lat="47.4641641136" lon="11.1488601007"><ele>1033.78</ele><time>2026-08-27T14:56:59Z</time></trkpt><trkpt lat="47.4640982319" lon="11.1483948212"><ele>1029.64</ele><time>2026-08-27T14:57:02Z</time></trkpt><trkpt lat="47.4640163407" lon="11.1480566952"><ele>1026.28</ele><time>2026-08-27T14:57:04Z</time></trkpt><trkpt lat="47.4639410712" lon="11.1477578804"><ele>1020.80</ele><time>2026-08-27T14:57:06Z</time></trkpt><trkpt lat="47.4638784584" lon="11.1474305671"><ele>1018.82</ele><time>2026-08-27T14:57:09Z</time></trkpt><trkpt lat="47.4638719205" lon="11.1473394558"><ele>1018.57</ele><time>2026-08-27T14:57:10Z</time></trkpt><trkpt lat="47.4638772011" lon="11.1472393759"><ele>1018.28</ele><time>2026-08-27T14:57:11Z</time></trkpt><trkpt lat="47.4638950545" lon="11.1471279804"><ele>1018.13</ele><time>2026-08-27T14:57:12Z</time></trkpt><trkpt lat="47.4639169313" lon="11.1470079515"><ele>1017.70</ele><time>2026-08-27T14:57:13Z</time></trkpt><trkpt lat="47.4639801309" lon="11.1467334442"><ele>1016.09</ele><time>2026-08-27T14:57:15Z</time></trkpt><trkpt lat="47.4641272333" lon="11.1462736130"><ele>1011.96</ele><time>2026-08-27T14:57:18Z</time></trkpt><trkpt lat="47.4642201886" lon="11.1460176297"><ele>1008.37</ele><time>2026-08-27T14:57:20Z</time></trkpt><trkpt lat="47.4643452466" lon="11.1456896458"><ele>1005.06</ele><time>2026-08-27T14:57:23Z</time></trkpt><trkpt lat="47.4643543828" lon="11.1455883924"><ele>1004.29</ele><time>2026-08-27T14:57:24Z</time></trkpt><trkpt lat="47.4643419776" lon="11.1454966944"><ele>1003.57</ele><time>2026-08-27T14:57:25Z</time></trkpt><trkpt lat="47.4643182568" lon="11.1454178207"><ele>1002.97</ele><time>2026-08-27T14:57:26Z</time></trkpt><trkpt lat="47.4642929435" lon="11.1453559622"><ele>1002.66</ele><time>2026-08-27T14:57:27Z</time></trkpt><trkpt lat="47.4642657861" lon="11.1453070957"><ele>1002.50</ele><time>2026-08-27T14:57:28Z</time></trkpt><trkpt lat="47.4642389640" lon="11.1452651862"><ele>1002.43</ele><time>2026-08-27T14:57:29Z</time></trkpt><trkpt lat="47.4642102979" lon="11.1452211812"><ele>1002.60</ele><time>2026-08-27T14:57:30Z</time></trkpt><trkpt lat="47.4639846571" lon="11.1448699795"><ele>1003.87</ele><time>2026-08-27T14:57:36Z</time></trkpt><trkpt lat="47.4639473576" lon="11.1447949614"><ele>1003.69</ele><time>2026-08-27T14:57:37Z</time></trkpt><trkpt lat="47.4638117384" lon="11.1444311868"><ele>1003.14</ele><time>2026-08-27T14:57:42Z</time></trkpt><trkpt lat="47.4637947232" lon="11.1443632934"><ele>1003.15</ele><time>2026-08-27T14:57:43Z</time></trkpt><trkpt lat="47.4637886044" lon="11.1442903709"><ele>1003.18</ele><time>2026-08-27T14:57:44Z</time></trkpt><trkpt lat="47.4637891073" lon="11.1442050431"><ele>1003.19</ele><time>2026-08-27T14:57:45Z</time></trkpt><trkpt lat="47.4637925439" lon="11.1441083159"><ele>1003.20</ele><time>2026-08-27T14:57:46Z</time></trkpt><trkpt lat="47.4637853354" lon="11.1438727006"><ele>1002.93</ele><time>2026-08-27T14:57:48Z</time></trkpt><trkpt lat="47.4637397379" lon="11.1436000373"><ele>1001.43</ele><time>2026-08-27T14:57:50Z</time></trkpt><trkpt lat="47.4637017678" lon="11.1434637476"><ele>1000.25</ele><time>2026-08-27T14:57:51Z</time></trkpt><trkpt lat="47.4636543263" lon="11.1433341634"><ele>999.00</ele><time>2026-08-27T14:57:52Z</time></trkpt><trkpt lat="47.4635988381" lon="11.1432148051"><ele>997.96</ele><time>2026-08-27T14:57:53Z</time></trkpt><trkpt lat="47.4635462835" lon="11.1431100313"><ele>996.95</ele><time>2026-08-27T14:57:54Z</time></trkpt><trkpt lat="47.4634478800" lon="11.1429371126"><ele>995.42</ele><time>2026-08-27T14:57:56Z</time></trkpt><trkpt lat="47.4633236602" lon="11.1427546386"><ele>996.50</ele><time>2026-08-27T14:58:00Z</time></trkpt><trkpt lat="47.4631515797" lon="11.1426403932"><ele>996.30</ele><time>2026-08-27T14:58:06Z</time></trkpt><trkpt lat="47.4630529247" lon="11.1425357033"><ele>992.99</ele><time>2026-08-27T14:58:10Z</time></trkpt><trkpt lat="47.4629971851" lon="11.1423704121"><ele>989.79</ele><time>2026-08-27T14:58:14Z</time></trkpt><trkpt lat="47.4630323052" lon="11.1421264987"><ele>985.86</ele><time>2026-08-27T14:58:18Z</time></trkpt><trkpt lat="47.4630388431" lon="11.1420189589"><ele>984.96</ele><time>2026-08-27T14:58:19Z</time></trkpt><trkpt lat="47.4630360771" lon="11.1418945715"><ele>984.02</ele><time>2026-08-27T14:58:20Z</time></trkpt><trkpt lat="47.4630306289" lon="11.1417641491"><ele>982.84</ele><time>2026-08-27T14:58:21Z</time></trkpt><trkpt lat="47.4630271085" lon="11.1416281946"><ele>981.41</ele><time>2026-08-27T14:58:22Z</time></trkpt><trkpt lat="47.4630207382" lon="11.1414981913"><ele>980.03</ele><time>2026-08-27T14:58:23Z</time></trkpt><trkpt lat="47.4630056508" lon="11.1409661081"><ele>977.74</ele><time>2026-08-27T14:58:28Z</time></trkpt><trkpt lat="47.4630105961" lon="11.1407071911"><ele>977.99</ele><time>2026-08-27T14:58:31Z</time></trkpt><trkpt lat="47.4629968498" lon="11.1406056862"><ele>978.00</ele><time>2026-08-27T14:58:32Z</time></trkpt><trkpt lat="47.4629074149" lon="11.1400556657"><ele>974.79</ele><time>2026-08-27T14:58:37Z</time></trkpt><trkpt lat="47.4628744740" lon="11.1398595292"><ele>974.09</ele><time>2026-08-27T14:58:39Z</time></trkpt><trkpt lat="47.4628426228" lon="11.1396751273"><ele>974.50</ele><time>2026-08-27T14:58:43Z</time></trkpt><trkpt lat="47.4628445506" lon="11.1396782286"><ele>976.10</ele><time>2026-08-27T14:58:54Z</time></trkpt><trkpt lat="47.4628463946" lon="11.1396926455"><ele>975.81</ele><time>2026-08-27T14:59:45Z</time></trkpt><trkpt lat="47.4628456403" lon="11.1396940704"><ele>975.91</ele><time>2026-08-27T15:00:00Z</time></trkpt><trkpt lat="47.4628417846" lon="11.1396410968"><ele>975.91</ele><time>2026-08-27T15:00:09Z</time></trkpt><trkpt lat="47.4628402758" lon="11.1396063119"><ele>975.91</ele><time>2026-08-27T15:00:10Z</time></trkpt><trkpt lat="47.4628298823" lon="11.1393265240"><ele>975.51</ele><time>2026-08-27T15:00:14Z</time></trkpt><trkpt lat="47.4628152139" lon="11.1392199900"><ele>975.13</ele><time>2026-08-27T15:00:15Z</time></trkpt><trkpt lat="47.4627204984" lon="11.1387549620"><ele>971.96</ele><time>2026-08-27T15:00:19Z</time></trkpt><trkpt lat="47.4626920000" lon="11.1385282315"><ele>968.93</ele><time>2026-08-27T15:00:21Z</time></trkpt><trkpt lat="47.4626703747" lon="11.1382886767"><ele>968.01</ele><time>2026-08-27T15:00:23Z</time></trkpt><trkpt lat="47.4626471568" lon="11.1381662171"><ele>967.65</ele><time>2026-08-27T15:00:24Z</time></trkpt><trkpt lat="47.4625596497" lon="11.1375831719"><ele>965.03</ele><time>2026-08-27T15:00:29Z</time></trkpt><trkpt lat="47.4625684507" lon="11.1369801778"><ele>963.65</ele><time>2026-08-27T15:00:34Z</time></trkpt><trkpt lat="47.4625907466" lon="11.1368682794"><ele>963.21</ele><time>2026-08-27T15:00:35Z</time></trkpt><trkpt lat="47.4626328237" lon="11.1366575584"><ele>962.77</ele><time>2026-08-27T15:00:37Z</time></trkpt><trkpt lat="47.4626411218" lon="11.1365506891"><ele>962.64</ele><time>2026-08-27T15:00:38Z</time></trkpt><trkpt lat="47.4626333266" lon="11.1364467535"><ele>962.52</ele><time>2026-08-27T15:00:39Z</time></trkpt><trkpt lat="47.4626101088" lon="11.1363547202"><ele>962.44</ele><time>2026-08-27T15:00:40Z</time></trkpt><trkpt lat="47.4625815265" lon="11.1362699792"><ele>962.40</ele><time>2026-08-27T15:00:41Z</time></trkpt><trkpt lat="47.4623843841" lon="11.1357813142"><ele>962.15</ele><time>2026-08-27T15:00:47Z</time></trkpt><trkpt lat="47.4623572268" lon="11.1357091460"><ele>961.93</ele><time>2026-08-27T15:00:48Z</time></trkpt><trkpt lat="47.4623034988" lon="11.1355505604"><ele>962.13</ele><time>2026-08-27T15:00:52Z</time></trkpt><trkpt lat="47.4622576497" lon="11.1354085710"><ele>964.30</ele><time>2026-08-27T15:00:59Z</time></trkpt><trkpt lat="47.4622050952" lon="11.1352125183"><ele>965.95</ele><time>2026-08-27T15:01:08Z</time></trkpt><trkpt lat="47.4621194322" lon="11.1350381747"><ele>967.08</ele><time>2026-08-27T15:01:18Z</time></trkpt><trkpt lat="47.4620444980" lon="11.1348992027"><ele>968.57</ele><time>2026-08-27T15:01:28Z</time></trkpt><trkpt lat="47.4620404746" lon="11.1348805111"><ele>968.82</ele><time>2026-08-27T15:01:29Z</time></trkpt><trkpt lat="47.4619968049" lon="11.1347270384"><ele>971.52</ele><time>2026-08-27T15:01:39Z</time></trkpt><trkpt lat="47.4619063642" lon="11.1345713865"><ele>974.02</ele><time>2026-08-27T15:01:52Z</time></trkpt><trkpt lat="47.4618402310" lon="11.1344735697"><ele>975.04</ele><time>2026-08-27T15:01:59Z</time></trkpt><trkpt lat="47.4617810547" lon="11.1343611684"><ele>976.14</ele><time>2026-08-27T15:02:07Z</time></trkpt><trkpt lat="47.4617767800" lon="11.1343454104"><ele>976.30</ele><time>2026-08-27T15:02:08Z</time></trkpt><trkpt lat="47.4617657159" lon="11.1343338434"><ele>976.49</ele><time>2026-08-27T15:02:09Z</time></trkpt><trkpt lat="47.4617590103" lon="11.1343217734"><ele>976.69</ele><time>2026-08-27T15:02:10Z</time></trkpt><trkpt lat="47.4617529754" lon="11.1343078595"><ele>976.91</ele><time>2026-08-27T15:02:11Z</time></trkpt><trkpt lat="47.4617461860" lon="11.1342931073"><ele>977.12</ele><time>2026-08-27T15:02:12Z</time></trkpt><trkpt lat="47.4617225491" lon="11.1342052650"><ele>977.91</ele><time>2026-08-27T15:02:17Z</time></trkpt><trkpt lat="47.4617139995" lon="11.1341901775"><ele>977.97</ele><time>2026-08-27T15:02:18Z</time></trkpt><trkpt lat="47.4617115688" lon="11.1341683846"><ele>978.00</ele><time>2026-08-27T15:02:19Z</time></trkpt><trkpt lat="47.4617104791" lon="11.1341470946"><ele>978.02</ele><time>2026-08-27T15:02:20Z</time></trkpt><trkpt lat="47.4617023487" lon="11.1341275647"><ele>978.02</ele><time>2026-08-27T15:02:21Z</time></trkpt><trkpt lat="47.4616972357" lon="11.1341059394"><ele>978.02</ele><time>2026-08-27T15:02:22Z</time></trkpt><trkpt lat="47.4616991635" lon="11.1340792011"><ele>978.01</ele><time>2026-08-27T15:02:23Z</time></trkpt><trkpt lat="47.4616994150" lon="11.1340316758"><ele>977.96</ele><time>2026-08-27T15:02:25Z</time></trkpt><trkpt lat="47.4616960622" lon="11.1340072006"><ele>977.94</ele><time>2026-08-27T15:02:26Z</time></trkpt><trkpt lat="47.4616925418" lon="11.1339848209"><ele>977.90</ele><time>2026-08-27T15:02:27Z</time></trkpt><trkpt lat="47.4616880994" lon="11.1339647043"><ele>977.84</ele><time>2026-08-27T15:02:28Z</time></trkpt><trkpt lat="47.4616836570" lon="11.1339415703"><ele>977.77</ele><time>2026-08-27T15:02:29Z</time></trkpt><trkpt lat="47.4616631214" lon="11.1336838268"><ele>977.27</ele><time>2026-08-27T15:02:35Z</time></trkpt><trkpt lat="47.4616606906" lon="11.1329820100"><ele>975.05</ele><time>2026-08-27T15:02:44Z</time></trkpt><trkpt lat="47.4616767000" lon="11.1327125318"><ele>973.54</ele><time>2026-08-27T15:02:47Z</time></trkpt><trkpt lat="47.4617007561" lon="11.1325488333"><ele>972.51</ele><time>2026-08-27T15:02:49Z</time></trkpt><trkpt lat="47.4617222976" lon="11.1320514511"><ele>971.91</ele><time>2026-08-27T15:02:56Z</time></trkpt><trkpt lat="47.4617196992" lon="11.1319847312"><ele>971.90</ele><time>2026-08-27T15:02:57Z</time></trkpt><trkpt lat="47.4616891891" lon="11.1315558292"><ele>971.25</ele><time>2026-08-27T15:03:03Z</time></trkpt><trkpt lat="47.4617007561" lon="11.1314777937"><ele>971.09</ele><time>2026-08-27T15:03:04Z</time></trkpt><trkpt lat="47.4617030192" lon="11.1313931365"><ele>970.81</ele><time>2026-08-27T15:03:05Z</time></trkpt><trkpt lat="47.4616911169" lon="11.1313048750"><ele>970.37</ele><time>2026-08-27T15:03:06Z</time></trkpt><trkpt lat="47.4616715871" lon="11.1312215589"><ele>969.65</ele><time>2026-08-27T15:03:07Z</time></trkpt><trkpt lat="47.4616611097" lon="11.1311554257"><ele>968.72</ele><time>2026-08-27T15:03:08Z</time></trkpt><trkpt lat="47.4616564158" lon="11.1310836766"><ele>967.32</ele><time>2026-08-27T15:03:09Z</time></trkpt><trkpt lat="47.4616557453" lon="11.1310112569"><ele>966.98</ele><time>2026-08-27T15:03:10Z</time></trkpt><trkpt lat="47.4616548233" lon="11.1309385020"><ele>966.76</ele><time>2026-08-27T15:03:11Z</time></trkpt><trkpt lat="47.4616577569" lon="11.1308375839"><ele>966.43</ele><time>2026-08-27T15:03:12Z</time></trkpt><trkpt lat="47.4616639595" lon="11.1307222489"><ele>965.85</ele><time>2026-08-27T15:03:13Z</time></trkpt><trkpt lat="47.4616848305" lon="11.1303380225"><ele>962.83</ele><time>2026-08-27T15:03:16Z</time></trkpt><trkpt lat="47.4616762809" lon="11.1302143056"><ele>961.54</ele><time>2026-08-27T15:03:17Z</time></trkpt><trkpt lat="47.4616726767" lon="11.1300877389"><ele>960.38</ele><time>2026-08-27T15:03:18Z</time></trkpt><trkpt lat="47.4616797175" lon="11.1299621779"><ele>959.50</ele><time>2026-08-27T15:03:19Z</time></trkpt><trkpt lat="47.4616880156" lon="11.1298453342"><ele>958.83</ele><time>2026-08-27T15:03:20Z</time></trkpt><trkpt lat="47.4617054500" lon="11.1297361180"><ele>958.35</ele><time>2026-08-27T15:03:21Z</time></trkpt><trkpt lat="47.4617262371" lon="11.1296307575"><ele>958.02</ele><time>2026-08-27T15:03:22Z</time></trkpt><trkpt lat="47.4617485330" lon="11.1293437611"><ele>957.65</ele><time>2026-08-27T15:03:26Z</time></trkpt><trkpt lat="47.4617302604" lon="11.1292161047"><ele>959.79</ele><time>2026-08-27T15:03:31Z</time></trkpt><trkpt lat="47.4617171008" lon="11.1291472893"><ele>961.02</ele><time>2026-08-27T15:03:34Z</time></trkpt><trkpt lat="47.4616936315" lon="11.1289203912"><ele>961.34</ele><time>2026-08-27T15:03:41Z</time></trkpt><trkpt lat="47.4616838247" lon="11.1287128553"><ele>960.98</ele><time>2026-08-27T15:03:47Z</time></trkpt><trkpt lat="47.4616626184" lon="11.1285253521"><ele>961.38</ele><time>2026-08-27T15:03:55Z</time></trkpt><trkpt lat="47.4616615288" lon="11.1284924112"><ele>961.69</ele><time>2026-08-27T15:03:57Z</time></trkpt><trkpt lat="47.4616542365" lon="11.1283240188"><ele>962.90</ele><time>2026-08-27T15:04:06Z</time></trkpt><trkpt lat="47.4616153445" lon="11.1281721387"><ele>964.51</ele><time>2026-08-27T15:04:15Z</time></trkpt><trkpt lat="47.4616005085" lon="11.1280588992"><ele>966.34</ele><time>2026-08-27T15:04:23Z</time></trkpt><trkpt lat="47.4615852535" lon="11.1279224418"><ele>967.81</ele><time>2026-08-27T15:04:31Z</time></trkpt><trkpt lat="47.4615512230" lon="11.1277768482"><ele>969.86</ele><time>2026-08-27T15:04:40Z</time></trkpt><trkpt lat="47.4615238141" lon="11.1276308354"><ele>971.89</ele><time>2026-08-27T15:04:50Z</time></trkpt><trkpt lat="47.4615370575" lon="11.1274981499"><ele>973.38</ele><time>2026-08-27T15:04:59Z</time></trkpt><trkpt lat="47.4615387339" lon="11.1273546517"><ele>975.06</ele><time>2026-08-27T15:05:07Z</time></trkpt><trkpt lat="47.4615430925" lon="11.1272848304"><ele>976.13</ele><time>2026-08-27T15:05:12Z</time></trkpt><trkpt lat="47.4615463614" lon="11.1272087228"><ele>976.95</ele><time>2026-08-27T15:05:18Z</time></trkpt><trkpt lat="47.4615576770" lon="11.1271349620"><ele>977.66</ele><time>2026-08-27T15:05:22Z</time></trkpt><trkpt lat="47.4615628738" lon="11.1271139234"><ele>977.80</ele><time>2026-08-27T15:05:23Z</time></trkpt><trkpt lat="47.4615683220" lon="11.1270928849"><ele>977.98</ele><time>2026-08-27T15:05:24Z</time></trkpt><trkpt lat="47.4615711719" lon="11.1270705052"><ele>978.18</ele><time>2026-08-27T15:05:25Z</time></trkpt><trkpt lat="47.4615837447" lon="11.1270389892"><ele>978.47</ele><time>2026-08-27T15:05:27Z</time></trkpt><trkpt lat="47.4615930486" lon="11.1270194594"><ele>978.60</ele><time>2026-08-27T15:05:28Z</time></trkpt><trkpt lat="47.4616012629" lon="11.1270030309"><ele>978.70</ele><time>2026-08-27T15:05:29Z</time></trkpt><trkpt lat="47.4617077131" lon="11.1268416792"><ele>979.15</ele><time>2026-08-27T15:05:37Z</time></trkpt><trkpt lat="47.4618205335" lon="11.1267521605"><ele>980.36</ele><time>2026-08-27T15:05:45Z</time></trkpt><trkpt lat="47.4619906861" lon="11.1267571058"><ele>980.56</ele><time>2026-08-27T15:05:52Z</time></trkpt><trkpt lat="47.4620330147" lon="11.1267695110"><ele>980.42</ele><time>2026-08-27T15:05:53Z</time></trkpt><trkpt lat="47.4623591546" lon="11.1268688366"><ele>978.36</ele><time>2026-08-27T15:05:59Z</time></trkpt><trkpt lat="47.4624660239" lon="11.1268900428"><ele>977.46</ele><time>2026-08-27T15:06:01Z</time></trkpt><trkpt lat="47.4625232723" lon="11.1268892884"><ele>977.06</ele><time>2026-08-27T15:06:02Z</time></trkpt><trkpt lat="47.4625813589" lon="11.1268773861"><ele>976.57</ele><time>2026-08-27T15:06:03Z</time></trkpt><trkpt lat="47.4626402836" lon="11.1268530786"><ele>976.10</ele><time>2026-08-27T15:06:04Z</time></trkpt><trkpt lat="47.4627023097" lon="11.1268104147"><ele>975.69</ele><time>2026-08-27T15:06:05Z</time></trkpt><trkpt lat="47.4627614859" lon="11.1267598718"><ele>975.21</ele><time>2026-08-27T15:06:06Z</time></trkpt><trkpt lat="47.4628281221" lon="11.1266989354"><ele>974.56</ele><time>2026-08-27T15:06:07Z</time></trkpt><trkpt lat="47.4628976081" lon="11.1266502365"><ele>973.76</ele><time>2026-08-27T15:06:08Z</time></trkpt><trkpt lat="47.4629716203" lon="11.1266103387"><ele>972.77</ele><time>2026-08-27T15:06:09Z</time></trkpt><trkpt lat="47.4630603846" lon="11.1265832651"><ele>971.62</ele><time>2026-08-27T15:06:10Z</time></trkpt><trkpt lat="47.4631524179" lon="11.1265619751"><ele>970.47</ele><time>2026-08-27T15:06:11Z</time></trkpt><trkpt lat="47.4634235725" lon="11.1265157070"><ele>966.75</ele><time>2026-08-27T15:06:14Z</time></trkpt><trkpt lat="47.4636581820" lon="11.1264464725"><ele>963.23</ele><time>2026-08-27T15:06:17Z</time></trkpt><trkpt lat="47.4639917817" lon="11.1263280362"><ele>959.97</ele><time>2026-08-27T15:06:21Z</time></trkpt><trkpt lat="47.4642256368" lon="11.1262099352"><ele>954.75</ele><time>2026-08-27T15:06:24Z</time></trkpt><trkpt lat="47.4642981403" lon="11.1261780001"><ele>953.65</ele><time>2026-08-27T15:06:25Z</time></trkpt><trkpt lat="47.4643652793" lon="11.1261376832"><ele>952.83</ele><time>2026-08-27T15:06:26Z</time></trkpt><trkpt lat="47.4646299798" lon="11.1259174068"><ele>949.59</ele><time>2026-08-27T15:06:30Z</time></trkpt><trkpt lat="47.4649106059" lon="11.1256698892"><ele>945.91</ele><time>2026-08-27T15:06:34Z</time></trkpt><trkpt lat="47.4651654996" lon="11.1254333518"><ele>942.23</ele><time>2026-08-27T15:06:37Z</time></trkpt><trkpt lat="47.4653525837" lon="11.1253134068"><ele>938.77</ele><time>2026-08-27T15:06:39Z</time></trkpt><trkpt lat="47.4654302839" lon="11.1252554040"><ele>937.23</ele><time>2026-08-27T15:06:40Z</time></trkpt><trkpt lat="47.4654903822" lon="11.1251818109"><ele>936.01</ele><time>2026-08-27T15:06:41Z</time></trkpt><trkpt lat="47.4655375723" lon="11.1251097266"><ele>935.31</ele><time>2026-08-27T15:06:42Z</time></trkpt><trkpt lat="47.4657562561" lon="11.1247650627"><ele>934.39</ele><time>2026-08-27T15:06:47Z</time></trkpt><trkpt lat="47.4658785481" lon="11.1246252526"><ele>933.29</ele><time>2026-08-27T15:06:49Z</time></trkpt><trkpt lat="47.4660022650" lon="11.1244539265"><ele>931.81</ele><time>2026-08-27T15:06:51Z</time></trkpt><trkpt lat="47.4660720862" lon="11.1243826803"><ele>930.74</ele><time>2026-08-27T15:06:52Z</time></trkpt><trkpt lat="47.4663495272" lon="11.1241093464"><ele>926.88</ele><time>2026-08-27T15:06:56Z</time></trkpt><trkpt lat="47.4664174207" lon="11.1240479071"><ele>925.99</ele><time>2026-08-27T15:06:57Z</time></trkpt><trkpt lat="47.4664766807" lon="11.1239787564"><ele>925.12</ele><time>2026-08-27T15:06:58Z</time></trkpt><trkpt lat="47.4665303249" lon="11.1239015590"><ele>924.27</ele><time>2026-08-27T15:06:59Z</time></trkpt><trkpt lat="47.4665829632" lon="11.1238144711"><ele>923.38</ele><time>2026-08-27T15:07:00Z</time></trkpt><trkpt lat="47.4666387867" lon="11.1237348430"><ele>922.41</ele><time>2026-08-27T15:07:01Z</time></trkpt><trkpt lat="47.4666973762" lon="11.1236615852"><ele>921.40</ele><time>2026-08-27T15:07:02Z</time></trkpt><trkpt lat="47.4667641800" lon="11.1236093659"><ele>920.34</ele><time>2026-08-27T15:07:03Z</time></trkpt><trkpt lat="47.4668289721" lon="11.1235582363"><ele>919.16</ele><time>2026-08-27T15:07:04Z</time></trkpt><trkpt lat="47.4668825325" lon="11.1234852299"><ele>918.00</ele><time>2026-08-27T15:07:05Z</time></trkpt><trkpt lat="47.4669217598" lon="11.1233866587"><ele>916.98</ele><time>2026-08-27T15:07:06Z</time></trkpt><trkpt lat="47.4669543654" lon="11.1232718267"><ele>916.14</ele><time>2026-08-27T15:07:07Z</time></trkpt><trkpt lat="47.4669827800" lon="11.1231569946"><ele>915.35</ele><time>2026-08-27T15:07:08Z</time></trkpt><trkpt lat="47.4670014717" lon="11.1230352055"><ele>914.39</ele><time>2026-08-27T15:07:09Z</time></trkpt><trkpt lat="47.4670346640" lon="11.1226765439"><ele>909.47</ele><time>2026-08-27T15:07:12Z</time></trkpt><trkpt lat="47.4670501705" lon="11.1225657351"><ele>908.42</ele><time>2026-08-27T15:07:13Z</time></trkpt><trkpt lat="47.4670857098" lon="11.1224797368"><ele>907.36</ele><time>2026-08-27T15:07:14Z</time></trkpt><trkpt lat="47.4671435449" lon="11.1224402580"><ele>906.26</ele><time>2026-08-27T15:07:15Z</time></trkpt><trkpt lat="47.4672066607" lon="11.1224387493"><ele>905.15</ele><time>2026-08-27T15:07:16Z</time></trkpt><trkpt lat="47.4672682676" lon="11.1224563513"><ele>904.12</ele><time>2026-08-27T15:07:17Z</time></trkpt><trkpt lat="47.4673337303" lon="11.1224714387"><ele>903.30</ele><time>2026-08-27T15:07:18Z</time></trkpt><trkpt lat="47.4673991092" lon="11.1224662419"><ele>902.69</ele><time>2026-08-27T15:07:19Z</time></trkpt><trkpt lat="47.4674616382" lon="11.1224341393"><ele>902.24</ele><time>2026-08-27T15:07:20Z</time></trkpt><trkpt lat="47.4675178807" lon="11.1223769747"><ele>901.91</ele><time>2026-08-27T15:07:21Z</time></trkpt><trkpt lat="47.4675642326" lon="11.1222999450"><ele>901.68</ele><time>2026-08-27T15:07:22Z</time></trkpt><trkpt lat="47.4675983470" lon="11.1222090852"><ele>901.49</ele><time>2026-08-27T15:07:23Z</time></trkpt><trkpt lat="47.4676231574" lon="11.1221082509"><ele>901.28</ele><time>2026-08-27T15:07:24Z</time></trkpt><trkpt lat="47.4676525779" lon="11.1220117752"><ele>901.00</ele><time>2026-08-27T15:07:25Z</time></trkpt><trkpt lat="47.4676933978" lon="11.1219350807"><ele>900.67</ele><time>2026-08-27T15:07:26Z</time></trkpt><trkpt lat="47.4677422643" lon="11.1218734737"><ele>900.31</ele><time>2026-08-27T15:07:27Z</time></trkpt><trkpt lat="47.4677937292" lon="11.1218199972"><ele>899.97</ele><time>2026-08-27T15:07:28Z</time></trkpt><trkpt lat="47.4678480439" lon="11.1217785906"><ele>899.70</ele><time>2026-08-27T15:07:29Z</time></trkpt><trkpt lat="47.4679068010" lon="11.1217573844"><ele>899.53</ele><time>2026-08-27T15:07:30Z</time></trkpt><trkpt lat="47.4679662287" lon="11.1217493378"><ele>899.42</ele><time>2026-08-27T15:07:31Z</time></trkpt><trkpt lat="47.4681317713" lon="11.1217275448"><ele>899.22</ele><time>2026-08-27T15:07:34Z</time></trkpt><trkpt lat="47.4682764430" lon="11.1216814443"><ele>899.14</ele><time>2026-08-27T15:07:37Z</time></trkpt><trkpt lat="47.4683825579" lon="11.1216773372"><ele>899.04</ele><time>2026-08-27T15:07:41Z</time></trkpt><trkpt lat="47.4685175065" lon="11.1216880661"><ele>896.66</ele><time>2026-08-27T15:07:48Z</time></trkpt><trkpt lat="47.4685128126" lon="11.1216907483"><ele>895.22</ele><time>2026-08-27T15:08:09Z</time></trkpt><trkpt lat="47.4685141537" lon="11.1216801871"><ele>894.89</ele><time>2026-08-27T15:08:26Z</time></trkpt><trkpt lat="47.4685541354" lon="11.1216205917"><ele>894.85</ele><time>2026-08-27T15:08:28Z</time></trkpt><trkpt lat="47.4685610086" lon="11.1215492617"><ele>894.72</ele><time>2026-08-27T15:08:29Z</time></trkpt><trkpt lat="47.4685512856" lon="11.1214610003"><ele>894.39</ele><time>2026-08-27T15:08:30Z</time></trkpt><trkpt lat="47.4684994016" lon="11.1210554838"><ele>890.09</ele><time>2026-08-27T15:08:34Z</time></trkpt><trkpt lat="47.4684591684" lon="11.1207467783"><ele>885.45</ele><time>2026-08-27T15:08:37Z</time></trkpt><trkpt lat="47.4684380461" lon="11.1206553318"><ele>883.79</ele><time>2026-08-27T15:08:38Z</time></trkpt><trkpt lat="47.4684201926" lon="11.1205810681"><ele>882.24</ele><time>2026-08-27T15:08:39Z</time></trkpt><trkpt lat="47.4684103858" lon="11.1205161922"><ele>880.79</ele><time>2026-08-27T15:08:40Z</time></trkpt><trkpt lat="47.4684108049" lon="11.1204664037"><ele>879.38</ele><time>2026-08-27T15:08:41Z</time></trkpt><trkpt lat="47.4684259761" lon="11.1204396654"><ele>877.95</ele><time>2026-08-27T15:08:42Z</time></trkpt><trkpt lat="47.4684533849" lon="11.1204446945"><ele>876.62</ele><time>2026-08-27T15:08:43Z</time></trkpt><trkpt lat="47.4684870802" lon="11.1204788089"><ele>875.54</ele><time>2026-08-27T15:08:44Z</time></trkpt><trkpt lat="47.4685254693" lon="11.1205496360"><ele>874.60</ele><time>2026-08-27T15:08:45Z</time></trkpt><trkpt lat="47.4685745873" lon="11.1206316110"><ele>873.64</ele><time>2026-08-27T15:08:46Z</time></trkpt><trkpt lat="47.4686311651" lon="11.1207035277"><ele>872.55</ele><time>2026-08-27T15:08:47Z</time></trkpt><trkpt lat="47.4686900061" lon="11.1207669787"><ele>871.23</ele><time>2026-08-27T15:08:48Z</time></trkpt><trkpt lat="47.4687438179" lon="11.1208184436"><ele>867.78</ele><time>2026-08-27T15:08:49Z</time></trkpt><trkpt lat="47.4688400421" lon="11.1209060345"><ele>864.28</ele><time>2026-08-27T15:08:51Z</time></trkpt><trkpt lat="47.4688868970" lon="11.1209333595"><ele>862.65</ele><time>2026-08-27T15:08:52Z</time></trkpt><trkpt lat="47.4689335842" lon="11.1209167633"><ele>861.06</ele><time>2026-08-27T15:08:53Z</time></trkpt><trkpt lat="47.4689723924" lon="11.1208658013"><ele>859.56</ele><time>2026-08-27T15:08:54Z</time></trkpt><trkpt lat="47.4689994659" lon="11.1207866762"><ele>858.13</ele><time>2026-08-27T15:08:55Z</time></trkpt><trkpt lat="47.4690177385" lon="11.1206970736"><ele>856.73</ele><time>2026-08-27T15:08:56Z</time></trkpt><trkpt lat="47.4690415431" lon="11.1206174456"><ele>855.25</ele><time>2026-08-27T15:08:57Z</time></trkpt><trkpt lat="47.4690724723" lon="11.1205528211"><ele>853.69</ele><time>2026-08-27T15:08:58Z</time></trkpt><trkpt lat="47.4691069219" lon="11.1205159407"><ele>852.25</ele><time>2026-08-27T15:08:59Z</time></trkpt><trkpt lat="47.4691381026" lon="11.1204991769"><ele>851.02</ele><time>2026-08-27T15:09:00Z</time></trkpt><trkpt lat="47.4691678584" lon="11.1205141805"><ele>849.87</ele><time>2026-08-27T15:09:01Z</time></trkpt><trkpt lat="47.4692056607" lon="11.1205604486"><ele>848.71</ele><time>2026-08-27T15:09:02Z</time></trkpt><trkpt lat="47.4692429602" lon="11.1206140928"><ele>847.45</ele><time>2026-08-27T15:09:03Z</time></trkpt><trkpt lat="47.4693033099" lon="11.1207215488"><ele>843.09</ele><time>2026-08-27T15:09:06Z</time></trkpt><trkpt lat="47.4693308864" lon="11.1207786296"><ele>840.04</ele><time>2026-08-27T15:09:09Z</time></trkpt><trkpt lat="47.4693398550" lon="11.1207977403"><ele>839.41</ele><time>2026-08-27T15:09:10Z</time></trkpt><trkpt lat="47.4693503324" lon="11.1208169349"><ele>838.92</ele><time>2026-08-27T15:09:11Z</time></trkpt><trkpt lat="47.4693627376" lon="11.1208368838"><ele>838.46</ele><time>2026-08-27T15:09:12Z</time></trkpt><trkpt lat="47.4693768192" lon="11.1208593473"><ele>837.56</ele><time>2026-08-27T15:09:13Z</time></trkpt><trkpt lat="47.4693961814" lon="11.1208845768"><ele>837.19</ele><time>2026-08-27T15:09:14Z</time></trkpt><trkpt lat="47.4695160426" lon="11.1211002432"><ele>834.23</ele><time>2026-08-27T15:09:19Z</time></trkpt><trkpt lat="47.4696262646" lon="11.1213156581"><ele>830.59</ele><time>2026-08-27T15:09:23Z</time></trkpt><trkpt lat="47.4696730357" lon="11.1213652790"><ele>829.26</ele><time>2026-08-27T15:09:24Z</time></trkpt><trkpt lat="47.4697149452" lon="11.1213821266"><ele>827.75</ele><time>2026-08-27T15:09:25Z</time></trkpt><trkpt lat="47.4697337206" lon="11.1213672068"><ele>826.16</ele><time>2026-08-27T15:09:26Z</time></trkpt><trkpt lat="47.4697323795" lon="11.1213187594"><ele>824.67</ele><time>2026-08-27T15:09:27Z</time></trkpt><trkpt lat="47.4697236624" lon="11.1212390475"><ele>823.44</ele><time>2026-08-27T15:09:28Z</time></trkpt><trkpt lat="47.4696747120" lon="11.1209047772"><ele>820.02</ele><time>2026-08-27T15:09:31Z</time></trkpt><trkpt lat="47.4696654920" lon="11.1207660567"><ele>818.45</ele><time>2026-08-27T15:09:32Z</time></trkpt><trkpt lat="47.4696609657" lon="11.1204294395"><ele>814.10</ele><time>2026-08-27T15:09:34Z</time></trkpt><trkpt lat="47.4696474709" lon="11.1200827640"><ele>808.32</ele><time>2026-08-27T15:09:36Z</time></trkpt><trkpt lat="47.4696376640" lon="11.1199181434"><ele>805.25</ele><time>2026-08-27T15:09:37Z</time></trkpt><trkpt lat="47.4696366582" lon="11.1197712924"><ele>799.04</ele><time>2026-08-27T15:09:38Z</time></trkpt><trkpt lat="47.4696301203" lon="11.1195187457"><ele>793.34</ele><time>2026-08-27T15:09:40Z</time></trkpt><trkpt lat="47.4696298689" lon="11.1193523649"><ele>788.42</ele><time>2026-08-27T15:09:42Z</time></trkpt><trkpt lat="47.4696504045" lon="11.1193038337"><ele>786.53</ele><time>2026-08-27T15:09:43Z</time></trkpt><trkpt lat="47.4696886260" lon="11.1192661151"><ele>785.10</ele><time>2026-08-27T15:09:44Z</time></trkpt><trkpt lat="47.4697191361" lon="11.1192316655"><ele>784.04</ele><time>2026-08-27T15:09:45Z</time></trkpt><trkpt lat="47.4697474670" lon="11.1191953719"><ele>783.27</ele><time>2026-08-27T15:09:46Z</time></trkpt><trkpt lat="47.4697777256" lon="11.1191636883"><ele>782.73</ele><time>2026-08-27T15:09:47Z</time></trkpt><trkpt lat="47.4698926415" lon="11.1190409772"><ele>780.94</ele><time>2026-08-27T15:09:53Z</time></trkpt><trkpt lat="47.4699059688" lon="11.1190422345"><ele>780.80</ele><time>2026-08-27T15:09:54Z</time></trkpt><trkpt lat="47.4700337928" lon="11.1189691443"><ele>779.79</ele><time>2026-08-27T15:10:04Z</time></trkpt><trkpt lat="47.4702238943" lon="11.1188411526"><ele>779.53</ele><time>2026-08-27T15:10:13Z</time></trkpt><trkpt lat="47.4704478588" lon="11.1186536495"><ele>779.43</ele><time>2026-08-27T15:10:21Z</time></trkpt><trkpt lat="47.4705123156" lon="11.1185765360"><ele>779.46</ele><time>2026-08-27T15:10:24Z</time></trkpt><trkpt lat="47.4705356173" lon="11.1185663939"><ele>779.46</ele><time>2026-08-27T15:10:25Z</time></trkpt><trkpt lat="47.4705575779" lon="11.1185552459"><ele>779.45</ele><time>2026-08-27T15:10:26Z</time></trkpt><trkpt lat="47.4707119726" lon="11.1184283439"><ele>779.35</ele><time>2026-08-27T15:10:32Z</time></trkpt><trkpt lat="47.4707446620" lon="11.1183787230"><ele>779.21</ele><time>2026-08-27T15:10:33Z</time></trkpt><trkpt lat="47.4709919281" lon="11.1179362424"><ele>777.11</ele><time>2026-08-27T15:10:40Z</time></trkpt><trkpt lat="47.4712457322" lon="11.1174569651"><ele>775.24</ele><time>2026-08-27T15:10:47Z</time></trkpt><trkpt lat="47.4712881446" lon="11.1173972860"><ele>775.10</ele><time>2026-08-27T15:10:48Z</time></trkpt><trkpt lat="47.4713371787" lon="11.1173449829"><ele>774.95</ele><time>2026-08-27T15:10:49Z</time></trkpt><trkpt lat="47.4713961873" lon="11.1173145566"><ele>774.53</ele><time>2026-08-27T15:10:50Z</time></trkpt><trkpt lat="47.4714613147" lon="11.1173013970"><ele>774.30</ele><time>2026-08-27T15:10:51Z</time></trkpt><trkpt lat="47.4715276156" lon="11.1172857229"><ele>774.12</ele><time>2026-08-27T15:10:52Z</time></trkpt><trkpt lat="47.4715924077" lon="11.1172672827"><ele>773.89</ele><time>2026-08-27T15:10:53Z</time></trkpt><trkpt lat="47.4717768095" lon="11.1172059271"><ele>773.29</ele><time>2026-08-27T15:10:56Z</time></trkpt><trkpt lat="47.4718340579" lon="11.1171649396"><ele>773.19</ele><time>2026-08-27T15:10:57Z</time></trkpt><trkpt lat="47.4718870316" lon="11.1171126366"><ele>773.12</ele><time>2026-08-27T15:10:58Z</time></trkpt><trkpt lat="47.4719882850" lon="11.1170035880"><ele>772.89</ele><time>2026-08-27T15:11:00Z</time></trkpt><trkpt lat="47.4720390793" lon="11.1169507820"><ele>772.75</ele><time>2026-08-27T15:11:01Z</time></trkpt><trkpt lat="47.4720916338" lon="11.1168981437"><ele>772.62</ele><time>2026-08-27T15:11:02Z</time></trkpt><trkpt lat="47.4721454456" lon="11.1168489419"><ele>772.47</ele><time>2026-08-27T15:11:03Z</time></trkpt><trkpt lat="47.4722016882" lon="11.1168099660"><ele>772.32</ele><time>2026-08-27T15:11:04Z</time></trkpt><trkpt lat="47.4722630437" lon="11.1167777795"><ele>772.21</ele><time>2026-08-27T15:11:05Z</time></trkpt><trkpt lat="47.4723228067" lon="11.1167377140"><ele>772.07</ele><time>2026-08-27T15:11:06Z</time></trkpt><trkpt lat="47.4723793007" lon="11.1166824773"><ele>771.85</ele><time>2026-08-27T15:11:07Z</time></trkpt><trkpt lat="47.4724362977" lon="11.1166324373"><ele>771.55</ele><time>2026-08-27T15:11:08Z</time></trkpt><trkpt lat="47.4724921212" lon="11.1165911984"><ele>771.24</ele><time>2026-08-27T15:11:09Z</time></trkpt><trkpt lat="47.4725424964" lon="11.1165375542"><ele>771.00</ele><time>2026-08-27T15:11:10Z</time></trkpt><trkpt lat="47.4725866690" lon="11.1164677329"><ele>770.79</ele><time>2026-08-27T15:11:11Z</time></trkpt><trkpt lat="47.4726308417" lon="11.1164009292"><ele>770.65</ele><time>2026-08-27T15:11:12Z</time></trkpt><trkpt lat="47.4726773612" lon="11.1163440999"><ele>770.52</ele><time>2026-08-27T15:11:13Z</time></trkpt><trkpt lat="47.4727223720" lon="11.1162863486"><ele>770.41</ele><time>2026-08-27T15:11:14Z</time></trkpt><trkpt lat="47.4728196021" lon="11.1161714327"><ele>770.07</ele><time>2026-08-27T15:11:16Z</time></trkpt><trkpt lat="47.4728657864" lon="11.1161230691"><ele>769.91</ele><time>2026-08-27T15:11:17Z</time></trkpt><trkpt lat="47.4730687961" lon="11.1159510724"><ele>769.29</ele><time>2026-08-27T15:11:21Z</time></trkpt><trkpt lat="47.4732079357" lon="11.1157748010"><ele>768.95</ele><time>2026-08-27T15:11:26Z</time></trkpt><trkpt lat="47.4733369332" lon="11.1156241782"><ele>768.77</ele><time>2026-08-27T15:11:31Z</time></trkpt><trkpt lat="47.4735602271" lon="11.1154499184"><ele>768.32</ele><time>2026-08-27T15:11:37Z</time></trkpt><trkpt lat="47.4736028071" lon="11.1154218391"><ele>768.16</ele><time>2026-08-27T15:11:38Z</time></trkpt><trkpt lat="47.4736441299" lon="11.1153951846"><ele>768.09</ele><time>2026-08-27T15:11:39Z</time></trkpt><trkpt lat="47.4738624785" lon="11.1152783409"><ele>767.44</ele><time>2026-08-27T15:11:44Z</time></trkpt><trkpt lat="47.4742059689" lon="11.1150609143"><ele>766.94</ele><time>2026-08-27T15:11:51Z</time></trkpt><trkpt lat="47.4742498901" lon="11.1150342599"><ele>766.94</ele><time>2026-08-27T15:11:52Z</time></trkpt><trkpt lat="47.4743304402" lon="11.1149823759"><ele>766.96</ele><time>2026-08-27T15:11:54Z</time></trkpt><trkpt lat="47.4743633810" lon="11.1149439029"><ele>767.00</ele><time>2026-08-27T15:11:55Z</time></trkpt><trkpt lat="47.4744244013" lon="11.1148436554"><ele>767.03</ele><time>2026-08-27T15:11:57Z</time></trkpt><trkpt lat="47.4744783808" lon="11.1147274822"><ele>767.07</ele><time>2026-08-27T15:11:59Z</time></trkpt><trkpt lat="47.4745829031" lon="11.1145893484"><ele>767.05</ele><time>2026-08-27T15:12:02Z</time></trkpt><trkpt lat="47.4746259023" lon="11.1145573296"><ele>767.05</ele><time>2026-08-27T15:12:03Z</time></trkpt><trkpt lat="47.4746705778" lon="11.1145295855"><ele>767.05</ele><time>2026-08-27T15:12:04Z</time></trkpt><trkpt lat="47.4747704901" lon="11.1144873407"><ele>767.05</ele><time>2026-08-27T15:12:06Z</time></trkpt><trkpt lat="47.4750082009" lon="11.1144644581"><ele>767.17</ele><time>2026-08-27T15:12:11Z</time></trkpt><trkpt lat="47.4750496075" lon="11.1144546513"><ele>767.26</ele><time>2026-08-27T15:12:12Z</time></trkpt><trkpt lat="47.4750911817" lon="11.1144444253"><ele>767.39</ele><time>2026-08-27T15:12:13Z</time></trkpt><trkpt lat="47.4751243740" lon="11.1144337803"><ele>767.54</ele><time>2026-08-27T15:12:14Z</time></trkpt><trkpt lat="47.4751516990" lon="11.1144166812"><ele>767.71</ele><time>2026-08-27T15:12:15Z</time></trkpt><trkpt lat="47.4751825444" lon="11.1143989116"><ele>767.87</ele><time>2026-08-27T15:12:16Z</time></trkpt><trkpt lat="47.4752224423" lon="11.1143734306"><ele>767.97</ele><time>2026-08-27T15:12:17Z</time></trkpt><trkpt lat="47.4752675369" lon="11.1143396515"><ele>768.01</ele><time>2026-08-27T15:12:18Z</time></trkpt><trkpt lat="47.4754982069" lon="11.1141540762"><ele>767.65</ele><time>2026-08-27T15:12:22Z</time></trkpt><trkpt lat="47.4755519349" lon="11.1140838359"><ele>767.30</ele><time>2026-08-27T15:12:23Z</time></trkpt><trkpt lat="47.4757666793" lon="11.1137940735"><ele>764.96</ele><time>2026-08-27T15:12:28Z</time></trkpt><trkpt lat="47.4759012088" lon="11.1136336438"><ele>764.35</ele><time>2026-08-27T15:12:33Z</time></trkpt><trkpt lat="47.4759656657" lon="11.1135513335"><ele>764.10</ele><time>2026-08-27T15:12:35Z</time></trkpt><trkpt lat="47.4760004506" lon="11.1134970188"><ele>763.97</ele><time>2026-08-27T15:12:36Z</time></trkpt><trkpt lat="47.4760731217" lon="11.1133929156"><ele>763.73</ele><time>2026-08-27T15:12:38Z</time></trkpt><trkpt lat="47.4762923922" lon="11.1131773330"><ele>763.02</ele><time>2026-08-27T15:12:43Z</time></trkpt><trkpt lat="47.4763777200" lon="11.1130779237"><ele>762.86</ele><time>2026-08-27T15:12:45Z</time></trkpt><trkpt lat="47.4766033608" lon="11.1127683800"><ele>762.35</ele><time>2026-08-27T15:12:51Z</time></trkpt><trkpt lat="47.4767101463" lon="11.1126101296"><ele>762.22</ele><time>2026-08-27T15:12:54Z</time></trkpt><trkpt lat="47.4767538160" lon="11.1125836428"><ele>762.20</ele><time>2026-08-27T15:12:55Z</time></trkpt><trkpt lat="47.4770685565" lon="11.1125693936"><ele>762.51</ele><time>2026-08-27T15:13:02Z</time></trkpt><trkpt lat="47.4775272142" lon="11.1127007380"><ele>761.51</ele><time>2026-08-27T15:13:11Z</time></trkpt><trkpt lat="47.4778940063" lon="11.1129157338"><ele>760.46</ele><time>2026-08-27T15:13:18Z</time></trkpt><trkpt lat="47.4779437110" lon="11.1129593197"><ele>760.33</ele><time>2026-08-27T15:13:19Z</time></trkpt><trkpt lat="47.4779983610" lon="11.1129922606"><ele>760.19</ele><time>2026-08-27T15:13:20Z</time></trkpt><trkpt lat="47.4780539330" lon="11.1130233575"><ele>760.03</ele><time>2026-08-27T15:13:21Z</time></trkpt><trkpt lat="47.4781095050" lon="11.1130488385"><ele>759.90</ele><time>2026-08-27T15:13:22Z</time></trkpt><trkpt lat="47.4781634007" lon="11.1130759120"><ele>759.79</ele><time>2026-08-27T15:13:23Z</time></trkpt><trkpt lat="47.4782169610" lon="11.1131069250"><ele>759.69</ele><time>2026-08-27T15:13:24Z</time></trkpt><trkpt lat="47.4782748800" lon="11.1131191626"><ele>759.57</ele><time>2026-08-27T15:13:25Z</time></trkpt><trkpt lat="47.4783331342" lon="11.1131231021"><ele>759.40</ele><time>2026-08-27T15:13:26Z</time></trkpt><trkpt lat="47.4783891253" lon="11.1131336633"><ele>759.22</ele><time>2026-08-27T15:13:27Z</time></trkpt><trkpt lat="47.4784433562" lon="11.1131559592"><ele>759.08</ele><time>2026-08-27T15:13:28Z</time></trkpt><trkpt lat="47.4784944020" lon="11.1131943483"><ele>758.98</ele><time>2026-08-27T15:13:29Z</time></trkpt><trkpt lat="47.4785383232" lon="11.1132485792"><ele>758.91</ele><time>2026-08-27T15:13:30Z</time></trkpt><trkpt lat="47.4785746168" lon="11.1133146286"><ele>758.85</ele><time>2026-08-27T15:13:31Z</time></trkpt><trkpt lat="47.4786163587" lon="11.1133743916"><ele>758.79</ele><time>2026-08-27T15:13:32Z</time></trkpt><trkpt lat="47.4786643870" lon="11.1134127807"><ele>758.73</ele><time>2026-08-27T15:13:33Z</time></trkpt><trkpt lat="47.4787130021" lon="11.1134526785"><ele>758.65</ele><time>2026-08-27T15:13:34Z</time></trkpt><trkpt lat="47.4787601084" lon="11.1134971865"><ele>758.59</ele><time>2026-08-27T15:13:35Z</time></trkpt><trkpt lat="47.4788052030" lon="11.1135369167"><ele>758.54</ele><time>2026-08-27T15:13:36Z</time></trkpt><trkpt lat="47.4788435921" lon="11.1135735456"><ele>758.51</ele><time>2026-08-27T15:13:37Z</time></trkpt><trkpt lat="47.4789311830" lon="11.1136577837"><ele>758.38</ele><time>2026-08-27T15:13:42Z</time></trkpt><trkpt lat="47.4790849909" lon="11.1138412636"><ele>758.18</ele><time>2026-08-27T15:13:51Z</time></trkpt><trkpt lat="47.4792638607" lon="11.1140798964"><ele>757.68</ele><time>2026-08-27T15:13:57Z</time></trkpt><trkpt lat="47.4793434050" lon="11.1142113246"><ele>757.12</ele><time>2026-08-27T15:13:59Z</time></trkpt><trkpt lat="47.4795523658" lon="11.1146038491"><ele>755.15</ele><time>2026-08-27T15:14:04Z</time></trkpt><trkpt lat="47.4796018191" lon="11.1146678869"><ele>754.49</ele><time>2026-08-27T15:14:05Z</time></trkpt><trkpt lat="47.4796487577" lon="11.1147333495"><ele>754.28</ele><time>2026-08-27T15:14:06Z</time></trkpt><trkpt lat="47.4796935171" lon="11.1147983093"><ele>754.10</ele><time>2026-08-27T15:14:07Z</time></trkpt><trkpt lat="47.4797379412" lon="11.1148639396"><ele>753.95</ele><time>2026-08-27T15:14:08Z</time></trkpt><trkpt lat="47.4797846284" lon="11.1149210203"><ele>753.84</ele><time>2026-08-27T15:14:09Z</time></trkpt><trkpt lat="47.4798682798" lon="11.1150200944"><ele>753.70</ele><time>2026-08-27T15:14:11Z</time></trkpt><trkpt lat="47.4799178168" lon="11.1150328349"><ele>753.65</ele><time>2026-08-27T15:14:12Z</time></trkpt><trkpt lat="47.4799542781" lon="11.1150043365"><ele>753.63</ele><time>2026-08-27T15:14:13Z</time></trkpt><trkpt lat="47.4799754005" lon="11.1149517819"><ele>753.61</ele><time>2026-08-27T15:14:14Z</time></trkpt><trkpt lat="47.4799894821" lon="11.1148959585"><ele>753.60</ele><time>2026-08-27T15:14:15Z</time></trkpt><trkpt lat="47.4800028093" lon="11.1148368660"><ele>753.64</ele><time>2026-08-27T15:14:16Z</time></trkpt><trkpt lat="47.4800166395" lon="11.1147758458"><ele>753.81</ele><time>2026-08-27T15:14:17Z</time></trkpt><trkpt lat="47.4800293799" lon="11.1147116404"><ele>753.94</ele><time>2026-08-27T15:14:18Z</time></trkpt><trkpt lat="47.4800371751" lon="11.1146473512"><ele>754.03</ele><time>2026-08-27T15:14:19Z</time></trkpt><trkpt lat="47.4800460599" lon="11.1145823076"><ele>754.07</ele><time>2026-08-27T15:14:20Z</time></trkpt><trkpt lat="47.4800605606" lon="11.1145205330"><ele>754.09</ele><time>2026-08-27T15:14:21Z</time></trkpt><trkpt lat="47.4800868798" lon="11.1144689843"><ele>754.07</ele><time>2026-08-27T15:14:22Z</time></trkpt><trkpt lat="47.4801209942" lon="11.1144227162"><ele>754.01</ele><time>2026-08-27T15:14:23Z</time></trkpt><trkpt lat="47.4801618140" lon="11.1143838242"><ele>753.92</ele><time>2026-08-27T15:14:24Z</time></trkpt><trkpt lat="47.4802045617" lon="11.1143539008"><ele>753.84</ele><time>2026-08-27T15:14:25Z</time></trkpt><trkpt lat="47.4802586250" lon="11.1143423337"><ele>753.75</ele><time>2026-08-27T15:14:26Z</time></trkpt><trkpt lat="47.4803154543" lon="11.1143506318"><ele>753.58</ele><time>2026-08-27T15:14:27Z</time></trkpt><trkpt lat="47.4803743791" lon="11.1143702455"><ele>753.31</ele><time>2026-08-27T15:14:28Z</time></trkpt><trkpt lat="47.4806969985" lon="11.1144656315"><ele>751.80</ele><time>2026-08-27T15:14:33Z</time></trkpt><trkpt lat="47.4807627127" lon="11.1144669726"><ele>751.62</ele><time>2026-08-27T15:14:34Z</time></trkpt><trkpt lat="47.4808285106" lon="11.1144581717"><ele>751.42</ele><time>2026-08-27T15:14:35Z</time></trkpt><trkpt lat="47.4808923807" lon="11.1144334450"><ele>751.26</ele><time>2026-08-27T15:14:36Z</time></trkpt><trkpt lat="47.4809525628" lon="11.1143955588"><ele>751.13</ele><time>2026-08-27T15:14:37Z</time></trkpt><trkpt lat="47.4810088892" lon="11.1143510509"><ele>751.02</ele><time>2026-08-27T15:14:38Z</time></trkpt><trkpt lat="47.4810633715" lon="11.1143024359"><ele>750.93</ele><time>2026-08-27T15:14:39Z</time></trkpt><trkpt lat="47.4811170157" lon="11.1142510548"><ele>750.85</ele><time>2026-08-27T15:14:40Z</time></trkpt><trkpt lat="47.4812268186" lon="11.1141567584"><ele>750.70</ele><time>2026-08-27T15:14:42Z</time></trkpt><trkpt lat="47.4817307387" lon="11.1138486397"><ele>749.95</ele><time>2026-08-27T15:14:51Z</time></trkpt><trkpt lat="47.4818866421" lon="11.1137149483"><ele>749.66</ele><time>2026-08-27T15:14:54Z</time></trkpt><trkpt lat="47.4819289707" lon="11.1136525031"><ele>749.52</ele><time>2026-08-27T15:14:55Z</time></trkpt><trkpt lat="47.4819614924" lon="11.1135789938"><ele>749.42</ele><time>2026-08-27T15:14:56Z</time></trkpt><trkpt lat="47.4821543600" lon="11.1131486669"><ele>749.03</ele><time>2026-08-27T15:15:02Z</time></trkpt><trkpt lat="47.4821968563" lon="11.1130882334"><ele>749.00</ele><time>2026-08-27T15:15:03Z</time></trkpt><trkpt lat="47.4822434597" lon="11.1130350921"><ele>748.95</ele><time>2026-08-27T15:15:04Z</time></trkpt><trkpt lat="47.4822934996" lon="11.1129898299"><ele>748.90</ele><time>2026-08-27T15:15:05Z</time></trkpt><trkpt lat="47.4823460542" lon="11.1129510216"><ele>748.84</ele><time>2026-08-27T15:15:06Z</time></trkpt><trkpt lat="47.4824016262" lon="11.1129216012"><ele>748.73</ele><time>2026-08-27T15:15:07Z</time></trkpt><trkpt lat="47.4824578688" lon="11.1128982157"><ele>748.56</ele><time>2026-08-27T15:15:08Z</time></trkpt><trkpt lat="47.4828668218" lon="11.1126697250"><ele>747.08</ele><time>2026-08-27T15:15:15Z</time></trkpt><trkpt lat="47.4829185382" lon="11.1126294080"><ele>746.89</ele><time>2026-08-27T15:15:16Z</time></trkpt><trkpt lat="47.4829632975" lon="11.1125802901"><ele>746.75</ele><time>2026-08-27T15:15:17Z</time></trkpt><trkpt lat="47.4830012675" lon="11.1125246342"><ele>746.74</ele><time>2026-08-27T15:15:18Z</time></trkpt><trkpt lat="47.4830330350" lon="11.1124674696"><ele>746.79</ele><time>2026-08-27T15:15:19Z</time></trkpt><trkpt lat="47.4830625392" lon="11.1124101374"><ele>746.91</ele><time>2026-08-27T15:15:20Z</time></trkpt><trkpt lat="47.4830885231" lon="11.1123490334"><ele>747.10</ele><time>2026-08-27T15:15:21Z</time></trkpt><trkpt lat="47.4832235556" lon="11.1119456124"><ele>747.68</ele><time>2026-08-27T15:15:27Z</time></trkpt><trkpt lat="47.4832331948" lon="11.1118676607"><ele>747.69</ele><time>2026-08-27T15:15:28Z</time></trkpt><trkpt lat="47.4832964782" lon="11.1111334898"><ele>747.17</ele><time>2026-08-27T15:15:37Z</time></trkpt><trkpt lat="47.4833436683" lon="11.1107393727"><ele>749.52</ele><time>2026-08-27T15:15:45Z</time></trkpt><trkpt lat="47.4834357016" lon="11.1103259772"><ele>750.85</ele><time>2026-08-27T15:15:54Z</time></trkpt><trkpt lat="47.4835510366" lon="11.1099263281"><ele>750.46</ele><time>2026-08-27T15:16:00Z</time></trkpt><trkpt lat="47.4837907590" lon="11.1091770697"><ele>749.03</ele><time>2026-08-27T15:16:10Z</time></trkpt><trkpt lat="47.4840407912" lon="11.1083682161"><ele>747.50</ele><time>2026-08-27T15:16:20Z</time></trkpt><trkpt lat="47.4841360096" lon="11.1080190260"><ele>746.94</ele><time>2026-08-27T15:16:24Z</time></trkpt><trkpt lat="47.4841923360" lon="11.1078507174"><ele>746.62</ele><time>2026-08-27T15:16:26Z</time></trkpt><trkpt lat="47.4842173979" lon="11.1077612825"><ele>746.47</ele><time>2026-08-27T15:16:27Z</time></trkpt><trkpt lat="47.4842432979" lon="11.1076744460"><ele>746.33</ele><time>2026-08-27T15:16:28Z</time></trkpt><trkpt lat="47.4842685275" lon="11.1075893696"><ele>746.20</ele><time>2026-08-27T15:16:29Z</time></trkpt><trkpt lat="47.4842956010" lon="11.1075059697"><ele>745.92</ele><time>2026-08-27T15:16:30Z</time></trkpt><trkpt lat="47.4843185674" lon="11.1074208934"><ele>745.79</ele><time>2026-08-27T15:16:31Z</time></trkpt><trkpt lat="47.4843427911" lon="11.1073353980"><ele>745.71</ele><time>2026-08-27T15:16:32Z</time></trkpt><trkpt lat="47.4843674339" lon="11.1072543450"><ele>745.68</ele><time>2026-08-27T15:16:33Z</time></trkpt><trkpt lat="47.4843923282" lon="11.1071744654"><ele>745.66</ele><time>2026-08-27T15:16:34Z</time></trkpt><trkpt lat="47.4844171386" lon="11.1070934962"><ele>745.65</ele><time>2026-08-27T15:16:35Z</time></trkpt><trkpt lat="47.4844403565" lon="11.1070096772"><ele>745.64</ele><time>2026-08-27T15:16:36Z</time></trkpt><trkpt lat="47.4847468827" lon="11.1059442535"><ele>744.69</ele><time>2026-08-27T15:16:49Z</time></trkpt><trkpt lat="47.4849704280" lon="11.1052147765"><ele>743.47</ele><time>2026-08-27T15:16:59Z</time></trkpt><trkpt lat="47.4851070531" lon="11.1047692783"><ele>742.71</ele><time>2026-08-27T15:17:05Z</time></trkpt><trkpt lat="47.4852909520" lon="11.1040464230"><ele>741.35</ele><time>2026-08-27T15:17:14Z</time></trkpt><trkpt lat="47.4853046145" lon="11.1039641127"><ele>741.23</ele><time>2026-08-27T15:17:15Z</time></trkpt><trkpt lat="47.4853125773" lon="11.1038797069"><ele>741.12</ele><time>2026-08-27T15:17:16Z</time></trkpt><trkpt lat="47.4853125773" lon="11.1037928704"><ele>740.99</ele><time>2026-08-27T15:17:17Z</time></trkpt><trkpt lat="47.4853034411" lon="11.1037061177"><ele>740.72</ele><time>2026-08-27T15:17:18Z</time></trkpt><trkpt lat="47.4853015132" lon="11.1036225501"><ele>740.58</ele><time>2026-08-27T15:17:19Z</time></trkpt><trkpt lat="47.4853184447" lon="11.1035443470"><ele>740.45</ele><time>2026-08-27T15:17:20Z</time></trkpt><trkpt lat="47.4853513855" lon="11.1034756154"><ele>740.33</ele><time>2026-08-27T15:17:21Z</time></trkpt><trkpt lat="47.4853916187" lon="11.1034147628"><ele>740.24</ele><time>2026-08-27T15:17:22Z</time></trkpt><trkpt lat="47.4854336120" lon="11.1033575982"><ele>740.16</ele><time>2026-08-27T15:17:23Z</time></trkpt><trkpt lat="47.4855505396" lon="11.1031690892"><ele>739.72</ele><time>2026-08-27T15:17:26Z</time></trkpt><trkpt lat="47.4855811335" lon="11.1030944902"><ele>739.60</ele><time>2026-08-27T15:17:27Z</time></trkpt><trkpt lat="47.4856073689" lon="11.1030151974"><ele>739.47</ele><time>2026-08-27T15:17:28Z</time></trkpt><trkpt lat="47.4858207721" lon="11.1022452358"><ele>737.60</ele><time>2026-08-27T15:17:37Z</time></trkpt><trkpt lat="47.4861305673" lon="11.1013164371"><ele>735.33</ele><time>2026-08-27T15:17:48Z</time></trkpt><trkpt lat="47.4861880671" lon="11.1011526547"><ele>735.09</ele><time>2026-08-27T15:17:50Z</time></trkpt><trkpt lat="47.4862089381" lon="11.1010693386"><ele>735.04</ele><time>2026-08-27T15:17:51Z</time></trkpt><trkpt lat="47.4862223491" lon="11.1009861901"><ele>734.97</ele><time>2026-08-27T15:17:52Z</time></trkpt><trkpt lat="47.4862250313" lon="11.1009016167"><ele>734.92</ele><time>2026-08-27T15:17:53Z</time></trkpt><trkpt lat="47.4862154759" lon="11.1008173786"><ele>734.88</ele><time>2026-08-27T15:17:54Z</time></trkpt><trkpt lat="47.4861985445" lon="11.1007366609"><ele>734.85</ele><time>2026-08-27T15:17:55Z</time></trkpt><trkpt lat="47.4861795176" lon="11.1006583739"><ele>734.81</ele><time>2026-08-27T15:17:56Z</time></trkpt><trkpt lat="47.4859473389" lon="11.0997899249"><ele>734.00</ele><time>2026-08-27T15:18:07Z</time></trkpt><trkpt lat="47.4859231152" lon="11.0996185988"><ele>733.91</ele><time>2026-08-27T15:18:09Z</time></trkpt><trkpt lat="47.4859025795" lon="11.0992686544"><ele>733.69</ele><time>2026-08-27T15:18:13Z</time></trkpt><trkpt lat="47.4859112129" lon="11.0991736874"><ele>733.65</ele><time>2026-08-27T15:18:14Z</time></trkpt><trkpt lat="47.4859288987" lon="11.0990789719"><ele>733.58</ele><time>2026-08-27T15:18:15Z</time></trkpt><trkpt lat="47.4859527871" lon="11.0989859328"><ele>733.46</ele><time>2026-08-27T15:18:16Z</time></trkpt><trkpt lat="47.4859721493" lon="11.0988927260"><ele>733.30</ele><time>2026-08-27T15:18:17Z</time></trkpt><trkpt lat="47.4859729037" lon="11.0987987649"><ele>733.13</ele><time>2026-08-27T15:18:18Z</time></trkpt><trkpt lat="47.4859575648" lon="11.0987089947"><ele>732.98</ele><time>2026-08-27T15:18:19Z</time></trkpt><trkpt lat="47.4859304912" lon="11.0986266844"><ele>732.86</ele><time>2026-08-27T15:18:20Z</time></trkpt><trkpt lat="47.4858956225" lon="11.0985525884"><ele>732.78</ele><time>2026-08-27T15:18:21Z</time></trkpt><trkpt lat="47.4858563114" lon="11.0984870419"><ele>732.72</ele><time>2026-08-27T15:18:22Z</time></trkpt><trkpt lat="47.4858135637" lon="11.0984268598"><ele>732.68</ele><time>2026-08-27T15:18:23Z</time></trkpt><trkpt lat="47.4857719056" lon="11.0983712040"><ele>732.67</ele><time>2026-08-27T15:18:24Z</time></trkpt><trkpt lat="47.4854375515" lon="11.0979636759"><ele>733.47</ele><time>2026-08-27T15:18:33Z</time></trkpt><trkpt lat="47.4850744475" lon="11.0973383859"><ele>734.60</ele><time>2026-08-27T15:18:45Z</time></trkpt><trkpt lat="47.4847359024" lon="11.0965380818"><ele>734.12</ele><time>2026-08-27T15:18:57Z</time></trkpt><trkpt lat="47.4844701122" lon="11.0958044976"><ele>734.77</ele><time>2026-08-27T15:19:09Z</time></trkpt><trkpt lat="47.4842637498" lon="11.0953370389"><ele>735.71</ele><time>2026-08-27T15:19:18Z</time></trkpt><trkpt lat="47.4841745663" lon="11.0949964821"><ele>737.51</ele><time>2026-08-27T15:19:26Z</time></trkpt><trkpt lat="47.4840479996" lon="11.0945756268"><ele>737.92</ele><time>2026-08-27T15:19:34Z</time></trkpt><trkpt lat="47.4838061817" lon="11.0938725527"><ele>736.93</ele><time>2026-08-27T15:19:44Z</time></trkpt><trkpt lat="47.4835517071" lon="11.0932258889"><ele>736.32</ele><time>2026-08-27T15:19:53Z</time></trkpt><trkpt lat="47.4833870027" lon="11.0928032734"><ele>735.97</ele><time>2026-08-27T15:20:00Z</time></trkpt><trkpt lat="47.4833810516" lon="11.0927534848"><ele>735.89</ele><time>2026-08-27T15:20:01Z</time></trkpt><trkpt lat="47.4833949655" lon="11.0927163530"><ele>735.80</ele><time>2026-08-27T15:20:02Z</time></trkpt><trkpt lat="47.4834228773" lon="11.0926927999"><ele>735.76</ele><time>2026-08-27T15:20:03Z</time></trkpt><trkpt lat="47.4835843965" lon="11.0925438534"><ele>735.50</ele><time>2026-08-27T15:20:08Z</time></trkpt><trkpt lat="47.4836206902" lon="11.0925114993"><ele>735.34</ele><time>2026-08-27T15:20:09Z</time></trkpt><trkpt lat="47.4840146396" lon="11.0922047216"><ele>734.03</ele><time>2026-08-27T15:20:18Z</time></trkpt><trkpt lat="47.4845297914" lon="11.0917676054"><ele>732.24</ele><time>2026-08-27T15:20:28Z</time></trkpt><trkpt lat="47.4851915427" lon="11.0911865719"><ele>729.76</ele><time>2026-08-27T15:20:40Z</time></trkpt><trkpt lat="47.4856439140" lon="11.0907556582"><ele>728.22</ele><time>2026-08-27T15:20:48Z</time></trkpt><trkpt lat="47.4861004762" lon="11.0903011076"><ele>726.83</ele><time>2026-08-27T15:20:56Z</time></trkpt><trkpt lat="47.4863944296" lon="11.0899110977"><ele>725.71</ele><time>2026-08-27T15:21:03Z</time></trkpt><trkpt lat="47.4864172284" lon="11.0898804199"><ele>725.85</ele><time>2026-08-27T15:21:08Z</time></trkpt><trkpt lat="47.4864173960" lon="11.0898753069"><ele>725.79</ele><time>2026-08-27T15:21:13Z</time></trkpt><trkpt lat="47.4864173960" lon="11.0898752231"><ele>718.64</ele><time>2026-08-27T15:21:14Z</time></trkpt></trkseg></trk></gpx>