<?xml version="1.0" encoding="UTF-8" standalone="no" ?><gpx xmlns="http://www.topografix.com/GPX/1/1" xmlns:gpxx="http://www.garmin.com/xmlschemas/GpxExtensions/v3" xmlns:gpxtrkx="http://www.garmin.com/xmlschemas/TrackStatsExtension/v1" xmlns:wptx1="http://www.garmin.com/xmlschemas/WaypointExtension/v1" xmlns:gpxtpx="http://www.garmin.com/xmlschemas/TrackPointExtension/v1" creator="Oregon 700" version="1.1" xmlns:xsi="http://www.w3.org/2001/XMLSchema-instance" xsi:schemaLocation="http://www.topografix.com/GPX/1/1 http://www.topografix.com/GPX/1/1/gpx.xsd http://www.garmin.com/xmlschemas/GpxExtensions/v3 http://www8.garmin.com/xmlschemas/GpxExtensionsv3.xsd http://www.garmin.com/xmlschemas/TrackStatsExtension/v1 http://www8.garmin.com/xmlschemas/TrackStatsExtension.xsd http://www.garmin.com/xmlschemas/WaypointExtension/v1 http://www8.garmin.com/xmlschemas/WaypointExtensionv1.xsd http://www.garmin.com/xmlschemas/TrackPointExtension/v1 http://www.garmin.com/xmlschemas/TrackPointExtensionv1.xsd"><metadata><link href="http://www.garmin.com"><text>Garmin International</text></link><time>2026-09-03T14:36:33Z</time></metadata><trk><name>2026-09-03 16:36:27</name><extensions><gpxx:TrackExtension><gpxx:DisplayColor>Cyan</gpxx:DisplayColor></gpxx:TrackExtension></extensions><trkseg><trkpt lat="47.6974277850" lon="11.4176391531"><ele>562.02</ele><time>2026-09-03T06:41:09Z</time></trkpt><trkpt lat="47.6974323951" lon="11.4176444337"><ele>562.02</ele><time>2026-09-03T06:41:23Z</time></trkpt><trkpt lat="47.6974323951" lon="11.4176195394"><ele>562.02</ele><time>2026-09-03T06:41:30Z</time></trkpt><trkpt lat="47.6974311378" lon="11.4176016860"><ele>562.02</ele><time>2026-09-03T06:41:31Z</time></trkpt><trkpt lat="47.6974297967" lon="11.4175763726"><ele>562.02</ele><time>2026-09-03T06:41:32Z</time></trkpt><trkpt lat="47.6974176429" lon="11.4174883626"><ele>563.06</ele><time>2026-09-03T06:41:35Z</time></trkpt><trkpt lat="47.6974073332" lon="11.4174619596"><ele>565.67</ele><time>2026-09-03T06:41:36Z</time></trkpt><trkpt lat="47.6973637473" lon="11.4174273424"><ele>569.34</ele><time>2026-09-03T06:41:38Z</time></trkpt><trkpt lat="47.6971690357" lon="11.4174079802"><ele>571.12</ele><time>2026-09-03T06:41:46Z</time></trkpt><trkpt lat="47.6971472427" lon="11.4174301922"><ele>571.15</ele><time>2026-09-03T06:41:47Z</time></trkpt><trkpt lat="47.6969785988" lon="11.4176176954"><ele>572.22</ele><time>2026-09-03T06:41:56Z</time></trkpt><trkpt lat="47.6967800315" lon="11.4177155960"><ele>573.28</ele><time>2026-09-03T06:42:05Z</time></trkpt><trkpt lat="47.6965358667" lon="11.4177744370"><ele>574.33</ele><time>2026-09-03T06:42:15Z</time></trkpt><trkpt lat="47.6963732578" lon="11.4177868422"><ele>574.77</ele><time>2026-09-03T06:42:23Z</time></trkpt><trkpt lat="47.6962756924" lon="11.4177939668"><ele>575.43</ele><time>2026-09-03T06:42:29Z</time></trkpt><trkpt lat="47.6961667277" lon="11.4178061206"><ele>576.82</ele><time>2026-09-03T06:42:36Z</time></trkpt><trkpt lat="47.6959999278" lon="11.4178019296"><ele>578.42</ele><time>2026-09-03T06:42:45Z</time></trkpt><trkpt lat="47.6958450302" lon="11.4178984053"><ele>580.67</ele><time>2026-09-03T06:42:54Z</time></trkpt><trkpt lat="47.6957518235" lon="11.4179915283"><ele>582.21</ele><time>2026-09-03T06:43:02Z</time></trkpt><trkpt lat="47.6956092473" lon="11.4181117248"><ele>584.03</ele><time>2026-09-03T06:43:12Z</time></trkpt><trkpt lat="47.6954879612" lon="11.4182206895"><ele>585.94</ele><time>2026-09-03T06:43:21Z</time></trkpt><trkpt lat="47.6954280306" lon="11.4183015749"><ele>586.93</ele><time>2026-09-03T06:43:29Z</time></trkpt><trkpt lat="47.6953401044" lon="11.4183758385"><ele>587.96</ele><time>2026-09-03T06:43:37Z</time></trkpt><trkpt lat="47.6952273678" lon="11.4184840489"><ele>589.49</ele><time>2026-09-03T06:43:47Z</time></trkpt><trkpt lat="47.6951627433" lon="11.4185195882"><ele>590.36</ele><time>2026-09-03T06:43:54Z</time></trkpt><trkpt lat="47.6950482465" lon="11.4186258707"><ele>591.54</ele><time>2026-09-03T06:44:04Z</time></trkpt><trkpt lat="47.6949734800" lon="11.4187578857"><ele>593.16</ele><time>2026-09-03T06:44:13Z</time></trkpt><trkpt lat="47.6948788483" lon="11.4189334866"><ele>595.06</ele><time>2026-09-03T06:44:25Z</time></trkpt><trkpt lat="47.6948662754" lon="11.4189629070"><ele>595.43</ele><time>2026-09-03T06:44:27Z</time></trkpt><trkpt lat="47.6948576421" lon="11.4189757314"><ele>595.62</ele><time>2026-09-03T06:44:28Z</time></trkpt><trkpt lat="47.6948508527" lon="11.4189891424"><ele>595.81</ele><time>2026-09-03T06:44:29Z</time></trkpt><trkpt lat="47.6948424708" lon="11.4190032240"><ele>596.15</ele><time>2026-09-03T06:44:30Z</time></trkpt><trkpt lat="47.6948350947" lon="11.4190167189"><ele>596.33</ele><time>2026-09-03T06:44:31Z</time></trkpt><trkpt lat="47.6948286407" lon="11.4190297108"><ele>596.52</ele><time>2026-09-03T06:44:32Z</time></trkpt><trkpt lat="47.6948231924" lon="11.4190424513"><ele>596.69</ele><time>2026-09-03T06:44:33Z</time></trkpt><trkpt lat="47.6948184147" lon="11.4190570358"><ele>596.86</ele><time>2026-09-03T06:44:34Z</time></trkpt><trkpt lat="47.6948110387" lon="11.4190708660"><ele>597.05</ele><time>2026-09-03T06:44:35Z</time></trkpt><trkpt lat="47.6948023215" lon="11.4190842770"><ele>597.22</ele><time>2026-09-03T06:44:36Z</time></trkpt><trkpt lat="47.6947941910" lon="11.4190977719"><ele>597.38</ele><time>2026-09-03T06:44:37Z</time></trkpt><trkpt lat="47.6947851386" lon="11.4191101771"><ele>597.55</ele><time>2026-09-03T06:44:38Z</time></trkpt><trkpt lat="47.6946717314" lon="11.4192706067"><ele>599.87</ele><time>2026-09-03T06:44:51Z</time></trkpt><trkpt lat="47.6945922710" lon="11.4193645678"><ele>601.68</ele><time>2026-09-03T06:45:00Z</time></trkpt><trkpt lat="47.6945058536" lon="11.4194547571"><ele>603.28</ele><time>2026-09-03T06:45:09Z</time></trkpt><trkpt lat="47.6944165863" lon="11.4195549209"><ele>605.11</ele><time>2026-09-03T06:45:19Z</time></trkpt><trkpt lat="47.6943376288" lon="11.4196727704"><ele>606.53</ele><time>2026-09-03T06:45:29Z</time></trkpt><trkpt lat="47.6942772791" lon="11.4198322780"><ele>608.41</ele><time>2026-09-03T06:45:41Z</time></trkpt><trkpt lat="47.6942727529" lon="11.4198637102"><ele>608.90</ele><time>2026-09-03T06:45:43Z</time></trkpt><trkpt lat="47.6942313462" lon="11.4200072084"><ele>610.71</ele><time>2026-09-03T06:45:53Z</time></trkpt><trkpt lat="47.6942121517" lon="11.4200922009"><ele>612.05</ele><time>2026-09-03T06:46:00Z</time></trkpt><trkpt lat="47.6942011714" lon="11.4201758523"><ele>613.73</ele><time>2026-09-03T06:46:07Z</time></trkpt><trkpt lat="47.6941761933" lon="11.4203061070"><ele>615.40</ele><time>2026-09-03T06:46:16Z</time></trkpt><trkpt lat="47.6941419952" lon="11.4204380382"><ele>616.99</ele><time>2026-09-03T06:46:25Z</time></trkpt><trkpt lat="47.6941022649" lon="11.4205620065"><ele>618.91</ele><time>2026-09-03T06:46:34Z</time></trkpt><trkpt lat="47.6940420829" lon="11.4206726477"><ele>620.49</ele><time>2026-09-03T06:46:44Z</time></trkpt><trkpt lat="47.6939649694" lon="11.4207352605"><ele>621.97</ele><time>2026-09-03T06:46:54Z</time></trkpt><trkpt lat="47.6938866824" lon="11.4207563829"><ele>623.57</ele><time>2026-09-03T06:47:04Z</time></trkpt><trkpt lat="47.6938055456" lon="11.4207836241"><ele>624.70</ele><time>2026-09-03T06:47:12Z</time></trkpt><trkpt lat="47.6937168650" lon="11.4208344184"><ele>625.87</ele><time>2026-09-03T06:47:20Z</time></trkpt><trkpt lat="47.6936102472" lon="11.4208901580"><ele>627.39</ele><time>2026-09-03T06:47:29Z</time></trkpt><trkpt lat="47.6935122628" lon="11.4209655952"><ele>629.14</ele><time>2026-09-03T06:47:38Z</time></trkpt><trkpt lat="47.6934509911" lon="11.4210323151"><ele>630.75</ele><time>2026-09-03T06:47:46Z</time></trkpt><trkpt lat="47.6933973469" lon="11.4211312216"><ele>632.32</ele><time>2026-09-03T06:47:55Z</time></trkpt><trkpt lat="47.6933608856" lon="11.4212295413"><ele>633.79</ele><time>2026-09-03T06:48:04Z</time></trkpt><trkpt lat="47.6933590416" lon="11.4212432876"><ele>633.96</ele><time>2026-09-03T06:48:05Z</time></trkpt><trkpt lat="47.6933561079" lon="11.4212544356"><ele>634.14</ele><time>2026-09-03T06:48:06Z</time></trkpt><trkpt lat="47.6933558565" lon="11.4212633204"><ele>634.31</ele><time>2026-09-03T06:48:07Z</time></trkpt><trkpt lat="47.6933557726" lon="11.4212735463"><ele>634.48</ele><time>2026-09-03T06:48:08Z</time></trkpt><trkpt lat="47.6934183855" lon="11.4213928208"><ele>636.07</ele><time>2026-09-03T06:48:17Z</time></trkpt><trkpt lat="47.6934777293" lon="11.4214784838"><ele>637.20</ele><time>2026-09-03T06:48:24Z</time></trkpt><trkpt lat="47.6935442816" lon="11.4215685055"><ele>638.58</ele><time>2026-09-03T06:48:32Z</time></trkpt><trkpt lat="47.6936159469" lon="11.4216782246"><ele>640.51</ele><time>2026-09-03T06:48:42Z</time></trkpt><trkpt lat="47.6936713513" lon="11.4217440225"><ele>641.96</ele><time>2026-09-03T06:48:50Z</time></trkpt><trkpt lat="47.6937148534" lon="11.4218373131"><ele>643.64</ele><time>2026-09-03T06:48:58Z</time></trkpt><trkpt lat="47.6937216427" lon="11.4219337050"><ele>644.97</ele><time>2026-09-03T06:49:05Z</time></trkpt><trkpt lat="47.6937213913" lon="11.4219512232"><ele>645.18</ele><time>2026-09-03T06:49:06Z</time></trkpt><trkpt lat="47.6937001012" lon="11.4220597688"><ele>646.21</ele><time>2026-09-03T06:49:12Z</time></trkpt><trkpt lat="47.6936918870" lon="11.4220725093"><ele>646.37</ele><time>2026-09-03T06:49:13Z</time></trkpt><trkpt lat="47.6936864387" lon="11.4220870100"><ele>646.57</ele><time>2026-09-03T06:49:14Z</time></trkpt><trkpt lat="47.6936410926" lon="11.4221630339"><ele>648.04</ele><time>2026-09-03T06:49:21Z</time></trkpt><trkpt lat="47.6936005242" lon="11.4222386386"><ele>649.13</ele><time>2026-09-03T06:49:28Z</time></trkpt><trkpt lat="47.6935505681" lon="11.4222849067"><ele>650.34</ele><time>2026-09-03T06:49:35Z</time></trkpt><trkpt lat="47.6934798248" lon="11.4223487768"><ele>652.22</ele><time>2026-09-03T06:49:45Z</time></trkpt><trkpt lat="47.6933825109" lon="11.4224078692"><ele>653.75</ele><time>2026-09-03T06:49:54Z</time></trkpt><trkpt lat="47.6932820957" lon="11.4224629384"><ele>655.37</ele><time>2026-09-03T06:50:03Z</time></trkpt><trkpt lat="47.6932061557" lon="11.4225077815"><ele>656.86</ele><time>2026-09-03T06:50:11Z</time></trkpt><trkpt lat="47.6931391004" lon="11.4225532953"><ele>658.30</ele><time>2026-09-03T06:50:19Z</time></trkpt><trkpt lat="47.6930412836" lon="11.4225739148"><ele>659.87</ele><time>2026-09-03T06:50:28Z</time></trkpt><trkpt lat="47.6929640863" lon="11.4225765131"><ele>661.37</ele><time>2026-09-03T06:50:36Z</time></trkpt><trkpt lat="47.6929518487" lon="11.4225799497"><ele>661.54</ele><time>2026-09-03T06:50:37Z</time></trkpt><trkpt lat="47.6928749867" lon="11.4226034191"><ele>662.46</ele><time>2026-09-03T06:50:43Z</time></trkpt><trkpt lat="47.6927842945" lon="11.4226323366"><ele>664.00</ele><time>2026-09-03T06:50:52Z</time></trkpt><trkpt lat="47.6926742401" lon="11.4226497710"><ele>665.87</ele><time>2026-09-03T06:51:02Z</time></trkpt><trkpt lat="47.6925885770" lon="11.4226467535"><ele>667.35</ele><time>2026-09-03T06:51:11Z</time></trkpt><trkpt lat="47.6925094519" lon="11.4226170816"><ele>669.15</ele><time>2026-09-03T06:51:21Z</time></trkpt><trkpt lat="47.6923993137" lon="11.4225413091"><ele>671.30</ele><time>2026-09-03T06:51:33Z</time></trkpt><trkpt lat="47.6922896784" lon="11.4224665426"><ele>673.19</ele><time>2026-09-03T06:51:44Z</time></trkpt><trkpt lat="47.6921982318" lon="11.4224564843"><ele>675.08</ele><time>2026-09-03T06:51:54Z</time></trkpt><trkpt lat="47.6920982357" lon="11.4224421512"><ele>676.96</ele><time>2026-09-03T06:52:05Z</time></trkpt><trkpt lat="47.6919779554" lon="11.4224054385"><ele>678.95</ele><time>2026-09-03T06:52:17Z</time></trkpt><trkpt lat="47.6918835752" lon="11.4224013314"><ele>680.56</ele><time>2026-09-03T06:52:26Z</time></trkpt><trkpt lat="47.6918076351" lon="11.4223755989"><ele>682.10</ele><time>2026-09-03T06:52:35Z</time></trkpt><trkpt lat="47.6916921325" lon="11.4223507885"><ele>684.54</ele><time>2026-09-03T06:52:47Z</time></trkpt><trkpt lat="47.6915927231" lon="11.4223088790"><ele>686.50</ele><time>2026-09-03T06:52:58Z</time></trkpt><trkpt lat="47.6914759632" lon="11.4222665504"><ele>688.53</ele><time>2026-09-03T06:53:10Z</time></trkpt><trkpt lat="47.6913645677" lon="11.4222207014"><ele>690.16</ele><time>2026-09-03T06:53:20Z</time></trkpt><trkpt lat="47.6912587881" lon="11.4221564960"><ele>692.01</ele><time>2026-09-03T06:53:30Z</time></trkpt><trkpt lat="47.6911494043" lon="11.4220984932"><ele>693.80</ele><time>2026-09-03T06:53:41Z</time></trkpt><trkpt lat="47.6910549402" lon="11.4220615290"><ele>695.65</ele><time>2026-09-03T06:53:51Z</time></trkpt><trkpt lat="47.6909694448" lon="11.4220388141"><ele>697.17</ele><time>2026-09-03T06:54:01Z</time></trkpt><trkpt lat="47.6908715442" lon="11.4220116567"><ele>698.59</ele><time>2026-09-03T06:54:11Z</time></trkpt><trkpt lat="47.6907790080" lon="11.4219751954"><ele>700.09</ele><time>2026-09-03T06:54:20Z</time></trkpt><trkpt lat="47.6906878129" lon="11.4219601918"><ele>701.55</ele><time>2026-09-03T06:54:29Z</time></trkpt><trkpt lat="47.6905956957" lon="11.4219156001"><ele>703.34</ele><time>2026-09-03T06:54:39Z</time></trkpt><trkpt lat="47.6905034110" lon="11.4218850061"><ele>705.03</ele><time>2026-09-03T06:54:49Z</time></trkpt><trkpt lat="47.6904283930" lon="11.4218552504"><ele>706.64</ele><time>2026-09-03T06:54:58Z</time></trkpt><trkpt lat="47.6903199311" lon="11.4218661468"><ele>708.19</ele><time>2026-09-03T06:55:08Z</time></trkpt><trkpt lat="47.6902379561" lon="11.4219612814"><ele>709.69</ele><time>2026-09-03T06:55:18Z</time></trkpt><trkpt lat="47.6902324241" lon="11.4219753630"><ele>709.87</ele><time>2026-09-03T06:55:19Z</time></trkpt><trkpt lat="47.6902274787" lon="11.4219896961"><ele>710.04</ele><time>2026-09-03T06:55:20Z</time></trkpt><trkpt lat="47.6902207732" lon="11.4220037777"><ele>710.19</ele><time>2026-09-03T06:55:21Z</time></trkpt><trkpt lat="47.6902115531" lon="11.4221374691"><ele>711.86</ele><time>2026-09-03T06:55:30Z</time></trkpt><trkpt lat="47.6902247127" lon="11.4222491160"><ele>713.03</ele><time>2026-09-03T06:55:37Z</time></trkpt><trkpt lat="47.6902227011" lon="11.4222644549"><ele>713.21</ele><time>2026-09-03T06:55:38Z</time></trkpt><trkpt lat="47.6902587432" lon="11.4223847352"><ele>714.96</ele><time>2026-09-03T06:55:48Z</time></trkpt><trkpt lat="47.6902815420" lon="11.4224760141"><ele>716.13</ele><time>2026-09-03T06:55:54Z</time></trkpt><trkpt lat="47.6902869903" lon="11.4224940352"><ele>716.26</ele><time>2026-09-03T06:55:55Z</time></trkpt><trkpt lat="47.6903374493" lon="11.4226715639"><ele>717.23</ele><time>2026-09-03T06:56:04Z</time></trkpt><trkpt lat="47.6903781015" lon="11.4228393696"><ele>718.12</ele><time>2026-09-03T06:56:12Z</time></trkpt><trkpt lat="47.6904538739" lon="11.4230699558"><ele>719.15</ele><time>2026-09-03T06:56:21Z</time></trkpt><trkpt lat="47.6905565523" lon="11.4233243465"><ele>719.61</ele><time>2026-09-03T06:56:31Z</time></trkpt><trkpt lat="47.6906345878" lon="11.4235214051"><ele>719.99</ele><time>2026-09-03T06:56:39Z</time></trkpt><trkpt lat="47.6907007210" lon="11.4237307850"><ele>719.85</ele><time>2026-09-03T06:56:45Z</time></trkpt><trkpt lat="47.6907885633" lon="11.4239603654"><ele>719.62</ele><time>2026-09-03T06:56:51Z</time></trkpt><trkpt lat="47.6908540260" lon="11.4242355432"><ele>719.80</ele><time>2026-09-03T06:56:58Z</time></trkpt><trkpt lat="47.6909182314" lon="11.4245534688"><ele>720.04</ele><time>2026-09-03T06:57:06Z</time></trkpt><trkpt lat="47.6909640804" lon="11.4248102903"><ele>720.14</ele><time>2026-09-03T06:57:13Z</time></trkpt><trkpt lat="47.6910077501" lon="11.4250036608"><ele>720.75</ele><time>2026-09-03T06:57:20Z</time></trkpt><trkpt lat="47.6910261903" lon="11.4251409564"><ele>721.86</ele><time>2026-09-03T06:57:26Z</time></trkpt><trkpt lat="47.6910421159" lon="11.4252898190"><ele>722.64</ele><time>2026-09-03T06:57:33Z</time></trkpt><trkpt lat="47.6910929102" lon="11.4254736342"><ele>723.48</ele><time>2026-09-03T06:57:40Z</time></trkpt><trkpt lat="47.6911401842" lon="11.4256549347"><ele>724.62</ele><time>2026-09-03T06:57:47Z</time></trkpt><trkpt lat="47.6911432017" lon="11.4256803319"><ele>724.78</ele><time>2026-09-03T06:57:48Z</time></trkpt><trkpt lat="47.6911423635" lon="11.4258353133"><ele>726.10</ele><time>2026-09-03T06:57:55Z</time></trkpt><trkpt lat="47.6910984423" lon="11.4259764645"><ele>727.38</ele><time>2026-09-03T06:58:04Z</time></trkpt><trkpt lat="47.6910295431" lon="11.4260643907"><ele>728.68</ele><time>2026-09-03T06:58:13Z</time></trkpt><trkpt lat="47.6909055747" lon="11.4261696674"><ele>729.75</ele><time>2026-09-03T06:58:22Z</time></trkpt><trkpt lat="47.6908343285" lon="11.4262441825"><ele>730.92</ele><time>2026-09-03T06:58:28Z</time></trkpt><trkpt lat="47.6907231007" lon="11.4262921270"><ele>732.56</ele><time>2026-09-03T06:58:36Z</time></trkpt><trkpt lat="47.6906271279" lon="11.4263038617"><ele>734.26</ele><time>2026-09-03T06:58:46Z</time></trkpt><trkpt lat="47.6905484218" lon="11.4262860920"><ele>735.28</ele><time>2026-09-03T06:58:54Z</time></trkpt><trkpt lat="47.6904812828" lon="11.4262574259"><ele>736.63</ele><time>2026-09-03T06:59:02Z</time></trkpt><trkpt lat="47.6903889142" lon="11.4262359682"><ele>738.28</ele><time>2026-09-03T06:59:12Z</time></trkpt><trkpt lat="47.6903214399" lon="11.4262153488"><ele>739.77</ele><time>2026-09-03T06:59:21Z</time></trkpt><trkpt lat="47.6901857369" lon="11.4261555858"><ele>741.99</ele><time>2026-09-03T06:59:34Z</time></trkpt><trkpt lat="47.6900932007" lon="11.4261035342"><ele>743.09</ele><time>2026-09-03T06:59:42Z</time></trkpt><trkpt lat="47.6899659634" lon="11.4260564279"><ele>745.10</ele><time>2026-09-03T06:59:55Z</time></trkpt><trkpt lat="47.6898562443" lon="11.4260187093"><ele>746.95</ele><time>2026-09-03T07:00:06Z</time></trkpt><trkpt lat="47.6897835732" lon="11.4259974193"><ele>748.10</ele><time>2026-09-03T07:00:14Z</time></trkpt><trkpt lat="47.6896756981" lon="11.4259597007"><ele>750.05</ele><time>2026-09-03T07:00:25Z</time></trkpt><trkpt lat="47.6896501333" lon="11.4259679150"><ele>750.87</ele><time>2026-09-03T07:00:32Z</time></trkpt><trkpt lat="47.6896325313" lon="11.4259641431"><ele>751.65</ele><time>2026-09-03T07:00:45Z</time></trkpt><trkpt lat="47.6895576809" lon="11.4259477146"><ele>751.88</ele><time>2026-09-03T07:00:52Z</time></trkpt><trkpt lat="47.6895418391" lon="11.4259424340"><ele>751.98</ele><time>2026-09-03T07:00:53Z</time></trkpt><trkpt lat="47.6895265840" lon="11.4259383269"><ele>752.11</ele><time>2026-09-03T07:00:54Z</time></trkpt><trkpt lat="47.6895135920" lon="11.4259351417"><ele>752.28</ele><time>2026-09-03T07:00:55Z</time></trkpt><trkpt lat="47.6894989237" lon="11.4259294420"><ele>752.47</ele><time>2026-09-03T07:00:56Z</time></trkpt><trkpt lat="47.6894860994" lon="11.4259276818"><ele>752.67</ele><time>2026-09-03T07:00:57Z</time></trkpt><trkpt lat="47.6893676631" lon="11.4259201381"><ele>755.17</ele><time>2026-09-03T07:01:06Z</time></trkpt><trkpt lat="47.6892649848" lon="11.4259063080"><ele>756.89</ele><time>2026-09-03T07:01:14Z</time></trkpt><trkpt lat="47.6891437825" lon="11.4258856885"><ele>758.96</ele><time>2026-09-03T07:01:25Z</time></trkpt><trkpt lat="47.6890466362" lon="11.4258481376"><ele>760.51</ele><time>2026-09-03T07:01:34Z</time></trkpt><trkpt lat="47.6889510825" lon="11.4258060604"><ele>762.36</ele><time>2026-09-03T07:01:46Z</time></trkpt><trkpt lat="47.6888532657" lon="11.4257736225"><ele>763.80</ele><time>2026-09-03T07:01:55Z</time></trkpt><trkpt lat="47.6887517609" lon="11.4257312100"><ele>765.61</ele><time>2026-09-03T07:02:05Z</time></trkpt><trkpt lat="47.6886498369" lon="11.4256706089"><ele>767.27</ele><time>2026-09-03T07:02:16Z</time></trkpt><trkpt lat="47.6885424647" lon="11.4256044757"><ele>769.28</ele><time>2026-09-03T07:02:27Z</time></trkpt><trkpt lat="47.6884630043" lon="11.4255451318"><ele>770.42</ele><time>2026-09-03T07:02:34Z</time></trkpt><trkpt lat="47.6884490903" lon="11.4255339839"><ele>770.55</ele><time>2026-09-03T07:02:35Z</time></trkpt><trkpt lat="47.6884333324" lon="11.4255277812"><ele>770.70</ele><time>2026-09-03T07:02:36Z</time></trkpt><trkpt lat="47.6883540396" lon="11.4254637435"><ele>772.27</ele><time>2026-09-03T07:02:44Z</time></trkpt><trkpt lat="47.6882462483" lon="11.4254613128"><ele>773.91</ele><time>2026-09-03T07:02:54Z</time></trkpt><trkpt lat="47.6882180851" lon="11.4254622348"><ele>774.18</ele><time>2026-09-03T07:02:56Z</time></trkpt><trkpt lat="47.6882036682" lon="11.4254670963"><ele>774.32</ele><time>2026-09-03T07:02:57Z</time></trkpt><trkpt lat="47.6880873274" lon="11.4255309664"><ele>775.97</ele><time>2026-09-03T07:03:07Z</time></trkpt><trkpt lat="47.6880592480" lon="11.4255594648"><ele>776.43</ele><time>2026-09-03T07:03:10Z</time></trkpt><trkpt lat="47.6879559830" lon="11.4256803319"><ele>777.97</ele><time>2026-09-03T07:03:21Z</time></trkpt><trkpt lat="47.6879015844" lon="11.4257653244"><ele>778.85</ele><time>2026-09-03T07:03:28Z</time></trkpt><trkpt lat="47.6878813002" lon="11.4258381631"><ele>779.57</ele><time>2026-09-03T07:03:32Z</time></trkpt><trkpt lat="47.6878554001" lon="11.4259175397"><ele>780.27</ele><time>2026-09-03T07:03:37Z</time></trkpt><trkpt lat="47.6878050249" lon="11.4260016941"><ele>781.20</ele><time>2026-09-03T07:03:44Z</time></trkpt><trkpt lat="47.6877818909" lon="11.4260385744"><ele>781.70</ele><time>2026-09-03T07:03:47Z</time></trkpt><trkpt lat="47.6877397299" lon="11.4261156879"><ele>782.92</ele><time>2026-09-03T07:03:54Z</time></trkpt><trkpt lat="47.6876699086" lon="11.4261697512"><ele>784.53</ele><time>2026-09-03T07:04:04Z</time></trkpt><trkpt lat="47.6875853352" lon="11.4261480421"><ele>785.83</ele><time>2026-09-03T07:04:13Z</time></trkpt><trkpt lat="47.6875009295" lon="11.4260956552"><ele>787.26</ele><time>2026-09-03T07:04:22Z</time></trkpt><trkpt lat="47.6874005143" lon="11.4260284323"><ele>788.90</ele><time>2026-09-03T07:04:33Z</time></trkpt><trkpt lat="47.6873187069" lon="11.4259790629"><ele>790.18</ele><time>2026-09-03T07:04:41Z</time></trkpt><trkpt lat="47.6872515678" lon="11.4259229880"><ele>791.48</ele><time>2026-09-03T07:04:49Z</time></trkpt><trkpt lat="47.6871519908" lon="11.4258697629"><ele>792.75</ele><time>2026-09-03T07:04:58Z</time></trkpt><trkpt lat="47.6870663278" lon="11.4258204773"><ele>794.19</ele><time>2026-09-03T07:05:07Z</time></trkpt><trkpt lat="47.6870017033" lon="11.4257741254"><ele>795.47</ele><time>2026-09-03T07:05:16Z</time></trkpt><trkpt lat="47.6869037189" lon="11.4256893843"><ele>796.95</ele><time>2026-09-03T07:05:26Z</time></trkpt><trkpt lat="47.6868254319" lon="11.4256275259"><ele>798.57</ele><time>2026-09-03T07:05:36Z</time></trkpt><trkpt lat="47.6867607236" lon="11.4255603869"><ele>799.98</ele><time>2026-09-03T07:05:47Z</time></trkpt><trkpt lat="47.6866813470" lon="11.4254928287"><ele>801.31</ele><time>2026-09-03T07:06:01Z</time></trkpt><trkpt lat="47.6865840331" lon="11.4253818523"><ele>802.64</ele><time>2026-09-03T07:06:12Z</time></trkpt><trkpt lat="47.6864830311" lon="11.4252594765"><ele>804.44</ele><time>2026-09-03T07:06:23Z</time></trkpt><trkpt lat="47.6864091028" lon="11.4251631685"><ele>805.50</ele><time>2026-09-03T07:06:33Z</time></trkpt><trkpt lat="47.6863178238" lon="11.4250616636"><ele>807.30</ele><time>2026-09-03T07:06:45Z</time></trkpt><trkpt lat="47.6862613298" lon="11.4250326622"><ele>808.70</ele><time>2026-09-03T07:06:55Z</time></trkpt><trkpt lat="47.6861611661" lon="11.4249756653"><ele>810.01</ele><time>2026-09-03T07:07:05Z</time></trkpt><trkpt lat="47.6860222779" lon="11.4249839634"><ele>811.93</ele><time>2026-09-03T07:07:16Z</time></trkpt><trkpt lat="47.6859495230" lon="11.4250551257"><ele>813.55</ele><time>2026-09-03T07:07:25Z</time></trkpt><trkpt lat="47.6859411411" lon="11.4250712190"><ele>813.71</ele><time>2026-09-03T07:07:26Z</time></trkpt><trkpt lat="47.6859341841" lon="11.4250868093"><ele>813.85</ele><time>2026-09-03T07:07:27Z</time></trkpt><trkpt lat="47.6859252993" lon="11.4251004718"><ele>813.99</ele><time>2026-09-03T07:07:28Z</time></trkpt><trkpt lat="47.6859170850" lon="11.4251124579"><ele>814.15</ele><time>2026-09-03T07:07:29Z</time></trkpt><trkpt lat="47.6858969685" lon="11.4251519367"><ele>814.64</ele><time>2026-09-03T07:07:32Z</time></trkpt><trkpt lat="47.6858843118" lon="11.4251664374"><ele>814.97</ele><time>2026-09-03T07:07:33Z</time></trkpt><trkpt lat="47.6858813781" lon="11.4251902420"><ele>815.14</ele><time>2026-09-03T07:07:34Z</time></trkpt><trkpt lat="47.6858720742" lon="11.4252084307"><ele>815.28</ele><time>2026-09-03T07:07:35Z</time></trkpt><trkpt lat="47.6858641114" lon="11.4252296370"><ele>815.44</ele><time>2026-09-03T07:07:36Z</time></trkpt><trkpt lat="47.6858594175" lon="11.4252567943"><ele>815.64</ele><time>2026-09-03T07:07:37Z</time></trkpt><trkpt lat="47.6858589146" lon="11.4252843708"><ele>815.84</ele><time>2026-09-03T07:07:38Z</time></trkpt><trkpt lat="47.6858551428" lon="11.4253059123"><ele>816.06</ele><time>2026-09-03T07:07:39Z</time></trkpt><trkpt lat="47.6858536340" lon="11.4253318962"><ele>816.33</ele><time>2026-09-03T07:07:40Z</time></trkpt><trkpt lat="47.6858544722" lon="11.4253637474"><ele>816.64</ele><time>2026-09-03T07:07:41Z</time></trkpt><trkpt lat="47.6858532988" lon="11.4253919944"><ele>816.93</ele><time>2026-09-03T07:07:42Z</time></trkpt><trkpt lat="47.6858513709" lon="11.4254209958"><ele>817.17</ele><time>2026-09-03T07:07:43Z</time></trkpt><trkpt lat="47.6858505327" lon="11.4254544396"><ele>817.42</ele><time>2026-09-03T07:07:44Z</time></trkpt><trkpt lat="47.6858455036" lon="11.4254872128"><ele>817.73</ele><time>2026-09-03T07:07:45Z</time></trkpt><trkpt lat="47.6858413126" lon="11.4255228359"><ele>818.08</ele><time>2026-09-03T07:07:46Z</time></trkpt><trkpt lat="47.6858390495" lon="11.4255612250"><ele>818.42</ele><time>2026-09-03T07:07:47Z</time></trkpt><trkpt lat="47.6857994031" lon="11.4257738739"><ele>820.32</ele><time>2026-09-03T07:07:54Z</time></trkpt><trkpt lat="47.6858144067" lon="11.4257934876"><ele>820.94</ele><time>2026-09-03T07:08:06Z</time></trkpt><trkpt lat="47.6858149935" lon="11.4257996064"><ele>821.03</ele><time>2026-09-03T07:08:13Z</time></trkpt><trkpt lat="47.6858346071" lon="11.4258105028"><ele>821.04</ele><time>2026-09-03T07:08:16Z</time></trkpt><trkpt lat="47.6858327631" lon="11.4258210640"><ele>821.39</ele><time>2026-09-03T07:08:32Z</time></trkpt><trkpt lat="47.6858261414" lon="11.4258585311"><ele>821.53</ele><time>2026-09-03T07:08:42Z</time></trkpt><trkpt lat="47.6858192682" lon="11.4258643985"><ele>822.53</ele><time>2026-09-03T07:08:56Z</time></trkpt><trkpt lat="47.6858601719" lon="11.4259190485"><ele>823.06</ele><time>2026-09-03T07:09:13Z</time></trkpt><trkpt lat="47.6858594175" lon="11.4259665739"><ele>823.21</ele><time>2026-09-03T07:09:20Z</time></trkpt><trkpt lat="47.6858553942" lon="11.4259913843"><ele>823.29</ele><time>2026-09-03T07:09:21Z</time></trkpt><trkpt lat="47.6858497784" lon="11.4260176197"><ele>823.40</ele><time>2026-09-03T07:09:22Z</time></trkpt><trkpt lat="47.6858416479" lon="11.4260440227"><ele>823.52</ele><time>2026-09-03T07:09:23Z</time></trkpt><trkpt lat="47.6858328469" lon="11.4260732755"><ele>823.64</ele><time>2026-09-03T07:09:24Z</time></trkpt><trkpt lat="47.6857869979" lon="11.4262831584"><ele>825.35</ele><time>2026-09-03T07:09:33Z</time></trkpt><trkpt lat="47.6857725810" lon="11.4263223018"><ele>826.56</ele><time>2026-09-03T07:09:41Z</time></trkpt><trkpt lat="47.6857376285" lon="11.4263531473"><ele>826.80</ele><time>2026-09-03T07:09:49Z</time></trkpt><trkpt lat="47.6857322641" lon="11.4263772033"><ele>826.82</ele><time>2026-09-03T07:09:50Z</time></trkpt><trkpt lat="47.6857290789" lon="11.4264031872"><ele>826.85</ele><time>2026-09-03T07:09:51Z</time></trkpt><trkpt lat="47.6857281569" lon="11.4264280815"><ele>826.93</ele><time>2026-09-03T07:09:52Z</time></trkpt><trkpt lat="47.6857279055" lon="11.4264502097"><ele>827.05</ele><time>2026-09-03T07:09:53Z</time></trkpt><trkpt lat="47.6857243013" lon="11.4264714997"><ele>827.20</ele><time>2026-09-03T07:09:54Z</time></trkpt><trkpt lat="47.6857187692" lon="11.4264917001"><ele>827.36</ele><time>2026-09-03T07:09:55Z</time></trkpt><trkpt lat="47.6857130695" lon="11.4265102241"><ele>827.52</ele><time>2026-09-03T07:09:56Z</time></trkpt><trkpt lat="47.6856757700" lon="11.4267289918"><ele>829.34</ele><time>2026-09-03T07:10:09Z</time></trkpt><trkpt lat="47.6856720820" lon="11.4267779421"><ele>829.73</ele><time>2026-09-03T07:10:12Z</time></trkpt><trkpt lat="47.6856701542" lon="11.4267930295"><ele>829.86</ele><time>2026-09-03T07:10:13Z</time></trkpt><trkpt lat="47.6856685616" lon="11.4268084522"><ele>829.98</ele><time>2026-09-03T07:10:14Z</time></trkpt><trkpt lat="47.6856661309" lon="11.4268251322"><ele>830.08</ele><time>2026-09-03T07:10:15Z</time></trkpt><trkpt lat="47.6856626943" lon="11.4268419798"><ele>830.18</ele><time>2026-09-03T07:10:16Z</time></trkpt><trkpt lat="47.6856589224" lon="11.4268568996"><ele>830.31</ele><time>2026-09-03T07:10:17Z</time></trkpt><trkpt lat="47.6856130734" lon="11.4270157367"><ele>831.69</ele><time>2026-09-03T07:10:28Z</time></trkpt><trkpt lat="47.6855760254" lon="11.4271788485"><ele>832.74</ele><time>2026-09-03T07:10:38Z</time></trkpt><trkpt lat="47.6855309308" lon="11.4273081813"><ele>834.22</ele><time>2026-09-03T07:10:47Z</time></trkpt><trkpt lat="47.6854868419" lon="11.4274857938"><ele>835.38</ele><time>2026-09-03T07:10:58Z</time></trkpt><trkpt lat="47.6854507998" lon="11.4276603051"><ele>836.75</ele><time>2026-09-03T07:11:09Z</time></trkpt><trkpt lat="47.6854257379" lon="11.4277941640"><ele>837.65</ele><time>2026-09-03T07:11:18Z</time></trkpt><trkpt lat="47.6854093932" lon="11.4278970938"><ele>838.52</ele><time>2026-09-03T07:11:25Z</time></trkpt><trkpt lat="47.6854093932" lon="11.4279135223"><ele>838.60</ele><time>2026-09-03T07:11:26Z</time></trkpt><trkpt lat="47.6854070462" lon="11.4279273525"><ele>838.67</ele><time>2026-09-03T07:11:27Z</time></trkpt><trkpt lat="47.6853837445" lon="11.4280518238"><ele>840.08</ele><time>2026-09-03T07:11:36Z</time></trkpt><trkpt lat="47.6853770390" lon="11.4281195495"><ele>840.63</ele><time>2026-09-03T07:11:41Z</time></trkpt><trkpt lat="47.6853820682" lon="11.4282381535"><ele>841.60</ele><time>2026-09-03T07:11:49Z</time></trkpt><trkpt lat="47.6853668969" lon="11.4283680730"><ele>842.77</ele><time>2026-09-03T07:11:57Z</time></trkpt><trkpt lat="47.6853565872" lon="11.4284332003"><ele>843.26</ele><time>2026-09-03T07:12:01Z</time></trkpt><trkpt lat="47.6853394043" lon="11.4286107291"><ele>844.53</ele><time>2026-09-03T07:12:12Z</time></trkpt><trkpt lat="47.6853239816" lon="11.4287567418"><ele>845.57</ele><time>2026-09-03T07:12:21Z</time></trkpt><trkpt lat="47.6853142586" lon="11.4287867490"><ele>845.92</ele><time>2026-09-03T07:12:23Z</time></trkpt><trkpt lat="47.6853124145" lon="11.4288042672"><ele>846.00</ele><time>2026-09-03T07:12:24Z</time></trkpt><trkpt lat="47.6853117440" lon="11.4288240485"><ele>846.06</ele><time>2026-09-03T07:12:25Z</time></trkpt><trkpt lat="47.6853112411" lon="11.4288429916"><ele>846.15</ele><time>2026-09-03T07:12:26Z</time></trkpt><trkpt lat="47.6853090618" lon="11.4288596716"><ele>846.23</ele><time>2026-09-03T07:12:27Z</time></trkpt><trkpt lat="47.6853076369" lon="11.4288776089"><ele>846.32</ele><time>2026-09-03T07:12:28Z</time></trkpt><trkpt lat="47.6853059605" lon="11.4288951270"><ele>846.44</ele><time>2026-09-03T07:12:29Z</time></trkpt><trkpt lat="47.6853062119" lon="11.4289144892"><ele>846.58</ele><time>2026-09-03T07:12:30Z</time></trkpt><trkpt lat="47.6853051223" lon="11.4289315045"><ele>846.69</ele><time>2026-09-03T07:12:31Z</time></trkpt><trkpt lat="47.6853031944" lon="11.4289455861"><ele>846.78</ele><time>2026-09-03T07:12:32Z</time></trkpt><trkpt lat="47.6852935553" lon="11.4291007351"><ele>847.84</ele><time>2026-09-03T07:12:42Z</time></trkpt><trkpt lat="47.6852935553" lon="11.4291279763"><ele>848.07</ele><time>2026-09-03T07:12:44Z</time></trkpt><trkpt lat="47.6852874365" lon="11.4291389566"><ele>848.19</ele><time>2026-09-03T07:12:45Z</time></trkpt><trkpt lat="47.6852695830" lon="11.4292723965"><ele>849.01</ele><time>2026-09-03T07:12:54Z</time></trkpt><trkpt lat="47.6852804795" lon="11.4294476621"><ele>850.19</ele><time>2026-09-03T07:13:04Z</time></trkpt><trkpt lat="47.6852961536" lon="11.4295819402"><ele>851.13</ele><time>2026-09-03T07:13:12Z</time></trkpt><trkpt lat="47.6853072178" lon="11.4297352452"><ele>852.28</ele><time>2026-09-03T07:13:21Z</time></trkpt><trkpt lat="47.6853010990" lon="11.4298592974"><ele>853.39</ele><time>2026-09-03T07:13:29Z</time></trkpt><trkpt lat="47.6852981653" lon="11.4299895521"><ele>855.01</ele><time>2026-09-03T07:13:39Z</time></trkpt><trkpt lat="47.6852744445" lon="11.4300890453"><ele>856.01</ele><time>2026-09-03T07:13:47Z</time></trkpt><trkpt lat="47.6852675714" lon="11.4301882870"><ele>856.96</ele><time>2026-09-03T07:13:55Z</time></trkpt><trkpt lat="47.6852729358" lon="11.4302862715"><ele>857.89</ele><time>2026-09-03T07:14:02Z</time></trkpt><trkpt lat="47.6852876879" lon="11.4304066356"><ele>858.88</ele><time>2026-09-03T07:14:10Z</time></trkpt><trkpt lat="47.6853211317" lon="11.4305978268"><ele>860.52</ele><time>2026-09-03T07:14:22Z</time></trkpt><trkpt lat="47.6853219699" lon="11.4307269920"><ele>861.77</ele><time>2026-09-03T07:14:30Z</time></trkpt><trkpt lat="47.6853559166" lon="11.4308854099"><ele>862.70</ele><time>2026-09-03T07:14:39Z</time></trkpt><trkpt lat="47.6853658911" lon="11.4310305007"><ele>864.18</ele><time>2026-09-03T07:14:49Z</time></trkpt><trkpt lat="47.6853880193" lon="11.4311646111"><ele>865.16</ele><time>2026-09-03T07:14:57Z</time></trkpt><trkpt lat="47.6853899471" lon="11.4313064329"><ele>866.26</ele><time>2026-09-03T07:15:05Z</time></trkpt><trkpt lat="47.6853930485" lon="11.4314659405"><ele>867.49</ele><time>2026-09-03T07:15:14Z</time></trkpt><trkpt lat="47.6853756141" lon="11.4315957762"><ele>868.91</ele><time>2026-09-03T07:15:24Z</time></trkpt><trkpt lat="47.6853615325" lon="11.4317032322"><ele>869.99</ele><time>2026-09-03T07:15:32Z</time></trkpt><trkpt lat="47.6853378117" lon="11.4317900687"><ele>871.10</ele><time>2026-09-03T07:15:38Z</time></trkpt><trkpt lat="47.6853078045" lon="11.4319186471"><ele>872.11</ele><time>2026-09-03T07:15:47Z</time></trkpt><trkpt lat="47.6852901187" lon="11.4319763146"><ele>872.63</ele><time>2026-09-03T07:15:51Z</time></trkpt><trkpt lat="47.6852448564" lon="11.4321216568"><ele>873.93</ele><time>2026-09-03T07:16:00Z</time></trkpt><trkpt lat="47.6851801481" lon="11.4322428592"><ele>874.94</ele><time>2026-09-03T07:16:08Z</time></trkpt><trkpt lat="47.6851715147" lon="11.4322546776"><ele>875.07</ele><time>2026-09-03T07:16:09Z</time></trkpt><trkpt lat="47.6851648930" lon="11.4322680887"><ele>875.22</ele><time>2026-09-03T07:16:10Z</time></trkpt><trkpt lat="47.6851594448" lon="11.4322825894"><ele>875.37</ele><time>2026-09-03T07:16:11Z</time></trkpt><trkpt lat="47.6851511467" lon="11.4322937373"><ele>875.50</ele><time>2026-09-03T07:16:12Z</time></trkpt><trkpt lat="47.6851432677" lon="11.4323042147"><ele>875.63</ele><time>2026-09-03T07:16:13Z</time></trkpt><trkpt lat="47.6850845106" lon="11.4323799033"><ele>877.01</ele><time>2026-09-03T07:16:22Z</time></trkpt><trkpt lat="47.6850581914" lon="11.4323867764"><ele>877.59</ele><time>2026-09-03T07:16:25Z</time></trkpt><trkpt lat="47.6849463768" lon="11.4323715214"><ele>879.14</ele><time>2026-09-03T07:16:36Z</time></trkpt><trkpt lat="47.6848771423" lon="11.4323256724"><ele>880.51</ele><time>2026-09-03T07:16:46Z</time></trkpt><trkpt lat="47.6847945806" lon="11.4322290290"><ele>882.33</ele><time>2026-09-03T07:16:57Z</time></trkpt><trkpt lat="47.6847357396" lon="11.4321636502"><ele>883.54</ele><time>2026-09-03T07:17:05Z</time></trkpt><trkpt lat="47.6846625656" lon="11.4320820104"><ele>885.20</ele><time>2026-09-03T07:17:16Z</time></trkpt><trkpt lat="47.6845783275" lon="11.4320058189"><ele>886.46</ele><time>2026-09-03T07:17:25Z</time></trkpt><trkpt lat="47.6844893117" lon="11.4319052361"><ele>888.46</ele><time>2026-09-03T07:17:37Z</time></trkpt><trkpt lat="47.6844059955" lon="11.4318204951"><ele>890.00</ele><time>2026-09-03T07:17:48Z</time></trkpt><trkpt lat="47.6843332406" lon="11.4317658450"><ele>891.24</ele><time>2026-09-03T07:17:58Z</time></trkpt><trkpt lat="47.6842585579" lon="11.4316817746"><ele>892.79</ele><time>2026-09-03T07:18:09Z</time></trkpt><trkpt lat="47.6842474937" lon="11.4316728897"><ele>892.91</ele><time>2026-09-03T07:18:10Z</time></trkpt><trkpt lat="47.6842382737" lon="11.4316593111"><ele>893.04</ele><time>2026-09-03T07:18:11Z</time></trkpt><trkpt lat="47.6842270419" lon="11.4316433016"><ele>893.17</ele><time>2026-09-03T07:18:12Z</time></trkpt><trkpt lat="47.6841419656" lon="11.4315512683"><ele>894.65</ele><time>2026-09-03T07:18:20Z</time></trkpt><trkpt lat="47.6841095276" lon="11.4315303974"><ele>895.27</ele><time>2026-09-03T07:18:23Z</time></trkpt><trkpt lat="47.6840965357" lon="11.4315254521"><ele>895.48</ele><time>2026-09-03T07:18:24Z</time></trkpt><trkpt lat="47.6840268821" lon="11.4314579777"><ele>897.03</ele><time>2026-09-03T07:18:32Z</time></trkpt><trkpt lat="47.6839593239" lon="11.4313623402"><ele>898.14</ele><time>2026-09-03T07:18:43Z</time></trkpt><trkpt lat="47.6838953700" lon="11.4312739111"><ele>899.25</ele><time>2026-09-03T07:18:53Z</time></trkpt><trkpt lat="47.6838350203" lon="11.4312050119"><ele>900.35</ele><time>2026-09-03T07:19:02Z</time></trkpt><trkpt lat="47.6837493572" lon="11.4311062731"><ele>901.86</ele><time>2026-09-03T07:19:14Z</time></trkpt><trkpt lat="47.6836808771" lon="11.4310103003"><ele>903.73</ele><time>2026-09-03T07:19:25Z</time></trkpt><trkpt lat="47.6836227905" lon="11.4309215359"><ele>904.87</ele><time>2026-09-03T07:19:34Z</time></trkpt><trkpt lat="47.6835637819" lon="11.4308425784"><ele>906.33</ele><time>2026-09-03T07:19:44Z</time></trkpt><trkpt lat="47.6835070364" lon="11.4307585079"><ele>907.34</ele><time>2026-09-03T07:19:51Z</time></trkpt><trkpt lat="47.6834551524" lon="11.4306834061"><ele>908.48</ele><time>2026-09-03T07:19:59Z</time></trkpt><trkpt lat="47.6833906956" lon="11.4305947255"><ele>909.89</ele><time>2026-09-03T07:20:08Z</time></trkpt><trkpt lat="47.6833177730" lon="11.4305156004"><ele>911.10</ele><time>2026-09-03T07:20:18Z</time></trkpt><trkpt lat="47.6832484547" lon="11.4304616209"><ele>912.34</ele><time>2026-09-03T07:20:27Z</time></trkpt><trkpt lat="47.6831842493" lon="11.4303789753"><ele>913.67</ele><time>2026-09-03T07:20:36Z</time></trkpt><trkpt lat="47.6831198763" lon="11.4303205535"><ele>914.77</ele><time>2026-09-03T07:20:45Z</time></trkpt><trkpt lat="47.6830415893" lon="11.4302158635"><ele>916.25</ele><time>2026-09-03T07:20:56Z</time></trkpt><trkpt lat="47.6829850115" lon="11.4301278535"><ele>917.27</ele><time>2026-09-03T07:21:04Z</time></trkpt><trkpt lat="47.6829265896" lon="11.4300220739"><ele>919.06</ele><time>2026-09-03T07:21:14Z</time></trkpt><trkpt lat="47.6828514878" lon="11.4299310464"><ele>920.40</ele><time>2026-09-03T07:21:23Z</time></trkpt><trkpt lat="47.6827809960" lon="11.4298400190"><ele>921.77</ele><time>2026-09-03T07:21:33Z</time></trkpt><trkpt lat="47.6827010326" lon="11.4296930842"><ele>923.99</ele><time>2026-09-03T07:21:46Z</time></trkpt><trkpt lat="47.6826355699" lon="11.4296019729"><ele>925.25</ele><time>2026-09-03T07:21:55Z</time></trkpt><trkpt lat="47.6825579535" lon="11.4295012224"><ele>926.66</ele><time>2026-09-03T07:22:05Z</time></trkpt><trkpt lat="47.6825005375" lon="11.4294023998"><ele>928.17</ele><time>2026-09-03T07:22:15Z</time></trkpt><trkpt lat="47.6824448816" lon="11.4293272141"><ele>929.39</ele><time>2026-09-03T07:22:24Z</time></trkpt><trkpt lat="47.6823846158" lon="11.4292266313"><ele>930.91</ele><time>2026-09-03T07:22:34Z</time></trkpt><trkpt lat="47.6823024731" lon="11.4291223604"><ele>932.23</ele><time>2026-09-03T07:22:46Z</time></trkpt><trkpt lat="47.6822347473" lon="11.4290337637"><ele>933.75</ele><time>2026-09-03T07:22:56Z</time></trkpt><trkpt lat="47.6821798459" lon="11.4289444126"><ele>934.80</ele><time>2026-09-03T07:23:04Z</time></trkpt><trkpt lat="47.6821117848" lon="11.4288289938"><ele>936.20</ele><time>2026-09-03T07:23:15Z</time></trkpt><trkpt lat="47.6820649300" lon="11.4287419058"><ele>937.38</ele><time>2026-09-03T07:23:23Z</time></trkpt><trkpt lat="47.6819898281" lon="11.4286238048"><ele>938.75</ele><time>2026-09-03T07:23:35Z</time></trkpt><trkpt lat="47.6819143072" lon="11.4285025187"><ele>940.54</ele><time>2026-09-03T07:23:46Z</time></trkpt><trkpt lat="47.6818559691" lon="11.4284166042"><ele>941.62</ele><time>2026-09-03T07:23:55Z</time></trkpt><trkpt lat="47.6817957032" lon="11.4283382334"><ele>942.97</ele><time>2026-09-03T07:24:04Z</time></trkpt><trkpt lat="47.6816904265" lon="11.4282343816"><ele>944.71</ele><time>2026-09-03T07:24:16Z</time></trkpt><trkpt lat="47.6816234551" lon="11.4281611238"><ele>946.19</ele><time>2026-09-03T07:24:26Z</time></trkpt><trkpt lat="47.6815273985" lon="11.4280850999"><ele>948.18</ele><time>2026-09-03T07:24:38Z</time></trkpt><trkpt lat="47.6814529672" lon="11.4280484710"><ele>949.40</ele><time>2026-09-03T07:24:46Z</time></trkpt><trkpt lat="47.6813829783" lon="11.4280498121"><ele>950.62</ele><time>2026-09-03T07:24:54Z</time></trkpt><trkpt lat="47.6813183539" lon="11.4280690905"><ele>951.73</ele><time>2026-09-03T07:24:59Z</time></trkpt><trkpt lat="47.6813067868" lon="11.4280788135"><ele>951.92</ele><time>2026-09-03T07:25:00Z</time></trkpt><trkpt lat="47.6812937949" lon="11.4280878659"><ele>952.10</ele><time>2026-09-03T07:25:01Z</time></trkpt><trkpt lat="47.6812318526" lon="11.4282037877"><ele>953.29</ele><time>2026-09-03T07:25:09Z</time></trkpt><trkpt lat="47.6812290028" lon="11.4283212181"><ele>954.61</ele><time>2026-09-03T07:25:17Z</time></trkpt><trkpt lat="47.6812084671" lon="11.4284299314"><ele>956.02</ele><time>2026-09-03T07:25:27Z</time></trkpt><trkpt lat="47.6811900269" lon="11.4285615273"><ele>957.45</ele><time>2026-09-03T07:25:36Z</time></trkpt><trkpt lat="47.6811677311" lon="11.4286559075"><ele>958.86</ele><time>2026-09-03T07:25:44Z</time></trkpt><trkpt lat="47.6811450999" lon="11.4288653713"><ele>960.55</ele><time>2026-09-03T07:25:54Z</time></trkpt><trkpt lat="47.6811014302" lon="11.4290894195"><ele>962.28</ele><time>2026-09-03T07:26:02Z</time></trkpt><trkpt lat="47.6810420025" lon="11.4292889088"><ele>964.08</ele><time>2026-09-03T07:26:09Z</time></trkpt><trkpt lat="47.6809841674" lon="11.4294588100"><ele>965.09</ele><time>2026-09-03T07:26:15Z</time></trkpt><trkpt lat="47.6809901185" lon="11.4295148849"><ele>965.68</ele><time>2026-09-03T07:26:21Z</time></trkpt><trkpt lat="47.6809968241" lon="11.4295638353"><ele>966.26</ele><time>2026-09-03T07:26:40Z</time></trkpt><trkpt lat="47.6809685770" lon="11.4296592213"><ele>966.43</ele><time>2026-09-03T07:26:55Z</time></trkpt><trkpt lat="47.6809647214" lon="11.4296863787"><ele>966.47</ele><time>2026-09-03T07:26:56Z</time></trkpt><trkpt lat="47.6809649728" lon="11.4297170565"><ele>966.49</ele><time>2026-09-03T07:26:57Z</time></trkpt><trkpt lat="47.6808720175" lon="11.4299456310"><ele>967.31</ele><time>2026-09-03T07:27:10Z</time></trkpt><trkpt lat="47.6808178704" lon="11.4300297014"><ele>967.68</ele><time>2026-09-03T07:27:17Z</time></trkpt><trkpt lat="47.6807686687" lon="11.4301468804"><ele>968.40</ele><time>2026-09-03T07:27:25Z</time></trkpt><trkpt lat="47.6807620469" lon="11.4301649015"><ele>968.47</ele><time>2026-09-03T07:27:26Z</time></trkpt><trkpt lat="47.6807544194" lon="11.4301799051"><ele>968.55</ele><time>2026-09-03T07:27:27Z</time></trkpt><trkpt lat="47.6807477977" lon="11.4301954955"><ele>968.64</ele><time>2026-09-03T07:27:28Z</time></trkpt><trkpt lat="47.6807411760" lon="11.4302086551"><ele>968.75</ele><time>2026-09-03T07:27:29Z</time></trkpt><trkpt lat="47.6806660742" lon="11.4303079806"><ele>969.68</ele><time>2026-09-03T07:27:38Z</time></trkpt><trkpt lat="47.6806161180" lon="11.4303744491"><ele>970.36</ele><time>2026-09-03T07:27:45Z</time></trkpt><trkpt lat="47.6805524994" lon="11.4304847550"><ele>971.36</ele><time>2026-09-03T07:27:54Z</time></trkpt><trkpt lat="47.6804926526" lon="11.4306145906"><ele>972.54</ele><time>2026-09-03T07:28:04Z</time></trkpt><trkpt lat="47.6804805826" lon="11.4306398202"><ele>972.86</ele><time>2026-09-03T07:28:06Z</time></trkpt><trkpt lat="47.6804715302" lon="11.4306482859"><ele>973.01</ele><time>2026-09-03T07:28:07Z</time></trkpt><trkpt lat="47.6804034691" lon="11.4307455998"><ele>974.16</ele><time>2026-09-03T07:28:16Z</time></trkpt><trkpt lat="47.6803406887" lon="11.4308507089"><ele>975.38</ele><time>2026-09-03T07:28:25Z</time></trkpt><trkpt lat="47.6802510861" lon="11.4309707377"><ele>976.70</ele><time>2026-09-03T07:28:37Z</time></trkpt><trkpt lat="47.6802202407" lon="11.4310584124"><ele>977.89</ele><time>2026-09-03T07:28:44Z</time></trkpt><trkpt lat="47.6801560353" lon="11.4311549719"><ele>978.99</ele><time>2026-09-03T07:28:53Z</time></trkpt><trkpt lat="47.6801024750" lon="11.4312631823"><ele>980.21</ele><time>2026-09-03T07:29:02Z</time></trkpt><trkpt lat="47.6800859626" lon="11.4313028287"><ele>980.80</ele><time>2026-09-03T07:29:05Z</time></trkpt><trkpt lat="47.6800467353" lon="11.4313938562"><ele>981.76</ele><time>2026-09-03T07:29:13Z</time></trkpt><trkpt lat="47.6800414547" lon="11.4314075187"><ele>981.90</ele><time>2026-09-03T07:29:14Z</time></trkpt><trkpt lat="47.6799977012" lon="11.4315289725"><ele>983.32</ele><time>2026-09-03T07:29:23Z</time></trkpt><trkpt lat="47.6799485832" lon="11.4316374343"><ele>984.69</ele><time>2026-09-03T07:29:32Z</time></trkpt><trkpt lat="47.6799007226" lon="11.4317432139"><ele>985.80</ele><time>2026-09-03T07:29:41Z</time></trkpt><trkpt lat="47.6798380259" lon="11.4318717923"><ele>987.34</ele><time>2026-09-03T07:29:52Z</time></trkpt><trkpt lat="47.6797781792" lon="11.4319667593"><ele>988.47</ele><time>2026-09-03T07:30:01Z</time></trkpt><trkpt lat="47.6796869840" lon="11.4319894742"><ele>989.69</ele><time>2026-09-03T07:30:11Z</time></trkpt><trkpt lat="47.6796447393" lon="11.4319681004"><ele>990.48</ele><time>2026-09-03T07:30:15Z</time></trkpt><trkpt lat="47.6795918494" lon="11.4318834431"><ele>991.82</ele><time>2026-09-03T07:30:23Z</time></trkpt><trkpt lat="47.6795749180" lon="11.4317355026"><ele>993.47</ele><time>2026-09-03T07:30:34Z</time></trkpt><trkpt lat="47.6795915142" lon="11.4315946028"><ele>994.80</ele><time>2026-09-03T07:30:44Z</time></trkpt><trkpt lat="47.6795848925" lon="11.4314019866"><ele>996.65</ele><time>2026-09-03T07:30:57Z</time></trkpt><trkpt lat="47.6795873232" lon="11.4312804490"><ele>997.80</ele><time>2026-09-03T07:31:05Z</time></trkpt><trkpt lat="47.6795886643" lon="11.4311546367"><ele>999.05</ele><time>2026-09-03T07:31:14Z</time></trkpt><trkpt lat="47.6795902569" lon="11.4309971407"><ele>1000.55</ele><time>2026-09-03T07:31:25Z</time></trkpt><trkpt lat="47.6795946993" lon="11.4308505412"><ele>1001.89</ele><time>2026-09-03T07:31:35Z</time></trkpt><trkpt lat="47.6795962080" lon="11.4306913689"><ele>1003.12</ele><time>2026-09-03T07:31:44Z</time></trkpt><trkpt lat="47.6795927715" lon="11.4306377247"><ele>1003.63</ele><time>2026-09-03T07:31:47Z</time></trkpt><trkpt lat="47.6795909274" lon="11.4306188654"><ele>1003.87</ele><time>2026-09-03T07:31:48Z</time></trkpt><trkpt lat="47.6795884129" lon="11.4305981621"><ele>1004.09</ele><time>2026-09-03T07:31:49Z</time></trkpt><trkpt lat="47.6795897540" lon="11.4305782970"><ele>1004.29</ele><time>2026-09-03T07:31:50Z</time></trkpt><trkpt lat="47.6795833837" lon="11.4304781333"><ele>1005.44</ele><time>2026-09-03T07:31:56Z</time></trkpt><trkpt lat="47.6795685478" lon="11.4303337969"><ele>1006.94</ele><time>2026-09-03T07:32:05Z</time></trkpt><trkpt lat="47.6795477606" lon="11.4301963337"><ele>1008.47</ele><time>2026-09-03T07:32:14Z</time></trkpt><trkpt lat="47.6795258000" lon="11.4300358202"><ele>1010.02</ele><time>2026-09-03T07:32:24Z</time></trkpt><trkpt lat="47.6795079466" lon="11.4299017936"><ele>1011.18</ele><time>2026-09-03T07:32:33Z</time></trkpt><trkpt lat="47.6794828847" lon="11.4297729637"><ele>1012.51</ele><time>2026-09-03T07:32:41Z</time></trkpt><trkpt lat="47.6794749219" lon="11.4296931680"><ele>1013.33</ele><time>2026-09-03T07:32:46Z</time></trkpt><trkpt lat="47.6794558950" lon="11.4295381028"><ele>1014.74</ele><time>2026-09-03T07:32:54Z</time></trkpt><trkpt lat="47.6794336829" lon="11.4293917548"><ele>1016.22</ele><time>2026-09-03T07:33:04Z</time></trkpt><trkpt lat="47.6794076990" lon="11.4292789344"><ele>1016.93</ele><time>2026-09-03T07:33:11Z</time></trkpt><trkpt lat="47.6793801226" lon="11.4291337598"><ele>1017.82</ele><time>2026-09-03T07:33:20Z</time></trkpt><trkpt lat="47.6793466788" lon="11.4289915189"><ele>1018.88</ele><time>2026-09-03T07:33:29Z</time></trkpt><trkpt lat="47.6792972255" lon="11.4288320113"><ele>1020.08</ele><time>2026-09-03T07:33:38Z</time></trkpt><trkpt lat="47.6792053599" lon="11.4286426641"><ele>1021.35</ele><time>2026-09-03T07:33:48Z</time></trkpt><trkpt lat="47.6791098900" lon="11.4284902811"><ele>1022.22</ele><time>2026-09-03T07:33:57Z</time></trkpt><trkpt lat="47.6790979039" lon="11.4284694102"><ele>1022.47</ele><time>2026-09-03T07:34:05Z</time></trkpt><trkpt lat="47.6790906116" lon="11.4284494612"><ele>1022.81</ele><time>2026-09-03T07:34:21Z</time></trkpt><trkpt lat="47.6790712494" lon="11.4284135029"><ele>1022.97</ele><time>2026-09-03T07:34:33Z</time></trkpt><trkpt lat="47.6789609436" lon="11.4282809850"><ele>1023.15</ele><time>2026-09-03T07:34:41Z</time></trkpt><trkpt lat="47.6788281742" lon="11.4281119220"><ele>1022.97</ele><time>2026-09-03T07:34:51Z</time></trkpt><trkpt lat="47.6787310280" lon="11.4279705193"><ele>1022.70</ele><time>2026-09-03T07:34:58Z</time></trkpt><trkpt lat="47.6786353905" lon="11.4278126042"><ele>1023.16</ele><time>2026-09-03T07:35:08Z</time></trkpt><trkpt lat="47.6785182115" lon="11.4276393503"><ele>1024.21</ele><time>2026-09-03T07:35:19Z</time></trkpt><trkpt lat="47.6784345601" lon="11.4275275357"><ele>1025.47</ele><time>2026-09-03T07:35:28Z</time></trkpt><trkpt lat="47.6783815026" lon="11.4274618216"><ele>1026.56</ele><time>2026-09-03T07:35:35Z</time></trkpt><trkpt lat="47.6783143636" lon="11.4273816906"><ele>1027.72</ele><time>2026-09-03T07:35:43Z</time></trkpt><trkpt lat="47.6782502420" lon="11.4273019787"><ele>1029.04</ele><time>2026-09-03T07:35:51Z</time></trkpt><trkpt lat="47.6781774871" lon="11.4272200037"><ele>1030.63</ele><time>2026-09-03T07:35:59Z</time></trkpt><trkpt lat="47.6780635770" lon="11.4271008130"><ele>1032.04</ele><time>2026-09-03T07:36:07Z</time></trkpt><trkpt lat="47.6778887305" lon="11.4269591589"><ele>1034.46</ele><time>2026-09-03T07:36:16Z</time></trkpt><trkpt lat="47.6778346673" lon="11.4269194286"><ele>1035.30</ele><time>2026-09-03T07:36:19Z</time></trkpt><trkpt lat="47.6778154727" lon="11.4269151539"><ele>1035.76</ele><time>2026-09-03T07:36:25Z</time></trkpt><trkpt lat="47.6778101083" lon="11.4269196801"><ele>1035.74</ele><time>2026-09-03T07:36:35Z</time></trkpt><trkpt lat="47.6778011397" lon="11.4269133098"><ele>1035.79</ele><time>2026-09-03T07:36:45Z</time></trkpt><trkpt lat="47.6777974516" lon="11.4269075263"><ele>1035.83</ele><time>2026-09-03T07:36:52Z</time></trkpt><trkpt lat="47.6777848788" lon="11.4269134775"><ele>1036.10</ele><time>2026-09-03T07:37:16Z</time></trkpt><trkpt lat="47.6777643431" lon="11.4269176684"><ele>1036.13</ele><time>2026-09-03T07:37:20Z</time></trkpt><trkpt lat="47.6777523570" lon="11.4269179199"><ele>1036.14</ele><time>2026-09-03T07:37:21Z</time></trkpt><trkpt lat="47.6776773389" lon="11.4269593265"><ele>1036.18</ele><time>2026-09-03T07:37:25Z</time></trkpt><trkpt lat="47.6776552945" lon="11.4269923512"><ele>1036.18</ele><time>2026-09-03T07:37:26Z</time></trkpt><trkpt lat="47.6775314100" lon="11.4272818621"><ele>1035.30</ele><time>2026-09-03T07:37:31Z</time></trkpt><trkpt lat="47.6774050947" lon="11.4277996961"><ele>1032.77</ele><time>2026-09-03T07:37:36Z</time></trkpt><trkpt lat="47.6772745885" lon="11.4282835834"><ele>1030.22</ele><time>2026-09-03T07:37:40Z</time></trkpt><trkpt lat="47.6772340201" lon="11.4284198731"><ele>1029.52</ele><time>2026-09-03T07:37:41Z</time></trkpt><trkpt lat="47.6771905180" lon="11.4285611082"><ele>1028.78</ele><time>2026-09-03T07:37:42Z</time></trkpt><trkpt lat="47.6770872530" lon="11.4288222883"><ele>1027.11</ele><time>2026-09-03T07:37:44Z</time></trkpt><trkpt lat="47.6770200301" lon="11.4289376233"><ele>1026.14</ele><time>2026-09-03T07:37:45Z</time></trkpt><trkpt lat="47.6769423299" lon="11.4290436544"><ele>1025.17</ele><time>2026-09-03T07:37:46Z</time></trkpt><trkpt lat="47.6768610254" lon="11.4291293174"><ele>1024.30</ele><time>2026-09-03T07:37:47Z</time></trkpt><trkpt lat="47.6767744403" lon="11.4292070176"><ele>1023.55</ele><time>2026-09-03T07:37:48Z</time></trkpt><trkpt lat="47.6764933951" lon="11.4294246957"><ele>1021.16</ele><time>2026-09-03T07:37:51Z</time></trkpt><trkpt lat="47.6763938181" lon="11.4294774178"><ele>1020.33</ele><time>2026-09-03T07:37:52Z</time></trkpt><trkpt lat="47.6759976894" lon="11.4296494145"><ele>1016.69</ele><time>2026-09-03T07:37:56Z</time></trkpt><trkpt lat="47.6754337549" lon="11.4299017936"><ele>1013.68</ele><time>2026-09-03T07:38:02Z</time></trkpt><trkpt lat="47.6747713331" lon="11.4301847667"><ele>1011.69</ele><time>2026-09-03T07:38:10Z</time></trkpt><trkpt lat="47.6744050439" lon="11.4303369820"><ele>1011.27</ele><time>2026-09-03T07:38:16Z</time></trkpt><trkpt lat="47.6741344761" lon="11.4304498024"><ele>1011.62</ele><time>2026-09-03T07:38:23Z</time></trkpt><trkpt lat="47.6739230007" lon="11.4305168577"><ele>1011.78</ele><time>2026-09-03T07:38:30Z</time></trkpt><trkpt lat="47.6737757307" lon="11.4305663947"><ele>1011.66</ele><time>2026-09-03T07:38:34Z</time></trkpt><trkpt lat="47.6737313904" lon="11.4305782970"><ele>1011.55</ele><time>2026-09-03T07:38:35Z</time></trkpt><trkpt lat="47.6736441348" lon="11.4306291752"><ele>1011.18</ele><time>2026-09-03T07:38:37Z</time></trkpt><trkpt lat="47.6736019738" lon="11.4306668937"><ele>1011.00</ele><time>2026-09-03T07:38:38Z</time></trkpt><trkpt lat="47.6735608187" lon="11.4307084680"><ele>1010.82</ele><time>2026-09-03T07:38:39Z</time></trkpt><trkpt lat="47.6735326555" lon="11.4307598490"><ele>1010.56</ele><time>2026-09-03T07:38:40Z</time></trkpt><trkpt lat="47.6735150535" lon="11.4308243897"><ele>1010.26</ele><time>2026-09-03T07:38:41Z</time></trkpt><trkpt lat="47.6734892372" lon="11.4308997430"><ele>1010.03</ele><time>2026-09-03T07:38:42Z</time></trkpt><trkpt lat="47.6734110340" lon="11.4312857296"><ele>1009.80</ele><time>2026-09-03T07:38:49Z</time></trkpt><trkpt lat="47.6733772550" lon="11.4314830396"><ele>1010.01</ele><time>2026-09-03T07:38:56Z</time></trkpt><trkpt lat="47.6733457390" lon="11.4316833671"><ele>1010.10</ele><time>2026-09-03T07:39:05Z</time></trkpt><trkpt lat="47.6732945256" lon="11.4320685994"><ele>1010.17</ele><time>2026-09-03T07:39:12Z</time></trkpt><trkpt lat="47.6732009836" lon="11.4325991739"><ele>1010.53</ele><time>2026-09-03T07:39:23Z</time></trkpt><trkpt lat="47.6730649453" lon="11.4329828974"><ele>1010.14</ele><time>2026-09-03T07:39:31Z</time></trkpt><trkpt lat="47.6728452556" lon="11.4333412237"><ele>1008.95</ele><time>2026-09-03T07:39:38Z</time></trkpt><trkpt lat="47.6728073694" lon="11.4333816245"><ele>1008.85</ele><time>2026-09-03T07:39:39Z</time></trkpt><trkpt lat="47.6727677230" lon="11.4334221929"><ele>1008.71</ele><time>2026-09-03T07:39:40Z</time></trkpt><trkpt lat="47.6726135798" lon="11.4335832093"><ele>1008.05</ele><time>2026-09-03T07:39:44Z</time></trkpt><trkpt lat="47.6725314371" lon="11.4336472470"><ele>1007.95</ele><time>2026-09-03T07:39:46Z</time></trkpt><trkpt lat="47.6724900305" lon="11.4336739853"><ele>1007.91</ele><time>2026-09-03T07:39:47Z</time></trkpt><trkpt lat="47.6724517252" lon="11.4337122068"><ele>1007.83</ele><time>2026-09-03T07:39:48Z</time></trkpt><trkpt lat="47.6724152640" lon="11.4337490033"><ele>1007.73</ele><time>2026-09-03T07:39:49Z</time></trkpt><trkpt lat="47.6723756175" lon="11.4337845426"><ele>1007.61</ele><time>2026-09-03T07:39:50Z</time></trkpt><trkpt lat="47.6722858474" lon="11.4338539448"><ele>1007.31</ele><time>2026-09-03T07:39:52Z</time></trkpt><trkpt lat="47.6722394954" lon="11.4338865504"><ele>1007.12</ele><time>2026-09-03T07:39:53Z</time></trkpt><trkpt lat="47.6720955782" lon="11.4340154640"><ele>1006.34</ele><time>2026-09-03T07:39:56Z</time></trkpt><trkpt lat="47.6720500644" lon="11.4340707846"><ele>1005.94</ele><time>2026-09-03T07:39:57Z</time></trkpt><trkpt lat="47.6720062271" lon="11.4341364149"><ele>1005.78</ele><time>2026-09-03T07:39:58Z</time></trkpt><trkpt lat="47.6719576120" lon="11.4342167974"><ele>1005.65</ele><time>2026-09-03T07:39:59Z</time></trkpt><trkpt lat="47.6719133556" lon="11.4342909772"><ele>1005.52</ele><time>2026-09-03T07:40:00Z</time></trkpt><trkpt lat="47.6718754694" lon="11.4343697671"><ele>1005.37</ele><time>2026-09-03T07:40:01Z</time></trkpt><trkpt lat="47.6717198174" lon="11.4346852619"><ele>1004.42</ele><time>2026-09-03T07:40:06Z</time></trkpt><trkpt lat="47.6715873834" lon="11.4349178597"><ele>1004.01</ele><time>2026-09-03T07:40:12Z</time></trkpt><trkpt lat="47.6714075077" lon="11.4352082927"><ele>1003.87</ele><time>2026-09-03T07:40:19Z</time></trkpt><trkpt lat="47.6712989621" lon="11.4354147390"><ele>1003.72</ele><time>2026-09-03T07:40:23Z</time></trkpt><trkpt lat="47.6712734811" lon="11.4354768489"><ele>1003.59</ele><time>2026-09-03T07:40:24Z</time></trkpt><trkpt lat="47.6712505147" lon="11.4355394617"><ele>1003.46</ele><time>2026-09-03T07:40:25Z</time></trkpt><trkpt lat="47.6712334156" lon="11.4356081095"><ele>1003.38</ele><time>2026-09-03T07:40:26Z</time></trkpt><trkpt lat="47.6712235250" lon="11.4356817864"><ele>1003.30</ele><time>2026-09-03T07:40:27Z</time></trkpt><trkpt lat="47.6712160651" lon="11.4357540384"><ele>1003.20</ele><time>2026-09-03T07:40:28Z</time></trkpt><trkpt lat="47.6712139696" lon="11.4358267933"><ele>1003.11</ele><time>2026-09-03T07:40:29Z</time></trkpt><trkpt lat="47.6712170709" lon="11.4359013923"><ele>1003.00</ele><time>2026-09-03T07:40:30Z</time></trkpt><trkpt lat="47.6712246146" lon="11.4359724708"><ele>1002.85</ele><time>2026-09-03T07:40:31Z</time></trkpt><trkpt lat="47.6712344214" lon="11.4360451419"><ele>1002.65</ele><time>2026-09-03T07:40:32Z</time></trkpt><trkpt lat="47.6713110320" lon="11.4363942482"><ele>1001.85</ele><time>2026-09-03T07:40:37Z</time></trkpt><trkpt lat="47.6713992096" lon="11.4369104058"><ele>1001.22</ele><time>2026-09-03T07:40:44Z</time></trkpt><trkpt lat="47.6714186557" lon="11.4371103141"><ele>1001.11</ele><time>2026-09-03T07:40:47Z</time></trkpt><trkpt lat="47.6714492496" lon="11.4375237934"><ele>1001.12</ele><time>2026-09-03T07:40:54Z</time></trkpt><trkpt lat="47.6714053284" lon="11.4377638511"><ele>1001.11</ele><time>2026-09-03T07:41:00Z</time></trkpt><trkpt lat="47.6713531930" lon="11.4379246160"><ele>1001.54</ele><time>2026-09-03T07:41:04Z</time></trkpt><trkpt lat="47.6713455655" lon="11.4379593171"><ele>1001.74</ele><time>2026-09-03T07:41:05Z</time></trkpt><trkpt lat="47.6713370997" lon="11.4380040765"><ele>1001.88</ele><time>2026-09-03T07:41:06Z</time></trkpt><trkpt lat="47.6713279635" lon="11.4380360954"><ele>1001.97</ele><time>2026-09-03T07:41:07Z</time></trkpt><trkpt lat="47.6713131275" lon="11.4380794298"><ele>1002.06</ele><time>2026-09-03T07:41:08Z</time></trkpt><trkpt lat="47.6712643448" lon="11.4382862113"><ele>1002.62</ele><time>2026-09-03T07:41:13Z</time></trkpt><trkpt lat="47.6712567173" lon="11.4383388497"><ele>1002.66</ele><time>2026-09-03T07:41:14Z</time></trkpt><trkpt lat="47.6711866446" lon="11.4386504889"><ele>1003.24</ele><time>2026-09-03T07:41:20Z</time></trkpt><trkpt lat="47.6711734012" lon="11.4386988524"><ele>1003.30</ele><time>2026-09-03T07:41:21Z</time></trkpt><trkpt lat="47.6711647678" lon="11.4387421869"><ele>1003.34</ele><time>2026-09-03T07:41:22Z</time></trkpt><trkpt lat="47.6711557992" lon="11.4388015307"><ele>1003.36</ele><time>2026-09-03T07:41:23Z</time></trkpt><trkpt lat="47.6711450703" lon="11.4388557617"><ele>1003.37</ele><time>2026-09-03T07:41:24Z</time></trkpt><trkpt lat="47.6711072680" lon="11.4391894452"><ele>1003.36</ele><time>2026-09-03T07:41:31Z</time></trkpt><trkpt lat="47.6709986385" lon="11.4395121485"><ele>1003.02</ele><time>2026-09-03T07:41:38Z</time></trkpt><trkpt lat="47.6708558109" lon="11.4396221191"><ele>1001.91</ele><time>2026-09-03T07:41:44Z</time></trkpt><trkpt lat="47.6706377976" lon="11.4395729173"><ele>1000.72</ele><time>2026-09-03T07:41:49Z</time></trkpt><trkpt lat="47.6702645514" lon="11.4393792953"><ele>998.69</ele><time>2026-09-03T07:41:55Z</time></trkpt><trkpt lat="47.6698404271" lon="11.4390883595"><ele>995.87</ele><time>2026-09-03T07:42:01Z</time></trkpt><trkpt lat="47.6697176322" lon="11.4389667381"><ele>995.05</ele><time>2026-09-03T07:42:03Z</time></trkpt><trkpt lat="47.6694574580" lon="11.4385894686"><ele>994.28</ele><time>2026-09-03T07:42:09Z</time></trkpt><trkpt lat="47.6693341602" lon="11.4384402707"><ele>994.23</ele><time>2026-09-03T07:42:12Z</time></trkpt><trkpt lat="47.6692486648" lon="11.4383724611"><ele>994.03</ele><time>2026-09-03T07:42:14Z</time></trkpt><trkpt lat="47.6690016501" lon="11.4381836168"><ele>993.68</ele><time>2026-09-03T07:42:21Z</time></trkpt><trkpt lat="47.6687282324" lon="11.4378933515"><ele>993.11</ele><time>2026-09-03T07:42:28Z</time></trkpt><trkpt lat="47.6685208641" lon="11.4377501886"><ele>992.88</ele><time>2026-09-03T07:42:33Z</time></trkpt><trkpt lat="47.6684776973" lon="11.4377294015"><ele>992.86</ele><time>2026-09-03T07:42:34Z</time></trkpt><trkpt lat="47.6681456901" lon="11.4376673754"><ele>992.66</ele><time>2026-09-03T07:42:42Z</time></trkpt><trkpt lat="47.6681031100" lon="11.4376784395"><ele>992.66</ele><time>2026-09-03T07:42:43Z</time></trkpt><trkpt lat="47.6680619549" lon="11.4376910124"><ele>992.66</ele><time>2026-09-03T07:42:44Z</time></trkpt><trkpt lat="47.6680213027" lon="11.4377046749"><ele>992.68</ele><time>2026-09-03T07:42:45Z</time></trkpt><trkpt lat="47.6678640582" lon="11.4377930202"><ele>992.85</ele><time>2026-09-03T07:42:49Z</time></trkpt><trkpt lat="47.6678270940" lon="11.4378201775"><ele>992.87</ele><time>2026-09-03T07:42:50Z</time></trkpt><trkpt lat="47.6675542630" lon="11.4380186610"><ele>993.09</ele><time>2026-09-03T07:42:58Z</time></trkpt><trkpt lat="47.6673808414" lon="11.4381312300"><ele>993.37</ele><time>2026-09-03T07:43:04Z</time></trkpt><trkpt lat="47.6671878900" lon="11.4383080881"><ele>993.68</ele><time>2026-09-03T07:43:11Z</time></trkpt><trkpt lat="47.6671316475" lon="11.4383239299"><ele>993.61</ele><time>2026-09-03T07:43:16Z</time></trkpt><trkpt lat="47.6671256125" lon="11.4383633249"><ele>993.55</ele><time>2026-09-03T07:43:26Z</time></trkpt><trkpt lat="47.6671187393" lon="11.4383821003"><ele>993.56</ele><time>2026-09-03T07:43:27Z</time></trkpt><trkpt lat="47.6670998801" lon="11.4384106826"><ele>993.56</ele><time>2026-09-03T07:43:29Z</time></trkpt><trkpt lat="47.6670837030" lon="11.4384120237"><ele>993.56</ele><time>2026-09-03T07:43:30Z</time></trkpt><trkpt lat="47.6670656819" lon="11.4384198189"><ele>993.56</ele><time>2026-09-03T07:43:31Z</time></trkpt><trkpt lat="47.6670343336" lon="11.4384350739"><ele>993.53</ele><time>2026-09-03T07:43:33Z</time></trkpt><trkpt lat="47.6670120377" lon="11.4384490717"><ele>993.53</ele><time>2026-09-03T07:43:34Z</time></trkpt><trkpt lat="47.6669889037" lon="11.4384627342"><ele>993.53</ele><time>2026-09-03T07:43:35Z</time></trkpt><trkpt lat="47.6669704635" lon="11.4384825993"><ele>993.53</ele><time>2026-09-03T07:43:36Z</time></trkpt><trkpt lat="47.6669479162" lon="11.4385078289"><ele>993.54</ele><time>2026-09-03T07:43:37Z</time></trkpt><trkpt lat="47.6668025739" lon="11.4385880437"><ele>993.58</ele><time>2026-09-03T07:43:42Z</time></trkpt><trkpt lat="47.6666064374" lon="11.4386864472"><ele>993.60</ele><time>2026-09-03T07:43:48Z</time></trkpt><trkpt lat="47.6663337741" lon="11.4388659038"><ele>993.56</ele><time>2026-09-03T07:43:56Z</time></trkpt><trkpt lat="47.6662597619" lon="11.4389196318"><ele>993.42</ele><time>2026-09-03T07:43:58Z</time></trkpt><trkpt lat="47.6662176847" lon="11.4389513992"><ele>993.30</ele><time>2026-09-03T07:43:59Z</time></trkpt><trkpt lat="47.6661254000" lon="11.4390135091"><ele>992.86</ele><time>2026-09-03T07:44:01Z</time></trkpt><trkpt lat="47.6660715882" lon="11.4390481263"><ele>992.56</ele><time>2026-09-03T07:44:02Z</time></trkpt><trkpt lat="47.6660115737" lon="11.4390720148"><ele>992.16</ele><time>2026-09-03T07:44:03Z</time></trkpt><trkpt lat="47.6659497991" lon="11.4390824083"><ele>991.76</ele><time>2026-09-03T07:44:04Z</time></trkpt><trkpt lat="47.6658891141" lon="11.4390900359"><ele>991.35</ele><time>2026-09-03T07:44:05Z</time></trkpt><trkpt lat="47.6656446140" lon="11.4391658921"><ele>989.61</ele><time>2026-09-03T07:44:09Z</time></trkpt><trkpt lat="47.6654210687" lon="11.4392275829"><ele>989.43</ele><time>2026-09-03T07:44:15Z</time></trkpt><trkpt lat="47.6652644947" lon="11.4392455202"><ele>990.53</ele><time>2026-09-03T07:44:23Z</time></trkpt><trkpt lat="47.6650603954" lon="11.4392111544"><ele>991.34</ele><time>2026-09-03T07:44:31Z</time></trkpt><trkpt lat="47.6649392769" lon="11.4391551632"><ele>991.99</ele><time>2026-09-03T07:44:38Z</time></trkpt><trkpt lat="47.6649106946" lon="11.4391309395"><ele>992.24</ele><time>2026-09-03T07:44:40Z</time></trkpt><trkpt lat="47.6648968644" lon="11.4391130023"><ele>992.35</ele><time>2026-09-03T07:44:41Z</time></trkpt><trkpt lat="47.6647862233" lon="11.4389938116"><ele>993.24</ele><time>2026-09-03T07:44:48Z</time></trkpt><trkpt lat="47.6646063477" lon="11.4388712682"><ele>994.25</ele><time>2026-09-03T07:44:57Z</time></trkpt><trkpt lat="47.6645518653" lon="11.4388332143"><ele>994.62</ele><time>2026-09-03T07:45:00Z</time></trkpt><trkpt lat="47.6644092053" lon="11.4388694242"><ele>995.38</ele><time>2026-09-03T07:45:07Z</time></trkpt><trkpt lat="47.6643327624" lon="11.4388833381"><ele>995.74</ele><time>2026-09-03T07:45:11Z</time></trkpt><trkpt lat="47.6643148251" lon="11.4388873614"><ele>995.85</ele><time>2026-09-03T07:45:12Z</time></trkpt><trkpt lat="47.6642952953" lon="11.4388949890"><ele>996.01</ele><time>2026-09-03T07:45:13Z</time></trkpt><trkpt lat="47.6642737538" lon="11.4389063045"><ele>996.01</ele><time>2026-09-03T07:45:14Z</time></trkpt><trkpt lat="47.6642502006" lon="11.4389149379"><ele>996.21</ele><time>2026-09-03T07:45:15Z</time></trkpt><trkpt lat="47.6641503721" lon="11.4389606193"><ele>996.47</ele><time>2026-09-03T07:45:20Z</time></trkpt><trkpt lat="47.6639937144" lon="11.4391093981"><ele>996.69</ele><time>2026-09-03T07:45:27Z</time></trkpt><trkpt lat="47.6639570855" lon="11.4391588513"><ele>996.69</ele><time>2026-09-03T07:45:29Z</time></trkpt><trkpt lat="47.6639261562" lon="11.4392140042"><ele>996.63</ele><time>2026-09-03T07:45:31Z</time></trkpt><trkpt lat="47.6639106497" lon="11.4392393176"><ele>996.60</ele><time>2026-09-03T07:45:32Z</time></trkpt><trkpt lat="47.6638991665" lon="11.4392690733"><ele>996.58</ele><time>2026-09-03T07:45:33Z</time></trkpt><trkpt lat="47.6638902817" lon="11.4392995834"><ele>996.57</ele><time>2026-09-03T07:45:34Z</time></trkpt><trkpt lat="47.6638871804" lon="11.4393371344"><ele>996.56</ele><time>2026-09-03T07:45:35Z</time></trkpt><trkpt lat="47.6638866775" lon="11.4393748529"><ele>996.56</ele><time>2026-09-03T07:45:36Z</time></trkpt><trkpt lat="47.6638901979" lon="11.4394204505"><ele>996.58</ele><time>2026-09-03T07:45:37Z</time></trkpt><trkpt lat="47.6638860907" lon="11.4394608513"><ele>996.65</ele><time>2026-09-03T07:45:38Z</time></trkpt><trkpt lat="47.6638843305" lon="11.4394956362"><ele>996.80</ele><time>2026-09-03T07:45:39Z</time></trkpt><trkpt lat="47.6638653874" lon="11.4395534713"><ele>996.91</ele><time>2026-09-03T07:45:41Z</time></trkpt><trkpt lat="47.6638246514" lon="11.4397815429"><ele>997.31</ele><time>2026-09-03T07:45:47Z</time></trkpt><trkpt lat="47.6638172753" lon="11.4398220275"><ele>997.33</ele><time>2026-09-03T07:45:48Z</time></trkpt><trkpt lat="47.6636891160" lon="11.4401457366"><ele>997.06</ele><time>2026-09-03T07:45:55Z</time></trkpt><trkpt lat="47.6635456178" lon="11.4404765703"><ele>995.99</ele><time>2026-09-03T07:46:01Z</time></trkpt><trkpt lat="47.6635369845" lon="11.4405539352"><ele>995.72</ele><time>2026-09-03T07:46:02Z</time></trkpt><trkpt lat="47.6635370683" lon="11.4406256843"><ele>995.10</ele><time>2026-09-03T07:46:03Z</time></trkpt><trkpt lat="47.6635444444" lon="11.4406927396"><ele>994.79</ele><time>2026-09-03T07:46:04Z</time></trkpt><trkpt lat="47.6635620464" lon="11.4407641534"><ele>994.39</ele><time>2026-09-03T07:46:05Z</time></trkpt><trkpt lat="47.6635922212" lon="11.4408563543"><ele>993.95</ele><time>2026-09-03T07:46:06Z</time></trkpt><trkpt lat="47.6636327896" lon="11.4409340546"><ele>993.50</ele><time>2026-09-03T07:46:07Z</time></trkpt><trkpt lat="47.6636824943" lon="11.4410104137"><ele>993.05</ele><time>2026-09-03T07:46:08Z</time></trkpt><trkpt lat="47.6637339592" lon="11.4410835039"><ele>992.60</ele><time>2026-09-03T07:46:09Z</time></trkpt><trkpt lat="47.6638187002" lon="11.4412171952"><ele>991.80</ele><time>2026-09-03T07:46:11Z</time></trkpt><trkpt lat="47.6638571732" lon="11.4412547462"><ele>991.63</ele><time>2026-09-03T07:46:12Z</time></trkpt><trkpt lat="47.6639243960" lon="11.4413549937"><ele>991.88</ele><time>2026-09-03T07:46:16Z</time></trkpt><trkpt lat="47.6640128251" lon="11.4415693190"><ele>993.65</ele><time>2026-09-03T07:46:25Z</time></trkpt><trkpt lat="47.6641227119" lon="11.4417874999"><ele>995.47</ele><time>2026-09-03T07:46:35Z</time></trkpt><trkpt lat="47.6642350294" lon="11.4420219418"><ele>996.75</ele><time>2026-09-03T07:46:46Z</time></trkpt><trkpt lat="47.6643377077" lon="11.4422134683"><ele>997.64</ele><time>2026-09-03T07:46:55Z</time></trkpt><trkpt lat="47.6644401345" lon="11.4424465690"><ele>998.05</ele><time>2026-09-03T07:47:05Z</time></trkpt><trkpt lat="47.6645625941" lon="11.4427556098"><ele>998.31</ele><time>2026-09-03T07:47:15Z</time></trkpt><trkpt lat="47.6646718103" lon="11.4431125112"><ele>998.44</ele><time>2026-09-03T07:47:25Z</time></trkpt><trkpt lat="47.6647751592" lon="11.4433842525"><ele>998.29</ele><time>2026-09-03T07:47:32Z</time></trkpt><trkpt lat="47.6649170648" lon="11.4435925428"><ele>998.29</ele><time>2026-09-03T07:47:39Z</time></trkpt><trkpt lat="47.6650658436" lon="11.4436822291"><ele>999.32</ele><time>2026-09-03T07:47:47Z</time></trkpt><trkpt lat="47.6652191486" lon="11.4437390584"><ele>1000.78</ele><time>2026-09-03T07:47:56Z</time></trkpt><trkpt lat="47.6653464697" lon="11.4437999949"><ele>1001.65</ele><time>2026-09-03T07:48:03Z</time></trkpt><trkpt lat="47.6655122638" lon="11.4438854065"><ele>1002.62</ele><time>2026-09-03T07:48:12Z</time></trkpt><trkpt lat="47.6657020301" lon="11.4440253004"><ele>1003.15</ele><time>2026-09-03T07:48:21Z</time></trkpt><trkpt lat="47.6658835821" lon="11.4442772605"><ele>1003.83</ele><time>2026-09-03T07:48:32Z</time></trkpt><trkpt lat="47.6659800578" lon="11.4445048291"><ele>1003.98</ele><time>2026-09-03T07:48:40Z</time></trkpt><trkpt lat="47.6660565846" lon="11.4447127003"><ele>1004.27</ele><time>2026-09-03T07:48:47Z</time></trkpt><trkpt lat="47.6661333628" lon="11.4449152909"><ele>1004.56</ele><time>2026-09-03T07:48:53Z</time></trkpt><trkpt lat="47.6662662160" lon="11.4451675024"><ele>1004.61</ele><time>2026-09-03T07:49:00Z</time></trkpt><trkpt lat="47.6664273161" lon="11.4455244876"><ele>1004.35</ele><time>2026-09-03T07:49:08Z</time></trkpt><trkpt lat="47.6665586606" lon="11.4457834046"><ele>1003.70</ele><time>2026-09-03T07:49:13Z</time></trkpt><trkpt lat="47.6665824652" lon="11.4458338637"><ele>1003.54</ele><time>2026-09-03T07:49:14Z</time></trkpt><trkpt lat="47.6666100416" lon="11.4458813891"><ele>1003.37</ele><time>2026-09-03T07:49:15Z</time></trkpt><trkpt lat="47.6666384563" lon="11.4459329378"><ele>1003.21</ele><time>2026-09-03T07:49:16Z</time></trkpt><trkpt lat="47.6666656975" lon="11.4459850732"><ele>1002.96</ele><time>2026-09-03T07:49:17Z</time></trkpt><trkpt lat="47.6668724790" lon="11.4463546313"><ele>1002.25</ele><time>2026-09-03T07:49:24Z</time></trkpt><trkpt lat="47.6669531967" lon="11.4464833774"><ele>1001.79</ele><time>2026-09-03T07:49:26Z</time></trkpt><trkpt lat="47.6669977885" lon="11.4465459902"><ele>1001.55</ele><time>2026-09-03T07:49:27Z</time></trkpt><trkpt lat="47.6670479961" lon="11.4466063399"><ele>1001.35</ele><time>2026-09-03T07:49:28Z</time></trkpt><trkpt lat="47.6672184002" lon="11.4467755705"><ele>1000.39</ele><time>2026-09-03T07:49:32Z</time></trkpt><trkpt lat="47.6672580466" lon="11.4467942622"><ele>1000.23</ele><time>2026-09-03T07:49:33Z</time></trkpt><trkpt lat="47.6675889641" lon="11.4468414523"><ele>999.86</ele><time>2026-09-03T07:49:41Z</time></trkpt><trkpt lat="47.6679029502" lon="11.4468127023"><ele>999.29</ele><time>2026-09-03T07:49:49Z</time></trkpt><trkpt lat="47.6682828180" lon="11.4467925020"><ele>998.37</ele><time>2026-09-03T07:49:58Z</time></trkpt><trkpt lat="47.6685911883" lon="11.4468853734"><ele>998.51</ele><time>2026-09-03T07:50:06Z</time></trkpt><trkpt lat="47.6687452476" lon="11.4470300451"><ele>998.86</ele><time>2026-09-03T07:50:12Z</time></trkpt><trkpt lat="47.6689008158" lon="11.4471526723"><ele>999.34</ele><time>2026-09-03T07:50:18Z</time></trkpt><trkpt lat="47.6690708846" lon="11.4472747128"><ele>1000.03</ele><time>2026-09-03T07:50:24Z</time></trkpt><trkpt lat="47.6692308951" lon="11.4474027045"><ele>1000.35</ele><time>2026-09-03T07:50:30Z</time></trkpt><trkpt lat="47.6692564599" lon="11.4474246651"><ele>1000.39</ele><time>2026-09-03T07:50:31Z</time></trkpt><trkpt lat="47.6692812704" lon="11.4474463742"><ele>1000.43</ele><time>2026-09-03T07:50:32Z</time></trkpt><trkpt lat="47.6693090983" lon="11.4474609587"><ele>1000.49</ele><time>2026-09-03T07:50:33Z</time></trkpt><trkpt lat="47.6693345793" lon="11.4474783931"><ele>1000.53</ele><time>2026-09-03T07:50:34Z</time></trkpt><trkpt lat="47.6693619043" lon="11.4474978391"><ele>1000.59</ele><time>2026-09-03T07:50:35Z</time></trkpt><trkpt lat="47.6693904866" lon="11.4475138485"><ele>1000.67</ele><time>2026-09-03T07:50:36Z</time></trkpt><trkpt lat="47.6694148779" lon="11.4475296903"><ele>1000.77</ele><time>2026-09-03T07:50:37Z</time></trkpt><trkpt lat="47.6695974357" lon="11.4476587716"><ele>1001.92</ele><time>2026-09-03T07:50:45Z</time></trkpt><trkpt lat="47.6697565243" lon="11.4477648027"><ele>1002.80</ele><time>2026-09-03T07:50:52Z</time></trkpt><trkpt lat="47.6698805764" lon="11.4478447661"><ele>1003.73</ele><time>2026-09-03T07:50:58Z</time></trkpt><trkpt lat="47.6699995995" lon="11.4479295071"><ele>1004.20</ele><time>2026-09-03T07:51:03Z</time></trkpt><trkpt lat="47.6701826602" lon="11.4480235521"><ele>1004.80</ele><time>2026-09-03T07:51:09Z</time></trkpt><trkpt lat="47.6703979913" lon="11.4481727500"><ele>1005.81</ele><time>2026-09-03T07:51:17Z</time></trkpt><trkpt lat="47.6705787890" lon="11.4483498596"><ele>1006.23</ele><time>2026-09-03T07:51:24Z</time></trkpt><trkpt lat="47.6707208622" lon="11.4485922642"><ele>1006.70</ele><time>2026-09-03T07:51:32Z</time></trkpt><trkpt lat="47.6707601734" lon="11.4486679528"><ele>1006.94</ele><time>2026-09-03T07:51:35Z</time></trkpt><trkpt lat="47.6707720757" lon="11.4486885723"><ele>1007.01</ele><time>2026-09-03T07:51:36Z</time></trkpt><trkpt lat="47.6707831398" lon="11.4487188309"><ele>1007.08</ele><time>2026-09-03T07:51:37Z</time></trkpt><trkpt lat="47.6707865763" lon="11.4487469941"><ele>1007.13</ele><time>2026-09-03T07:51:38Z</time></trkpt><trkpt lat="47.6707902644" lon="11.4487763308"><ele>1007.22</ele><time>2026-09-03T07:51:39Z</time></trkpt><trkpt lat="47.6708026696" lon="11.4489158057"><ele>1008.03</ele><time>2026-09-03T07:51:46Z</time></trkpt><trkpt lat="47.6707956288" lon="11.4490981121"><ele>1009.05</ele><time>2026-09-03T07:51:54Z</time></trkpt><trkpt lat="47.6708141528" lon="11.4492726233"><ele>1010.36</ele><time>2026-09-03T07:52:02Z</time></trkpt><trkpt lat="47.6707889233" lon="11.4494462963"><ele>1011.74</ele><time>2026-09-03T07:52:09Z</time></trkpt><trkpt lat="47.6707657054" lon="11.4496211428"><ele>1012.99</ele><time>2026-09-03T07:52:17Z</time></trkpt><trkpt lat="47.6707363687" lon="11.4498290978"><ele>1014.38</ele><time>2026-09-03T07:52:26Z</time></trkpt><trkpt lat="47.6707228739" lon="11.4500829857"><ele>1016.12</ele><time>2026-09-03T07:52:36Z</time></trkpt><trkpt lat="47.6707184315" lon="11.4501053654"><ele>1016.26</ele><time>2026-09-03T07:52:37Z</time></trkpt><trkpt lat="47.6707188506" lon="11.4501317684"><ele>1016.38</ele><time>2026-09-03T07:52:38Z</time></trkpt><trkpt lat="47.6707170065" lon="11.4502014220"><ele>1016.98</ele><time>2026-09-03T07:52:42Z</time></trkpt><trkpt lat="47.6707183477" lon="11.4504055213"><ele>1018.56</ele><time>2026-09-03T07:52:53Z</time></trkpt><trkpt lat="47.6707268134" lon="11.4505609218"><ele>1020.05</ele><time>2026-09-03T07:53:01Z</time></trkpt><trkpt lat="47.6707287412" lon="11.4505785238"><ele>1020.21</ele><time>2026-09-03T07:53:02Z</time></trkpt><trkpt lat="47.6707362011" lon="11.4507229440"><ele>1021.37</ele><time>2026-09-03T07:53:10Z</time></trkpt><trkpt lat="47.6707444992" lon="11.4508812781"><ele>1022.69</ele><time>2026-09-03T07:53:19Z</time></trkpt><trkpt lat="47.6707424875" lon="11.4509661868"><ele>1023.36</ele><time>2026-09-03T07:53:24Z</time></trkpt><trkpt lat="47.6707400568" lon="11.4509940147"><ele>1023.80</ele><time>2026-09-03T07:53:33Z</time></trkpt><trkpt lat="47.6707393024" lon="11.4511004649"><ele>1024.07</ele><time>2026-09-03T07:53:39Z</time></trkpt><trkpt lat="47.6707367040" lon="11.4511188213"><ele>1024.24</ele><time>2026-09-03T07:53:40Z</time></trkpt><trkpt lat="47.6707377099" lon="11.4511375967"><ele>1024.45</ele><time>2026-09-03T07:53:41Z</time></trkpt><trkpt lat="47.6707368717" lon="11.4511569589"><ele>1024.63</ele><time>2026-09-03T07:53:42Z</time></trkpt><trkpt lat="47.6707424037" lon="11.4511757344"><ele>1024.88</ele><time>2026-09-03T07:53:43Z</time></trkpt><trkpt lat="47.6707466785" lon="11.4511940069"><ele>1025.00</ele><time>2026-09-03T07:53:44Z</time></trkpt><trkpt lat="47.6707508694" lon="11.4512551110"><ele>1025.64</ele><time>2026-09-03T07:53:48Z</time></trkpt><trkpt lat="47.6707489416" lon="11.4513127785"><ele>1026.14</ele><time>2026-09-03T07:53:51Z</time></trkpt><trkpt lat="47.6707469299" lon="11.4514095057"><ele>1026.99</ele><time>2026-09-03T07:53:57Z</time></trkpt><trkpt lat="47.6707681362" lon="11.4515344799"><ele>1028.13</ele><time>2026-09-03T07:54:05Z</time></trkpt><trkpt lat="47.6707911864" lon="11.4516299497"><ele>1029.27</ele><time>2026-09-03T07:54:13Z</time></trkpt><trkpt lat="47.6708123926" lon="11.4517202228"><ele>1030.28</ele><time>2026-09-03T07:54:22Z</time></trkpt><trkpt lat="47.6708553918" lon="11.4518131781"><ele>1030.92</ele><time>2026-09-03T07:54:32Z</time></trkpt><trkpt lat="47.6709023304" lon="11.4519074745"><ele>1031.75</ele><time>2026-09-03T07:54:42Z</time></trkpt><trkpt lat="47.6709382888" lon="11.4520119131"><ele>1032.43</ele><time>2026-09-03T07:54:50Z</time></trkpt><trkpt lat="47.6709719840" lon="11.4521522261"><ele>1033.41</ele><time>2026-09-03T07:55:01Z</time></trkpt><trkpt lat="47.6710017398" lon="11.4522608556"><ele>1034.29</ele><time>2026-09-03T07:55:10Z</time></trkpt><trkpt lat="47.6710433979" lon="11.4523590077"><ele>1035.31</ele><time>2026-09-03T07:55:20Z</time></trkpt><trkpt lat="47.6710844692" lon="11.4524657093"><ele>1036.08</ele><time>2026-09-03T07:55:29Z</time></trkpt><trkpt lat="47.6711275522" lon="11.4526284020"><ele>1036.97</ele><time>2026-09-03T07:55:39Z</time></trkpt><trkpt lat="47.6711536199" lon="11.4527696371"><ele>1037.85</ele><time>2026-09-03T07:55:48Z</time></trkpt><trkpt lat="47.6711609121" lon="11.4528992213"><ele>1038.48</ele><time>2026-09-03T07:55:57Z</time></trkpt><trkpt lat="47.6711689588" lon="11.4530098625"><ele>1039.00</ele><time>2026-09-03T07:56:03Z</time></trkpt><trkpt lat="47.6711717248" lon="11.4530267101"><ele>1039.09</ele><time>2026-09-03T07:56:04Z</time></trkpt><trkpt lat="47.6711736526" lon="11.4530444797"><ele>1039.16</ele><time>2026-09-03T07:56:05Z</time></trkpt><trkpt lat="47.6711775083" lon="11.4530646801"><ele>1039.22</ele><time>2026-09-03T07:56:06Z</time></trkpt><trkpt lat="47.6711827889" lon="11.4530870598"><ele>1039.30</ele><time>2026-09-03T07:56:07Z</time></trkpt><trkpt lat="47.6711846329" lon="11.4531098586"><ele>1039.36</ele><time>2026-09-03T07:56:08Z</time></trkpt><trkpt lat="47.6711879019" lon="11.4531321544"><ele>1039.42</ele><time>2026-09-03T07:56:09Z</time></trkpt><trkpt lat="47.6711914223" lon="11.4531563781"><ele>1039.50</ele><time>2026-09-03T07:56:10Z</time></trkpt><trkpt lat="47.6711938530" lon="11.4531826135"><ele>1039.56</ele><time>2026-09-03T07:56:11Z</time></trkpt><trkpt lat="47.6711842977" lon="11.4533292968"><ele>1039.58</ele><time>2026-09-03T07:56:16Z</time></trkpt><trkpt lat="47.6711735688" lon="11.4533607289"><ele>1039.51</ele><time>2026-09-03T07:56:17Z</time></trkpt><trkpt lat="47.6711560506" lon="11.4533887245"><ele>1039.39</ele><time>2026-09-03T07:56:18Z</time></trkpt><trkpt lat="47.6711309049" lon="11.4534187317"><ele>1039.25</ele><time>2026-09-03T07:56:19Z</time></trkpt><trkpt lat="47.6710990537" lon="11.4534475654"><ele>1039.13</ele><time>2026-09-03T07:56:20Z</time></trkpt><trkpt lat="47.6709746663" lon="11.4535338152"><ele>1038.67</ele><time>2026-09-03T07:56:23Z</time></trkpt><trkpt lat="47.6709217764" lon="11.4535676781"><ele>1038.43</ele><time>2026-09-03T07:56:24Z</time></trkpt><trkpt lat="47.6708725747" lon="11.4536169637"><ele>1038.13</ele><time>2026-09-03T07:56:25Z</time></trkpt><trkpt lat="47.6708266418" lon="11.4536703564"><ele>1037.76</ele><time>2026-09-03T07:56:26Z</time></trkpt><trkpt lat="47.6707787812" lon="11.4537325501"><ele>1037.33</ele><time>2026-09-03T07:56:27Z</time></trkpt><trkpt lat="47.6707228739" lon="11.4537932351"><ele>1036.81</ele><time>2026-09-03T07:56:28Z</time></trkpt><trkpt lat="47.6706740912" lon="11.4538677502"><ele>1036.32</ele><time>2026-09-03T07:56:29Z</time></trkpt><trkpt lat="47.6705890149" lon="11.4540423453"><ele>1035.33</ele><time>2026-09-03T07:56:31Z</time></trkpt><trkpt lat="47.6705098897" lon="11.4541950636"><ele>1033.50</ele><time>2026-09-03T07:56:33Z</time></trkpt><trkpt lat="47.6704617776" lon="11.4542488754"><ele>1032.87</ele><time>2026-09-03T07:56:34Z</time></trkpt><trkpt lat="47.6703515556" lon="11.4543597680"><ele>1031.71</ele><time>2026-09-03T07:56:36Z</time></trkpt><trkpt lat="47.6702912897" lon="11.4544109814"><ele>1031.15</ele><time>2026-09-03T07:56:37Z</time></trkpt><trkpt lat="47.6700772159" lon="11.4546277374"><ele>1029.09</ele><time>2026-09-03T07:56:40Z</time></trkpt><trkpt lat="47.6698705181" lon="11.4549339283"><ele>1026.07</ele><time>2026-09-03T07:56:44Z</time></trkpt><trkpt lat="47.6698505692" lon="11.4550288953"><ele>1025.24</ele><time>2026-09-03T07:56:45Z</time></trkpt><trkpt lat="47.6698309556" lon="11.4552206732"><ele>1023.75</ele><time>2026-09-03T07:56:47Z</time></trkpt><trkpt lat="47.6698344760" lon="11.4553248603"><ele>1023.12</ele><time>2026-09-03T07:56:48Z</time></trkpt><trkpt lat="47.6698520780" lon="11.4557879604"><ele>1020.75</ele><time>2026-09-03T07:56:52Z</time></trkpt><trkpt lat="47.6698614657" lon="11.4558897167"><ele>1020.41</ele><time>2026-09-03T07:56:53Z</time></trkpt><trkpt lat="47.6698754635" lon="11.4559907187"><ele>1020.23</ele><time>2026-09-03T07:56:54Z</time></trkpt><trkpt lat="47.6698790677" lon="11.4560705982"><ele>1020.13</ele><time>2026-09-03T07:56:55Z</time></trkpt><trkpt lat="47.6698761340" lon="11.4561348874"><ele>1020.07</ele><time>2026-09-03T07:56:56Z</time></trkpt><trkpt lat="47.6698761340" lon="11.4561930578"><ele>1020.12</ele><time>2026-09-03T07:56:57Z</time></trkpt><trkpt lat="47.6698833425" lon="11.4562379848"><ele>1020.18</ele><time>2026-09-03T07:56:58Z</time></trkpt><trkpt lat="47.6698892936" lon="11.4562845882"><ele>1020.24</ele><time>2026-09-03T07:56:59Z</time></trkpt><trkpt lat="47.6698959991" lon="11.4563221391"><ele>1020.31</ele><time>2026-09-03T07:57:00Z</time></trkpt><trkpt lat="47.6699046325" lon="11.4565786254"><ele>1020.88</ele><time>2026-09-03T07:57:08Z</time></trkpt><trkpt lat="47.6699000224" lon="11.4566144999"><ele>1021.01</ele><time>2026-09-03T07:57:10Z</time></trkpt><trkpt lat="47.6698895451" lon="11.4566545654"><ele>1021.12</ele><time>2026-09-03T07:57:12Z</time></trkpt><trkpt lat="47.6698923111" lon="11.4566792920"><ele>1021.16</ele><time>2026-09-03T07:57:13Z</time></trkpt><trkpt lat="47.6698874496" lon="11.4568287414"><ele>1021.62</ele><time>2026-09-03T07:57:20Z</time></trkpt><trkpt lat="47.6698791515" lon="11.4569315873"><ele>1022.18</ele><time>2026-09-03T07:57:27Z</time></trkpt><trkpt lat="47.6699022856" lon="11.4570709784"><ele>1022.82</ele><time>2026-09-03T07:57:35Z</time></trkpt><trkpt lat="47.6699472964" lon="11.4573165681"><ele>1023.73</ele><time>2026-09-03T07:57:44Z</time></trkpt><trkpt lat="47.6700024493" lon="11.4575433824"><ele>1024.85</ele><time>2026-09-03T07:57:53Z</time></trkpt><trkpt lat="47.6700938120" lon="11.4577341545"><ele>1025.80</ele><time>2026-09-03T07:58:02Z</time></trkpt><trkpt lat="47.6701881923" lon="11.4579260163"><ele>1026.31</ele><time>2026-09-03T07:58:11Z</time></trkpt><trkpt lat="47.6702005975" lon="11.4579414390"><ele>1026.36</ele><time>2026-09-03T07:58:12Z</time></trkpt><trkpt lat="47.6703134179" lon="11.4581757970"><ele>1027.29</ele><time>2026-09-03T07:58:23Z</time></trkpt><trkpt lat="47.6704175211" lon="11.4584496338"><ele>1028.26</ele><time>2026-09-03T07:58:34Z</time></trkpt><trkpt lat="47.6705092192" lon="11.4587310981"><ele>1028.83</ele><time>2026-09-03T07:58:44Z</time></trkpt><trkpt lat="47.6706240512" lon="11.4590247162"><ele>1029.28</ele><time>2026-09-03T07:58:55Z</time></trkpt><trkpt lat="47.6707725786" lon="11.4592769276"><ele>1030.14</ele><time>2026-09-03T07:59:06Z</time></trkpt><trkpt lat="47.6709239557" lon="11.4595350903"><ele>1030.64</ele><time>2026-09-03T07:59:17Z</time></trkpt><trkpt lat="47.6710661128" lon="11.4597643353"><ele>1030.85</ele><time>2026-09-03T07:59:26Z</time></trkpt><trkpt lat="47.6711600740" lon="11.4599668421"><ele>1031.15</ele><time>2026-09-03T07:59:33Z</time></trkpt><trkpt lat="47.6711716410" lon="11.4599967655"><ele>1031.18</ele><time>2026-09-03T07:59:34Z</time></trkpt><trkpt lat="47.6711816154" lon="11.4600272756"><ele>1031.19</ele><time>2026-09-03T07:59:35Z</time></trkpt><trkpt lat="47.6711984631" lon="11.4600607194"><ele>1031.20</ele><time>2026-09-03T07:59:36Z</time></trkpt><trkpt lat="47.6713149715" lon="11.4603067283"><ele>1031.43</ele><time>2026-09-03T07:59:44Z</time></trkpt><trkpt lat="47.6713268738" lon="11.4603298623"><ele>1031.54</ele><time>2026-09-03T07:59:45Z</time></trkpt><trkpt lat="47.6713377703" lon="11.4603525773"><ele>1031.68</ele><time>2026-09-03T07:59:46Z</time></trkpt><trkpt lat="47.6714240201" lon="11.4605943114"><ele>1033.15</ele><time>2026-09-03T07:59:56Z</time></trkpt><trkpt lat="47.6714227628" lon="11.4606201276"><ele>1033.29</ele><time>2026-09-03T07:59:57Z</time></trkpt><trkpt lat="47.6714178175" lon="11.4606439322"><ele>1033.43</ele><time>2026-09-03T07:59:58Z</time></trkpt><trkpt lat="47.6714475732" lon="11.4607642125"><ele>1034.21</ele><time>2026-09-03T08:00:04Z</time></trkpt><trkpt lat="47.6714534406" lon="11.4607834909"><ele>1034.37</ele><time>2026-09-03T08:00:05Z</time></trkpt><trkpt lat="47.6714937575" lon="11.4608964790"><ele>1035.29</ele><time>2026-09-03T08:00:12Z</time></trkpt><trkpt lat="47.6715043187" lon="11.4609321859"><ele>1035.57</ele><time>2026-09-03T08:00:14Z</time></trkpt><trkpt lat="47.6715074200" lon="11.4609509613"><ele>1035.72</ele><time>2026-09-03T08:00:15Z</time></trkpt><trkpt lat="47.6715100184" lon="11.4609693177"><ele>1035.84</ele><time>2026-09-03T08:00:16Z</time></trkpt><trkpt lat="47.6715131197" lon="11.4609865844"><ele>1035.94</ele><time>2026-09-03T08:00:17Z</time></trkpt><trkpt lat="47.6715161372" lon="11.4610051084"><ele>1036.06</ele><time>2026-09-03T08:00:18Z</time></trkpt><trkpt lat="47.6715234295" lon="11.4610240515"><ele>1036.17</ele><time>2026-09-03T08:00:19Z</time></trkpt><trkpt lat="47.6715303864" lon="11.4610426594"><ele>1036.26</ele><time>2026-09-03T08:00:20Z</time></trkpt><trkpt lat="47.6715320628" lon="11.4610609319"><ele>1036.37</ele><time>2026-09-03T08:00:21Z</time></trkpt><trkpt lat="47.6715374272" lon="11.4610764384"><ele>1036.50</ele><time>2026-09-03T08:00:22Z</time></trkpt><trkpt lat="47.6715408638" lon="11.4610936213"><ele>1036.63</ele><time>2026-09-03T08:00:23Z</time></trkpt><trkpt lat="47.6715447195" lon="11.4611123968"><ele>1036.70</ele><time>2026-09-03T08:00:24Z</time></trkpt><trkpt lat="47.6715524308" lon="11.4611321781"><ele>1036.76</ele><time>2026-09-03T08:00:25Z</time></trkpt><trkpt lat="47.6715587173" lon="11.4611508697"><ele>1036.83</ele><time>2026-09-03T08:00:26Z</time></trkpt><trkpt lat="47.6715671830" lon="11.4612178411"><ele>1037.27</ele><time>2026-09-03T08:00:30Z</time></trkpt><trkpt lat="47.6715718769" lon="11.4612387121"><ele>1037.40</ele><time>2026-09-03T08:00:31Z</time></trkpt><trkpt lat="47.6715838630" lon="11.4612526260"><ele>1037.52</ele><time>2026-09-03T08:00:32Z</time></trkpt><trkpt lat="47.6716054883" lon="11.4613753371"><ele>1038.18</ele><time>2026-09-03T08:00:39Z</time></trkpt><trkpt lat="47.6716123614" lon="11.4613901731"><ele>1038.30</ele><time>2026-09-03T08:00:40Z</time></trkpt><trkpt lat="47.6716164686" lon="11.4614169952"><ele>1038.52</ele><time>2026-09-03T08:00:42Z</time></trkpt><trkpt lat="47.6716211624" lon="11.4614319149"><ele>1038.65</ele><time>2026-09-03T08:00:43Z</time></trkpt><trkpt lat="47.6716219168" lon="11.4614492655"><ele>1038.74</ele><time>2026-09-03T08:00:44Z</time></trkpt><trkpt lat="47.6716248505" lon="11.4614660293"><ele>1038.82</ele><time>2026-09-03T08:00:45Z</time></trkpt><trkpt lat="47.6716311369" lon="11.4614814520"><ele>1038.88</ele><time>2026-09-03T08:00:46Z</time></trkpt><trkpt lat="47.6716369204" lon="11.4614993893"><ele>1038.96</ele><time>2026-09-03T08:00:47Z</time></trkpt><trkpt lat="47.6716435421" lon="11.4615181647"><ele>1039.01</ele><time>2026-09-03T08:00:48Z</time></trkpt><trkpt lat="47.6716504153" lon="11.4615388680"><ele>1039.09</ele><time>2026-09-03T08:00:49Z</time></trkpt><trkpt lat="47.6716960128" lon="11.4616898261"><ele>1039.85</ele><time>2026-09-03T08:00:57Z</time></trkpt><trkpt lat="47.6717320550" lon="11.4618326537"><ele>1040.76</ele><time>2026-09-03T08:01:05Z</time></trkpt><trkpt lat="47.6717634872" lon="11.4619235136"><ele>1041.36</ele><time>2026-09-03T08:01:11Z</time></trkpt><trkpt lat="47.6717699412" lon="11.4619386010"><ele>1041.48</ele><time>2026-09-03T08:01:12Z</time></trkpt><trkpt lat="47.6717744675" lon="11.4619575441"><ele>1041.60</ele><time>2026-09-03T08:01:13Z</time></trkpt><trkpt lat="47.6718101744" lon="11.4620815963"><ele>1042.48</ele><time>2026-09-03T08:01:20Z</time></trkpt><trkpt lat="47.6718152873" lon="11.4620986115"><ele>1042.58</ele><time>2026-09-03T08:01:21Z</time></trkpt><trkpt lat="47.6718233339" lon="11.4621174708"><ele>1042.70</ele><time>2026-09-03T08:01:22Z</time></trkpt><trkpt lat="47.6718334761" lon="11.4621390961"><ele>1042.81</ele><time>2026-09-03T08:01:23Z</time></trkpt><trkpt lat="47.6718761399" lon="11.4622416068"><ele>1043.60</ele><time>2026-09-03T08:01:29Z</time></trkpt><trkpt lat="47.6719450392" lon="11.4623721968"><ele>1044.58</ele><time>2026-09-03T08:01:38Z</time></trkpt><trkpt lat="47.6720312051" lon="11.4625551738"><ele>1045.42</ele><time>2026-09-03T08:01:47Z</time></trkpt><trkpt lat="47.6720885374" lon="11.4626617078"><ele>1046.36</ele><time>2026-09-03T08:01:53Z</time></trkpt><trkpt lat="47.6721628848" lon="11.4628031105"><ele>1047.43</ele><time>2026-09-03T08:02:02Z</time></trkpt><trkpt lat="47.6721900422" lon="11.4628767036"><ele>1047.98</ele><time>2026-09-03T08:02:07Z</time></trkpt><trkpt lat="47.6722222287" lon="11.4629580919"><ele>1048.52</ele><time>2026-09-03T08:02:12Z</time></trkpt><trkpt lat="47.6722326223" lon="11.4629724249"><ele>1048.66</ele><time>2026-09-03T08:02:13Z</time></trkpt><trkpt lat="47.6723198779" lon="11.4631160907"><ele>1049.64</ele><time>2026-09-03T08:02:22Z</time></trkpt><trkpt lat="47.6724219695" lon="11.4632725809"><ele>1050.31</ele><time>2026-09-03T08:02:31Z</time></trkpt><trkpt lat="47.6725264918" lon="11.4634387940"><ele>1050.95</ele><time>2026-09-03T08:02:40Z</time></trkpt><trkpt lat="47.6726178546" lon="11.4635735750"><ele>1051.31</ele><time>2026-09-03T08:02:47Z</time></trkpt><trkpt lat="47.6726825628" lon="11.4636843000"><ele>1051.41</ele><time>2026-09-03T08:02:52Z</time></trkpt><trkpt lat="47.6727006678" lon="11.4637034945"><ele>1051.41</ele><time>2026-09-03T08:02:53Z</time></trkpt><trkpt lat="47.6727137435" lon="11.4637245331"><ele>1051.41</ele><time>2026-09-03T08:02:54Z</time></trkpt><trkpt lat="47.6727241371" lon="11.4637481701"><ele>1051.42</ele><time>2026-09-03T08:02:55Z</time></trkpt><trkpt lat="47.6727354527" lon="11.4637713041"><ele>1051.44</ele><time>2026-09-03T08:02:56Z</time></trkpt><trkpt lat="47.6727491152" lon="11.4637924265"><ele>1051.44</ele><time>2026-09-03T08:02:57Z</time></trkpt><trkpt lat="47.6727590896" lon="11.4638105314"><ele>1051.46</ele><time>2026-09-03T08:02:58Z</time></trkpt><trkpt lat="47.6727687288" lon="11.4638298098"><ele>1051.47</ele><time>2026-09-03T08:02:59Z</time></trkpt><trkpt lat="47.6728442498" lon="11.4639407862"><ele>1051.62</ele><time>2026-09-03T08:03:04Z</time></trkpt><trkpt lat="47.6728574932" lon="11.4639657643"><ele>1051.63</ele><time>2026-09-03T08:03:05Z</time></trkpt><trkpt lat="47.6728728320" lon="11.4639865514"><ele>1051.65</ele><time>2026-09-03T08:03:06Z</time></trkpt><trkpt lat="47.6728854049" lon="11.4640110265"><ele>1051.67</ele><time>2026-09-03T08:03:07Z</time></trkpt><trkpt lat="47.6728988159" lon="11.4640311431"><ele>1051.70</ele><time>2026-09-03T08:03:08Z</time></trkpt><trkpt lat="47.6729142386" lon="11.4640531875"><ele>1051.76</ele><time>2026-09-03T08:03:09Z</time></trkpt><trkpt lat="47.6729314215" lon="11.4640750643"><ele>1051.82</ele><time>2026-09-03T08:03:10Z</time></trkpt><trkpt lat="47.6729508676" lon="11.4640986174"><ele>1051.85</ele><time>2026-09-03T08:03:11Z</time></trkpt><trkpt lat="47.6729662903" lon="11.4641209133"><ele>1051.87</ele><time>2026-09-03T08:03:12Z</time></trkpt><trkpt lat="47.6729822159" lon="11.4641422033"><ele>1051.88</ele><time>2026-09-03T08:03:13Z</time></trkpt><trkpt lat="47.6729983091" lon="11.4641667623"><ele>1051.89</ele><time>2026-09-03T08:03:14Z</time></trkpt><trkpt lat="47.6730143186" lon="11.4641915727"><ele>1051.90</ele><time>2026-09-03T08:03:15Z</time></trkpt><trkpt lat="47.6730335969" lon="11.4642199036"><ele>1051.90</ele><time>2026-09-03T08:03:16Z</time></trkpt><trkpt lat="47.6730491035" lon="11.4642490726"><ele>1051.91</ele><time>2026-09-03T08:03:17Z</time></trkpt><trkpt lat="47.6730665378" lon="11.4642740507"><ele>1051.91</ele><time>2026-09-03T08:03:18Z</time></trkpt><trkpt lat="47.6730843913" lon="11.4643024653"><ele>1051.91</ele><time>2026-09-03T08:03:19Z</time></trkpt><trkpt lat="47.6731044240" lon="11.4643289521"><ele>1051.91</ele><time>2026-09-03T08:03:20Z</time></trkpt><trkpt lat="47.6732465811" lon="11.4644894656"><ele>1052.06</ele><time>2026-09-03T08:03:27Z</time></trkpt><trkpt lat="47.6733884029" lon="11.4646828361"><ele>1052.56</ele><time>2026-09-03T08:03:36Z</time></trkpt><trkpt lat="47.6734716352" lon="11.4648238197"><ele>1053.01</ele><time>2026-09-03T08:03:42Z</time></trkpt><trkpt lat="47.6735541970" lon="11.4650190342"><ele>1053.65</ele><time>2026-09-03T08:03:50Z</time></trkpt><trkpt lat="47.6736070029" lon="11.4651575033"><ele>1054.30</ele><time>2026-09-03T08:03:57Z</time></trkpt><trkpt lat="47.6736117806" lon="11.4651754405"><ele>1054.42</ele><time>2026-09-03T08:03:58Z</time></trkpt><trkpt lat="47.6736244373" lon="11.4652040228"><ele>1054.61</ele><time>2026-09-03T08:04:00Z</time></trkpt><trkpt lat="47.6736282930" lon="11.4652199484"><ele>1054.71</ele><time>2026-09-03T08:04:01Z</time></trkpt><trkpt lat="47.6736272871" lon="11.4652335271"><ele>1054.79</ele><time>2026-09-03T08:04:02Z</time></trkpt><trkpt lat="47.6735932566" lon="11.4654036798"><ele>1055.85</ele><time>2026-09-03T08:04:12Z</time></trkpt><trkpt lat="47.6735635009" lon="11.4654471818"><ele>1056.18</ele><time>2026-09-03T08:04:16Z</time></trkpt><trkpt lat="47.6735518500" lon="11.4654595871"><ele>1056.29</ele><time>2026-09-03T08:04:17Z</time></trkpt><trkpt lat="47.6735420432" lon="11.4654696453"><ele>1056.39</ele><time>2026-09-03T08:04:18Z</time></trkpt><trkpt lat="47.6735296380" lon="11.4654766023"><ele>1056.49</ele><time>2026-09-03T08:04:19Z</time></trkpt><trkpt lat="47.6735186577" lon="11.4654790331"><ele>1056.58</ele><time>2026-09-03T08:04:20Z</time></trkpt><trkpt lat="47.6734391972" lon="11.4654425718"><ele>1057.43</ele><time>2026-09-03T08:04:28Z</time></trkpt><trkpt lat="47.6734067593" lon="11.4654037636"><ele>1057.88</ele><time>2026-09-03T08:04:32Z</time></trkpt><trkpt lat="47.6733977068" lon="11.4653893467"><ele>1057.97</ele><time>2026-09-03T08:04:33Z</time></trkpt><trkpt lat="47.6733886544" lon="11.4653764386"><ele>1058.07</ele><time>2026-09-03T08:04:34Z</time></trkpt><trkpt lat="47.6733783446" lon="11.4653683081"><ele>1058.18</ele><time>2026-09-03T08:04:35Z</time></trkpt><trkpt lat="47.6733671967" lon="11.4653575793"><ele>1058.29</ele><time>2026-09-03T08:04:36Z</time></trkpt><trkpt lat="47.6733571384" lon="11.4653421566"><ele>1058.38</ele><time>2026-09-03T08:04:37Z</time></trkpt><trkpt lat="47.6733478345" lon="11.4653223753"><ele>1058.52</ele><time>2026-09-03T08:04:38Z</time></trkpt><trkpt lat="47.6733377762" lon="11.4653058629"><ele>1058.66</ele><time>2026-09-03T08:04:39Z</time></trkpt><trkpt lat="47.6733275503" lon="11.4652955532"><ele>1058.80</ele><time>2026-09-03T08:04:40Z</time></trkpt><trkpt lat="47.6733189169" lon="11.4652881771"><ele>1058.92</ele><time>2026-09-03T08:04:41Z</time></trkpt><trkpt lat="47.6732692122" lon="11.4652127400"><ele>1059.42</ele><time>2026-09-03T08:04:47Z</time></trkpt><trkpt lat="47.6732633449" lon="11.4651988260"><ele>1059.51</ele><time>2026-09-03T08:04:48Z</time></trkpt><trkpt lat="47.6732440665" lon="11.4651761949"><ele>1059.69</ele><time>2026-09-03T08:04:50Z</time></trkpt><trkpt lat="47.6732354332" lon="11.4651670586"><ele>1059.80</ele><time>2026-09-03T08:04:51Z</time></trkpt><trkpt lat="47.6732262131" lon="11.4651557431"><ele>1059.89</ele><time>2026-09-03T08:04:52Z</time></trkpt><trkpt lat="47.6732174959" lon="11.4651431702"><ele>1059.97</ele><time>2026-09-03T08:04:53Z</time></trkpt><trkpt lat="47.6732086949" lon="11.4651317708"><ele>1060.07</ele><time>2026-09-03T08:04:54Z</time></trkpt><trkpt lat="47.6731999777" lon="11.4651197847"><ele>1060.18</ele><time>2026-09-03T08:04:55Z</time></trkpt><trkpt lat="47.6731934398" lon="11.4651045296"><ele>1060.25</ele><time>2026-09-03T08:04:56Z</time></trkpt><trkpt lat="47.6731869020" lon="11.4650881849"><ele>1060.32</ele><time>2026-09-03T08:04:57Z</time></trkpt><trkpt lat="47.6731777657" lon="11.4650736004"><ele>1060.40</ele><time>2026-09-03T08:04:58Z</time></trkpt><trkpt lat="47.6731677074" lon="11.4650594350"><ele>1060.49</ele><time>2026-09-03T08:04:59Z</time></trkpt><trkpt lat="47.6731582358" lon="11.4650460239"><ele>1060.61</ele><time>2026-09-03T08:05:00Z</time></trkpt><trkpt lat="47.6731033344" lon="11.4649618696"><ele>1061.30</ele><time>2026-09-03T08:05:06Z</time></trkpt><trkpt lat="47.6730925217" lon="11.4649503864"><ele>1061.38</ele><time>2026-09-03T08:05:07Z</time></trkpt><trkpt lat="47.6730853133" lon="11.4649324492"><ele>1061.48</ele><time>2026-09-03T08:05:08Z</time></trkpt><trkpt lat="47.6730756741" lon="11.4649173617"><ele>1061.59</ele><time>2026-09-03T08:05:09Z</time></trkpt><trkpt lat="47.6730650291" lon="11.4649032801"><ele>1061.66</ele><time>2026-09-03T08:05:10Z</time></trkpt><trkpt lat="47.6730539650" lon="11.4648937248"><ele>1061.72</ele><time>2026-09-03T08:05:11Z</time></trkpt><trkpt lat="47.6730444934" lon="11.4648819901"><ele>1061.78</ele><time>2026-09-03T08:05:12Z</time></trkpt><trkpt lat="47.6730352733" lon="11.4648695849"><ele>1061.87</ele><time>2026-09-03T08:05:13Z</time></trkpt><trkpt lat="47.6729817968" lon="11.4647854306"><ele>1062.50</ele><time>2026-09-03T08:05:19Z</time></trkpt><trkpt lat="47.6729711518" lon="11.4647725224"><ele>1062.62</ele><time>2026-09-03T08:05:20Z</time></trkpt><trkpt lat="47.6728563197" lon="11.4646680839"><ele>1063.54</ele><time>2026-09-03T08:05:29Z</time></trkpt><trkpt lat="47.6728113089" lon="11.4646443632"><ele>1063.74</ele><time>2026-09-03T08:05:33Z</time></trkpt><trkpt lat="47.6728015859" lon="11.4646357298"><ele>1063.80</ele><time>2026-09-03T08:05:34Z</time></trkpt><trkpt lat="47.6727538090" lon="11.4646093268"><ele>1064.06</ele><time>2026-09-03T08:05:38Z</time></trkpt><trkpt lat="47.6727281604" lon="11.4645948261"><ele>1064.20</ele><time>2026-09-03T08:05:40Z</time></trkpt><trkpt lat="47.6727139950" lon="11.4645858575"><ele>1064.28</ele><time>2026-09-03T08:05:41Z</time></trkpt><trkpt lat="47.6726999972" lon="11.4645757992"><ele>1064.37</ele><time>2026-09-03T08:05:42Z</time></trkpt><trkpt lat="47.6726860832" lon="11.4645675849"><ele>1064.45</ele><time>2026-09-03T08:05:43Z</time></trkpt><trkpt lat="47.6726754382" lon="11.4645556826"><ele>1064.52</ele><time>2026-09-03T08:05:44Z</time></trkpt><trkpt lat="47.6726625301" lon="11.4645452891"><ele>1064.58</ele><time>2026-09-03T08:05:45Z</time></trkpt><trkpt lat="47.6726489514" lon="11.4645391703"><ele>1064.62</ele><time>2026-09-03T08:05:46Z</time></trkpt><trkpt lat="47.6726371329" lon="11.4645280223"><ele>1064.65</ele><time>2026-09-03T08:05:47Z</time></trkpt><trkpt lat="47.6726214588" lon="11.4645182155"><ele>1064.69</ele><time>2026-09-03T08:05:48Z</time></trkpt><trkpt lat="47.6726105623" lon="11.4645024575"><ele>1064.75</ele><time>2026-09-03T08:05:49Z</time></trkpt><trkpt lat="47.6725989114" lon="11.4644895494"><ele>1064.82</ele><time>2026-09-03T08:05:50Z</time></trkpt><trkpt lat="47.6725854166" lon="11.4644808322"><ele>1065.00</ele><time>2026-09-03T08:05:51Z</time></trkpt><trkpt lat="47.6724814810" lon="11.4644247573"><ele>1065.72</ele><time>2026-09-03T08:05:59Z</time></trkpt><trkpt lat="47.6723656431" lon="11.4643494040"><ele>1066.51</ele><time>2026-09-03T08:06:08Z</time></trkpt><trkpt lat="47.6723043714" lon="11.4642846119"><ele>1067.06</ele><time>2026-09-03T08:06:14Z</time></trkpt><trkpt lat="47.6722013578" lon="11.4642158803"><ele>1068.06</ele><time>2026-09-03T08:06:23Z</time></trkpt><trkpt lat="47.6720982604" lon="11.4641526807"><ele>1068.93</ele><time>2026-09-03T08:06:33Z</time></trkpt><trkpt lat="47.6720735338" lon="11.4641318936"><ele>1069.12</ele><time>2026-09-03T08:06:35Z</time></trkpt><trkpt lat="47.6720554288" lon="11.4641231764"><ele>1069.23</ele><time>2026-09-03T08:06:36Z</time></trkpt><trkpt lat="47.6720375754" lon="11.4641134534"><ele>1069.30</ele><time>2026-09-03T08:06:37Z</time></trkpt><trkpt lat="47.6718493178" lon="11.4640397765"><ele>1070.53</ele><time>2026-09-03T08:06:48Z</time></trkpt><trkpt lat="47.6717111841" lon="11.4640070032"><ele>1071.81</ele><time>2026-09-03T08:06:57Z</time></trkpt><trkpt lat="47.6716482360" lon="11.4640252758"><ele>1072.58</ele><time>2026-09-03T08:07:03Z</time></trkpt><trkpt lat="47.6715733856" lon="11.4640465658"><ele>1072.88</ele><time>2026-09-03T08:07:10Z</time></trkpt><trkpt lat="47.6714655105" lon="11.4640980307"><ele>1073.62</ele><time>2026-09-03T08:07:19Z</time></trkpt><trkpt lat="47.6714287978" lon="11.4641049039"><ele>1073.90</ele><time>2026-09-03T08:07:22Z</time></trkpt><trkpt lat="47.6713297237" lon="11.4641353302"><ele>1074.82</ele><time>2026-09-03T08:07:30Z</time></trkpt><trkpt lat="47.6712364331" lon="11.4642203227"><ele>1075.80</ele><time>2026-09-03T08:07:39Z</time></trkpt><trkpt lat="47.6712235250" lon="11.4642248489"><ele>1075.96</ele><time>2026-09-03T08:07:40Z</time></trkpt><trkpt lat="47.6712112874" lon="11.4642333984"><ele>1076.10</ele><time>2026-09-03T08:07:41Z</time></trkpt><trkpt lat="47.6711267140" lon="11.4642710332"><ele>1077.06</ele><time>2026-09-03T08:07:48Z</time></trkpt><trkpt lat="47.6710713096" lon="11.4642860368"><ele>1077.94</ele><time>2026-09-03T08:07:53Z</time></trkpt><trkpt lat="47.6710160729" lon="11.4643059857"><ele>1079.04</ele><time>2026-09-03T08:07:59Z</time></trkpt><trkpt lat="47.6709491014" lon="11.4643367473"><ele>1080.13</ele><time>2026-09-03T08:08:05Z</time></trkpt><trkpt lat="47.6708423998" lon="11.4644061495"><ele>1081.61</ele><time>2026-09-03T08:08:14Z</time></trkpt><trkpt lat="47.6707512885" lon="11.4645071514"><ele>1082.89</ele><time>2026-09-03T08:08:23Z</time></trkpt><trkpt lat="47.6706510410" lon="11.4646224026"><ele>1084.01</ele><time>2026-09-03T08:08:33Z</time></trkpt><trkpt lat="47.6705887634" lon="11.4646907989"><ele>1084.81</ele><time>2026-09-03T08:08:40Z</time></trkpt><trkpt lat="47.6705362927" lon="11.4647831675"><ele>1085.84</ele><time>2026-09-03T08:08:47Z</time></trkpt><trkpt lat="47.6704846602" lon="11.4648443554"><ele>1086.54</ele><time>2026-09-03T08:08:53Z</time></trkpt><trkpt lat="47.6704193652" lon="11.4649187028"><ele>1087.15</ele><time>2026-09-03T08:09:01Z</time></trkpt><trkpt lat="47.6703327801" lon="11.4649727661"><ele>1087.90</ele><time>2026-09-03T08:09:09Z</time></trkpt><trkpt lat="47.6702562533" lon="11.4650447667"><ele>1088.32</ele><time>2026-09-03T08:09:18Z</time></trkpt><trkpt lat="47.6702054590" lon="11.4650881849"><ele>1088.60</ele><time>2026-09-03T08:09:24Z</time></trkpt><trkpt lat="47.6701934729" lon="11.4650961477"><ele>1088.64</ele><time>2026-09-03T08:09:25Z</time></trkpt><trkpt lat="47.6701825764" lon="11.4651042782"><ele>1088.68</ele><time>2026-09-03T08:09:26Z</time></trkpt><trkpt lat="47.6701270882" lon="11.4651681483"><ele>1088.87</ele><time>2026-09-03T08:09:34Z</time></trkpt><trkpt lat="47.6700770482" lon="11.4652306773"><ele>1089.17</ele><time>2026-09-03T08:09:40Z</time></trkpt><trkpt lat="47.6699908823" lon="11.4653254766"><ele>1089.43</ele><time>2026-09-03T08:09:48Z</time></trkpt><trkpt lat="47.6699773874" lon="11.4653358702"><ele>1089.48</ele><time>2026-09-03T08:09:49Z</time></trkpt><trkpt lat="47.6698137727" lon="11.4654958807"><ele>1090.10</ele><time>2026-09-03T08:10:00Z</time></trkpt><trkpt lat="47.6696628984" lon="11.4656193461"><ele>1090.59</ele><time>2026-09-03T08:10:10Z</time></trkpt><trkpt lat="47.6695908979" lon="11.4656641893"><ele>1091.03</ele><time>2026-09-03T08:10:15Z</time></trkpt><trkpt lat="47.6694748923" lon="11.4657288138"><ele>1091.38</ele><time>2026-09-03T08:10:23Z</time></trkpt><trkpt lat="47.6693421230" lon="11.4657563064"><ele>1092.12</ele><time>2026-09-03T08:10:32Z</time></trkpt><trkpt lat="47.6693278737" lon="11.4657589048"><ele>1092.18</ele><time>2026-09-03T08:10:33Z</time></trkpt><trkpt lat="47.6693122834" lon="11.4657546300"><ele>1092.24</ele><time>2026-09-03T08:10:34Z</time></trkpt><trkpt lat="47.6692962740" lon="11.4657490980"><ele>1092.29</ele><time>2026-09-03T08:10:35Z</time></trkpt><trkpt lat="47.6692774147" lon="11.4657470863"><ele>1092.33</ele><time>2026-09-03T08:10:36Z</time></trkpt><trkpt lat="47.6692591421" lon="11.4657425601"><ele>1092.35</ele><time>2026-09-03T08:10:37Z</time></trkpt><trkpt lat="47.6692418754" lon="11.4657355193"><ele>1092.37</ele><time>2026-09-03T08:10:38Z</time></trkpt><trkpt lat="47.6692235190" lon="11.4657315798"><ele>1092.38</ele><time>2026-09-03T08:10:39Z</time></trkpt><trkpt lat="47.6692078449" lon="11.4657254610"><ele>1092.39</ele><time>2026-09-03T08:10:40Z</time></trkpt><trkpt lat="47.6691919193" lon="11.4657179173"><ele>1092.41</ele><time>2026-09-03T08:10:41Z</time></trkpt><trkpt lat="47.6691754907" lon="11.4657103736"><ele>1092.45</ele><time>2026-09-03T08:10:42Z</time></trkpt><trkpt lat="47.6690270472" lon="11.4656261355"><ele>1092.66</ele><time>2026-09-03T08:10:52Z</time></trkpt><trkpt lat="47.6688288152" lon="11.4655248821"><ele>1093.62</ele><time>2026-09-03T08:11:04Z</time></trkpt><trkpt lat="47.6686801203" lon="11.4654182643"><ele>1093.98</ele><time>2026-09-03T08:11:15Z</time></trkpt><trkpt lat="47.6685247198" lon="11.4653077070"><ele>1094.38</ele><time>2026-09-03T08:11:26Z</time></trkpt><trkpt lat="47.6683999132" lon="11.4652456809"><ele>1095.10</ele><time>2026-09-03T08:11:35Z</time></trkpt><trkpt lat="47.6682425011" lon="11.4651719201"><ele>1095.82</ele><time>2026-09-03T08:11:45Z</time></trkpt><trkpt lat="47.6680498011" lon="11.4650736004"><ele>1097.40</ele><time>2026-09-03T08:11:58Z</time></trkpt><trkpt lat="47.6678693388" lon="11.4649703354"><ele>1098.61</ele><time>2026-09-03T08:12:10Z</time></trkpt><trkpt lat="47.6677502319" lon="11.4649288449"><ele>1099.10</ele><time>2026-09-03T08:12:18Z</time></trkpt><trkpt lat="47.6676462963" lon="11.4648688305"><ele>1099.42</ele><time>2026-09-03T08:12:25Z</time></trkpt><trkpt lat="47.6675341465" lon="11.4647967461"><ele>1100.19</ele><time>2026-09-03T08:12:33Z</time></trkpt><trkpt lat="47.6674089208" lon="11.4647338819"><ele>1100.80</ele><time>2026-09-03T08:12:41Z</time></trkpt><trkpt lat="47.6672843657" lon="11.4646944869"><ele>1101.04</ele><time>2026-09-03T08:12:48Z</time></trkpt><trkpt lat="47.6670920849" lon="11.4645791519"><ele>1101.68</ele><time>2026-09-03T08:12:59Z</time></trkpt><trkpt lat="47.6669652667" lon="11.4644902200"><ele>1102.66</ele><time>2026-09-03T08:13:08Z</time></trkpt><trkpt lat="47.6668495126" lon="11.4644477237"><ele>1103.65</ele><time>2026-09-03T08:13:17Z</time></trkpt><trkpt lat="47.6666910946" lon="11.4644068200"><ele>1104.71</ele><time>2026-09-03T08:13:28Z</time></trkpt><trkpt lat="47.6665489376" lon="11.4643634018"><ele>1106.03</ele><time>2026-09-03T08:13:38Z</time></trkpt><trkpt lat="47.6664129831" lon="11.4643411059"><ele>1106.90</ele><time>2026-09-03T08:13:48Z</time></trkpt><trkpt lat="47.6662741788" lon="11.4643176366"><ele>1107.88</ele><time>2026-09-03T08:13:58Z</time></trkpt><trkpt lat="47.6661664713" lon="11.4642771520"><ele>1108.64</ele><time>2026-09-03T08:14:06Z</time></trkpt><trkpt lat="47.6660947222" lon="11.4642386790"><ele>1109.21</ele><time>2026-09-03T08:14:13Z</time></trkpt><trkpt lat="47.6659244858" lon="11.4641981106"><ele>1110.67</ele><time>2026-09-03T08:14:27Z</time></trkpt><trkpt lat="47.6658263337" lon="11.4642087556"><ele>1111.58</ele><time>2026-09-03T08:14:36Z</time></trkpt><trkpt lat="47.6657073945" lon="11.4642261900"><ele>1112.46</ele><time>2026-09-03T08:14:46Z</time></trkpt><trkpt lat="47.6655955799" lon="11.4642544370"><ele>1113.39</ele><time>2026-09-03T08:14:55Z</time></trkpt><trkpt lat="47.6654804125" lon="11.4642887190"><ele>1114.37</ele><time>2026-09-03T08:15:05Z</time></trkpt><trkpt lat="47.6653231680" lon="11.4643603843"><ele>1115.64</ele><time>2026-09-03T08:15:16Z</time></trkpt><trkpt lat="47.6652185619" lon="11.4643973485"><ele>1117.25</ele><time>2026-09-03T08:15:23Z</time></trkpt><trkpt lat="47.6651401911" lon="11.4643697720"><ele>1118.64</ele><time>2026-09-03T08:15:32Z</time></trkpt><trkpt lat="47.6651184820" lon="11.4643841051"><ele>1119.24</ele><time>2026-09-03T08:15:46Z</time></trkpt><trkpt lat="47.6650108583" lon="11.4643870387"><ele>1119.85</ele><time>2026-09-03T08:15:55Z</time></trkpt><trkpt lat="47.6650013868" lon="11.4643820934"><ele>1119.98</ele><time>2026-09-03T08:15:56Z</time></trkpt><trkpt lat="47.6649914961" lon="11.4643761422"><ele>1120.14</ele><time>2026-09-03T08:15:57Z</time></trkpt><trkpt lat="47.6649807673" lon="11.4643724542"><ele>1120.50</ele><time>2026-09-03T08:15:58Z</time></trkpt><trkpt lat="47.6648872253" lon="11.4643194806"><ele>1122.18</ele><time>2026-09-03T08:16:07Z</time></trkpt><trkpt lat="47.6647897437" lon="11.4642821811"><ele>1123.81</ele><time>2026-09-03T08:16:17Z</time></trkpt><trkpt lat="47.6647742372" lon="11.4642791636"><ele>1124.44</ele><time>2026-09-03T08:16:23Z</time></trkpt><trkpt lat="47.6647613291" lon="11.4642666746"><ele>1124.50</ele><time>2026-09-03T08:16:29Z</time></trkpt><trkpt lat="47.6647496782" lon="11.4642588794"><ele>1124.51</ele><time>2026-09-03T08:16:30Z</time></trkpt><trkpt lat="47.6647323277" lon="11.4642521739"><ele>1124.55</ele><time>2026-09-03T08:16:31Z</time></trkpt><trkpt lat="47.6647112891" lon="11.4642380923"><ele>1124.61</ele><time>2026-09-03T08:16:32Z</time></trkpt><trkpt lat="47.6646917593" lon="11.4642197359"><ele>1124.72</ele><time>2026-09-03T08:16:33Z</time></trkpt><trkpt lat="47.6646747440" lon="11.4642049000"><ele>1124.85</ele><time>2026-09-03T08:16:34Z</time></trkpt><trkpt lat="47.6646594889" lon="11.4641907346"><ele>1125.00</ele><time>2026-09-03T08:16:35Z</time></trkpt><trkpt lat="47.6646472514" lon="11.4641743060"><ele>1125.16</ele><time>2026-09-03T08:16:36Z</time></trkpt><trkpt lat="47.6646371093" lon="11.4641567040"><ele>1125.35</ele><time>2026-09-03T08:16:37Z</time></trkpt><trkpt lat="47.6645397115" lon="11.4640412014"><ele>1127.15</ele><time>2026-09-03T08:16:47Z</time></trkpt><trkpt lat="47.6644354407" lon="11.4639265370"><ele>1128.92</ele><time>2026-09-03T08:16:59Z</time></trkpt><trkpt lat="47.6643295772" lon="11.4638346713"><ele>1130.99</ele><time>2026-09-03T08:17:11Z</time></trkpt><trkpt lat="47.6642123144" lon="11.4637928456"><ele>1132.23</ele><time>2026-09-03T08:17:23Z</time></trkpt><trkpt lat="47.6641004998" lon="11.4637856372"><ele>1134.03</ele><time>2026-09-03T08:17:35Z</time></trkpt><trkpt lat="47.6640207041" lon="11.4637804404"><ele>1135.15</ele><time>2026-09-03T08:17:42Z</time></trkpt><trkpt lat="47.6640077960" lon="11.4637822006"><ele>1135.29</ele><time>2026-09-03T08:17:43Z</time></trkpt><trkpt lat="47.6639943011" lon="11.4637828711"><ele>1135.39</ele><time>2026-09-03T08:17:44Z</time></trkpt><trkpt lat="47.6639073808" lon="11.4637855534"><ele>1136.47</ele><time>2026-09-03T08:17:52Z</time></trkpt><trkpt lat="47.6638126653" lon="11.4638339169"><ele>1137.58</ele><time>2026-09-03T08:18:01Z</time></trkpt><trkpt lat="47.6637087297" lon="11.4638795983"><ele>1138.71</ele><time>2026-09-03T08:18:10Z</time></trkpt><trkpt lat="47.6636270899" lon="11.4639049117"><ele>1140.00</ele><time>2026-09-03T08:18:18Z</time></trkpt><trkpt lat="47.6635200530" lon="11.4639458992"><ele>1141.61</ele><time>2026-09-03T08:18:27Z</time></trkpt><trkpt lat="47.6634924766" lon="11.4639535267"><ele>1142.09</ele><time>2026-09-03T08:18:29Z</time></trkpt><trkpt lat="47.6634789817" lon="11.4639521856"><ele>1142.34</ele><time>2026-09-03T08:18:30Z</time></trkpt><trkpt lat="47.6634680014" lon="11.4639521856"><ele>1142.58</ele><time>2026-09-03T08:18:31Z</time></trkpt><trkpt lat="47.6633621380" lon="11.4639759064"><ele>1144.45</ele><time>2026-09-03T08:18:40Z</time></trkpt><trkpt lat="47.6632737089" lon="11.4639904071"><ele>1145.86</ele><time>2026-09-03T08:18:47Z</time></trkpt><trkpt lat="47.6632004511" lon="11.4640056621"><ele>1146.92</ele><time>2026-09-03T08:18:54Z</time></trkpt><trkpt lat="47.6631258521" lon="11.4640257787"><ele>1148.03</ele><time>2026-09-03T08:19:02Z</time></trkpt><trkpt lat="47.6630319748" lon="11.4640577137"><ele>1149.27</ele><time>2026-09-03T08:19:11Z</time></trkpt><trkpt lat="47.6629599743" lon="11.4640831947"><ele>1150.04</ele><time>2026-09-03T08:19:18Z</time></trkpt><trkpt lat="47.6628552843" lon="11.4641255233"><ele>1151.29</ele><time>2026-09-03T08:19:28Z</time></trkpt><trkpt lat="47.6627535280" lon="11.4641523454"><ele>1152.40</ele><time>2026-09-03T08:19:37Z</time></trkpt><trkpt lat="47.6626407914" lon="11.4641463943"><ele>1153.88</ele><time>2026-09-03T08:19:44Z</time></trkpt><trkpt lat="47.6626257878" lon="11.4641418681"><ele>1154.05</ele><time>2026-09-03T08:19:45Z</time></trkpt><trkpt lat="47.6626109518" lon="11.4641364198"><ele>1154.21</ele><time>2026-09-03T08:19:46Z</time></trkpt><trkpt lat="47.6625166554" lon="11.4640470687"><ele>1155.33</ele><time>2026-09-03T08:19:53Z</time></trkpt><trkpt lat="47.6624990534" lon="11.4640049078"><ele>1155.66</ele><time>2026-09-03T08:20:02Z</time></trkpt><trkpt lat="47.6625009812" lon="11.4639907423"><ele>1155.62</ele><time>2026-09-03T08:20:13Z</time></trkpt><trkpt lat="47.6625224389" lon="11.4640017226"><ele>1154.99</ele><time>2026-09-03T08:20:24Z</time></trkpt><trkpt lat="47.6625381969" lon="11.4640282094"><ele>1154.82</ele><time>2026-09-03T08:20:37Z</time></trkpt><trkpt lat="47.6625478361" lon="11.4640617371"><ele>1155.13</ele><time>2026-09-03T08:20:55Z</time></trkpt><trkpt lat="47.6625616662" lon="11.4640535228"><ele>1155.35</ele><time>2026-09-03T08:21:08Z</time></trkpt><trkpt lat="47.6625900809" lon="11.4640016388"><ele>1155.69</ele><time>2026-09-03T08:21:21Z</time></trkpt><trkpt lat="47.6625903323" lon="11.4640059974"><ele>1155.95</ele><time>2026-09-03T08:21:32Z</time></trkpt><trkpt lat="47.6626012288" lon="11.4640759863"><ele>1155.84</ele><time>2026-09-03T08:21:47Z</time></trkpt><trkpt lat="47.6626056712" lon="11.4640852902"><ele>1155.61</ele><time>2026-09-03T08:22:02Z</time></trkpt><trkpt lat="47.6626065932" lon="11.4640722983"><ele>1155.60</ele><time>2026-09-03T08:22:11Z</time></trkpt><trkpt lat="47.6625595707" lon="11.4641203266"><ele>1155.52</ele><time>2026-09-03T08:22:25Z</time></trkpt><trkpt lat="47.6625575591" lon="11.4640821051"><ele>1155.53</ele><time>2026-09-03T08:22:27Z</time></trkpt><trkpt lat="47.6625609118" lon="11.4639643393"><ele>1155.68</ele><time>2026-09-03T08:22:39Z</time></trkpt><trkpt lat="47.6625407953" lon="11.4638762455"><ele>1155.64</ele><time>2026-09-03T08:22:59Z</time></trkpt><trkpt lat="47.6625030767" lon="11.4639816899"><ele>1155.84</ele><time>2026-09-03T08:23:11Z</time></trkpt><trkpt lat="47.6625342574" lon="11.4639851265"><ele>1155.84</ele><time>2026-09-03T08:23:26Z</time></trkpt><trkpt lat="47.6625450701" lon="11.4640308917"><ele>1155.84</ele><time>2026-09-03T08:23:39Z</time></trkpt><trkpt lat="47.6625338383" lon="11.4641114417"><ele>1156.26</ele><time>2026-09-03T08:23:53Z</time></trkpt><trkpt lat="47.6625374425" lon="11.4641924109"><ele>1156.39</ele><time>2026-09-03T08:24:05Z</time></trkpt><trkpt lat="47.6625458244" lon="11.4642362483"><ele>1156.58</ele><time>2026-09-03T08:24:15Z</time></trkpt><trkpt lat="47.6625494286" lon="11.4642504137"><ele>1156.59</ele><time>2026-09-03T08:24:16Z</time></trkpt><trkpt lat="47.6625136379" lon="11.4643838536"><ele>1156.76</ele><time>2026-09-03T08:24:33Z</time></trkpt><trkpt lat="47.6625580620" lon="11.4643190615"><ele>1156.99</ele><time>2026-09-03T08:24:51Z</time></trkpt><trkpt lat="47.6625645161" lon="11.4642739668"><ele>1157.00</ele><time>2026-09-03T08:25:02Z</time></trkpt><trkpt lat="47.6625647675" lon="11.4642396849"><ele>1157.05</ele><time>2026-09-03T08:25:04Z</time></trkpt><trkpt lat="47.6625697128" lon="11.4642245974"><ele>1157.08</ele><time>2026-09-03T08:25:05Z</time></trkpt><trkpt lat="47.6625853032" lon="11.4641377609"><ele>1157.09</ele><time>2026-09-03T08:25:14Z</time></trkpt><trkpt lat="47.6625960320" lon="11.4640746452"><ele>1157.34</ele><time>2026-09-03T08:25:26Z</time></trkpt><trkpt lat="47.6625809446" lon="11.4639977831"><ele>1157.67</ele><time>2026-09-03T08:25:43Z</time></trkpt><trkpt lat="47.6626188308" lon="11.4641333185"><ele>1157.76</ele><time>2026-09-03T08:26:06Z</time></trkpt><trkpt lat="47.6626333315" lon="11.4641635772"><ele>1158.40</ele><time>2026-09-03T08:26:18Z</time></trkpt><trkpt lat="47.6626167353" lon="11.4641485736"><ele>1158.30</ele><time>2026-09-03T08:26:31Z</time></trkpt><trkpt lat="47.6625880692" lon="11.4641546924"><ele>1158.34</ele><time>2026-09-03T08:26:45Z</time></trkpt><trkpt lat="47.6625901647" lon="11.4641542733"><ele>1158.53</ele><time>2026-09-03T08:27:02Z</time></trkpt><trkpt lat="47.6625917573" lon="11.4641082566"><ele>1159.12</ele><time>2026-09-03T08:27:19Z</time></trkpt><trkpt lat="47.6625638455" lon="11.4640937559"><ele>1159.33</ele><time>2026-09-03T08:27:32Z</time></trkpt><trkpt lat="47.6625868957" lon="11.4640981145"><ele>1159.76</ele><time>2026-09-03T08:27:46Z</time></trkpt><trkpt lat="47.6625941880" lon="11.4640831109"><ele>1159.83</ele><time>2026-09-03T08:28:00Z</time></trkpt><trkpt lat="47.6625367720" lon="11.4640028123"><ele>1160.29</ele><time>2026-09-03T08:28:20Z</time></trkpt><trkpt lat="47.6624837145" lon="11.4639732242"><ele>1160.21</ele><time>2026-09-03T08:28:35Z</time></trkpt><trkpt lat="47.6624697167" lon="11.4640142955"><ele>1160.39</ele><time>2026-09-03T08:28:49Z</time></trkpt><trkpt lat="47.6624753326" lon="11.4641162194"><ele>1160.46</ele><time>2026-09-03T08:29:00Z</time></trkpt><trkpt lat="47.6625080220" lon="11.4642209094"><ele>1160.50</ele><time>2026-09-03T08:29:13Z</time></trkpt><trkpt lat="47.6625692938" lon="11.4642516710"><ele>1160.01</ele><time>2026-09-03T08:29:25Z</time></trkpt><trkpt lat="47.6626733132" lon="11.4642732125"><ele>1161.05</ele><time>2026-09-03T08:29:38Z</time></trkpt><trkpt lat="47.6627188269" lon="11.4642929938"><ele>1161.44</ele><time>2026-09-03T08:29:46Z</time></trkpt><trkpt lat="47.6627445593" lon="11.4642987773"><ele>1161.31</ele><time>2026-09-03T08:29:55Z</time></trkpt><trkpt lat="47.6627635863" lon="11.4643354062"><ele>1163.05</ele><time>2026-09-03T08:30:05Z</time></trkpt><trkpt lat="47.6627832837" lon="11.4643841889"><ele>1164.41</ele><time>2026-09-03T08:30:14Z</time></trkpt><trkpt lat="47.6627545338" lon="11.4644040540"><ele>1166.27</ele><time>2026-09-03T08:30:27Z</time></trkpt><trkpt lat="47.6627234370" lon="11.4644481428"><ele>1167.40</ele><time>2026-09-03T08:30:37Z</time></trkpt><trkpt lat="47.6626059227" lon="11.4644738752"><ele>1168.76</ele><time>2026-09-03T08:30:49Z</time></trkpt><trkpt lat="47.6624910906" lon="11.4644683432"><ele>1169.63</ele><time>2026-09-03T08:31:02Z</time></trkpt><trkpt lat="47.6624509413" lon="11.4644517470"><ele>1170.72</ele><time>2026-09-03T08:31:11Z</time></trkpt><trkpt lat="47.6624134742" lon="11.4644495677"><ele>1171.52</ele><time>2026-09-03T08:31:18Z</time></trkpt><trkpt lat="47.6623940282" lon="11.4644425269"><ele>1172.88</ele><time>2026-09-03T08:31:27Z</time></trkpt><trkpt lat="47.6623315830" lon="11.4643939957"><ele>1173.92</ele><time>2026-09-03T08:31:37Z</time></trkpt><trkpt lat="47.6622163318" lon="11.4643094223"><ele>1175.18</ele><time>2026-09-03T08:31:48Z</time></trkpt><trkpt lat="47.6621427387" lon="11.4642589632"><ele>1176.40</ele><time>2026-09-03T08:31:57Z</time></trkpt><trkpt lat="47.6621009968" lon="11.4642588794"><ele>1177.54</ele><time>2026-09-03T08:32:07Z</time></trkpt><trkpt lat="47.6620488614" lon="11.4642449655"><ele>1178.32</ele><time>2026-09-03T08:32:14Z</time></trkpt><trkpt lat="47.6620292477" lon="11.4642083365"><ele>1179.87</ele><time>2026-09-03T08:32:25Z</time></trkpt><trkpt lat="47.6619816385" lon="11.4641844481"><ele>1181.41</ele><time>2026-09-03T08:32:38Z</time></trkpt><trkpt lat="47.6619538944" lon="11.4641582128"><ele>1182.64</ele><time>2026-09-03T08:32:46Z</time></trkpt><trkpt lat="47.6619228814" lon="11.4641525969"><ele>1183.71</ele><time>2026-09-03T08:32:55Z</time></trkpt><trkpt lat="47.6618450135" lon="11.4641606435"><ele>1185.07</ele><time>2026-09-03T08:33:05Z</time></trkpt><trkpt lat="47.6618242264" lon="11.4641929138"><ele>1186.47</ele><time>2026-09-03T08:33:15Z</time></trkpt><trkpt lat="47.6617841609" lon="11.4642095100"><ele>1187.89</ele><time>2026-09-03T08:33:27Z</time></trkpt><trkpt lat="47.6617006771" lon="11.4642221667"><ele>1189.35</ele><time>2026-09-03T08:33:37Z</time></trkpt><trkpt lat="47.6616529003" lon="11.4641818497"><ele>1190.61</ele><time>2026-09-03T08:33:46Z</time></trkpt><trkpt lat="47.6616456918" lon="11.4641494956"><ele>1192.61</ele><time>2026-09-03T08:34:01Z</time></trkpt><trkpt lat="47.6616267487" lon="11.4640037343"><ele>1193.65</ele><time>2026-09-03T08:34:11Z</time></trkpt><trkpt lat="47.6616358850" lon="11.4639477432"><ele>1194.53</ele><time>2026-09-03T08:34:18Z</time></trkpt><trkpt lat="47.6616379805" lon="11.4639189932"><ele>1196.02</ele><time>2026-09-03T08:34:30Z</time></trkpt><trkpt lat="47.6616378129" lon="11.4639182389"><ele>1197.51</ele><time>2026-09-03T08:34:43Z</time></trkpt><trkpt lat="47.6616197079" lon="11.4638461545"><ele>1198.41</ele><time>2026-09-03T08:34:53Z</time></trkpt><trkpt lat="47.6616397407" lon="11.4638109505"><ele>1199.23</ele><time>2026-09-03T08:35:02Z</time></trkpt><trkpt lat="47.6616360527" lon="11.4637625869"><ele>1200.35</ele><time>2026-09-03T08:35:09Z</time></trkpt><trkpt lat="47.6616637968" lon="11.4636840485"><ele>1201.83</ele><time>2026-09-03T08:35:20Z</time></trkpt><trkpt lat="47.6616156008" lon="11.4635521173"><ele>1203.15</ele><time>2026-09-03T08:35:33Z</time></trkpt><trkpt lat="47.6615555026" lon="11.4634295739"><ele>1203.73</ele><time>2026-09-03T08:35:40Z</time></trkpt><trkpt lat="47.6615238190" lon="11.4633471798"><ele>1204.31</ele><time>2026-09-03T08:35:47Z</time></trkpt><trkpt lat="47.6615270041" lon="11.4633688051"><ele>1205.92</ele><time>2026-09-03T08:35:59Z</time></trkpt><trkpt lat="47.6615552511" lon="11.4633799531"><ele>1206.86</ele><time>2026-09-03T08:36:09Z</time></trkpt><trkpt lat="47.6615670696" lon="11.4634149894"><ele>1208.58</ele><time>2026-09-03T08:36:21Z</time></trkpt><trkpt lat="47.6615731884" lon="11.4634262212"><ele>1209.00</ele><time>2026-09-03T08:36:28Z</time></trkpt><trkpt lat="47.6614869386" lon="11.4635414723"><ele>1210.04</ele><time>2026-09-03T08:36:41Z</time></trkpt><trkpt lat="47.6614348870" lon="11.4635843877"><ele>1211.21</ele><time>2026-09-03T08:36:53Z</time></trkpt><trkpt lat="47.6612986811" lon="11.4636439830"><ele>1211.98</ele><time>2026-09-03T08:37:02Z</time></trkpt><trkpt lat="47.6612646505" lon="11.4636397921"><ele>1212.31</ele><time>2026-09-03T08:37:05Z</time></trkpt><trkpt lat="47.6611982659" lon="11.4636139758"><ele>1213.61</ele><time>2026-09-03T08:37:15Z</time></trkpt><trkpt lat="47.6612164546" lon="11.4635558892"><ele>1214.54</ele><time>2026-09-03T08:37:25Z</time></trkpt><trkpt lat="47.6612343080" lon="11.4634917676"><ele>1216.14</ele><time>2026-09-03T08:37:38Z</time></trkpt><trkpt lat="47.6612791512" lon="11.4634318370"><ele>1216.95</ele><time>2026-09-03T08:37:46Z</time></trkpt><trkpt lat="47.6612623874" lon="11.4633807074"><ele>1218.15</ele><time>2026-09-03T08:37:57Z</time></trkpt><trkpt lat="47.6612755470" lon="11.4632660430"><ele>1218.66</ele><time>2026-09-03T08:38:11Z</time></trkpt><trkpt lat="47.6612291113" lon="11.4631777816"><ele>1219.87</ele><time>2026-09-03T08:38:21Z</time></trkpt><trkpt lat="47.6612204779" lon="11.4631701540"><ele>1219.89</ele><time>2026-09-03T08:38:22Z</time></trkpt><trkpt lat="47.6611803286" lon="11.4631325193"><ele>1220.18</ele><time>2026-09-03T08:38:30Z</time></trkpt><trkpt lat="47.6611591224" lon="11.4630607702"><ele>1220.75</ele><time>2026-09-03T08:38:39Z</time></trkpt><trkpt lat="47.6611842681" lon="11.4629648812"><ele>1220.90</ele><time>2026-09-03T08:38:49Z</time></trkpt><trkpt lat="47.6612070668" lon="11.4628896117"><ele>1221.79</ele><time>2026-09-03T08:38:59Z</time></trkpt><trkpt lat="47.6612097491" lon="11.4628443494"><ele>1222.54</ele><time>2026-09-03T08:39:10Z</time></trkpt><trkpt lat="47.6612291951" lon="11.4628267474"><ele>1223.35</ele><time>2026-09-03T08:39:20Z</time></trkpt><trkpt lat="47.6612654887" lon="11.4628306031"><ele>1225.06</ele><time>2026-09-03T08:39:35Z</time></trkpt><trkpt lat="47.6612732001" lon="11.4628249034"><ele>1225.11</ele><time>2026-09-03T08:39:36Z</time></trkpt><trkpt lat="47.6613470446" lon="11.4627236500"><ele>1226.25</ele><time>2026-09-03T08:39:49Z</time></trkpt><trkpt lat="47.6613634732" lon="11.4626720175"><ele>1227.64</ele><time>2026-09-03T08:40:00Z</time></trkpt><trkpt lat="47.6613596175" lon="11.4626178704"><ele>1228.55</ele><time>2026-09-03T08:40:10Z</time></trkpt><trkpt lat="47.6613576058" lon="11.4625375718"><ele>1229.52</ele><time>2026-09-03T08:40:20Z</time></trkpt><trkpt lat="47.6613459550" lon="11.4624662418"><ele>1230.52</ele><time>2026-09-03T08:40:30Z</time></trkpt><trkpt lat="47.6613229048" lon="11.4623006992"><ele>1230.92</ele><time>2026-09-03T08:40:39Z</time></trkpt><trkpt lat="47.6613053028" lon="11.4622560237"><ele>1231.49</ele><time>2026-09-03T08:40:49Z</time></trkpt><trkpt lat="47.6612846833" lon="11.4622606337"><ele>1232.19</ele><time>2026-09-03T08:41:01Z</time></trkpt><trkpt lat="47.6612533350" lon="11.4622708596"><ele>1232.82</ele><time>2026-09-03T08:41:08Z</time></trkpt><trkpt lat="47.6611758024" lon="11.4623196423"><ele>1234.00</ele><time>2026-09-03T08:41:19Z</time></trkpt><trkpt lat="47.6611472201" lon="11.4622545987"><ele>1235.11</ele><time>2026-09-03T08:41:29Z</time></trkpt><trkpt lat="47.6611602120" lon="11.4622468036"><ele>1235.85</ele><time>2026-09-03T08:41:35Z</time></trkpt><trkpt lat="47.6611426100" lon="11.4622600470"><ele>1236.73</ele><time>2026-09-03T08:41:46Z</time></trkpt><trkpt lat="47.6611006167" lon="11.4622906409"><ele>1237.67</ele><time>2026-09-03T08:41:55Z</time></trkpt><trkpt lat="47.6610811707" lon="11.4622980170"><ele>1238.52</ele><time>2026-09-03T08:42:06Z</time></trkpt><trkpt lat="47.6610975154" lon="11.4623287786"><ele>1239.47</ele><time>2026-09-03T08:42:16Z</time></trkpt><trkpt lat="47.6611225773" lon="11.4623228274"><ele>1241.69</ele><time>2026-09-03T08:42:28Z</time></trkpt><trkpt lat="47.6612404268" lon="11.4622473065"><ele>1243.00</ele><time>2026-09-03T08:42:39Z</time></trkpt><trkpt lat="47.6612943225" lon="11.4622329734"><ele>1244.11</ele><time>2026-09-03T08:42:49Z</time></trkpt><trkpt lat="47.6613509841" lon="11.4622120187"><ele>1245.63</ele><time>2026-09-03T08:43:04Z</time></trkpt><trkpt lat="47.6614156924" lon="11.4621324744"><ele>1247.20</ele><time>2026-09-03T08:43:14Z</time></trkpt><trkpt lat="47.6614182070" lon="11.4620614797"><ele>1248.60</ele><time>2026-09-03T08:43:27Z</time></trkpt><trkpt lat="47.6613885351" lon="11.4620087575"><ele>1249.53</ele><time>2026-09-03T08:43:37Z</time></trkpt><trkpt lat="47.6613675803" lon="11.4619935025"><ele>1250.11</ele><time>2026-09-03T08:43:42Z</time></trkpt><trkpt lat="47.6613275148" lon="11.4619011339"><ele>1250.89</ele><time>2026-09-03T08:43:52Z</time></trkpt><trkpt lat="47.6612408459" lon="11.4618399460"><ele>1251.89</ele><time>2026-09-03T08:44:04Z</time></trkpt><trkpt lat="47.6612201426" lon="11.4618232660"><ele>1252.86</ele><time>2026-09-03T08:44:15Z</time></trkpt><trkpt lat="47.6611167099" lon="11.4617749024"><ele>1253.79</ele><time>2026-09-03T08:44:24Z</time></trkpt><trkpt lat="47.6610910613" lon="11.4617495891"><ele>1255.09</ele><time>2026-09-03T08:44:35Z</time></trkpt><trkpt lat="47.6610445417" lon="11.4617725555"><ele>1257.08</ele><time>2026-09-03T08:44:47Z</time></trkpt><trkpt lat="47.6610056497" lon="11.4617800992"><ele>1257.52</ele><time>2026-09-03T08:44:56Z</time></trkpt><trkpt lat="47.6609678473" lon="11.4618173987"><ele>1258.21</ele><time>2026-09-03T08:45:04Z</time></trkpt><trkpt lat="47.6609403547" lon="11.4618376829"><ele>1258.39</ele><time>2026-09-03T08:45:06Z</time></trkpt><trkpt lat="47.6609233394" lon="11.4618523512"><ele>1258.57</ele><time>2026-09-03T08:45:08Z</time></trkpt><trkpt lat="47.6608542725" lon="11.4618933387"><ele>1260.14</ele><time>2026-09-03T08:45:19Z</time></trkpt><trkpt lat="47.6607952639" lon="11.4619236812"><ele>1261.23</ele><time>2026-09-03T08:45:27Z</time></trkpt><trkpt lat="47.6608021371" lon="11.4619158860"><ele>1261.53</ele><time>2026-09-03T08:45:31Z</time></trkpt><trkpt lat="47.6608121954" lon="11.4619119465"><ele>1262.98</ele><time>2026-09-03T08:45:44Z</time></trkpt><trkpt lat="47.6609108504" lon="11.4618329052"><ele>1264.19</ele><time>2026-09-03T08:46:00Z</time></trkpt><trkpt lat="47.6609512512" lon="11.4617930073"><ele>1264.89</ele><time>2026-09-03T08:46:06Z</time></trkpt><trkpt lat="47.6610077452" lon="11.4618232660"><ele>1265.17</ele><time>2026-09-03T08:46:14Z</time></trkpt><trkpt lat="47.6611085795" lon="11.4617438894"><ele>1266.77</ele><time>2026-09-03T08:46:29Z</time></trkpt><trkpt lat="47.6612116769" lon="11.4617251977"><ele>1269.65</ele><time>2026-09-03T08:46:48Z</time></trkpt><trkpt lat="47.6612728648" lon="11.4616968669"><ele>1271.63</ele><time>2026-09-03T08:47:06Z</time></trkpt><trkpt lat="47.6612755470" lon="11.4616625849"><ele>1272.48</ele><time>2026-09-03T08:47:12Z</time></trkpt><trkpt lat="47.6612664945" lon="11.4614971261"><ele>1275.58</ele><time>2026-09-03T08:47:38Z</time></trkpt><trkpt lat="47.6611469686" lon="11.4614493493"><ele>1278.22</ele><time>2026-09-03T08:48:03Z</time></trkpt><trkpt lat="47.6610510796" lon="11.4614599943"><ele>1279.64</ele><time>2026-09-03T08:48:19Z</time></trkpt><trkpt lat="47.6609009597" lon="11.4614788536"><ele>1281.32</ele><time>2026-09-03T08:48:36Z</time></trkpt><trkpt lat="47.6607880555" lon="11.4614611678"><ele>1283.28</ele><time>2026-09-03T08:48:49Z</time></trkpt><trkpt lat="47.6607484091" lon="11.4614556357"><ele>1284.59</ele><time>2026-09-03T08:49:02Z</time></trkpt><trkpt lat="47.6606951840" lon="11.4614117146"><ele>1286.20</ele><time>2026-09-03T08:49:14Z</time></trkpt><trkpt lat="47.6606785040" lon="11.4614038356"><ele>1286.34</ele><time>2026-09-03T08:49:16Z</time></trkpt><trkpt lat="47.6605561282" lon="11.4614090323"><ele>1286.65</ele><time>2026-09-03T08:49:25Z</time></trkpt><trkpt lat="47.6605547033" lon="11.4614056796"><ele>1286.67</ele><time>2026-09-03T08:49:26Z</time></trkpt><trkpt lat="47.6605031546" lon="11.4614566416"><ele>1287.21</ele><time>2026-09-03T08:49:37Z</time></trkpt><trkpt lat="47.6604816969" lon="11.4614617545"><ele>1288.31</ele><time>2026-09-03T08:49:46Z</time></trkpt><trkpt lat="47.6604251191" lon="11.4615085255"><ele>1289.26</ele><time>2026-09-03T08:49:58Z</time></trkpt><trkpt lat="47.6602996420" lon="11.4616125450"><ele>1290.41</ele><time>2026-09-03T08:50:18Z</time></trkpt><trkpt lat="47.6601982210" lon="11.4616857190"><ele>1290.85</ele><time>2026-09-03T08:50:30Z</time></trkpt><trkpt lat="47.6601479296" lon="11.4616355114"><ele>1290.72</ele><time>2026-09-03T08:50:45Z</time></trkpt><trkpt lat="47.6601195987" lon="11.4615960326"><ele>1290.82</ele><time>2026-09-03T08:50:55Z</time></trkpt><trkpt lat="47.6600832213" lon="11.4615514409"><ele>1290.75</ele><time>2026-09-03T08:51:03Z</time></trkpt><trkpt lat="47.6600267272" lon="11.4615424722"><ele>1290.45</ele><time>2026-09-03T08:51:12Z</time></trkpt><trkpt lat="47.6599080395" lon="11.4614775963"><ele>1291.88</ele><time>2026-09-03T08:51:29Z</time></trkpt><trkpt lat="47.6598409843" lon="11.4614151511"><ele>1292.25</ele><time>2026-09-03T08:51:35Z</time></trkpt><trkpt lat="47.6597723365" lon="11.4613796119"><ele>1292.54</ele><time>2026-09-03T08:51:46Z</time></trkpt><trkpt lat="47.6597535610" lon="11.4613743313"><ele>1292.62</ele><time>2026-09-03T08:51:48Z</time></trkpt><trkpt lat="47.6597094722" lon="11.4613625966"><ele>1292.81</ele><time>2026-09-03T08:51:54Z</time></trkpt><trkpt lat="47.6596169360" lon="11.4613565616"><ele>1293.07</ele><time>2026-09-03T08:52:01Z</time></trkpt><trkpt lat="47.6595581789" lon="11.4613345172"><ele>1293.67</ele><time>2026-09-03T08:52:07Z</time></trkpt><trkpt lat="47.6595435943" lon="11.4613212738"><ele>1293.84</ele><time>2026-09-03T08:52:09Z</time></trkpt><trkpt lat="47.6593962405" lon="11.4613010734"><ele>1294.66</ele><time>2026-09-03T08:52:23Z</time></trkpt><trkpt lat="47.6593270060" lon="11.4612685516"><ele>1295.62</ele><time>2026-09-03T08:52:30Z</time></trkpt><trkpt lat="47.6592798159" lon="11.4612247143"><ele>1296.67</ele><time>2026-09-03T08:52:42Z</time></trkpt><trkpt lat="47.6590903010" lon="11.4613118861"><ele>1297.50</ele><time>2026-09-03T08:52:53Z</time></trkpt><trkpt lat="47.6589658298" lon="11.4613012411"><ele>1298.40</ele><time>2026-09-03T08:53:06Z</time></trkpt><trkpt lat="47.6588867046" lon="11.4612696413"><ele>1299.38</ele><time>2026-09-03T08:53:17Z</time></trkpt><trkpt lat="47.6588162966" lon="11.4612610079"><ele>1300.69</ele><time>2026-09-03T08:53:28Z</time></trkpt><trkpt lat="47.6587504148" lon="11.4613636862"><ele>1301.94</ele><time>2026-09-03T08:53:40Z</time></trkpt><trkpt lat="47.6587129477" lon="11.4614193421"><ele>1303.67</ele><time>2026-09-03T08:53:53Z</time></trkpt><trkpt lat="47.6586775761" lon="11.4615288097"><ele>1305.17</ele><time>2026-09-03T08:54:06Z</time></trkpt><trkpt lat="47.6586107723" lon="11.4616721403"><ele>1306.18</ele><time>2026-09-03T08:54:17Z</time></trkpt><trkpt lat="47.6585718803" lon="11.4618123695"><ele>1307.50</ele><time>2026-09-03T08:54:29Z</time></trkpt><trkpt lat="47.6585248578" lon="11.4618962724"><ele>1309.00</ele><time>2026-09-03T08:54:43Z</time></trkpt><trkpt lat="47.6584623288" lon="11.4619193226"><ele>1309.89</ele><time>2026-09-03T08:54:53Z</time></trkpt><trkpt lat="47.6583952736" lon="11.4620253537"><ele>1310.64</ele><time>2026-09-03T08:55:03Z</time></trkpt><trkpt lat="47.6583801024" lon="11.4620598871"><ele>1310.74</ele><time>2026-09-03T08:55:05Z</time></trkpt><trkpt lat="47.6583034918" lon="11.4622175507"><ele>1311.35</ele><time>2026-09-03T08:55:17Z</time></trkpt><trkpt lat="47.6582795195" lon="11.4623199776"><ele>1311.87</ele><time>2026-09-03T08:55:27Z</time></trkpt><trkpt lat="47.6581985503" lon="11.4624787308"><ele>1311.86</ele><time>2026-09-03T08:55:40Z</time></trkpt><trkpt lat="47.6581287291" lon="11.4625265915"><ele>1312.48</ele><time>2026-09-03T08:55:51Z</time></trkpt><trkpt lat="47.6580297388" lon="11.4624698460"><ele>1313.04</ele><time>2026-09-03T08:56:05Z</time></trkpt><trkpt lat="47.6579387952" lon="11.4624211472"><ele>1314.20</ele><time>2026-09-03T08:56:18Z</time></trkpt><trkpt lat="47.6578798704" lon="11.4623835124"><ele>1316.00</ele><time>2026-09-03T08:56:31Z</time></trkpt><trkpt lat="47.6578201912" lon="11.4623829257"><ele>1316.88</ele><time>2026-09-03T08:56:39Z</time></trkpt><trkpt lat="47.6577709895" lon="11.4623787347"><ele>1317.33</ele><time>2026-09-03T08:56:46Z</time></trkpt><trkpt lat="47.6577431615" lon="11.4623737894"><ele>1317.35</ele><time>2026-09-03T08:56:48Z</time></trkpt><trkpt lat="47.6576668024" lon="11.4623185527"><ele>1317.33</ele><time>2026-09-03T08:56:56Z</time></trkpt><trkpt lat="47.6576012559" lon="11.4622947481"><ele>1317.32</ele><time>2026-09-03T08:57:06Z</time></trkpt><trkpt lat="47.6575958077" lon="11.4622652438"><ele>1317.30</ele><time>2026-09-03T08:57:09Z</time></trkpt><trkpt lat="47.6575825643" lon="11.4622762240"><ele>1316.33</ele><time>2026-09-03T08:57:22Z</time></trkpt><trkpt lat="47.6575804688" lon="11.4622991905"><ele>1316.26</ele><time>2026-09-03T08:57:36Z</time></trkpt><trkpt lat="47.6575987414" lon="11.4623418543"><ele>1316.07</ele><time>2026-09-03T08:58:11Z</time></trkpt><trkpt lat="47.6576133259" lon="11.4623625576"><ele>1316.01</ele><time>2026-09-03T08:58:52Z</time></trkpt><trkpt lat="47.6576211210" lon="11.4623561874"><ele>1316.01</ele><time>2026-09-03T08:59:20Z</time></trkpt><trkpt lat="47.6576340292" lon="11.4623438660"><ele>1316.01</ele><time>2026-09-03T08:59:30Z</time></trkpt><trkpt lat="47.6576411538" lon="11.4623123500"><ele>1316.01</ele><time>2026-09-03T08:59:39Z</time></trkpt><trkpt lat="47.6576245576" lon="11.4622986875"><ele>1316.01</ele><time>2026-09-03T08:59:50Z</time></trkpt><trkpt lat="47.6575199515" lon="11.4623142779"><ele>1316.01</ele><time>2026-09-03T08:59:59Z</time></trkpt><trkpt lat="47.6574502140" lon="11.4623713586"><ele>1316.01</ele><time>2026-09-03T09:00:08Z</time></trkpt><trkpt lat="47.6574179437" lon="11.4624411799"><ele>1316.01</ele><time>2026-09-03T09:00:17Z</time></trkpt><trkpt lat="47.6573198754" lon="11.4624691755"><ele>1316.01</ele><time>2026-09-03T09:00:29Z</time></trkpt><trkpt lat="47.6572643034" lon="11.4624615479"><ele>1316.01</ele><time>2026-09-03T09:00:39Z</time></trkpt><trkpt lat="47.6571855973" lon="11.4624491427"><ele>1314.59</ele><time>2026-09-03T09:00:50Z</time></trkpt><trkpt lat="47.6571311988" lon="11.4624575246"><ele>1314.34</ele><time>2026-09-03T09:00:56Z</time></trkpt><trkpt lat="47.6570110861" lon="11.4624638110"><ele>1314.94</ele><time>2026-09-03T09:01:07Z</time></trkpt><trkpt lat="47.6569535863" lon="11.4624515735"><ele>1316.40</ele><time>2026-09-03T09:01:19Z</time></trkpt><trkpt lat="47.6569017861" lon="11.4624406770"><ele>1317.40</ele><time>2026-09-03T09:01:29Z</time></trkpt><trkpt lat="47.6568533387" lon="11.4623871166"><ele>1318.25</ele><time>2026-09-03T09:01:37Z</time></trkpt><trkpt lat="47.6567183901" lon="11.4623344783"><ele>1319.03</ele><time>2026-09-03T09:01:48Z</time></trkpt><trkpt lat="47.6566730440" lon="11.4622938260"><ele>1319.23</ele><time>2026-09-03T09:01:53Z</time></trkpt><trkpt lat="47.6566206571" lon="11.4622090012"><ele>1319.57</ele><time>2026-09-03T09:02:03Z</time></trkpt><trkpt lat="47.6565203257" lon="11.4620419499"><ele>1319.45</ele><time>2026-09-03T09:02:18Z</time></trkpt><trkpt lat="47.6565235108" lon="11.4620130323"><ele>1319.63</ele><time>2026-09-03T09:02:26Z</time></trkpt><trkpt lat="47.6565009635" lon="11.4620375074"><ele>1319.23</ele><time>2026-09-03T09:02:33Z</time></trkpt><trkpt lat="47.6564785000" lon="11.4620514214"><ele>1319.74</ele><time>2026-09-03T09:02:41Z</time></trkpt><trkpt lat="47.6564782485" lon="11.4620378427"><ele>1319.99</ele><time>2026-09-03T09:02:48Z</time></trkpt><trkpt lat="47.6564864628" lon="11.4619344100"><ele>1320.92</ele><time>2026-09-03T09:02:57Z</time></trkpt><trkpt lat="47.6564563718" lon="11.4618475735"><ele>1321.51</ele><time>2026-09-03T09:03:03Z</time></trkpt><trkpt lat="47.6564241853" lon="11.4617473260"><ele>1321.68</ele><time>2026-09-03T09:03:08Z</time></trkpt><trkpt lat="47.6564104389" lon="11.4616816118"><ele>1322.14</ele><time>2026-09-03T09:03:14Z</time></trkpt><trkpt lat="47.6564003807" lon="11.4615811128"><ele>1322.38</ele><time>2026-09-03T09:03:22Z</time></trkpt><trkpt lat="47.6563369296" lon="11.4615221042"><ele>1323.36</ele><time>2026-09-03T09:03:31Z</time></trkpt><trkpt lat="47.6562717184" lon="11.4614836313"><ele>1324.21</ele><time>2026-09-03T09:03:42Z</time></trkpt><trkpt lat="47.6561908331" lon="11.4615661930"><ele>1325.14</ele><time>2026-09-03T09:03:51Z</time></trkpt><trkpt lat="47.6561339200" lon="11.4616241958"><ele>1326.88</ele><time>2026-09-03T09:04:02Z</time></trkpt><trkpt lat="47.6561074331" lon="11.4616424683"><ele>1328.20</ele><time>2026-09-03T09:04:12Z</time></trkpt><trkpt lat="47.6560561359" lon="11.4616774209"><ele>1328.82</ele><time>2026-09-03T09:04:20Z</time></trkpt><trkpt lat="47.6560034975" lon="11.4617588930"><ele>1329.49</ele><time>2026-09-03T09:04:27Z</time></trkpt><trkpt lat="47.6560019888" lon="11.4618184045"><ele>1330.32</ele><time>2026-09-03T09:04:35Z</time></trkpt><trkpt lat="47.6559595764" lon="11.4619265310"><ele>1331.48</ele><time>2026-09-03T09:04:46Z</time></trkpt><trkpt lat="47.6559230313" lon="11.4620499965"><ele>1332.91</ele><time>2026-09-03T09:04:57Z</time></trkpt><trkpt lat="47.6558667887" lon="11.4621948358"><ele>1333.99</ele><time>2026-09-03T09:05:08Z</time></trkpt><trkpt lat="47.6557853166" lon="11.4622838516"><ele>1335.04</ele><time>2026-09-03T09:05:20Z</time></trkpt><trkpt lat="47.6557820477" lon="11.4623470511"><ele>1336.23</ele><time>2026-09-03T09:05:29Z</time></trkpt><trkpt lat="47.6557649486" lon="11.4624055568"><ele>1337.46</ele><time>2026-09-03T09:05:40Z</time></trkpt><trkpt lat="47.6557514537" lon="11.4624969196"><ele>1339.17</ele><time>2026-09-03T09:05:52Z</time></trkpt><trkpt lat="47.6557289902" lon="11.4626039565"><ele>1340.60</ele><time>2026-09-03T09:06:05Z</time></trkpt><trkpt lat="47.6557159983" lon="11.4627466165"><ele>1342.78</ele><time>2026-09-03T09:06:19Z</time></trkpt><trkpt lat="47.6556943730" lon="11.4628175274"><ele>1344.21</ele><time>2026-09-03T09:06:30Z</time></trkpt><trkpt lat="47.6556793693" lon="11.4629079681"><ele>1345.56</ele><time>2026-09-03T09:06:40Z</time></trkpt><trkpt lat="47.6556608453" lon="11.4630230516"><ele>1347.32</ele><time>2026-09-03T09:06:55Z</time></trkpt><trkpt lat="47.6556567382" lon="11.4630989078"><ele>1348.77</ele><time>2026-09-03T09:07:08Z</time></trkpt><trkpt lat="47.6556609292" lon="11.4631537255"><ele>1350.52</ele><time>2026-09-03T09:07:20Z</time></trkpt><trkpt lat="47.6556709874" lon="11.4632414002"><ele>1350.96</ele><time>2026-09-03T09:07:31Z</time></trkpt><trkpt lat="47.6556680538" lon="11.4633060247"><ele>1352.15</ele><time>2026-09-03T09:07:43Z</time></trkpt><trkpt lat="47.6557057723" lon="11.4633959625"><ele>1353.46</ele><time>2026-09-03T09:07:55Z</time></trkpt><trkpt lat="47.6556963008" lon="11.4634333458"><ele>1354.55</ele><time>2026-09-03T09:08:07Z</time></trkpt><trkpt lat="47.6556940377" lon="11.4635425620"><ele>1356.44</ele><time>2026-09-03T09:08:18Z</time></trkpt><trkpt lat="47.6556944568" lon="11.4636156522"><ele>1357.86</ele><time>2026-09-03T09:08:29Z</time></trkpt><trkpt lat="47.6557101309" lon="11.4637289755"><ele>1359.28</ele><time>2026-09-03T09:08:40Z</time></trkpt><trkpt lat="47.6556951273" lon="11.4637839608"><ele>1360.46</ele><time>2026-09-03T09:08:50Z</time></trkpt><trkpt lat="47.6556890924" lon="11.4637779258"><ele>1361.57</ele><time>2026-09-03T09:08:58Z</time></trkpt><trkpt lat="47.6556092966" lon="11.4637609944"><ele>1363.78</ele><time>2026-09-03T09:09:11Z</time></trkpt><trkpt lat="47.6555959694" lon="11.4637684543"><ele>1365.18</ele><time>2026-09-03T09:09:22Z</time></trkpt><trkpt lat="47.6556048542" lon="11.4638436399"><ele>1366.77</ele><time>2026-09-03T09:09:33Z</time></trkpt><trkpt lat="47.6556170918" lon="11.4639314823"><ele>1367.97</ele><time>2026-09-03T09:09:43Z</time></trkpt><trkpt lat="47.6556311734" lon="11.4640092663"><ele>1368.93</ele><time>2026-09-03T09:09:53Z</time></trkpt><trkpt lat="47.6556509547" lon="11.4640577976"><ele>1370.22</ele><time>2026-09-03T09:10:02Z</time></trkpt><trkpt lat="47.6556641143" lon="11.4641215838"><ele>1371.45</ele><time>2026-09-03T09:10:13Z</time></trkpt><trkpt lat="47.6556775253" lon="11.4641234279"><ele>1371.95</ele><time>2026-09-03T09:10:17Z</time></trkpt><trkpt lat="47.6556996536" lon="11.4641232602"><ele>1372.42</ele><time>2026-09-03T09:10:21Z</time></trkpt><trkpt lat="47.6556804590" lon="11.4641669299"><ele>1372.80</ele><time>2026-09-03T09:10:25Z</time></trkpt><trkpt lat="47.6556809619" lon="11.4642282017"><ele>1373.91</ele><time>2026-09-03T09:10:33Z</time></trkpt><trkpt lat="47.6556859910" lon="11.4643324725"><ele>1375.38</ele><time>2026-09-03T09:10:45Z</time></trkpt><trkpt lat="47.6556839794" lon="11.4644232485"><ele>1375.70</ele><time>2026-09-03T09:10:53Z</time></trkpt><trkpt lat="47.6556881703" lon="11.4645190537"><ele>1376.80</ele><time>2026-09-03T09:11:03Z</time></trkpt><trkpt lat="47.6556837279" lon="11.4645843487"><ele>1378.24</ele><time>2026-09-03T09:11:15Z</time></trkpt><trkpt lat="47.6556823030" lon="11.4646416809"><ele>1379.35</ele><time>2026-09-03T09:11:24Z</time></trkpt><trkpt lat="47.6556922775" lon="11.4647029527"><ele>1380.58</ele><time>2026-09-03T09:11:34Z</time></trkpt><trkpt lat="47.6556995697" lon="11.4647579379"><ele>1381.80</ele><time>2026-09-03T09:11:44Z</time></trkpt><trkpt lat="47.6556908526" lon="11.4648708422"><ele>1383.57</ele><time>2026-09-03T09:11:58Z</time></trkpt><trkpt lat="47.6556838118" lon="11.4649365563"><ele>1384.86</ele><time>2026-09-03T09:12:09Z</time></trkpt><trkpt lat="47.6557048503" lon="11.4650021866"><ele>1386.89</ele><time>2026-09-03T09:12:23Z</time></trkpt><trkpt lat="47.6557210274" lon="11.4650797192"><ele>1388.11</ele><time>2026-09-03T09:12:36Z</time></trkpt><trkpt lat="47.6556987315" lon="11.4651532285"><ele>1389.79</ele><time>2026-09-03T09:12:47Z</time></trkpt><trkpt lat="47.6556952111" lon="11.4651948027"><ele>1391.07</ele><time>2026-09-03T09:12:57Z</time></trkpt><trkpt lat="47.6556885894" lon="11.4652445912"><ele>1392.31</ele><time>2026-09-03T09:13:07Z</time></trkpt><trkpt lat="47.6556789503" lon="11.4652808849"><ele>1392.59</ele><time>2026-09-03T09:13:10Z</time></trkpt><trkpt lat="47.6556877512" lon="11.4653253928"><ele>1393.90</ele><time>2026-09-03T09:13:20Z</time></trkpt><trkpt lat="47.6557004079" lon="11.4654129837"><ele>1395.54</ele><time>2026-09-03T09:13:31Z</time></trkpt><trkpt lat="47.6557190996" lon="11.4655080345"><ele>1396.41</ele><time>2026-09-03T09:13:41Z</time></trkpt><trkpt lat="47.6557114720" lon="11.4655401371"><ele>1396.67</ele><time>2026-09-03T09:13:45Z</time></trkpt><trkpt lat="47.6556900144" lon="11.4655628521"><ele>1396.80</ele><time>2026-09-03T09:13:49Z</time></trkpt><trkpt lat="47.6556679700" lon="11.4656118862"><ele>1398.13</ele><time>2026-09-03T09:13:58Z</time></trkpt><trkpt lat="47.6556670479" lon="11.4656719007"><ele>1399.53</ele><time>2026-09-03T09:14:08Z</time></trkpt><trkpt lat="47.6556332689" lon="11.4657397103"><ele>1400.91</ele><time>2026-09-03T09:14:19Z</time></trkpt><trkpt lat="47.6556260604" lon="11.4657471702"><ele>1401.27</ele><time>2026-09-03T09:14:22Z</time></trkpt><trkpt lat="47.6556101348" lon="11.4658027422"><ele>1402.17</ele><time>2026-09-03T09:14:30Z</time></trkpt><trkpt lat="47.6555719133" lon="11.4658578951"><ele>1403.59</ele><time>2026-09-03T09:14:43Z</time></trkpt><trkpt lat="47.6555403974" lon="11.4659282193"><ele>1404.87</ele><time>2026-09-03T09:14:53Z</time></trkpt><trkpt lat="47.6555662137" lon="11.4659630880"><ele>1405.78</ele><time>2026-09-03T09:14:59Z</time></trkpt><trkpt lat="47.6555402298" lon="11.4660265390"><ele>1407.19</ele><time>2026-09-03T09:15:12Z</time></trkpt><trkpt lat="47.6555285789" lon="11.4661119506"><ele>1408.32</ele><time>2026-09-03T09:15:22Z</time></trkpt><trkpt lat="47.6554965600" lon="11.4661781676"><ele>1409.99</ele><time>2026-09-03T09:15:33Z</time></trkpt><trkpt lat="47.6554900222" lon="11.4662524313"><ele>1411.22</ele><time>2026-09-03T09:15:44Z</time></trkpt><trkpt lat="47.6554805506" lon="11.4663049020"><ele>1412.35</ele><time>2026-09-03T09:15:53Z</time></trkpt><trkpt lat="47.6554361265" lon="11.4663538523"><ele>1413.52</ele><time>2026-09-03T09:16:02Z</time></trkpt><trkpt lat="47.6554139145" lon="11.4663819317"><ele>1414.62</ele><time>2026-09-03T09:16:12Z</time></trkpt><trkpt lat="47.6554108132" lon="11.4664763957"><ele>1416.59</ele><time>2026-09-03T09:16:23Z</time></trkpt><trkpt lat="47.6553994138" lon="11.4665386733"><ele>1417.67</ele><time>2026-09-03T09:16:34Z</time></trkpt><trkpt lat="47.6553616114" lon="11.4666278567"><ele>1419.51</ele><time>2026-09-03T09:16:46Z</time></trkpt><trkpt lat="47.6553005073" lon="11.4667090774"><ele>1421.00</ele><time>2026-09-03T09:16:56Z</time></trkpt><trkpt lat="47.6552467793" lon="11.4667628054"><ele>1422.71</ele><time>2026-09-03T09:17:07Z</time></trkpt><trkpt lat="47.6552127488" lon="11.4667932317"><ele>1424.17</ele><time>2026-09-03T09:17:19Z</time></trkpt><trkpt lat="47.6552061271" lon="11.4668503962"><ele>1425.62</ele><time>2026-09-03T09:17:30Z</time></trkpt><trkpt lat="47.6551933028" lon="11.4669796452"><ele>1427.07</ele><time>2026-09-03T09:17:42Z</time></trkpt><trkpt lat="47.6551741920" lon="11.4670599438"><ele>1428.59</ele><time>2026-09-03T09:17:53Z</time></trkpt><trkpt lat="47.6551539078" lon="11.4671512228"><ele>1430.12</ele><time>2026-09-03T09:18:04Z</time></trkpt><trkpt lat="47.6551384851" lon="11.4672150090"><ele>1431.52</ele><time>2026-09-03T09:18:15Z</time></trkpt><trkpt lat="47.6551405806" lon="11.4672968164"><ele>1432.82</ele><time>2026-09-03T09:18:26Z</time></trkpt><trkpt lat="47.6551373955" lon="11.4673373848"><ele>1434.29</ele><time>2026-09-03T09:18:37Z</time></trkpt><trkpt lat="47.6551648043" lon="11.4672984090"><ele>1434.40</ele><time>2026-09-03T09:18:51Z</time></trkpt><trkpt lat="47.6551990863" lon="11.4673469402"><ele>1434.73</ele><time>2026-09-03T09:19:01Z</time></trkpt><trkpt lat="47.6551816519" lon="11.4674417395"><ele>1436.18</ele><time>2026-09-03T09:19:12Z</time></trkpt><trkpt lat="47.6551802270" lon="11.4675032627"><ele>1437.69</ele><time>2026-09-03T09:19:22Z</time></trkpt><trkpt lat="47.6551943924" lon="11.4675927814"><ele>1439.42</ele><time>2026-09-03T09:19:36Z</time></trkpt><trkpt lat="47.6551885251" lon="11.4677150734"><ele>1440.85</ele><time>2026-09-03T09:19:47Z</time></trkpt><trkpt lat="47.6551744435" lon="11.4677567314"><ele>1442.31</ele><time>2026-09-03T09:19:56Z</time></trkpt><trkpt lat="47.6551358029" lon="11.4678245410"><ele>1443.81</ele><time>2026-09-03T09:20:07Z</time></trkpt><trkpt lat="47.6551504713" lon="11.4678597450"><ele>1445.10</ele><time>2026-09-03T09:20:17Z</time></trkpt><trkpt lat="47.6551472861" lon="11.4678895008"><ele>1446.69</ele><time>2026-09-03T09:20:29Z</time></trkpt><trkpt lat="47.6551490463" lon="11.4680127986"><ele>1448.07</ele><time>2026-09-03T09:20:41Z</time></trkpt><trkpt lat="47.6551575959" lon="11.4680866431"><ele>1449.15</ele><time>2026-09-03T09:20:52Z</time></trkpt><trkpt lat="47.6551774610" lon="11.4681631699"><ele>1450.54</ele><time>2026-09-03T09:21:03Z</time></trkpt><trkpt lat="47.6552150957" lon="11.4682583883"><ele>1452.00</ele><time>2026-09-03T09:21:15Z</time></trkpt><trkpt lat="47.6552196220" lon="11.4683241863"><ele>1453.36</ele><time>2026-09-03T09:21:27Z</time></trkpt><trkpt lat="47.6552171074" lon="11.4684069157"><ele>1454.91</ele><time>2026-09-03T09:21:39Z</time></trkpt><trkpt lat="47.6552153472" lon="11.4684567042"><ele>1456.44</ele><time>2026-09-03T09:21:50Z</time></trkpt><trkpt lat="47.6552313566" lon="11.4685684349"><ele>1458.34</ele><time>2026-09-03T09:22:02Z</time></trkpt><trkpt lat="47.6552337874" lon="11.4686328918"><ele>1460.15</ele><time>2026-09-03T09:22:16Z</time></trkpt><trkpt lat="47.6552693266" lon="11.4686787408"><ele>1461.84</ele><time>2026-09-03T09:22:27Z</time></trkpt><trkpt lat="47.6552533172" lon="11.4688215684"><ele>1463.53</ele><time>2026-09-03T09:22:40Z</time></trkpt><trkpt lat="47.6552477852" lon="11.4689087402"><ele>1465.00</ele><time>2026-09-03T09:22:51Z</time></trkpt><trkpt lat="47.6552519761" lon="11.4689566847"><ele>1466.45</ele><time>2026-09-03T09:23:02Z</time></trkpt><trkpt lat="47.6552690752" lon="11.4690337982"><ele>1467.90</ele><time>2026-09-03T09:23:12Z</time></trkpt><trkpt lat="47.6552710030" lon="11.4690838382"><ele>1469.48</ele><time>2026-09-03T09:23:24Z</time></trkpt><trkpt lat="47.6552934665" lon="11.4691931382"><ele>1471.33</ele><time>2026-09-03T09:23:36Z</time></trkpt><trkpt lat="47.6553109009" lon="11.4692560025"><ele>1472.86</ele><time>2026-09-03T09:23:49Z</time></trkpt><trkpt lat="47.6553304307" lon="11.4693185315"><ele>1474.29</ele><time>2026-09-03T09:23:59Z</time></trkpt><trkpt lat="47.6553155109" lon="11.4693777915"><ele>1475.29</ele><time>2026-09-03T09:24:10Z</time></trkpt><trkpt lat="47.6553164329" lon="11.4694486186"><ele>1476.90</ele><time>2026-09-03T09:24:22Z</time></trkpt><trkpt lat="47.6553263236" lon="11.4695372153"><ele>1478.30</ele><time>2026-09-03T09:24:35Z</time></trkpt><trkpt lat="47.6553002559" lon="11.4695970621"><ele>1479.60</ele><time>2026-09-03T09:24:46Z</time></trkpt><trkpt lat="47.6553036924" lon="11.4696568251"><ele>1481.03</ele><time>2026-09-03T09:24:57Z</time></trkpt><trkpt lat="47.6552979089" lon="11.4697192702"><ele>1482.72</ele><time>2026-09-03T09:25:09Z</time></trkpt><trkpt lat="47.6552903652" lon="11.4697940368"><ele>1484.27</ele><time>2026-09-03T09:25:20Z</time></trkpt><trkpt lat="47.6552927960" lon="11.4698340185"><ele>1485.54</ele><time>2026-09-03T09:25:31Z</time></trkpt><trkpt lat="47.6552926283" lon="11.4698604215"><ele>1484.89</ele><time>2026-09-03T09:25:46Z</time></trkpt><trkpt lat="47.6553001720" lon="11.4698785264"><ele>1484.54</ele><time>2026-09-03T09:26:00Z</time></trkpt><trkpt lat="47.6553066261" lon="11.4698725753"><ele>1484.57</ele><time>2026-09-03T09:26:13Z</time></trkpt><trkpt lat="47.6553171035" lon="11.4698574040"><ele>1484.90</ele><time>2026-09-03T09:26:27Z</time></trkpt><trkpt lat="47.6553052012" lon="11.4698731620"><ele>1484.91</ele><time>2026-09-03T09:26:42Z</time></trkpt><trkpt lat="47.6552938018" lon="11.4698743355"><ele>1484.53</ele><time>2026-09-03T09:26:57Z</time></trkpt><trkpt lat="47.6553043630" lon="11.4698802866"><ele>1484.41</ele><time>2026-09-03T09:27:11Z</time></trkpt><trkpt lat="47.6553161815" lon="11.4699197654"><ele>1484.41</ele><time>2026-09-03T09:27:26Z</time></trkpt><trkpt lat="47.6553137507" lon="11.4698912669"><ele>1484.41</ele><time>2026-09-03T09:27:37Z</time></trkpt><trkpt lat="47.6553219650" lon="11.4699168317"><ele>1484.41</ele><time>2026-09-03T09:27:47Z</time></trkpt><trkpt lat="47.6553344540" lon="11.4699730743"><ele>1484.41</ele><time>2026-09-03T09:28:00Z</time></trkpt><trkpt lat="47.6553383097" lon="11.4699983876"><ele>1489.40</ele><time>2026-09-03T09:28:03Z</time></trkpt><trkpt lat="47.6553398184" lon="11.4700053446"><ele>1489.41</ele><time>2026-09-03T09:28:04Z</time></trkpt><trkpt lat="47.6553446800" lon="11.4700676221"><ele>1490.27</ele><time>2026-09-03T09:28:15Z</time></trkpt><trkpt lat="47.6553547382" lon="11.4701617509"><ele>1491.18</ele><time>2026-09-03T09:28:24Z</time></trkpt><trkpt lat="47.6553398184" lon="11.4702188317"><ele>1492.54</ele><time>2026-09-03T09:28:36Z</time></trkpt><trkpt lat="47.6553408243" lon="11.4702876471"><ele>1494.33</ele><time>2026-09-03T09:28:46Z</time></trkpt><trkpt lat="47.6553214621" lon="11.4703477453"><ele>1495.87</ele><time>2026-09-03T09:28:56Z</time></trkpt><trkpt lat="47.6553167682" lon="11.4704176504"><ele>1496.82</ele><time>2026-09-03T09:29:09Z</time></trkpt><trkpt lat="47.6553052850" lon="11.4704660978"><ele>1498.48</ele><time>2026-09-03T09:29:20Z</time></trkpt><trkpt lat="47.6552948076" lon="11.4705237653"><ele>1500.40</ele><time>2026-09-03T09:29:34Z</time></trkpt><trkpt lat="47.6552684046" lon="11.4705738053"><ele>1501.71</ele><time>2026-09-03T09:29:45Z</time></trkpt><trkpt lat="47.6552609447" lon="11.4706303831"><ele>1502.74</ele><time>2026-09-03T09:29:57Z</time></trkpt><trkpt lat="47.6552689075" lon="11.4707284514"><ele>1504.15</ele><time>2026-09-03T09:30:09Z</time></trkpt><trkpt lat="47.6552537363" lon="11.4707862865"><ele>1505.87</ele><time>2026-09-03T09:30:21Z</time></trkpt><trkpt lat="47.6552532334" lon="11.4708219934"><ele>1507.64</ele><time>2026-09-03T09:30:32Z</time></trkpt><trkpt lat="47.6552031096" lon="11.4708323032"><ele>1509.24</ele><time>2026-09-03T09:30:42Z</time></trkpt><trkpt lat="47.6551815681" lon="11.4708579518"><ele>1510.23</ele><time>2026-09-03T09:30:51Z</time></trkpt><trkpt lat="47.6551438496" lon="11.4708508272"><ele>1510.70</ele><time>2026-09-03T09:31:05Z</time></trkpt><trkpt lat="47.6551732700" lon="11.4709256776"><ele>1512.46</ele><time>2026-09-03T09:31:15Z</time></trkpt><trkpt lat="47.6551679056" lon="11.4709890448"><ele>1513.96</ele><time>2026-09-03T09:31:26Z</time></trkpt><trkpt lat="47.6551425084" lon="11.4709980972"><ele>1515.25</ele><time>2026-09-03T09:31:37Z</time></trkpt><trkpt lat="47.6551278401" lon="11.4710099157"><ele>1517.03</ele><time>2026-09-03T09:31:48Z</time></trkpt><trkpt lat="47.6551493816" lon="11.4710919745"><ele>1518.89</ele><time>2026-09-03T09:32:01Z</time></trkpt><trkpt lat="47.6551481243" lon="11.4711401705"><ele>1520.08</ele><time>2026-09-03T09:32:13Z</time></trkpt><trkpt lat="47.6551291812" lon="11.4712276775"><ele>1521.20</ele><time>2026-09-03T09:32:23Z</time></trkpt><trkpt lat="47.6551203802" lon="11.4712994266"><ele>1522.62</ele><time>2026-09-03T09:32:36Z</time></trkpt><trkpt lat="47.6551117469" lon="11.4713346306"><ele>1523.51</ele><time>2026-09-03T09:32:47Z</time></trkpt><trkpt lat="47.6550824102" lon="11.4713151846"><ele>1525.07</ele><time>2026-09-03T09:33:00Z</time></trkpt><trkpt lat="47.6550568454" lon="11.4713781327"><ele>1527.12</ele><time>2026-09-03T09:33:14Z</time></trkpt><trkpt lat="47.6550656464" lon="11.4714366384"><ele>1528.59</ele><time>2026-09-03T09:33:24Z</time></trkpt><trkpt lat="47.6550854277" lon="11.4715798851"><ele>1529.71</ele><time>2026-09-03T09:33:36Z</time></trkpt><trkpt lat="47.6550880261" lon="11.4716499578"><ele>1531.11</ele><time>2026-09-03T09:33:47Z</time></trkpt><trkpt lat="47.6550792251" lon="11.4717333578"><ele>1532.52</ele><time>2026-09-03T09:33:59Z</time></trkpt><trkpt lat="47.6550810691" lon="11.4717667177"><ele>1534.22</ele><time>2026-09-03T09:34:10Z</time></trkpt><trkpt lat="47.6551000960" lon="11.4718174282"><ele>1534.38</ele><time>2026-09-03T09:34:22Z</time></trkpt><trkpt lat="47.6551761199" lon="11.4718920272"><ele>1536.63</ele><time>2026-09-03T09:34:34Z</time></trkpt><trkpt lat="47.6552124973" lon="11.4719423186"><ele>1538.78</ele><time>2026-09-03T09:34:46Z</time></trkpt><trkpt lat="47.6552796364" lon="11.4720662870"><ele>1540.25</ele><time>2026-09-03T09:34:58Z</time></trkpt><trkpt lat="47.6552983280" lon="11.4721503574"><ele>1541.78</ele><time>2026-09-03T09:35:10Z</time></trkpt><trkpt lat="47.6552851684" lon="11.4722800255"><ele>1543.50</ele><time>2026-09-03T09:35:22Z</time></trkpt><trkpt lat="47.6552964840" lon="11.4722801093"><ele>1544.68</ele><time>2026-09-03T09:35:32Z</time></trkpt><trkpt lat="47.6553362980" lon="11.4722956158"><ele>1546.04</ele><time>2026-09-03T09:35:45Z</time></trkpt><trkpt lat="47.6553571690" lon="11.4722810313"><ele>1547.87</ele><time>2026-09-03T09:35:55Z</time></trkpt><trkpt lat="47.6553482004" lon="11.4723112062"><ele>1549.25</ele><time>2026-09-03T09:36:05Z</time></trkpt><trkpt lat="47.6553168520" lon="11.4723904151"><ele>1551.19</ele><time>2026-09-03T09:36:16Z</time></trkpt><trkpt lat="47.6552981604" lon="11.4724215120"><ele>1552.89</ele><time>2026-09-03T09:36:27Z</time></trkpt><trkpt lat="47.6552995853" lon="11.4725061692"><ele>1554.53</ele><time>2026-09-03T09:36:40Z</time></trkpt><trkpt lat="47.6553191151" lon="11.4725496713"><ele>1556.09</ele><time>2026-09-03T09:36:53Z</time></trkpt><trkpt lat="47.6553484518" lon="11.4726266172"><ele>1556.69</ele><time>2026-09-03T09:37:03Z</time></trkpt><trkpt lat="47.6553520560" lon="11.4726781659"><ele>1558.09</ele><time>2026-09-03T09:37:12Z</time></trkpt><trkpt lat="47.6553673949" lon="11.4727069158"><ele>1559.50</ele><time>2026-09-03T09:37:23Z</time></trkpt><trkpt lat="47.6553768665" lon="11.4727378450"><ele>1560.44</ele><time>2026-09-03T09:37:34Z</time></trkpt><trkpt lat="47.6554067899" lon="11.4727434609"><ele>1562.84</ele><time>2026-09-03T09:37:47Z</time></trkpt><trkpt lat="47.6554839034" lon="11.4728110190"><ele>1563.08</ele><time>2026-09-03T09:38:01Z</time></trkpt><trkpt lat="47.6555080432" lon="11.4728348237"><ele>1563.73</ele><time>2026-09-03T09:38:07Z</time></trkpt><trkpt lat="47.6555981487" lon="11.4728625678"><ele>1565.17</ele><time>2026-09-03T09:38:21Z</time></trkpt><trkpt lat="47.6556583308" lon="11.4728967659"><ele>1566.87</ele><time>2026-09-03T09:38:32Z</time></trkpt><trkpt lat="47.6556843985" lon="11.4729857817"><ele>1567.36</ele><time>2026-09-03T09:38:41Z</time></trkpt><trkpt lat="47.6556883380" lon="11.4729943313"><ele>1567.34</ele><time>2026-09-03T09:38:55Z</time></trkpt><trkpt lat="47.6556945406" lon="11.4729950018"><ele>1567.01</ele><time>2026-09-03T09:39:09Z</time></trkpt><trkpt lat="47.6556887571" lon="11.4729991090"><ele>1566.24</ele><time>2026-09-03T09:39:21Z</time></trkpt><trkpt lat="47.6556802914" lon="11.4729802497"><ele>1566.15</ele><time>2026-09-03T09:39:40Z</time></trkpt><trkpt lat="47.6556922775" lon="11.4730058145"><ele>1566.10</ele><time>2026-09-03T09:40:23Z</time></trkpt><trkpt lat="47.6556867454" lon="11.4730091672"><ele>1566.09</ele><time>2026-09-03T09:40:37Z</time></trkpt><trkpt lat="47.6556678861" lon="11.4730638172"><ele>1566.09</ele><time>2026-09-03T09:40:50Z</time></trkpt><trkpt lat="47.6556246355" lon="11.4731203113"><ele>1566.09</ele><time>2026-09-03T09:40:59Z</time></trkpt><trkpt lat="47.6555638667" lon="11.4731877018"><ele>1565.92</ele><time>2026-09-03T09:41:09Z</time></trkpt><trkpt lat="47.6555081271" lon="11.4732821658"><ele>1563.74</ele><time>2026-09-03T09:41:20Z</time></trkpt><trkpt lat="47.6554607693" lon="11.4733457845"><ele>1562.29</ele><time>2026-09-03T09:41:29Z</time></trkpt><trkpt lat="47.6554387249" lon="11.4733998477"><ele>1561.18</ele><time>2026-09-03T09:41:36Z</time></trkpt><trkpt lat="47.6553925406" lon="11.4734583534"><ele>1559.79</ele><time>2026-09-03T09:41:45Z</time></trkpt><trkpt lat="47.6553305145" lon="11.4735216368"><ele>1558.56</ele><time>2026-09-03T09:41:54Z</time></trkpt><trkpt lat="47.6552881859" lon="11.4735961519"><ele>1557.25</ele><time>2026-09-03T09:42:03Z</time></trkpt><trkpt lat="47.6552646328" lon="11.4736420847"><ele>1556.39</ele><time>2026-09-03T09:42:10Z</time></trkpt><trkpt lat="47.6552696619" lon="11.4737279154"><ele>1555.32</ele><time>2026-09-03T09:42:20Z</time></trkpt><trkpt lat="47.6552658901" lon="11.4738308452"><ele>1554.33</ele><time>2026-09-03T09:42:29Z</time></trkpt><trkpt lat="47.6552860904" lon="11.4739217050"><ele>1553.19</ele><time>2026-09-03T09:42:37Z</time></trkpt><trkpt lat="47.6552395709" lon="11.4740145765"><ele>1552.44</ele><time>2026-09-03T09:42:46Z</time></trkpt><trkpt lat="47.6552178618" lon="11.4741019998"><ele>1551.75</ele><time>2026-09-03T09:42:54Z</time></trkpt><trkpt lat="47.6551834121" lon="11.4741929434"><ele>1551.32</ele><time>2026-09-03T09:43:03Z</time></trkpt><trkpt lat="47.6551646367" lon="11.4742900897"><ele>1550.37</ele><time>2026-09-03T09:43:13Z</time></trkpt><trkpt lat="47.6551247388" lon="11.4744185843"><ele>1549.13</ele><time>2026-09-03T09:43:23Z</time></trkpt><trkpt lat="47.6550810691" lon="11.4745020680"><ele>1550.20</ele><time>2026-09-03T09:43:34Z</time></trkpt><trkpt lat="47.6550833322" lon="11.4745356794"><ele>1550.59</ele><time>2026-09-03T09:43:38Z</time></trkpt><trkpt lat="47.6550855953" lon="11.4746234380"><ele>1550.83</ele><time>2026-09-03T09:43:47Z</time></trkpt><trkpt lat="47.6550737768" lon="11.4746868052"><ele>1550.72</ele><time>2026-09-03T09:43:54Z</time></trkpt><trkpt lat="47.6550529897" lon="11.4746987075"><ele>1550.71</ele><time>2026-09-03T09:43:58Z</time></trkpt><trkpt lat="47.6550467033" lon="11.4747440536"><ele>1551.77</ele><time>2026-09-03T09:44:07Z</time></trkpt><trkpt lat="47.6550402492" lon="11.4747712109"><ele>1552.26</ele><time>2026-09-03T09:44:18Z</time></trkpt><trkpt lat="47.6550388243" lon="11.4748384338"><ele>1552.26</ele><time>2026-09-03T09:44:20Z</time></trkpt><trkpt lat="47.6550289337" lon="11.4749237616"><ele>1551.72</ele><time>2026-09-03T09:44:27Z</time></trkpt><trkpt lat="47.6550247427" lon="11.4749929123"><ele>1553.02</ele><time>2026-09-03T09:44:36Z</time></trkpt><trkpt lat="47.6550177857" lon="11.4750333969"><ele>1553.86</ele><time>2026-09-03T09:44:42Z</time></trkpt><trkpt lat="47.6549958251" lon="11.4750606380"><ele>1554.86</ele><time>2026-09-03T09:44:50Z</time></trkpt><trkpt lat="47.6549741998" lon="11.4750894718"><ele>1555.50</ele><time>2026-09-03T09:44:57Z</time></trkpt><trkpt lat="47.6549736131" lon="11.4751051459"><ele>1556.29</ele><time>2026-09-03T09:45:02Z</time></trkpt><trkpt lat="47.6549679134" lon="11.4751316328"><ele>1556.87</ele><time>2026-09-03T09:45:06Z</time></trkpt><trkpt lat="47.6549441088" lon="11.4751499891"><ele>1557.96</ele><time>2026-09-03T09:45:15Z</time></trkpt><trkpt lat="47.6549244951" lon="11.4751693513"><ele>1558.75</ele><time>2026-09-03T09:45:21Z</time></trkpt><trkpt lat="47.6548791490" lon="11.4751939103"><ele>1560.20</ele><time>2026-09-03T09:45:29Z</time></trkpt><trkpt lat="47.6548714377" lon="11.4752219059"><ele>1560.86</ele><time>2026-09-03T09:45:33Z</time></trkpt><trkpt lat="47.6548206434" lon="11.4752673358"><ele>1561.99</ele><time>2026-09-03T09:45:41Z</time></trkpt><trkpt lat="47.6548331324" lon="11.4753155317"><ele>1562.54</ele><time>2026-09-03T09:45:45Z</time></trkpt><trkpt lat="47.6547973417" lon="11.4754089899"><ele>1563.86</ele><time>2026-09-03T09:45:58Z</time></trkpt><trkpt lat="47.6547825057" lon="11.4754635561"><ele>1564.89</ele><time>2026-09-03T09:46:08Z</time></trkpt><trkpt lat="47.6547839306" lon="11.4755149372"><ele>1566.25</ele><time>2026-09-03T09:46:16Z</time></trkpt><trkpt lat="47.6547706872" lon="11.4755668212"><ele>1567.63</ele><time>2026-09-03T09:46:26Z</time></trkpt><trkpt lat="47.6547580305" lon="11.4755926374"><ele>1568.75</ele><time>2026-09-03T09:46:35Z</time></trkpt><trkpt lat="47.6547404286" lon="11.4756228123"><ele>1569.58</ele><time>2026-09-03T09:46:43Z</time></trkpt><trkpt lat="47.6547478046" lon="11.4756615367"><ele>1570.57</ele><time>2026-09-03T09:46:48Z</time></trkpt><trkpt lat="47.6547327172" lon="11.4757147618"><ele>1572.52</ele><time>2026-09-03T09:47:00Z</time></trkpt><trkpt lat="47.6547267660" lon="11.4757376444"><ele>1573.08</ele><time>2026-09-03T09:47:10Z</time></trkpt><trkpt lat="47.6547162049" lon="11.4757959824"><ele>1574.07</ele><time>2026-09-03T09:47:17Z</time></trkpt><trkpt lat="47.6546926517" lon="11.4758155961"><ele>1575.90</ele><time>2026-09-03T09:47:24Z</time></trkpt><trkpt lat="47.6546708588" lon="11.4758578409"><ele>1577.53</ele><time>2026-09-03T09:47:34Z</time></trkpt><trkpt lat="47.6546648238" lon="11.4758744370"><ele>1578.09</ele><time>2026-09-03T09:47:38Z</time></trkpt><trkpt lat="47.6546297036" lon="11.4758974034"><ele>1578.77</ele><time>2026-09-03T09:47:47Z</time></trkpt><trkpt lat="47.6546080783" lon="11.4759035222"><ele>1580.72</ele><time>2026-09-03T09:47:57Z</time></trkpt><trkpt lat="47.6546134427" lon="11.4759640396"><ele>1582.35</ele><time>2026-09-03T09:48:08Z</time></trkpt><trkpt lat="47.6546266861" lon="11.4759938791"><ele>1583.20</ele><time>2026-09-03T09:48:14Z</time></trkpt><trkpt lat="47.6546519995" lon="11.4760113135"><ele>1583.87</ele><time>2026-09-03T09:48:19Z</time></trkpt><trkpt lat="47.6546569448" lon="11.4760288317"><ele>1584.07</ele><time>2026-09-03T09:48:23Z</time></trkpt><trkpt lat="47.6546408515" lon="11.4760840684"><ele>1584.51</ele><time>2026-09-03T09:48:31Z</time></trkpt><trkpt lat="47.6546460483" lon="11.4761129022"><ele>1585.20</ele><time>2026-09-03T09:48:35Z</time></trkpt><trkpt lat="47.6546380017" lon="11.4761216193"><ele>1585.96</ele><time>2026-09-03T09:48:40Z</time></trkpt><trkpt lat="47.6546273567" lon="11.4761325996"><ele>1586.40</ele><time>2026-09-03T09:48:43Z</time></trkpt><trkpt lat="47.6546433661" lon="11.4761498664"><ele>1586.93</ele><time>2026-09-03T09:48:46Z</time></trkpt><trkpt lat="47.6546371635" lon="11.4761689771"><ele>1587.65</ele><time>2026-09-03T09:48:50Z</time></trkpt><trkpt lat="47.6546198968" lon="11.4762086235"><ele>1589.25</ele><time>2026-09-03T09:48:59Z</time></trkpt><trkpt lat="47.6546274405" lon="11.4762189332"><ele>1589.86</ele><time>2026-09-03T09:49:02Z</time></trkpt><trkpt lat="47.6546190586" lon="11.4762387145"><ele>1590.51</ele><time>2026-09-03T09:49:06Z</time></trkpt><trkpt lat="47.6546206512" lon="11.4762714878"><ele>1591.34</ele><time>2026-09-03T09:49:13Z</time></trkpt><trkpt lat="47.6546443719" lon="11.4763107151"><ele>1592.23</ele><time>2026-09-03T09:49:19Z</time></trkpt><trkpt lat="47.6546261832" lon="11.4763173368"><ele>1593.00</ele><time>2026-09-03T09:49:23Z</time></trkpt><trkpt lat="47.6546312962" lon="11.4763493557"><ele>1593.45</ele><time>2026-09-03T09:49:27Z</time></trkpt><trkpt lat="47.6546410192" lon="11.4763573185"><ele>1593.54</ele><time>2026-09-03T09:49:28Z</time></trkpt><trkpt lat="47.6546112634" lon="11.4764128067"><ele>1595.49</ele><time>2026-09-03T09:49:40Z</time></trkpt><trkpt lat="47.6546042226" lon="11.4764589909"><ele>1597.06</ele><time>2026-09-03T09:49:51Z</time></trkpt><trkpt lat="47.6546176337" lon="11.4764994755"><ele>1598.11</ele><time>2026-09-03T09:49:59Z</time></trkpt><trkpt lat="47.6546258479" lon="11.4765485935"><ele>1599.69</ele><time>2026-09-03T09:50:11Z</time></trkpt><trkpt lat="47.6546126883" lon="11.4765573945"><ele>1600.87</ele><time>2026-09-03T09:50:19Z</time></trkpt><trkpt lat="47.6545831840" lon="11.4765661955"><ele>1601.39</ele><time>2026-09-03T09:50:24Z</time></trkpt><trkpt lat="47.6544980239" lon="11.4765399601"><ele>1602.79</ele><time>2026-09-03T09:50:35Z</time></trkpt><trkpt lat="47.6544829365" lon="11.4765526168"><ele>1604.29</ele><time>2026-09-03T09:50:46Z</time></trkpt><trkpt lat="47.6545042265" lon="11.4766454883"><ele>1605.59</ele><time>2026-09-03T09:50:59Z</time></trkpt><trkpt lat="47.6545319706" lon="11.4767140523"><ele>1606.59</ele><time>2026-09-03T09:51:09Z</time></trkpt><trkpt lat="47.6545456331" lon="11.4767671097"><ele>1608.31</ele><time>2026-09-03T09:51:19Z</time></trkpt><trkpt lat="47.6545644086" lon="11.4768336620"><ele>1609.49</ele><time>2026-09-03T09:51:31Z</time></trkpt><trkpt lat="47.6545706112" lon="11.4768931735"><ele>1610.65</ele><time>2026-09-03T09:51:41Z</time></trkpt><trkpt lat="47.6545710303" lon="11.4769793395"><ele>1612.20</ele><time>2026-09-03T09:51:52Z</time></trkpt><trkpt lat="47.6545513328" lon="11.4770285413"><ele>1613.08</ele><time>2026-09-03T09:52:01Z</time></trkpt><trkpt lat="47.6545283664" lon="11.4770350792"><ele>1614.33</ele><time>2026-09-03T09:52:10Z</time></trkpt><trkpt lat="47.6544973534" lon="11.4770643320"><ele>1615.40</ele><time>2026-09-03T09:52:20Z</time></trkpt><trkpt lat="47.6544698607" lon="11.4771058224"><ele>1617.27</ele><time>2026-09-03T09:52:31Z</time></trkpt><trkpt lat="47.6544858702" lon="11.4771582931"><ele>1618.92</ele><time>2026-09-03T09:52:41Z</time></trkpt><trkpt lat="47.6544919051" lon="11.4772236720"><ele>1620.07</ele><time>2026-09-03T09:52:53Z</time></trkpt><trkpt lat="47.6545058191" lon="11.4772705268"><ele>1621.69</ele><time>2026-09-03T09:53:04Z</time></trkpt><trkpt lat="47.6544541866" lon="11.4773574471"><ele>1623.56</ele><time>2026-09-03T09:53:17Z</time></trkpt><trkpt lat="47.6544157974" lon="11.4773417730"><ele>1625.16</ele><time>2026-09-03T09:53:32Z</time></trkpt><trkpt lat="47.6544021349" lon="11.4773286972"><ele>1625.91</ele><time>2026-09-03T09:53:44Z</time></trkpt><trkpt lat="47.6543707028" lon="11.4772964269"><ele>1626.09</ele><time>2026-09-03T09:53:56Z</time></trkpt><trkpt lat="47.6543154661" lon="11.4772610553"><ele>1626.18</ele><time>2026-09-03T09:54:07Z</time></trkpt><trkpt lat="47.6542989537" lon="11.4772728737"><ele>1626.09</ele><time>2026-09-03T09:54:09Z</time></trkpt><trkpt lat="47.6541785896" lon="11.4774126001"><ele>1625.99</ele><time>2026-09-03T09:54:21Z</time></trkpt><trkpt lat="47.6541605685" lon="11.4774001110"><ele>1626.07</ele><time>2026-09-03T09:54:35Z</time></trkpt><trkpt lat="47.6541471574" lon="11.4774315432"><ele>1626.03</ele><time>2026-09-03T09:54:48Z</time></trkpt><trkpt lat="47.6541738119" lon="11.4773853589"><ele>1626.05</ele><time>2026-09-03T09:55:02Z</time></trkpt><trkpt lat="47.6542258635" lon="11.4774032962"><ele>1627.15</ele><time>2026-09-03T09:55:12Z</time></trkpt><trkpt lat="47.6542821061" lon="11.4774583653"><ele>1628.84</ele><time>2026-09-03T09:55:20Z</time></trkpt><trkpt lat="47.6542688627" lon="11.4774999395"><ele>1630.35</ele><time>2026-09-03T09:55:32Z</time></trkpt><trkpt lat="47.6541965269" lon="11.4774361532"><ele>1630.85</ele><time>2026-09-03T09:55:42Z</time></trkpt><trkpt lat="47.6541689504" lon="11.4773525856"><ele>1631.98</ele><time>2026-09-03T09:55:51Z</time></trkpt><trkpt lat="47.6541183237" lon="11.4773103409"><ele>1632.76</ele><time>2026-09-03T09:56:01Z</time></trkpt><trkpt lat="47.6540603209" lon="11.4772684313"><ele>1634.12</ele><time>2026-09-03T09:56:09Z</time></trkpt><trkpt lat="47.6540373545" lon="11.4772542659"><ele>1634.89</ele><time>2026-09-03T09:56:13Z</time></trkpt><trkpt lat="47.6540086884" lon="11.4772255998"><ele>1635.49</ele><time>2026-09-03T09:56:26Z</time></trkpt><trkpt lat="47.6540536992" lon="11.4770772401"><ele>1636.94</ele><time>2026-09-03T09:56:37Z</time></trkpt><trkpt lat="47.6540577225" lon="11.4770867117"><ele>1638.21</ele><time>2026-09-03T09:56:46Z</time></trkpt><trkpt lat="47.6540764142" lon="11.4771409426"><ele>1639.15</ele><time>2026-09-03T09:56:53Z</time></trkpt><trkpt lat="47.6540985424" lon="11.4772096742"><ele>1640.49</ele><time>2026-09-03T09:57:02Z</time></trkpt><trkpt lat="47.6541174017" lon="11.4772810880"><ele>1642.07</ele><time>2026-09-03T09:57:13Z</time></trkpt><trkpt lat="47.6541603170" lon="11.4773726184"><ele>1644.07</ele><time>2026-09-03T09:57:25Z</time></trkpt><trkpt lat="47.6541373506" lon="11.4774035476"><ele>1645.31</ele><time>2026-09-03T09:57:35Z</time></trkpt><trkpt lat="47.6540640928" lon="11.4773992728"><ele>1646.92</ele><time>2026-09-03T09:57:46Z</time></trkpt><trkpt lat="47.6540613268" lon="11.4774234965"><ele>1648.37</ele><time>2026-09-03T09:57:55Z</time></trkpt><trkpt lat="47.6540786773" lon="11.4774609637"><ele>1649.39</ele><time>2026-09-03T09:58:01Z</time></trkpt><trkpt lat="47.6540778391" lon="11.4775295276"><ele>1651.08</ele><time>2026-09-03T09:58:15Z</time></trkpt><trkpt lat="47.6540533639" lon="11.4775254205"><ele>1652.82</ele><time>2026-09-03T09:58:25Z</time></trkpt><trkpt lat="47.6540514361" lon="11.4775345568"><ele>1654.01</ele><time>2026-09-03T09:58:36Z</time></trkpt><trkpt lat="47.6540402882" lon="11.4776071440"><ele>1656.55</ele><time>2026-09-03T09:58:49Z</time></trkpt><trkpt lat="47.6540400367" lon="11.4776275121"><ele>1658.33</ele><time>2026-09-03T09:58:59Z</time></trkpt><trkpt lat="47.6540182438" lon="11.4776229858"><ele>1658.11</ele><time>2026-09-03T09:59:09Z</time></trkpt><trkpt lat="47.6540210098" lon="11.4776327088"><ele>1658.46</ele><time>2026-09-03T09:59:16Z</time></trkpt><trkpt lat="47.6540303975" lon="11.4776551723"><ele>1657.57</ele><time>2026-09-03T09:59:41Z</time></trkpt><trkpt lat="47.6540319901" lon="11.4776482154"><ele>1658.05</ele><time>2026-09-03T09:59:52Z</time></trkpt><trkpt lat="47.6540283021" lon="11.4776364807"><ele>1658.58</ele><time>2026-09-03T10:00:01Z</time></trkpt><trkpt lat="47.6540293917" lon="11.4776359778"><ele>1658.69</ele><time>2026-09-03T10:00:14Z</time></trkpt><trkpt lat="47.6540389471" lon="11.4776545018"><ele>1659.17</ele><time>2026-09-03T10:00:23Z</time></trkpt><trkpt lat="47.6540496759" lon="11.4776528254"><ele>1658.50</ele><time>2026-09-03T10:00:36Z</time></trkpt><trkpt lat="47.6540713850" lon="11.4776187111"><ele>1658.58</ele><time>2026-09-03T10:00:44Z</time></trkpt><trkpt lat="47.6540401205" lon="11.4776297752"><ele>1660.01</ele><time>2026-09-03T10:00:53Z</time></trkpt><trkpt lat="47.6540248655" lon="11.4776077308"><ele>1660.19</ele><time>2026-09-03T10:01:02Z</time></trkpt><trkpt lat="47.6539974567" lon="11.4775828365"><ele>1661.23</ele><time>2026-09-03T10:01:14Z</time></trkpt><trkpt lat="47.6539603248" lon="11.4775685035"><ele>1662.56</ele><time>2026-09-03T10:01:26Z</time></trkpt><trkpt lat="47.6539324131" lon="11.4775804896"><ele>1664.39</ele><time>2026-09-03T10:01:38Z</time></trkpt><trkpt lat="47.6539183315" lon="11.4776146878"><ele>1666.18</ele><time>2026-09-03T10:01:47Z</time></trkpt><trkpt lat="47.6539104525" lon="11.4776342176"><ele>1667.47</ele><time>2026-09-03T10:01:58Z</time></trkpt><trkpt lat="47.6539105363" lon="11.4776394982"><ele>1668.33</ele><time>2026-09-03T10:02:07Z</time></trkpt><trkpt lat="47.6539058425" lon="11.4776520710"><ele>1669.87</ele><time>2026-09-03T10:02:20Z</time></trkpt><trkpt lat="47.6538983826" lon="11.4776845090"><ele>1671.35</ele><time>2026-09-03T10:02:31Z</time></trkpt><trkpt lat="47.6538874023" lon="11.4776850957"><ele>1672.76</ele><time>2026-09-03T10:02:42Z</time></trkpt><trkpt lat="47.6538723148" lon="11.4776780549"><ele>1674.15</ele><time>2026-09-03T10:02:54Z</time></trkpt><trkpt lat="47.6538649388" lon="11.4776677452"><ele>1674.63</ele><time>2026-09-03T10:03:05Z</time></trkpt><trkpt lat="47.6538545452" lon="11.4776598662"><ele>1675.33</ele><time>2026-09-03T10:03:17Z</time></trkpt><trkpt lat="47.6538449898" lon="11.4776509814"><ele>1676.17</ele><time>2026-09-03T10:03:28Z</time></trkpt><trkpt lat="47.6538334228" lon="11.4776331279"><ele>1677.86</ele><time>2026-09-03T10:03:39Z</time></trkpt><trkpt lat="47.6538103726" lon="11.4776215609"><ele>1679.15</ele><time>2026-09-03T10:03:49Z</time></trkpt><trkpt lat="47.6537936088" lon="11.4776172861"><ele>1680.66</ele><time>2026-09-03T10:03:58Z</time></trkpt><trkpt lat="47.6537935250" lon="11.4775674138"><ele>1681.67</ele><time>2026-09-03T10:04:09Z</time></trkpt><trkpt lat="47.6537806168" lon="11.4775364008"><ele>1682.85</ele><time>2026-09-03T10:04:19Z</time></trkpt><trkpt lat="47.6537630986" lon="11.4775139373"><ele>1683.50</ele><time>2026-09-03T10:04:32Z</time></trkpt><trkpt lat="47.6537400484" lon="11.4774835110"><ele>1684.28</ele><time>2026-09-03T10:04:42Z</time></trkpt><trkpt lat="47.6537269726" lon="11.4774741232"><ele>1685.29</ele><time>2026-09-03T10:04:52Z</time></trkpt><trkpt lat="47.6537252963" lon="11.4774311241"><ele>1686.42</ele><time>2026-09-03T10:05:03Z</time></trkpt><trkpt lat="47.6537423115" lon="11.4774126001"><ele>1687.43</ele><time>2026-09-03T10:05:17Z</time></trkpt><trkpt lat="47.6537592430" lon="11.4773587883"><ele>1688.38</ele><time>2026-09-03T10:05:27Z</time></trkpt><trkpt lat="47.6537355222" lon="11.4772998635"><ele>1690.31</ele><time>2026-09-03T10:05:37Z</time></trkpt><trkpt lat="47.6537104603" lon="11.4772786573"><ele>1691.91</ele><time>2026-09-03T10:05:52Z</time></trkpt><trkpt lat="47.6537010726" lon="11.4772320539"><ele>1693.07</ele><time>2026-09-03T10:06:05Z</time></trkpt><trkpt lat="47.6537031680" lon="11.4772084169"><ele>1694.26</ele><time>2026-09-03T10:06:18Z</time></trkpt><trkpt lat="47.6536941156" lon="11.4772255160"><ele>1694.90</ele><time>2026-09-03T10:06:26Z</time></trkpt><trkpt lat="47.6536703948" lon="11.4772260189"><ele>1696.34</ele><time>2026-09-03T10:06:37Z</time></trkpt><trkpt lat="47.6536488533" lon="11.4772286173"><ele>1697.66</ele><time>2026-09-03T10:06:48Z</time></trkpt><trkpt lat="47.6536375377" lon="11.4772302099"><ele>1698.90</ele><time>2026-09-03T10:06:57Z</time></trkpt><trkpt lat="47.6536341012" lon="11.4772125240"><ele>1700.53</ele><time>2026-09-03T10:07:13Z</time></trkpt><trkpt lat="47.6536177564" lon="11.4772012085"><ele>1700.97</ele><time>2026-09-03T10:07:25Z</time></trkpt><trkpt lat="47.6536075305" lon="11.4771893900"><ele>1702.33</ele><time>2026-09-03T10:07:35Z</time></trkpt><trkpt lat="47.6535889227" lon="11.4771681000"><ele>1703.47</ele><time>2026-09-03T10:07:46Z</time></trkpt><trkpt lat="47.6535888389" lon="11.4771467261"><ele>1704.79</ele><time>2026-09-03T10:07:59Z</time></trkpt><trkpt lat="47.6535901800" lon="11.4771149587"><ele>1706.56</ele><time>2026-09-03T10:08:11Z</time></trkpt><trkpt lat="47.6535756793" lon="11.4771120250"><ele>1707.43</ele><time>2026-09-03T10:08:22Z</time></trkpt><trkpt lat="47.6535593346" lon="11.4770815987"><ele>1708.74</ele><time>2026-09-03T10:08:32Z</time></trkpt><trkpt lat="47.6535401400" lon="11.4770693611"><ele>1709.96</ele><time>2026-09-03T10:08:45Z</time></trkpt><trkpt lat="47.6535180118" lon="11.4770717919"><ele>1710.98</ele><time>2026-09-03T10:08:56Z</time></trkpt><trkpt lat="47.6535071991" lon="11.4770593029"><ele>1712.01</ele><time>2026-09-03T10:09:08Z</time></trkpt><trkpt lat="47.6534932014" lon="11.4770380128"><ele>1712.72</ele><time>2026-09-03T10:09:19Z</time></trkpt><trkpt lat="47.6534929499" lon="11.4770054910"><ele>1713.23</ele><time>2026-09-03T10:09:33Z</time></trkpt><trkpt lat="47.6535064448" lon="11.4769948460"><ele>1714.13</ele><time>2026-09-03T10:09:48Z</time></trkpt><trkpt lat="47.6535020024" lon="11.4770142082"><ele>1714.56</ele><time>2026-09-03T10:10:00Z</time></trkpt><trkpt lat="47.6534850709" lon="11.4769997913"><ele>1716.07</ele><time>2026-09-03T10:10:12Z</time></trkpt><trkpt lat="47.6534716599" lon="11.4769806806"><ele>1717.50</ele><time>2026-09-03T10:10:24Z</time></trkpt><trkpt lat="47.6534901001" lon="11.4769529365"><ele>1718.70</ele><time>2026-09-03T10:10:39Z</time></trkpt><trkpt lat="47.6534860767" lon="11.4769197442"><ele>1720.10</ele><time>2026-09-03T10:10:53Z</time></trkpt><trkpt lat="47.6534702349" lon="11.4769113623"><ele>1721.58</ele><time>2026-09-03T10:11:05Z</time></trkpt><trkpt lat="47.6534623560" lon="11.4769148827"><ele>1723.40</ele><time>2026-09-03T10:11:16Z</time></trkpt><trkpt lat="47.6534528844" lon="11.4768887311"><ele>1724.87</ele><time>2026-09-03T10:11:26Z</time></trkpt><trkpt lat="47.6534433290" lon="11.4768632501"><ele>1726.33</ele><time>2026-09-03T10:11:35Z</time></trkpt><trkpt lat="47.6534428261" lon="11.4768416248"><ele>1726.51</ele><time>2026-09-03T10:11:43Z</time></trkpt><trkpt lat="47.6534412336" lon="11.4768386912"><ele>1726.46</ele><time>2026-09-03T10:11:55Z</time></trkpt><trkpt lat="47.6534287445" lon="11.4768259507"><ele>1725.77</ele><time>2026-09-03T10:12:07Z</time></trkpt><trkpt lat="47.6534226257" lon="11.4768145513"><ele>1724.94</ele><time>2026-09-03T10:12:18Z</time></trkpt><trkpt lat="47.6534124836" lon="11.4767956920"><ele>1724.63</ele><time>2026-09-03T10:12:31Z</time></trkpt><trkpt lat="47.6534051914" lon="11.4767901599"><ele>1724.34</ele><time>2026-09-03T10:12:45Z</time></trkpt><trkpt lat="47.6533894334" lon="11.4767800178"><ele>1723.88</ele><time>2026-09-03T10:12:57Z</time></trkpt><trkpt lat="47.6533655450" lon="11.4767915010"><ele>1723.16</ele><time>2026-09-03T10:13:05Z</time></trkpt><trkpt lat="47.6533396449" lon="11.4767746534"><ele>1722.37</ele><time>2026-09-03T10:13:15Z</time></trkpt><trkpt lat="47.6533311792" lon="11.4767375216"><ele>1722.88</ele><time>2026-09-03T10:13:19Z</time></trkpt><trkpt lat="47.6533363760" lon="11.4766982943"><ele>1723.79</ele><time>2026-09-03T10:13:26Z</time></trkpt><trkpt lat="47.6533358730" lon="11.4766341727"><ele>1723.78</ele><time>2026-09-03T10:13:36Z</time></trkpt><trkpt lat="47.6533047762" lon="11.4765636809"><ele>1723.97</ele><time>2026-09-03T10:13:45Z</time></trkpt><trkpt lat="47.6532635372" lon="11.4765184186"><ele>1723.97</ele><time>2026-09-03T10:13:53Z</time></trkpt><trkpt lat="47.6532350387" lon="11.4764557220"><ele>1723.97</ele><time>2026-09-03T10:14:01Z</time></trkpt><trkpt lat="47.6532307640" lon="11.4763978031"><ele>1723.97</ele><time>2026-09-03T10:14:11Z</time></trkpt><trkpt lat="47.6532269921" lon="11.4763642754"><ele>1723.97</ele><time>2026-09-03T10:14:18Z</time></trkpt><trkpt lat="47.6532140840" lon="11.4763520379"><ele>1723.97</ele><time>2026-09-03T10:14:30Z</time></trkpt><trkpt lat="47.6532076299" lon="11.4763393812"><ele>1730.21</ele><time>2026-09-03T10:14:41Z</time></trkpt><trkpt lat="47.6532052830" lon="11.4763399679"><ele>1730.16</ele><time>2026-09-03T10:14:42Z</time></trkpt><trkpt lat="47.6531881839" lon="11.4763032552"><ele>1731.17</ele><time>2026-09-03T10:14:53Z</time></trkpt><trkpt lat="47.6531823166" lon="11.4762230404"><ele>1732.45</ele><time>2026-09-03T10:15:03Z</time></trkpt><trkpt lat="47.6531272475" lon="11.4762058575"><ele>1733.38</ele><time>2026-09-03T10:15:12Z</time></trkpt><trkpt lat="47.6531079691" lon="11.4761566557"><ele>1734.57</ele><time>2026-09-03T10:15:21Z</time></trkpt><trkpt lat="47.6530733518" lon="11.4760773629"><ele>1734.46</ele><time>2026-09-03T10:15:28Z</time></trkpt><trkpt lat="47.6530273352" lon="11.4760028478"><ele>1735.07</ele><time>2026-09-03T10:15:37Z</time></trkpt><trkpt lat="47.6530293468" lon="11.4759538975"><ele>1734.82</ele><time>2026-09-03T10:15:46Z</time></trkpt><trkpt lat="47.6529972441" lon="11.4758449327"><ele>1734.23</ele><time>2026-09-03T10:15:54Z</time></trkpt><trkpt lat="47.6529739425" lon="11.4757586829"><ele>1734.40</ele><time>2026-09-03T10:16:02Z</time></trkpt><trkpt lat="47.6529610343" lon="11.4757321961"><ele>1734.69</ele><time>2026-09-03T10:16:05Z</time></trkpt><trkpt lat="47.6529422589" lon="11.4757064637"><ele>1735.85</ele><time>2026-09-03T10:16:20Z</time></trkpt><trkpt lat="47.6529156882" lon="11.4756233152"><ele>1737.38</ele><time>2026-09-03T10:16:28Z</time></trkpt><trkpt lat="47.6529382356" lon="11.4755360596"><ele>1739.00</ele><time>2026-09-03T10:16:37Z</time></trkpt><trkpt lat="47.6529481262" lon="11.4754590299"><ele>1740.66</ele><time>2026-09-03T10:16:50Z</time></trkpt><trkpt lat="47.6529503055" lon="11.4754141029"><ele>1742.01</ele><time>2026-09-03T10:17:01Z</time></trkpt><trkpt lat="47.6529105753" lon="11.4753837604"><ele>1743.29</ele><time>2026-09-03T10:17:11Z</time></trkpt><trkpt lat="47.6529082283" lon="11.4753894601"><ele>1743.63</ele><time>2026-09-03T10:17:26Z</time></trkpt><trkpt lat="47.6529154368" lon="11.4753586147"><ele>1743.87</ele><time>2026-09-03T10:17:51Z</time></trkpt><trkpt lat="47.6529328711" lon="11.4752870332"><ele>1744.60</ele><time>2026-09-03T10:18:00Z</time></trkpt><trkpt lat="47.6529355533" lon="11.4752196427"><ele>1745.84</ele><time>2026-09-03T10:18:09Z</time></trkpt><trkpt lat="47.6529211365" lon="11.4752006996"><ele>1747.47</ele><time>2026-09-03T10:18:16Z</time></trkpt><trkpt lat="47.6528921351" lon="11.4751949999"><ele>1748.55</ele><time>2026-09-03T10:18:24Z</time></trkpt><trkpt lat="47.6528762095" lon="11.4751723688"><ele>1749.94</ele><time>2026-09-03T10:18:36Z</time></trkpt><trkpt lat="47.6528648939" lon="11.4751217421"><ele>1750.61</ele><time>2026-09-03T10:18:49Z</time></trkpt><trkpt lat="47.6528659835" lon="11.4751017932"><ele>1751.68</ele><time>2026-09-03T10:19:00Z</time></trkpt><trkpt lat="47.6528706774" lon="11.4750624821"><ele>1753.11</ele><time>2026-09-03T10:19:12Z</time></trkpt><trkpt lat="47.6528657321" lon="11.4750183932"><ele>1754.99</ele><time>2026-09-03T10:19:24Z</time></trkpt><trkpt lat="47.6528622117" lon="11.4749926608"><ele>1756.10</ele><time>2026-09-03T10:19:37Z</time></trkpt><trkpt lat="47.6528300252" lon="11.4749981929"><ele>1757.30</ele><time>2026-09-03T10:19:48Z</time></trkpt><trkpt lat="47.6528130099" lon="11.4749796689"><ele>1759.38</ele><time>2026-09-03T10:19:59Z</time></trkpt><trkpt lat="47.6528104953" lon="11.4749799203"><ele>1761.14</ele><time>2026-09-03T10:20:09Z</time></trkpt><trkpt lat="47.6528151054" lon="11.4749703649"><ele>1761.70</ele><time>2026-09-03T10:20:21Z</time></trkpt><trkpt lat="47.6528271753" lon="11.4749331493"><ele>1762.62</ele><time>2026-09-03T10:20:31Z</time></trkpt><trkpt lat="47.6528493036" lon="11.4748862106"><ele>1764.48</ele><time>2026-09-03T10:20:41Z</time></trkpt><trkpt lat="47.6528476272" lon="11.4748025592"><ele>1765.62</ele><time>2026-09-03T10:20:48Z</time></trkpt><trkpt lat="47.6528391615" lon="11.4746900741"><ele>1766.38</ele><time>2026-09-03T10:20:55Z</time></trkpt><trkpt lat="47.6528040413" lon="11.4745840430"><ele>1766.79</ele><time>2026-09-03T10:21:04Z</time></trkpt><trkpt lat="47.6527785603" lon="11.4744944405"><ele>1767.27</ele><time>2026-09-03T10:21:12Z</time></trkpt><trkpt lat="47.6527518220" lon="11.4744138066"><ele>1768.17</ele><time>2026-09-03T10:21:21Z</time></trkpt><trkpt lat="47.6527428534" lon="11.4744045865"><ele>1769.06</ele><time>2026-09-03T10:21:30Z</time></trkpt><trkpt lat="47.6527431048" lon="11.4744107891"><ele>1768.22</ele><time>2026-09-03T10:21:40Z</time></trkpt><trkpt lat="47.6527406741" lon="11.4744202606"><ele>1768.25</ele><time>2026-09-03T10:21:56Z</time></trkpt><trkpt lat="47.6527431048" lon="11.4744210150"><ele>1768.50</ele><time>2026-09-03T10:22:28Z</time></trkpt><trkpt lat="47.6527479663" lon="11.4744254574"><ele>1769.32</ele><time>2026-09-03T10:22:53Z</time></trkpt><trkpt lat="47.6527699269" lon="11.4744085260"><ele>1769.06</ele><time>2026-09-03T10:23:31Z</time></trkpt><trkpt lat="47.6527705137" lon="11.4744011499"><ele>1769.06</ele><time>2026-09-03T10:23:42Z</time></trkpt><trkpt lat="47.6527806558" lon="11.4744025748"><ele>1769.06</ele><time>2026-09-03T10:23:58Z</time></trkpt><trkpt lat="47.6528208889" lon="11.4743600786"><ele>1769.06</ele><time>2026-09-03T10:24:08Z</time></trkpt><trkpt lat="47.6528383233" lon="11.4743190911"><ele>1769.06</ele><time>2026-09-03T10:24:16Z</time></trkpt><trkpt lat="47.6528344676" lon="11.4743190072"><ele>1769.06</ele><time>2026-09-03T10:24:35Z</time></trkpt><trkpt lat="47.6528187934" lon="11.4742458332"><ele>1769.06</ele><time>2026-09-03T10:24:46Z</time></trkpt><trkpt lat="47.6527764648" lon="11.4741482679"><ele>1769.06</ele><time>2026-09-03T10:24:58Z</time></trkpt><trkpt lat="47.6527379081" lon="11.4740303345"><ele>1769.06</ele><time>2026-09-03T10:25:10Z</time></trkpt><trkpt lat="47.6527157798" lon="11.4739130717"><ele>1769.06</ele><time>2026-09-03T10:25:21Z</time></trkpt><trkpt lat="47.6527167019" lon="11.4738583378"><ele>1769.06</ele><time>2026-09-03T10:25:32Z</time></trkpt><trkpt lat="47.6527152769" lon="11.4738367964"><ele>1769.06</ele><time>2026-09-03T10:25:43Z</time></trkpt><trkpt lat="47.6527198032" lon="11.4738196135"><ele>1769.06</ele><time>2026-09-03T10:25:55Z</time></trkpt><trkpt lat="47.6527275983" lon="11.4737709984"><ele>1769.06</ele><time>2026-09-03T10:26:09Z</time></trkpt><trkpt lat="47.6527631376" lon="11.4736629557"><ele>1767.75</ele><time>2026-09-03T10:26:17Z</time></trkpt><trkpt lat="47.6528175361" lon="11.4735560026"><ele>1765.89</ele><time>2026-09-03T10:26:27Z</time></trkpt><trkpt lat="47.6528214756" lon="11.4734714292"><ele>1764.70</ele><time>2026-09-03T10:26:37Z</time></trkpt><trkpt lat="47.6528223138" lon="11.4733881131"><ele>1763.47</ele><time>2026-09-03T10:26:48Z</time></trkpt><trkpt lat="47.6528335456" lon="11.4733366482"><ele>1762.48</ele><time>2026-09-03T10:26:57Z</time></trkpt><trkpt lat="47.6528358925" lon="11.4732768852"><ele>1760.90</ele><time>2026-09-03T10:27:06Z</time></trkpt><trkpt lat="47.6528193802" lon="11.4731763862"><ele>1758.89</ele><time>2026-09-03T10:27:18Z</time></trkpt><trkpt lat="47.6527733635" lon="11.4731055591"><ele>1757.79</ele><time>2026-09-03T10:27:28Z</time></trkpt><trkpt lat="47.6527951565" lon="11.4730251767"><ele>1756.24</ele><time>2026-09-03T10:27:39Z</time></trkpt><trkpt lat="47.6528301928" lon="11.4729634020"><ele>1755.70</ele><time>2026-09-03T10:27:45Z</time></trkpt><trkpt lat="47.6528191287" lon="11.4729049802"><ele>1754.01</ele><time>2026-09-03T10:27:52Z</time></trkpt><trkpt lat="47.6528235711" lon="11.4727991167"><ele>1751.96</ele><time>2026-09-03T10:28:00Z</time></trkpt><trkpt lat="47.6528663188" lon="11.4727069158"><ele>1750.39</ele><time>2026-09-03T10:28:09Z</time></trkpt><trkpt lat="47.6529274229" lon="11.4726412855"><ele>1750.56</ele><time>2026-09-03T10:28:17Z</time></trkpt><trkpt lat="47.6529478747" lon="11.4725620765"><ele>1752.20</ele><time>2026-09-03T10:28:28Z</time></trkpt><trkpt lat="47.6529273391" lon="11.4725248609"><ele>1753.30</ele><time>2026-09-03T10:28:38Z</time></trkpt><trkpt lat="47.6529249083" lon="11.4724410418"><ele>1755.61</ele><time>2026-09-03T10:28:49Z</time></trkpt><trkpt lat="47.6529735234" lon="11.4723314065"><ele>1756.21</ele><time>2026-09-03T10:28:59Z</time></trkpt><trkpt lat="47.6530021895" lon="11.4722485933"><ele>1756.15</ele><time>2026-09-03T10:29:08Z</time></trkpt><trkpt lat="47.6530109905" lon="11.4722025767"><ele>1756.20</ele><time>2026-09-03T10:29:16Z</time></trkpt><trkpt lat="47.6530102361" lon="11.4721442387"><ele>1754.95</ele><time>2026-09-03T10:29:26Z</time></trkpt><trkpt lat="47.6530456915" lon="11.4720783569"><ele>1753.26</ele><time>2026-09-03T10:29:38Z</time></trkpt><trkpt lat="47.6530990005" lon="11.4720672090"><ele>1753.01</ele><time>2026-09-03T10:29:49Z</time></trkpt><trkpt lat="47.6531387307" lon="11.4720961265"><ele>1753.65</ele><time>2026-09-03T10:30:00Z</time></trkpt><trkpt lat="47.6531507168" lon="11.4720385429"><ele>1752.93</ele><time>2026-09-03T10:30:10Z</time></trkpt><trkpt lat="47.6531622838" lon="11.4719401393"><ele>1752.83</ele><time>2026-09-03T10:30:19Z</time></trkpt><trkpt lat="47.6531688217" lon="11.4719405584"><ele>1753.82</ele><time>2026-09-03T10:30:34Z</time></trkpt><trkpt lat="47.6531832386" lon="11.4719346073"><ele>1754.78</ele><time>2026-09-03T10:30:44Z</time></trkpt><trkpt lat="47.6531796344" lon="11.4718774427"><ele>1756.45</ele><time>2026-09-03T10:30:54Z</time></trkpt><trkpt lat="47.6531797182" lon="11.4718041010"><ele>1756.55</ele><time>2026-09-03T10:31:02Z</time></trkpt><trkpt lat="47.6531816460" lon="11.4717798773"><ele>1756.62</ele><time>2026-09-03T10:31:04Z</time></trkpt><trkpt lat="47.6532171853" lon="11.4717393927"><ele>1757.18</ele><time>2026-09-03T10:31:12Z</time></trkpt><trkpt lat="47.6532284170" lon="11.4716888499"><ele>1758.65</ele><time>2026-09-03T10:31:22Z</time></trkpt><trkpt lat="47.6532108150" lon="11.4716348704"><ele>1759.98</ele><time>2026-09-03T10:31:32Z</time></trkpt><trkpt lat="47.6532072946" lon="11.4715645462"><ele>1760.96</ele><time>2026-09-03T10:31:41Z</time></trkpt><trkpt lat="47.6532028522" lon="11.4715139195"><ele>1762.10</ele><time>2026-09-03T10:31:50Z</time></trkpt><trkpt lat="47.6532028522" lon="11.4714453556"><ele>1762.80</ele><time>2026-09-03T10:31:59Z</time></trkpt><trkpt lat="47.6532152575" lon="11.4714272507"><ele>1763.98</ele><time>2026-09-03T10:32:09Z</time></trkpt><trkpt lat="47.6532338653" lon="11.4713945612"><ele>1765.20</ele><time>2026-09-03T10:32:21Z</time></trkpt><trkpt lat="47.6532420795" lon="11.4713617880"><ele>1767.20</ele><time>2026-09-03T10:32:33Z</time></trkpt><trkpt lat="47.6532409061" lon="11.4713246562"><ele>1768.37</ele><time>2026-09-03T10:32:42Z</time></trkpt><trkpt lat="47.6532416604" lon="11.4712498058"><ele>1769.98</ele><time>2026-09-03T10:32:49Z</time></trkpt><trkpt lat="47.6532490365" lon="11.4712013584"><ele>1770.20</ele><time>2026-09-03T10:32:56Z</time></trkpt><trkpt lat="47.6532334462" lon="11.4711366501"><ele>1771.31</ele><time>2026-09-03T10:33:05Z</time></trkpt><trkpt lat="47.6532198675" lon="11.4710649010"><ele>1771.98</ele><time>2026-09-03T10:33:15Z</time></trkpt><trkpt lat="47.6532269083" lon="11.4710118435"><ele>1772.69</ele><time>2026-09-03T10:33:24Z</time></trkpt><trkpt lat="47.6532066241" lon="11.4709456265"><ele>1773.74</ele><time>2026-09-03T10:33:32Z</time></trkpt><trkpt lat="47.6532083005" lon="11.4708974306"><ele>1774.66</ele><time>2026-09-03T10:33:39Z</time></trkpt><trkpt lat="47.6531887706" lon="11.4708578680"><ele>1775.58</ele><time>2026-09-03T10:33:48Z</time></trkpt><trkpt lat="47.6531710848" lon="11.4708170481"><ele>1776.23</ele><time>2026-09-03T10:33:51Z</time></trkpt><trkpt lat="47.6531467773" lon="11.4707517531"><ele>1776.81</ele><time>2026-09-03T10:33:57Z</time></trkpt><trkpt lat="47.6531250682" lon="11.4707017131"><ele>1777.44</ele><time>2026-09-03T10:34:03Z</time></trkpt><trkpt lat="47.6531208772" lon="11.4706095960"><ele>1777.86</ele><time>2026-09-03T10:34:14Z</time></trkpt><trkpt lat="47.6531129144" lon="11.4705798402"><ele>1778.94</ele><time>2026-09-03T10:34:24Z</time></trkpt><trkpt lat="47.6531121600" lon="11.4705476537"><ele>1779.95</ele><time>2026-09-03T10:34:35Z</time></trkpt><trkpt lat="47.6531109866" lon="11.4705169760"><ele>1781.60</ele><time>2026-09-03T10:34:47Z</time></trkpt><trkpt lat="47.6530678198" lon="11.4704287145"><ele>1783.00</ele><time>2026-09-03T10:34:57Z</time></trkpt><trkpt lat="47.6530675683" lon="11.4704003837"><ele>1784.34</ele><time>2026-09-03T10:35:10Z</time></trkpt><trkpt lat="47.6530953124" lon="11.4703914151"><ele>1785.25</ele><time>2026-09-03T10:35:21Z</time></trkpt><trkpt lat="47.6531144232" lon="11.4703469072"><ele>1786.81</ele><time>2026-09-03T10:35:32Z</time></trkpt><trkpt lat="47.6531252358" lon="11.4703375194"><ele>1788.10</ele><time>2026-09-03T10:35:42Z</time></trkpt><trkpt lat="47.6531692408" lon="11.4703734778"><ele>1789.66</ele><time>2026-09-03T10:35:53Z</time></trkpt><trkpt lat="47.6531831548" lon="11.4703697897"><ele>1790.29</ele><time>2026-09-03T10:35:57Z</time></trkpt><trkpt lat="47.6532142516" lon="11.4703399502"><ele>1791.28</ele><time>2026-09-03T10:36:03Z</time></trkpt><trkpt lat="47.6532168500" lon="11.4702898264"><ele>1792.50</ele><time>2026-09-03T10:36:11Z</time></trkpt><trkpt lat="47.6532478631" lon="11.4701944403"><ele>1793.06</ele><time>2026-09-03T10:36:23Z</time></trkpt><trkpt lat="47.6532737631" lon="11.4701430593"><ele>1793.44</ele><time>2026-09-03T10:36:31Z</time></trkpt><trkpt lat="47.6532963105" lon="11.4700998925"><ele>1793.19</ele><time>2026-09-03T10:36:38Z</time></trkpt><trkpt lat="47.6533175167" lon="11.4700603299"><ele>1793.19</ele><time>2026-09-03T10:36:46Z</time></trkpt><trkpt lat="47.6532993279" lon="11.4700356033"><ele>1792.67</ele><time>2026-09-03T10:36:52Z</time></trkpt><trkpt lat="47.6532890182" lon="11.4700075239"><ele>1791.71</ele><time>2026-09-03T10:36:59Z</time></trkpt><trkpt lat="47.6532946341" lon="11.4699921850"><ele>1794.88</ele><time>2026-09-03T10:37:01Z</time></trkpt><trkpt lat="47.6532940473" lon="11.4699863177"><ele>1793.01</ele><time>2026-09-03T10:37:02Z</time></trkpt><trkpt lat="47.6532896049" lon="11.4699683804"><ele>1791.33</ele><time>2026-09-03T10:37:05Z</time></trkpt><trkpt lat="47.6533030998" lon="11.4699023310"><ele>1791.09</ele><time>2026-09-03T10:37:13Z</time></trkpt><trkpt lat="47.6532983221" lon="11.4698610082"><ele>1791.09</ele><time>2026-09-03T10:37:20Z</time></trkpt><trkpt lat="47.6532999985" lon="11.4698613435"><ele>1791.09</ele><time>2026-09-03T10:37:41Z</time></trkpt><trkpt lat="47.6532911137" lon="11.4698455855"><ele>1791.09</ele><time>2026-09-03T10:37:51Z</time></trkpt><trkpt lat="47.6532933768" lon="11.4698171709"><ele>1791.09</ele><time>2026-09-03T10:37:58Z</time></trkpt><trkpt lat="47.6532943826" lon="11.4697893430"><ele>1788.06</ele><time>2026-09-03T10:38:02Z</time></trkpt><trkpt lat="47.6532961428" lon="11.4697797038"><ele>1787.88</ele><time>2026-09-03T10:38:03Z</time></trkpt><trkpt lat="47.6533025969" lon="11.4697149117"><ele>1786.85</ele><time>2026-09-03T10:38:12Z</time></trkpt><trkpt lat="47.6533086319" lon="11.4696729183"><ele>1785.69</ele><time>2026-09-03T10:38:21Z</time></trkpt><trkpt lat="47.6533221267" lon="11.4696186036"><ele>1784.40</ele><time>2026-09-03T10:38:34Z</time></trkpt><trkpt lat="47.6533168461" lon="11.4695635345"><ele>1783.68</ele><time>2026-09-03T10:38:45Z</time></trkpt><trkpt lat="47.6533173490" lon="11.4695389755"><ele>1782.31</ele><time>2026-09-03T10:38:58Z</time></trkpt><trkpt lat="47.6533235516" lon="11.4695039392"><ele>1782.23</ele><time>2026-09-03T10:39:07Z</time></trkpt><trkpt lat="47.6533326041" lon="11.4694954734"><ele>1781.88</ele><time>2026-09-03T10:39:21Z</time></trkpt><trkpt lat="47.6533233840" lon="11.4694767818"><ele>1781.35</ele><time>2026-09-03T10:39:35Z</time></trkpt><trkpt lat="47.6533295028" lon="11.4694649633"><ele>1781.91</ele><time>2026-09-03T10:39:54Z</time></trkpt><trkpt lat="47.6533389743" lon="11.4694390632"><ele>1781.91</ele><time>2026-09-03T10:40:00Z</time></trkpt><trkpt lat="47.6533236355" lon="11.4693934657"><ele>1781.89</ele><time>2026-09-03T10:40:09Z</time></trkpt><trkpt lat="47.6533100568" lon="11.4693901129"><ele>1781.88</ele><time>2026-09-03T10:40:29Z</time></trkpt><trkpt lat="47.6532957237" lon="11.4694274962"><ele>1781.88</ele><time>2026-09-03T10:40:37Z</time></trkpt><trkpt lat="47.6533042733" lon="11.4694098942"><ele>1781.88</ele><time>2026-09-03T10:40:50Z</time></trkpt><trkpt lat="47.6533143315" lon="11.4693489578"><ele>1781.88</ele><time>2026-09-03T10:40:59Z</time></trkpt><trkpt lat="47.6533285808" lon="11.4693347085"><ele>1781.88</ele><time>2026-09-03T10:41:08Z</time></trkpt><trkpt lat="47.6533108111" lon="11.4693187829"><ele>1781.88</ele><time>2026-09-03T10:41:16Z</time></trkpt><trkpt lat="47.6533179358" lon="11.4693146758"><ele>1781.88</ele><time>2026-09-03T10:41:25Z</time></trkpt><trkpt lat="47.6532783732" lon="11.4692677371"><ele>1781.88</ele><time>2026-09-03T10:41:34Z</time></trkpt><trkpt lat="47.6532896049" lon="11.4692167751"><ele>1781.88</ele><time>2026-09-03T10:41:41Z</time></trkpt><trkpt lat="47.6533025969" lon="11.4691775478"><ele>1781.88</ele><time>2026-09-03T10:41:52Z</time></trkpt><trkpt lat="47.6533196960" lon="11.4690982550"><ele>1781.88</ele><time>2026-09-03T10:42:01Z</time></trkpt><trkpt lat="47.6533026807" lon="11.4690348879"><ele>1778.69</ele><time>2026-09-03T10:42:08Z</time></trkpt><trkpt lat="47.6533087157" lon="11.4689279348"><ele>1778.29</ele><time>2026-09-03T10:42:18Z</time></trkpt><trkpt lat="47.6533289161" lon="11.4688392542"><ele>1777.50</ele><time>2026-09-03T10:42:26Z</time></trkpt><trkpt lat="47.6533193607" lon="11.4687285293"><ele>1776.77</ele><time>2026-09-03T10:42:34Z</time></trkpt><trkpt lat="47.6532803848" lon="11.4686613064"><ele>1776.39</ele><time>2026-09-03T10:42:43Z</time></trkpt><trkpt lat="47.6532569155" lon="11.4685842767"><ele>1775.42</ele><time>2026-09-03T10:42:52Z</time></trkpt><trkpt lat="47.6532471087" lon="11.4685083367"><ele>1775.06</ele><time>2026-09-03T10:42:59Z</time></trkpt><trkpt lat="47.6532396488" lon="11.4684520103"><ele>1774.01</ele><time>2026-09-03T10:43:07Z</time></trkpt><trkpt lat="47.6532529760" lon="11.4683613181"><ele>1773.29</ele><time>2026-09-03T10:43:17Z</time></trkpt><trkpt lat="47.6532642078" lon="11.4683247730"><ele>1772.83</ele><time>2026-09-03T10:43:26Z</time></trkpt><trkpt lat="47.6532796305" lon="11.4682393614"><ele>1772.61</ele><time>2026-09-03T10:43:34Z</time></trkpt><trkpt lat="47.6532739308" lon="11.4681750722"><ele>1772.75</ele><time>2026-09-03T10:43:42Z</time></trkpt><trkpt lat="47.6532631181" lon="11.4681232721"><ele>1772.65</ele><time>2026-09-03T10:43:50Z</time></trkpt><trkpt lat="47.6532314345" lon="11.4680707175"><ele>1772.05</ele><time>2026-09-03T10:44:00Z</time></trkpt><trkpt lat="47.6531761140" lon="11.4679853059"><ele>1771.31</ele><time>2026-09-03T10:44:09Z</time></trkpt><trkpt lat="47.6531591825" lon="11.4679441508"><ele>1771.24</ele><time>2026-09-03T10:44:17Z</time></trkpt><trkpt lat="47.6531668939" lon="11.4678620081"><ele>1771.47</ele><time>2026-09-03T10:44:25Z</time></trkpt><trkpt lat="47.6531689055" lon="11.4678000659"><ele>1772.01</ele><time>2026-09-03T10:44:31Z</time></trkpt><trkpt lat="47.6531238109" lon="11.4677444939"><ele>1772.78</ele><time>2026-09-03T10:44:38Z</time></trkpt><trkpt lat="47.6531109866" lon="11.4676725771"><ele>1773.08</ele><time>2026-09-03T10:44:49Z</time></trkpt><trkpt lat="47.6530992519" lon="11.4675810467"><ele>1772.85</ele><time>2026-09-03T10:44:59Z</time></trkpt><trkpt lat="47.6531029399" lon="11.4675119799"><ele>1772.84</ele><time>2026-09-03T10:45:09Z</time></trkpt><trkpt lat="47.6530785486" lon="11.4673885144"><ele>1773.04</ele><time>2026-09-03T10:45:19Z</time></trkpt><trkpt lat="47.6530575100" lon="11.4673191961"><ele>1773.22</ele><time>2026-09-03T10:45:25Z</time></trkpt><trkpt lat="47.6530475356" lon="11.4672259055"><ele>1773.40</ele><time>2026-09-03T10:45:33Z</time></trkpt><trkpt lat="47.6530316100" lon="11.4671433438"><ele>1774.44</ele><time>2026-09-03T10:45:46Z</time></trkpt><trkpt lat="47.6530223899" lon="11.4670125023"><ele>1775.14</ele><time>2026-09-03T10:45:57Z</time></trkpt><trkpt lat="47.6530130021" lon="11.4669458661"><ele>1775.96</ele><time>2026-09-03T10:46:08Z</time></trkpt><trkpt lat="47.6530031115" lon="11.4668545034"><ele>1777.59</ele><time>2026-09-03T10:46:19Z</time></trkpt><trkpt lat="47.6529844198" lon="11.4667719416"><ele>1778.60</ele><time>2026-09-03T10:46:28Z</time></trkpt><trkpt lat="47.6529528201" lon="11.4666863624"><ele>1777.63</ele><time>2026-09-03T10:46:38Z</time></trkpt><trkpt lat="47.6529465336" lon="11.4665993582"><ele>1776.49</ele><time>2026-09-03T10:46:46Z</time></trkpt><trkpt lat="47.6529617049" lon="11.4664818440"><ele>1776.82</ele><time>2026-09-03T10:46:55Z</time></trkpt><trkpt lat="47.6529823244" lon="11.4664252661"><ele>1779.12</ele><time>2026-09-03T10:47:04Z</time></trkpt><trkpt lat="47.6529814024" lon="11.4663483202"><ele>1781.19</ele><time>2026-09-03T10:47:14Z</time></trkpt><trkpt lat="47.6529928017" lon="11.4662852045"><ele>1781.76</ele><time>2026-09-03T10:47:23Z</time></trkpt><trkpt lat="47.6529948972" lon="11.4662031457"><ele>1782.59</ele><time>2026-09-03T10:47:31Z</time></trkpt><trkpt lat="47.6529874373" lon="11.4661120344"><ele>1783.33</ele><time>2026-09-03T10:47:38Z</time></trkpt><trkpt lat="47.6529829111" lon="11.4660497569"><ele>1784.46</ele><time>2026-09-03T10:47:46Z</time></trkpt><trkpt lat="47.6529715955" lon="11.4659953583"><ele>1784.49</ele><time>2026-09-03T10:47:54Z</time></trkpt><trkpt lat="47.6529571787" lon="11.4658966195"><ele>1784.39</ele><time>2026-09-03T10:48:02Z</time></trkpt><trkpt lat="47.6529495511" lon="11.4658064302"><ele>1784.56</ele><time>2026-09-03T10:48:13Z</time></trkpt><trkpt lat="47.6529929694" lon="11.4657974616"><ele>1785.61</ele><time>2026-09-03T10:48:23Z</time></trkpt><trkpt lat="47.6530153491" lon="11.4657785185"><ele>1787.00</ele><time>2026-09-03T10:48:31Z</time></trkpt><trkpt lat="47.6530166902" lon="11.4657879062"><ele>1787.67</ele><time>2026-09-03T10:48:44Z</time></trkpt><trkpt lat="47.6530342083" lon="11.4657884091"><ele>1787.57</ele><time>2026-09-03T10:48:59Z</time></trkpt><trkpt lat="47.6530807279" lon="11.4657812007"><ele>1788.22</ele><time>2026-09-03T10:49:06Z</time></trkpt><trkpt lat="47.6531389821" lon="11.4657627605"><ele>1790.58</ele><time>2026-09-03T10:49:16Z</time></trkpt><trkpt lat="47.6531607751" lon="11.4657338429"><ele>1792.39</ele><time>2026-09-03T10:49:25Z</time></trkpt><trkpt lat="47.6531741023" lon="11.4657138102"><ele>1793.83</ele><time>2026-09-03T10:49:32Z</time></trkpt><trkpt lat="47.6531909499" lon="11.4656820428"><ele>1795.64</ele><time>2026-09-03T10:49:41Z</time></trkpt><trkpt lat="47.6532018464" lon="11.4656584058"><ele>1797.13</ele><time>2026-09-03T10:49:50Z</time></trkpt><trkpt lat="47.6532018464" lon="11.4656304102"><ele>1796.95</ele><time>2026-09-03T10:49:58Z</time></trkpt><trkpt lat="47.6531995833" lon="11.4656154905"><ele>1797.20</ele><time>2026-09-03T10:50:03Z</time></trkpt><trkpt lat="47.6532043610" lon="11.4656204358"><ele>1797.22</ele><time>2026-09-03T10:50:04Z</time></trkpt><trkpt lat="47.6532040257" lon="11.4656326734"><ele>1797.20</ele><time>2026-09-03T10:50:09Z</time></trkpt><trkpt lat="47.6532083843" lon="11.4656242076"><ele>1796.77</ele><time>2026-09-03T10:50:20Z</time></trkpt><trkpt lat="47.6532090548" lon="11.4656274766"><ele>1796.55</ele><time>2026-09-03T10:50:32Z</time></trkpt><trkpt lat="47.6532093063" lon="11.4656085335"><ele>1796.74</ele><time>2026-09-03T10:50:44Z</time></trkpt><trkpt lat="47.6531897765" lon="11.4655813761"><ele>1796.61</ele><time>2026-09-03T10:50:52Z</time></trkpt><trkpt lat="47.6531730127" lon="11.4655646961"><ele>1796.05</ele><time>2026-09-03T10:50:59Z</time></trkpt><trkpt lat="47.6531504653" lon="11.4654970542"><ele>1795.69</ele><time>2026-09-03T10:51:07Z</time></trkpt><trkpt lat="47.6531388145" lon="11.4654491935"><ele>1794.53</ele><time>2026-09-03T10:51:16Z</time></trkpt><trkpt lat="47.6531237271" lon="11.4654429071"><ele>1794.36</ele><time>2026-09-03T10:51:28Z</time></trkpt><trkpt lat="47.6531076338" lon="11.4654329326"><ele>1793.69</ele><time>2026-09-03T10:51:40Z</time></trkpt><trkpt lat="47.6530934684" lon="11.4654402249"><ele>1793.52</ele><time>2026-09-03T10:51:51Z</time></trkpt><trkpt lat="47.6530908700" lon="11.4654445834"><ele>1793.33</ele><time>2026-09-03T10:52:00Z</time></trkpt><trkpt lat="47.6530881878" lon="11.4654153306"><ele>1792.70</ele><time>2026-09-03T10:52:12Z</time></trkpt><trkpt lat="47.6531032752" lon="11.4654252212"><ele>1792.39</ele><time>2026-09-03T10:52:28Z</time></trkpt><trkpt lat="47.6531371381" lon="11.4654265624"><ele>1792.46</ele><time>2026-09-03T10:52:43Z</time></trkpt><trkpt lat="47.6531828195" lon="11.4654359501"><ele>1792.09</ele><time>2026-09-03T10:52:57Z</time></trkpt><trkpt lat="47.6531867590" lon="11.4654361177"><ele>1792.66</ele><time>2026-09-03T10:53:14Z</time></trkpt><trkpt lat="47.6531798020" lon="11.4654438291"><ele>1792.96</ele><time>2026-09-03T10:53:21Z</time></trkpt><trkpt lat="47.6531566679" lon="11.4654501155"><ele>1792.75</ele><time>2026-09-03T10:53:37Z</time></trkpt><trkpt lat="47.6531502139" lon="11.4654589165"><ele>1792.75</ele><time>2026-09-03T10:53:54Z</time></trkpt><trkpt lat="47.6532013435" lon="11.4654460084"><ele>1792.75</ele><time>2026-09-03T10:54:08Z</time></trkpt><trkpt lat="47.6532475278" lon="11.4654191025"><ele>1792.75</ele><time>2026-09-03T10:54:26Z</time></trkpt><trkpt lat="47.6532412414" lon="11.4654419851"><ele>1792.75</ele><time>2026-09-03T10:54:43Z</time></trkpt><trkpt lat="47.6532061212" lon="11.4654666279"><ele>1792.75</ele><time>2026-09-03T10:54:57Z</time></trkpt><trkpt lat="47.6531912014" lon="11.4654615149"><ele>1792.75</ele><time>2026-09-03T10:55:13Z</time></trkpt><trkpt lat="47.6531615295" lon="11.4654586650"><ele>1792.75</ele><time>2026-09-03T10:55:29Z</time></trkpt><trkpt lat="47.6531425025" lon="11.4654357824"><ele>1792.75</ele><time>2026-09-03T10:55:48Z</time></trkpt><trkpt lat="47.6531365514" lon="11.4654238801"><ele>1792.75</ele><time>2026-09-03T10:56:05Z</time></trkpt><trkpt lat="47.6531397365" lon="11.4654429071"><ele>1792.75</ele><time>2026-09-03T10:56:20Z</time></trkpt><trkpt lat="47.6531274151" lon="11.4654525463"><ele>1792.75</ele><time>2026-09-03T10:56:37Z</time></trkpt><trkpt lat="47.6531616133" lon="11.4654750098"><ele>1792.75</ele><time>2026-09-03T10:56:57Z</time></trkpt><trkpt lat="47.6532004215" lon="11.4654883370"><ele>1792.75</ele><time>2026-09-03T10:57:13Z</time></trkpt><trkpt lat="47.6531869266" lon="11.4654874150"><ele>1792.75</ele><time>2026-09-03T10:57:30Z</time></trkpt><trkpt lat="47.6531792153" lon="11.4654947072"><ele>1792.75</ele><time>2026-09-03T10:57:44Z</time></trkpt><trkpt lat="47.6531868428" lon="11.4655212779"><ele>1792.75</ele><time>2026-09-03T10:58:02Z</time></trkpt><trkpt lat="47.6531512197" lon="11.4655088726"><ele>1792.75</ele><time>2026-09-03T10:58:19Z</time></trkpt><trkpt lat="47.6531372219" lon="11.4654860739"><ele>1792.75</ele><time>2026-09-03T10:58:36Z</time></trkpt><trkpt lat="47.6531269122" lon="11.4654762670"><ele>1792.75</ele><time>2026-09-03T10:58:52Z</time></trkpt><trkpt lat="47.6531413291" lon="11.4654840622"><ele>1792.75</ele><time>2026-09-03T10:59:11Z</time></trkpt><trkpt lat="47.6531264931" lon="11.4654805418"><ele>1792.75</ele><time>2026-09-03T10:59:27Z</time></trkpt><trkpt lat="47.6531256549" lon="11.4654720761"><ele>1792.75</ele><time>2026-09-03T10:59:43Z</time></trkpt><trkpt lat="47.6531369705" lon="11.4654811285"><ele>1792.75</ele><time>2026-09-03T11:00:02Z</time></trkpt><trkpt lat="47.6531558298" lon="11.4654869959"><ele>1792.75</ele><time>2026-09-03T11:00:15Z</time></trkpt><trkpt lat="47.6531527285" lon="11.4654933661"><ele>1792.75</ele><time>2026-09-03T11:00:34Z</time></trkpt><trkpt lat="47.6531370543" lon="11.4654699806"><ele>1792.75</ele><time>2026-09-03T11:00:51Z</time></trkpt><trkpt lat="47.6531349588" lon="11.4654691424"><ele>1792.75</ele><time>2026-09-03T11:01:07Z</time></trkpt><trkpt lat="47.6531408262" lon="11.4654793683"><ele>1792.75</ele><time>2026-09-03T11:01:22Z</time></trkpt><trkpt lat="47.6531628706" lon="11.4655332640"><ele>1792.75</ele><time>2026-09-03T11:01:36Z</time></trkpt><trkpt lat="47.6531533152" lon="11.4655351080"><ele>1792.75</ele><time>2026-09-03T11:01:51Z</time></trkpt><trkpt lat="47.6531354617" lon="11.4655096270"><ele>1792.75</ele><time>2026-09-03T11:02:06Z</time></trkpt><trkpt lat="47.6531290915" lon="11.4654901810"><ele>1792.75</ele><time>2026-09-03T11:02:24Z</time></trkpt><trkpt lat="47.6531592663" lon="11.4655377902"><ele>1792.75</ele><time>2026-09-03T11:02:39Z</time></trkpt><trkpt lat="47.6531606074" lon="11.4655465912"><ele>1792.75</ele><time>2026-09-03T11:02:53Z</time></trkpt><trkpt lat="47.6531478669" lon="11.4655338507"><ele>1792.75</ele><time>2026-09-03T11:03:08Z</time></trkpt><trkpt lat="47.6531496271" lon="11.4655267261"><ele>1792.75</ele><time>2026-09-03T11:03:23Z</time></trkpt><trkpt lat="47.6531453524" lon="11.4655288216"><ele>1792.75</ele><time>2026-09-03T11:03:39Z</time></trkpt><trkpt lat="47.6531180274" lon="11.4654875826"><ele>1792.75</ele><time>2026-09-03T11:03:57Z</time></trkpt><trkpt lat="47.6531093940" lon="11.4655160811"><ele>1792.75</ele><time>2026-09-03T11:04:27Z</time></trkpt><trkpt lat="47.6531321090" lon="11.4655240439"><ele>1792.75</ele><time>2026-09-03T11:04:40Z</time></trkpt><trkpt lat="47.6531246491" lon="11.4655160811"><ele>1792.75</ele><time>2026-09-03T11:04:58Z</time></trkpt><trkpt lat="47.6531409100" lon="11.4654959645"><ele>1792.75</ele><time>2026-09-03T11:05:22Z</time></trkpt><trkpt lat="47.6531336177" lon="11.4654807933"><ele>1792.75</ele><time>2026-09-03T11:05:37Z</time></trkpt><trkpt lat="47.6531221345" lon="11.4654581621"><ele>1792.75</ele><time>2026-09-03T11:05:55Z</time></trkpt><trkpt lat="47.6530985814" lon="11.4654457569"><ele>1792.75</ele><time>2026-09-03T11:06:13Z</time></trkpt><trkpt lat="47.6530798897" lon="11.4654395543"><ele>1792.75</ele><time>2026-09-03T11:06:30Z</time></trkpt><trkpt lat="47.6530659758" lon="11.4654453378"><ele>1792.75</ele><time>2026-09-03T11:06:45Z</time></trkpt><trkpt lat="47.6531212125" lon="11.4654876664"><ele>1792.75</ele><time>2026-09-03T11:07:06Z</time></trkpt><trkpt lat="47.6531257387" lon="11.4655217808"><ele>1792.75</ele><time>2026-09-03T11:07:26Z</time></trkpt><trkpt lat="47.6531137526" lon="11.4655269776"><ele>1792.75</ele><time>2026-09-03T11:07:43Z</time></trkpt><trkpt lat="47.6530820690" lon="11.4655242115"><ele>1792.75</ele><time>2026-09-03T11:08:03Z</time></trkpt><trkpt lat="47.6530952286" lon="11.4654914383"><ele>1792.75</ele><time>2026-09-03T11:08:19Z</time></trkpt><trkpt lat="47.6530736033" lon="11.4654906001"><ele>1792.75</ele><time>2026-09-03T11:08:33Z</time></trkpt><trkpt lat="47.6530264970" lon="11.4655025862"><ele>1792.75</ele><time>2026-09-03T11:08:49Z</time></trkpt><trkpt lat="47.6530472003" lon="11.4654906839"><ele>1792.75</ele><time>2026-09-03T11:09:01Z</time></trkpt><trkpt lat="47.6530665625" lon="11.4654825535"><ele>1792.75</ele><time>2026-09-03T11:09:17Z</time></trkpt><trkpt lat="47.6530994195" lon="11.4654883370"><ele>1792.75</ele><time>2026-09-03T11:09:33Z</time></trkpt><trkpt lat="47.6530886907" lon="11.4654692262"><ele>1792.75</ele><time>2026-09-03T11:10:06Z</time></trkpt><trkpt lat="47.6531168539" lon="11.4655055199"><ele>1792.75</ele><time>2026-09-03T11:10:30Z</time></trkpt><trkpt lat="47.6531209610" lon="11.4654911868"><ele>1792.75</ele><time>2026-09-03T11:10:42Z</time></trkpt><trkpt lat="47.6530722622" lon="11.4654293284"><ele>1792.75</ele><time>2026-09-03T11:10:54Z</time></trkpt><trkpt lat="47.6530642994" lon="11.4654282387"><ele>1792.75</ele><time>2026-09-03T11:11:13Z</time></trkpt><trkpt lat="47.6530716754" lon="11.4654366206"><ele>1792.75</ele><time>2026-09-03T11:11:33Z</time></trkpt><trkpt lat="47.6530960668" lon="11.4654364530"><ele>1792.75</ele><time>2026-09-03T11:11:45Z</time></trkpt><trkpt lat="47.6531098131" lon="11.4654522110"><ele>1792.75</ele><time>2026-09-03T11:12:04Z</time></trkpt><trkpt lat="47.6531249005" lon="11.4654688071"><ele>1792.75</ele><time>2026-09-03T11:12:21Z</time></trkpt><trkpt lat="47.6531547401" lon="11.4655150753"><ele>1792.75</ele><time>2026-09-03T11:12:37Z</time></trkpt><trkpt lat="47.6531868428" lon="11.4655857347"><ele>1792.75</ele><time>2026-09-03T11:12:57Z</time></trkpt><trkpt lat="47.6531843282" lon="11.4655764308"><ele>1792.75</ele><time>2026-09-03T11:13:15Z</time></trkpt><trkpt lat="47.6531785447" lon="11.4655447472"><ele>1792.75</ele><time>2026-09-03T11:13:34Z</time></trkpt><trkpt lat="47.6532157604" lon="11.4656003192"><ele>1792.75</ele><time>2026-09-03T11:13:56Z</time></trkpt><trkpt lat="47.6531972364" lon="11.4655482676"><ele>1792.75</ele><time>2026-09-03T11:14:16Z</time></trkpt><trkpt lat="47.6531937160" lon="11.4655220322"><ele>1792.75</ele><time>2026-09-03T11:14:33Z</time></trkpt><trkpt lat="47.6531921234" lon="11.4655027539"><ele>1792.75</ele><time>2026-09-03T11:14:52Z</time></trkpt><trkpt lat="47.6532104798" lon="11.4655087050"><ele>1792.75</ele><time>2026-09-03T11:15:11Z</time></trkpt><trkpt lat="47.6532020979" lon="11.4655174222"><ele>1792.75</ele><time>2026-09-03T11:15:30Z</time></trkpt><trkpt lat="47.6531875134" lon="11.4655170031"><ele>1792.75</ele><time>2026-09-03T11:15:48Z</time></trkpt><trkpt lat="47.6531801373" lon="11.4654989820"><ele>1792.75</ele><time>2026-09-03T11:16:04Z</time></trkpt><trkpt lat="47.6531616133" lon="11.4655006584"><ele>1792.75</ele><time>2026-09-03T11:16:20Z</time></trkpt><trkpt lat="47.6531532314" lon="11.4655061904"><ele>1792.75</ele><time>2026-09-03T11:16:38Z</time></trkpt><trkpt lat="47.6531546563" lon="11.4655111358"><ele>1792.75</ele><time>2026-09-03T11:16:56Z</time></trkpt><trkpt lat="47.6531502977" lon="11.4654893428"><ele>1792.75</ele><time>2026-09-03T11:17:13Z</time></trkpt><trkpt lat="47.6531358808" lon="11.4654557314"><ele>1792.75</ele><time>2026-09-03T11:17:31Z</time></trkpt><trkpt lat="47.6531320252" lon="11.4654292446"><ele>1792.75</ele><time>2026-09-03T11:17:48Z</time></trkpt><trkpt lat="47.6531179436" lon="11.4654343575"><ele>1792.75</ele><time>2026-09-03T11:18:04Z</time></trkpt><trkpt lat="47.6531060413" lon="11.4654257242"><ele>1792.75</ele><time>2026-09-03T11:18:21Z</time></trkpt><trkpt lat="47.6531188656" lon="11.4654469304"><ele>1792.75</ele><time>2026-09-03T11:18:41Z</time></trkpt><trkpt lat="47.6531274989" lon="11.4654560667"><ele>1792.75</ele><time>2026-09-03T11:18:57Z</time></trkpt><trkpt lat="47.6531274151" lon="11.4654592518"><ele>1792.75</ele><time>2026-09-03T11:19:11Z</time></trkpt><trkpt lat="47.6531217992" lon="11.4654575754"><ele>1792.75</ele><time>2026-09-03T11:19:27Z</time></trkpt><trkpt lat="47.6531240623" lon="11.4654342737"><ele>1792.75</ele><time>2026-09-03T11:19:43Z</time></trkpt><trkpt lat="47.6531532314" lon="11.4654659573"><ele>1792.75</ele><time>2026-09-03T11:19:59Z</time></trkpt><trkpt lat="47.6531971525" lon="11.4655087888"><ele>1792.75</ele><time>2026-09-03T11:20:18Z</time></trkpt><trkpt lat="47.6531539857" lon="11.4655023348"><ele>1792.75</ele><time>2026-09-03T11:20:30Z</time></trkpt><trkpt lat="47.6530671492" lon="11.4653944597"><ele>1792.75</ele><time>2026-09-03T11:20:41Z</time></trkpt><trkpt lat="47.6530337892" lon="11.4653876703"><ele>1792.75</ele><time>2026-09-03T11:20:51Z</time></trkpt><trkpt lat="47.6530282572" lon="11.4653331880"><ele>1792.75</ele><time>2026-09-03T11:20:59Z</time></trkpt><trkpt lat="47.6530242339" lon="11.4653114788"><ele>1792.75</ele><time>2026-09-03T11:21:10Z</time></trkpt><trkpt lat="47.6530316938" lon="11.4653160889"><ele>1792.75</ele><time>2026-09-03T11:21:26Z</time></trkpt><trkpt lat="47.6530218869" lon="11.4652802981"><ele>1792.75</ele><time>2026-09-03T11:21:35Z</time></trkpt><trkpt lat="47.6530243177" lon="11.4652620256"><ele>1792.75</ele><time>2026-09-03T11:21:43Z</time></trkpt><trkpt lat="47.6530617848" lon="11.4652962238"><ele>1792.75</ele><time>2026-09-03T11:21:57Z</time></trkpt><trkpt lat="47.6530695800" lon="11.4653339423"><ele>1792.75</ele><time>2026-09-03T11:22:04Z</time></trkpt><trkpt lat="47.6530734356" lon="11.4653693978"><ele>1792.75</ele><time>2026-09-03T11:22:18Z</time></trkpt><trkpt lat="47.6530891936" lon="11.4653951302"><ele>1792.75</ele><time>2026-09-03T11:22:25Z</time></trkpt><trkpt lat="47.6530948933" lon="11.4653921966"><ele>1792.75</ele><time>2026-09-03T11:22:43Z</time></trkpt><trkpt lat="47.6530989166" lon="11.4654065296"><ele>1795.86</ele><time>2026-09-03T11:22:51Z</time></trkpt><trkpt lat="47.6530963182" lon="11.4654488582"><ele>1794.66</ele><time>2026-09-03T11:23:25Z</time></trkpt><trkpt lat="47.6531134173" lon="11.4655050170"><ele>1794.47</ele><time>2026-09-03T11:23:34Z</time></trkpt><trkpt lat="47.6531233080" lon="11.4655100461"><ele>1795.21</ele><time>2026-09-03T11:23:47Z</time></trkpt><trkpt lat="47.6531243138" lon="11.4655045979"><ele>1794.74</ele><time>2026-09-03T11:24:02Z</time></trkpt><trkpt lat="47.6531197038" lon="11.4654889237"><ele>1794.83</ele><time>2026-09-03T11:24:18Z</time></trkpt><trkpt lat="47.6531010121" lon="11.4654583298"><ele>1794.51</ele><time>2026-09-03T11:24:24Z</time></trkpt><trkpt lat="47.6530788839" lon="11.4654341061"><ele>1793.90</ele><time>2026-09-03T11:24:32Z</time></trkpt><trkpt lat="47.6530694123" lon="11.4654291607"><ele>1793.10</ele><time>2026-09-03T11:24:42Z</time></trkpt><trkpt lat="47.6530691609" lon="11.4654205274"><ele>1793.17</ele><time>2026-09-03T11:24:59Z</time></trkpt><trkpt lat="47.6530725975" lon="11.4654088765"><ele>1793.30</ele><time>2026-09-03T11:25:15Z</time></trkpt><trkpt lat="47.6530695800" lon="11.4654108044"><ele>1793.70</ele><time>2026-09-03T11:25:58Z</time></trkpt><trkpt lat="47.6530853380" lon="11.4653997403"><ele>1793.66</ele><time>2026-09-03T11:26:11Z</time></trkpt><trkpt lat="47.6530829072" lon="11.4653849881"><ele>1793.41</ele><time>2026-09-03T11:26:28Z</time></trkpt><trkpt lat="47.6530760340" lon="11.4654595032"><ele>1793.10</ele><time>2026-09-03T11:26:36Z</time></trkpt><trkpt lat="47.6530485414" lon="11.4654385485"><ele>1791.77</ele><time>2026-09-03T11:26:45Z</time></trkpt><trkpt lat="47.6530267484" lon="11.4654464275"><ele>1790.67</ele><time>2026-09-03T11:26:53Z</time></trkpt><trkpt lat="47.6529925503" lon="11.4654403087"><ele>1789.58</ele><time>2026-09-03T11:27:01Z</time></trkpt><trkpt lat="47.6529412530" lon="11.4654045179"><ele>1788.53</ele><time>2026-09-03T11:27:12Z</time></trkpt><trkpt lat="47.6529101562" lon="11.4653994888"><ele>1787.40</ele><time>2026-09-03T11:27:21Z</time></trkpt><trkpt lat="47.6528847590" lon="11.4653154183"><ele>1786.76</ele><time>2026-09-03T11:27:31Z</time></trkpt><trkpt lat="47.6528778858" lon="11.4653033484"><ele>1786.79</ele><time>2026-09-03T11:27:42Z</time></trkpt><trkpt lat="47.6528659835" lon="11.4652870037"><ele>1786.36</ele><time>2026-09-03T11:27:52Z</time></trkpt><trkpt lat="47.6528417598" lon="11.4652752690"><ele>1785.28</ele><time>2026-09-03T11:28:00Z</time></trkpt><trkpt lat="47.6528264210" lon="11.4652533084"><ele>1784.81</ele><time>2026-09-03T11:28:08Z</time></trkpt><trkpt lat="47.6528011914" lon="11.4652331080"><ele>1783.40</ele><time>2026-09-03T11:28:18Z</time></trkpt><trkpt lat="47.6527913846" lon="11.4651956409"><ele>1782.77</ele><time>2026-09-03T11:28:25Z</time></trkpt><trkpt lat="47.6527783088" lon="11.4651399851"><ele>1781.33</ele><time>2026-09-03T11:28:34Z</time></trkpt><trkpt lat="47.6527634729" lon="11.4650587644"><ele>1780.16</ele><time>2026-09-03T11:28:44Z</time></trkpt><trkpt lat="47.6527537499" lon="11.4650371391"><ele>1779.34</ele><time>2026-09-03T11:28:59Z</time></trkpt><trkpt lat="47.6527427696" lon="11.4649802260"><ele>1778.05</ele><time>2026-09-03T11:29:10Z</time></trkpt><trkpt lat="47.6527255867" lon="11.4649295155"><ele>1777.12</ele><time>2026-09-03T11:29:19Z</time></trkpt><trkpt lat="47.6527209766" lon="11.4648964908"><ele>1776.44</ele><time>2026-09-03T11:29:27Z</time></trkpt><trkpt lat="47.6527237426" lon="11.4648392424"><ele>1775.99</ele><time>2026-09-03T11:29:34Z</time></trkpt><trkpt lat="47.6527209766" lon="11.4648276754"><ele>1775.62</ele><time>2026-09-03T11:29:43Z</time></trkpt><trkpt lat="47.6527201384" lon="11.4647577703"><ele>1775.69</ele><time>2026-09-03T11:29:52Z</time></trkpt><trkpt lat="47.6527131815" lon="11.4646947384"><ele>1774.36</ele><time>2026-09-03T11:30:00Z</time></trkpt><trkpt lat="47.6527127624" lon="11.4646391664"><ele>1773.17</ele><time>2026-09-03T11:30:10Z</time></trkpt><trkpt lat="47.6526883710" lon="11.4646187983"><ele>1772.07</ele><time>2026-09-03T11:30:20Z</time></trkpt><trkpt lat="47.6526780613" lon="11.4646070637"><ele>1769.32</ele><time>2026-09-03T11:30:32Z</time></trkpt><trkpt lat="47.6526711043" lon="11.4645974245"><ele>1767.97</ele><time>2026-09-03T11:30:46Z</time></trkpt><trkpt lat="47.6526491437" lon="11.4644843526"><ele>1767.68</ele><time>2026-09-03T11:30:57Z</time></trkpt><trkpt lat="47.6526473835" lon="11.4644162916"><ele>1766.45</ele><time>2026-09-03T11:31:07Z</time></trkpt><trkpt lat="47.6526306197" lon="11.4643979352"><ele>1765.19</ele><time>2026-09-03T11:31:16Z</time></trkpt><trkpt lat="47.6526186336" lon="11.4643219113"><ele>1764.20</ele><time>2026-09-03T11:31:25Z</time></trkpt><trkpt lat="47.6526151132" lon="11.4642102644"><ele>1763.15</ele><time>2026-09-03T11:31:35Z</time></trkpt><trkpt lat="47.6526302006" lon="11.4641372580"><ele>1762.63</ele><time>2026-09-03T11:31:45Z</time></trkpt><trkpt lat="47.6526190527" lon="11.4640884753"><ele>1761.87</ele><time>2026-09-03T11:31:53Z</time></trkpt><trkpt lat="47.6526006963" lon="11.4640382677"><ele>1760.13</ele><time>2026-09-03T11:32:00Z</time></trkpt><trkpt lat="47.6526058093" lon="11.4639486652"><ele>1758.23</ele><time>2026-09-03T11:32:09Z</time></trkpt><trkpt lat="47.6526224893" lon="11.4638488367"><ele>1756.48</ele><time>2026-09-03T11:32:17Z</time></trkpt><trkpt lat="47.6526120957" lon="11.4638031553"><ele>1755.74</ele><time>2026-09-03T11:32:27Z</time></trkpt><trkpt lat="47.6526090782" lon="11.4637329150"><ele>1752.95</ele><time>2026-09-03T11:32:37Z</time></trkpt><trkpt lat="47.6526156161" lon="11.4636666980"><ele>1751.56</ele><time>2026-09-03T11:32:46Z</time></trkpt><trkpt lat="47.6526332181" lon="11.4635503571"><ele>1750.12</ele><time>2026-09-03T11:32:55Z</time></trkpt><trkpt lat="47.6526520774" lon="11.4634468406"><ele>1749.29</ele><time>2026-09-03T11:33:04Z</time></trkpt><trkpt lat="47.6526586991" lon="11.4634093735"><ele>1749.15</ele><time>2026-09-03T11:33:07Z</time></trkpt><trkpt lat="47.6526868623" lon="11.4633527957"><ele>1748.84</ele><time>2026-09-03T11:33:15Z</time></trkpt><trkpt lat="47.6526849344" lon="11.4633242972"><ele>1747.69</ele><time>2026-09-03T11:33:25Z</time></trkpt><trkpt lat="47.6526916400" lon="11.4632475190"><ele>1746.78</ele><time>2026-09-03T11:33:33Z</time></trkpt><trkpt lat="47.6527131815" lon="11.4631803799"><ele>1746.27</ele><time>2026-09-03T11:33:41Z</time></trkpt><trkpt lat="47.6527236588" lon="11.4631124027"><ele>1745.71</ele><time>2026-09-03T11:33:50Z</time></trkpt><trkpt lat="47.6527419314" lon="11.4630453475"><ele>1743.85</ele><time>2026-09-03T11:33:59Z</time></trkpt><trkpt lat="47.6527418476" lon="11.4629994985"><ele>1742.09</ele><time>2026-09-03T11:34:09Z</time></trkpt><trkpt lat="47.6527452003" lon="11.4629813097"><ele>1740.07</ele><time>2026-09-03T11:34:18Z</time></trkpt><trkpt lat="47.6527325436" lon="11.4628834091"><ele>1739.11</ele><time>2026-09-03T11:34:24Z</time></trkpt><trkpt lat="47.6527363155" lon="11.4628540725"><ele>1738.74</ele><time>2026-09-03T11:34:25Z</time></trkpt><trkpt lat="47.6527401712" lon="11.4628316928"><ele>1738.47</ele><time>2026-09-03T11:34:26Z</time></trkpt><trkpt lat="47.6527433563" lon="11.4628085587"><ele>1737.90</ele><time>2026-09-03T11:34:27Z</time></trkpt><trkpt lat="47.6527677476" lon="11.4627137594"><ele>1736.55</ele><time>2026-09-03T11:34:35Z</time></trkpt><trkpt lat="47.6527979225" lon="11.4626130927"><ele>1736.35</ele><time>2026-09-03T11:34:44Z</time></trkpt><trkpt lat="47.6528101601" lon="11.4625176229"><ele>1735.37</ele><time>2026-09-03T11:34:57Z</time></trkpt><trkpt lat="47.6528182905" lon="11.4623845182"><ele>1735.03</ele><time>2026-09-03T11:35:06Z</time></trkpt><trkpt lat="47.6528477948" lon="11.4622870367"><ele>1735.12</ele><time>2026-09-03T11:35:14Z</time></trkpt><trkpt lat="47.6528395806" lon="11.4622288663"><ele>1734.82</ele><time>2026-09-03T11:35:21Z</time></trkpt><trkpt lat="47.6528554223" lon="11.4620953426"><ele>1731.66</ele><time>2026-09-03T11:35:31Z</time></trkpt><trkpt lat="47.6528783888" lon="11.4620069973"><ele>1730.96</ele><time>2026-09-03T11:35:39Z</time></trkpt><trkpt lat="47.6528843399" lon="11.4619349968"><ele>1729.76</ele><time>2026-09-03T11:35:48Z</time></trkpt><trkpt lat="47.6528924704" lon="11.4618451428"><ele>1728.08</ele><time>2026-09-03T11:36:00Z</time></trkpt><trkpt lat="47.6529576816" lon="11.4617579710"><ele>1726.96</ele><time>2026-09-03T11:36:09Z</time></trkpt><trkpt lat="47.6530190371" lon="11.4617312327"><ele>1726.49</ele><time>2026-09-03T11:36:17Z</time></trkpt><trkpt lat="47.6530695800" lon="11.4617076796"><ele>1727.02</ele><time>2026-09-03T11:36:25Z</time></trkpt><trkpt lat="47.6530512236" lon="11.4616718888"><ele>1726.47</ele><time>2026-09-03T11:36:34Z</time></trkpt><trkpt lat="47.6530464459" lon="11.4616173226"><ele>1725.34</ele><time>2026-09-03T11:36:42Z</time></trkpt><trkpt lat="47.6530481223" lon="11.4615896624"><ele>1724.15</ele><time>2026-09-03T11:36:52Z</time></trkpt><trkpt lat="47.6530514751" lon="11.4615366887"><ele>1722.17</ele><time>2026-09-03T11:37:05Z</time></trkpt><trkpt lat="47.6530890260" lon="11.4615011495"><ele>1720.31</ele><time>2026-09-03T11:37:14Z</time></trkpt><trkpt lat="47.6531059574" lon="11.4614794403"><ele>1718.83</ele><time>2026-09-03T11:37:25Z</time></trkpt><trkpt lat="47.6531438436" lon="11.4614145644"><ele>1718.23</ele><time>2026-09-03T11:37:35Z</time></trkpt><trkpt lat="47.6531553268" lon="11.4614001475"><ele>1718.02</ele><time>2026-09-03T11:37:36Z</time></trkpt><trkpt lat="47.6531655528" lon="11.4613881614"><ele>1717.81</ele><time>2026-09-03T11:37:37Z</time></trkpt><trkpt lat="47.6531841606" lon="11.4613716491"><ele>1717.55</ele><time>2026-09-03T11:37:44Z</time></trkpt><trkpt lat="47.6531798020" lon="11.4613583218"><ele>1718.31</ele><time>2026-09-03T11:37:59Z</time></trkpt><trkpt lat="47.6531808916" lon="11.4613732416"><ele>1718.61</ele><time>2026-09-03T11:38:20Z</time></trkpt><trkpt lat="47.6532019302" lon="11.4613544662"><ele>1718.54</ele><time>2026-09-03T11:38:34Z</time></trkpt><trkpt lat="47.6532173529" lon="11.4613214415"><ele>1717.34</ele><time>2026-09-03T11:38:46Z</time></trkpt><trkpt lat="47.6532467734" lon="11.4612539671"><ele>1716.31</ele><time>2026-09-03T11:38:54Z</time></trkpt><trkpt lat="47.6532645430" lon="11.4612304978"><ele>1715.24</ele><time>2026-09-03T11:39:02Z</time></trkpt><trkpt lat="47.6532573346" lon="11.4612465072"><ele>1714.55</ele><time>2026-09-03T11:39:29Z</time></trkpt><trkpt lat="47.6532672253" lon="11.4612367842"><ele>1714.47</ele><time>2026-09-03T11:39:43Z</time></trkpt><trkpt lat="47.6532629505" lon="11.4612072799"><ele>1714.68</ele><time>2026-09-03T11:40:01Z</time></trkpt><trkpt lat="47.6532041095" lon="11.4612952899"><ele>1714.88</ele><time>2026-09-03T11:40:09Z</time></trkpt><trkpt lat="47.6531932130" lon="11.4613423124"><ele>1716.27</ele><time>2026-09-03T11:40:18Z</time></trkpt><trkpt lat="47.6531849988" lon="11.4613636024"><ele>1717.19</ele><time>2026-09-03T11:40:34Z</time></trkpt><trkpt lat="47.6531741861" lon="11.4613819588"><ele>1717.36</ele><time>2026-09-03T11:40:47Z</time></trkpt><trkpt lat="47.6531652175" lon="11.4613952860"><ele>1718.12</ele><time>2026-09-03T11:41:17Z</time></trkpt><trkpt lat="47.6531535666" lon="11.4613908436"><ele>1718.50</ele><time>2026-09-03T11:41:33Z</time></trkpt><trkpt lat="47.6531447656" lon="11.4613953698"><ele>1718.86</ele><time>2026-09-03T11:41:46Z</time></trkpt><trkpt lat="47.6531329472" lon="11.4614179172"><ele>1719.47</ele><time>2026-09-03T11:42:01Z</time></trkpt><trkpt lat="47.6531379763" lon="11.4613926876"><ele>1719.96</ele><time>2026-09-03T11:42:31Z</time></trkpt><trkpt lat="47.6531498786" lon="11.4613624290"><ele>1719.87</ele><time>2026-09-03T11:42:50Z</time></trkpt><trkpt lat="47.6531953923" lon="11.4613421448"><ele>1719.12</ele><time>2026-09-03T11:42:58Z</time></trkpt><trkpt lat="47.6532177720" lon="11.4613126405"><ele>1717.96</ele><time>2026-09-03T11:43:08Z</time></trkpt><trkpt lat="47.6532477792" lon="11.4612729941"><ele>1716.69</ele><time>2026-09-03T11:43:19Z</time></trkpt><trkpt lat="47.6532922871" lon="11.4612278994"><ele>1715.96</ele><time>2026-09-03T11:43:27Z</time></trkpt><trkpt lat="47.6533113979" lon="11.4612185955"><ele>1716.78</ele><time>2026-09-03T11:43:40Z</time></trkpt><trkpt lat="47.6533422433" lon="11.4611839782"><ele>1717.01</ele><time>2026-09-03T11:43:45Z</time></trkpt><trkpt lat="47.6533894334" lon="11.4611391351"><ele>1717.08</ele><time>2026-09-03T11:43:53Z</time></trkpt><trkpt lat="47.6533912774" lon="11.4610783663"><ele>1717.88</ele><time>2026-09-03T11:44:02Z</time></trkpt><trkpt lat="47.6533843204" lon="11.4610516280"><ele>1718.77</ele><time>2026-09-03T11:44:10Z</time></trkpt><trkpt lat="47.6534056943" lon="11.4609455969"><ele>1719.02</ele><time>2026-09-03T11:44:18Z</time></trkpt><trkpt lat="47.6534113940" lon="11.4609309286"><ele>1719.05</ele><time>2026-09-03T11:44:19Z</time></trkpt><trkpt lat="47.6534291636" lon="11.4608927071"><ele>1719.33</ele><time>2026-09-03T11:44:22Z</time></trkpt><trkpt lat="47.6534138247" lon="11.4608687349"><ele>1719.47</ele><time>2026-09-03T11:44:25Z</time></trkpt><trkpt lat="47.6534026768" lon="11.4608678967"><ele>1719.52</ele><time>2026-09-03T11:44:26Z</time></trkpt><trkpt lat="47.6533424947" lon="11.4608905278"><ele>1720.10</ele><time>2026-09-03T11:44:33Z</time></trkpt><trkpt lat="47.6533227973" lon="11.4608534798"><ele>1720.89</ele><time>2026-09-03T11:44:42Z</time></trkpt><trkpt lat="47.6533050276" lon="11.4607909508"><ele>1722.20</ele><time>2026-09-03T11:44:51Z</time></trkpt><trkpt lat="47.6532930415" lon="11.4607193694"><ele>1724.35</ele><time>2026-09-03T11:45:02Z</time></trkpt><trkpt lat="47.6532736793" lon="11.4606690779"><ele>1724.57</ele><time>2026-09-03T11:45:11Z</time></trkpt><trkpt lat="47.6532544848" lon="11.4606166910"><ele>1726.51</ele><time>2026-09-03T11:45:19Z</time></trkpt><trkpt lat="47.6532314345" lon="11.4605823252"><ele>1727.25</ele><time>2026-09-03T11:45:23Z</time></trkpt><trkpt lat="47.6532234717" lon="11.4605713449"><ele>1727.41</ele><time>2026-09-03T11:45:24Z</time></trkpt><trkpt lat="47.6531874295" lon="11.4605533239"><ele>1728.11</ele><time>2026-09-03T11:45:31Z</time></trkpt><trkpt lat="47.6531810593" lon="11.4605018590"><ele>1727.82</ele><time>2026-09-03T11:45:37Z</time></trkpt><trkpt lat="47.6531511359" lon="11.4604192134"><ele>1726.43</ele><time>2026-09-03T11:45:46Z</time></trkpt><trkpt lat="47.6531369705" lon="11.4603443630"><ele>1725.78</ele><time>2026-09-03T11:45:54Z</time></trkpt><trkpt lat="47.6531061251" lon="11.4602625556"><ele>1724.76</ele><time>2026-09-03T11:46:04Z</time></trkpt><trkpt lat="47.6530649699" lon="11.4602121804"><ele>1724.74</ele><time>2026-09-03T11:46:13Z</time></trkpt><trkpt lat="47.6530176960" lon="11.4601425268"><ele>1724.74</ele><time>2026-09-03T11:46:22Z</time></trkpt><trkpt lat="47.6529889461" lon="11.4601038862"><ele>1724.74</ele><time>2026-09-03T11:46:29Z</time></trkpt><trkpt lat="47.6529487129" lon="11.4600514993"><ele>1724.74</ele><time>2026-09-03T11:46:38Z</time></trkpt><trkpt lat="47.6529031154" lon="11.4599928260"><ele>1724.74</ele><time>2026-09-03T11:46:47Z</time></trkpt><trkpt lat="47.6528903749" lon="11.4599017985"><ele>1724.74</ele><time>2026-09-03T11:46:56Z</time></trkpt><trkpt lat="47.6528799813" lon="11.4598738868"><ele>1716.71</ele><time>2026-09-03T11:47:00Z</time></trkpt><trkpt lat="47.6528736949" lon="11.4598683547"><ele>1716.60</ele><time>2026-09-03T11:47:01Z</time></trkpt><trkpt lat="47.6528565958" lon="11.4597873855"><ele>1715.46</ele><time>2026-09-03T11:47:10Z</time></trkpt><trkpt lat="47.6528247446" lon="11.4597114455"><ele>1714.72</ele><time>2026-09-03T11:47:18Z</time></trkpt><trkpt lat="47.6528063044" lon="11.4596179035"><ele>1713.43</ele><time>2026-09-03T11:47:26Z</time></trkpt><trkpt lat="47.6528058015" lon="11.4595412929"><ele>1712.57</ele><time>2026-09-03T11:47:34Z</time></trkpt><trkpt lat="47.6528350543" lon="11.4594476670"><ele>1711.58</ele><time>2026-09-03T11:47:42Z</time></trkpt><trkpt lat="47.6528454479" lon="11.4593420550"><ele>1711.00</ele><time>2026-09-03T11:47:50Z</time></trkpt><trkpt lat="47.6528462023" lon="11.4592646901"><ele>1709.70</ele><time>2026-09-03T11:47:59Z</time></trkpt><trkpt lat="47.6528320368" lon="11.4592306595"><ele>1708.68</ele><time>2026-09-03T11:48:07Z</time></trkpt><trkpt lat="47.6528391615" lon="11.4591413084"><ele>1707.68</ele><time>2026-09-03T11:48:14Z</time></trkpt><trkpt lat="47.6528814062" lon="11.4590516221"><ele>1705.88</ele><time>2026-09-03T11:48:23Z</time></trkpt><trkpt lat="47.6529095694" lon="11.4589988161"><ele>1704.82</ele><time>2026-09-03T11:48:27Z</time></trkpt><trkpt lat="47.6529480424" lon="11.4589250553"><ele>1703.90</ele><time>2026-09-03T11:48:37Z</time></trkpt><trkpt lat="47.6529658120" lon="11.4588816371"><ele>1702.45</ele><time>2026-09-03T11:48:46Z</time></trkpt><trkpt lat="47.6530169416" lon="11.4588568266"><ele>1700.73</ele><time>2026-09-03T11:48:55Z</time></trkpt><trkpt lat="47.6530365553" lon="11.4588341117"><ele>1698.92</ele><time>2026-09-03T11:49:03Z</time></trkpt><trkpt lat="47.6530519780" lon="11.4587895200"><ele>1698.28</ele><time>2026-09-03T11:49:06Z</time></trkpt><trkpt lat="47.6530571748" lon="11.4587583393"><ele>1697.51</ele><time>2026-09-03T11:49:08Z</time></trkpt><trkpt lat="47.6530577615" lon="11.4587119035"><ele>1695.37</ele><time>2026-09-03T11:49:12Z</time></trkpt><trkpt lat="47.6530696638" lon="11.4586462732"><ele>1695.82</ele><time>2026-09-03T11:49:21Z</time></trkpt><trkpt lat="47.6530839968" lon="11.4586311020"><ele>1695.37</ele><time>2026-09-03T11:49:32Z</time></trkpt><trkpt lat="47.6531303488" lon="11.4585565031"><ele>1694.46</ele><time>2026-09-03T11:49:40Z</time></trkpt><trkpt lat="47.6531378925" lon="11.4585500490"><ele>1694.41</ele><time>2026-09-03T11:49:41Z</time></trkpt><trkpt lat="47.6532057859" lon="11.4585494623"><ele>1693.64</ele><time>2026-09-03T11:49:50Z</time></trkpt><trkpt lat="47.6532516349" lon="11.4585596044"><ele>1694.13</ele><time>2026-09-03T11:49:57Z</time></trkpt><trkpt lat="47.6533103082" lon="11.4585163537"><ele>1695.65</ele><time>2026-09-03T11:50:05Z</time></trkpt><trkpt lat="47.6533436682" lon="11.4584500529"><ele>1696.90</ele><time>2026-09-03T11:50:13Z</time></trkpt><trkpt lat="47.6533708256" lon="11.4583966602"><ele>1696.23</ele><time>2026-09-03T11:50:22Z</time></trkpt><trkpt lat="47.6534037665" lon="11.4583211392"><ele>1695.05</ele><time>2026-09-03T11:50:33Z</time></trkpt><trkpt lat="47.6534382161" lon="11.4581998531"><ele>1692.95</ele><time>2026-09-03T11:50:43Z</time></trkpt><trkpt lat="47.6534833945" lon="11.4581800718"><ele>1692.27</ele><time>2026-09-03T11:50:50Z</time></trkpt><trkpt lat="47.6535302494" lon="11.4581904653"><ele>1692.08</ele><time>2026-09-03T11:50:58Z</time></trkpt><trkpt lat="47.6535475161" lon="11.4581844304"><ele>1691.56</ele><time>2026-09-03T11:51:06Z</time></trkpt><trkpt lat="47.6535751764" lon="11.4581708517"><ele>1690.35</ele><time>2026-09-03T11:51:16Z</time></trkpt><trkpt lat="47.6535978913" lon="11.4581498969"><ele>1689.42</ele><time>2026-09-03T11:51:25Z</time></trkpt><trkpt lat="47.6536079496" lon="11.4581272658"><ele>1688.30</ele><time>2026-09-03T11:51:35Z</time></trkpt><trkpt lat="47.6536280662" lon="11.4580815844"><ele>1686.97</ele><time>2026-09-03T11:51:45Z</time></trkpt><trkpt lat="47.6536413934" lon="11.4580522478"><ele>1685.27</ele><time>2026-09-03T11:51:55Z</time></trkpt><trkpt lat="47.6536443271" lon="11.4580129366"><ele>1684.14</ele><time>2026-09-03T11:52:04Z</time></trkpt><trkpt lat="47.6536438242" lon="11.4579919819"><ele>1683.28</ele><time>2026-09-03T11:52:12Z</time></trkpt><trkpt lat="47.6536728255" lon="11.4579523355"><ele>1682.00</ele><time>2026-09-03T11:52:23Z</time></trkpt><trkpt lat="47.6537154894" lon="11.4578912314"><ele>1680.59</ele><time>2026-09-03T11:52:30Z</time></trkpt><trkpt lat="47.6537267212" lon="11.4578819275"><ele>1680.46</ele><time>2026-09-03T11:52:31Z</time></trkpt><trkpt lat="47.6537370309" lon="11.4578714501"><ele>1680.34</ele><time>2026-09-03T11:52:32Z</time></trkpt><trkpt lat="47.6537741628" lon="11.4578316361"><ele>1679.42</ele><time>2026-09-03T11:52:37Z</time></trkpt><trkpt lat="47.6537806168" lon="11.4578154590"><ele>1679.24</ele><time>2026-09-03T11:52:38Z</time></trkpt><trkpt lat="47.6537877414" lon="11.4578024670"><ele>1679.09</ele><time>2026-09-03T11:52:39Z</time></trkpt><trkpt lat="47.6538589038" lon="11.4577059913"><ele>1677.38</ele><time>2026-09-03T11:52:47Z</time></trkpt><trkpt lat="47.6538387872" lon="11.4576474018"><ele>1676.28</ele><time>2026-09-03T11:52:55Z</time></trkpt><trkpt lat="47.6538109593" lon="11.4575875551"><ele>1674.59</ele><time>2026-09-03T11:53:07Z</time></trkpt><trkpt lat="47.6537975483" lon="11.4575550333"><ele>1674.19</ele><time>2026-09-03T11:53:10Z</time></trkpt><trkpt lat="47.6537860651" lon="11.4574883133"><ele>1672.69</ele><time>2026-09-03T11:53:18Z</time></trkpt><trkpt lat="47.6537315827" lon="11.4574624132"><ele>1670.76</ele><time>2026-09-03T11:53:26Z</time></trkpt><trkpt lat="47.6536843926" lon="11.4574140497"><ele>1668.65</ele><time>2026-09-03T11:53:37Z</time></trkpt><trkpt lat="47.6536304969" lon="11.4573371038"><ele>1666.60</ele><time>2026-09-03T11:53:48Z</time></trkpt><trkpt lat="47.6536003221" lon="11.4572870638"><ele>1665.18</ele><time>2026-09-03T11:53:58Z</time></trkpt><trkpt lat="47.6535506174" lon="11.4571854752"><ele>1663.13</ele><time>2026-09-03T11:54:07Z</time></trkpt><trkpt lat="47.6535261422" lon="11.4570983034"><ele>1662.06</ele><time>2026-09-03T11:54:16Z</time></trkpt><trkpt lat="47.6535382122" lon="11.4570555557"><ele>1661.32</ele><time>2026-09-03T11:54:23Z</time></trkpt><trkpt lat="47.6535565685" lon="11.4570152387"><ele>1660.41</ele><time>2026-09-03T11:54:34Z</time></trkpt><trkpt lat="47.6535878330" lon="11.4569756761"><ele>1658.16</ele><time>2026-09-03T11:54:43Z</time></trkpt><trkpt lat="47.6535888389" lon="11.4569531288"><ele>1656.54</ele><time>2026-09-03T11:54:55Z</time></trkpt><trkpt lat="47.6535914373" lon="11.4568489417"><ele>1655.90</ele><time>2026-09-03T11:55:06Z</time></trkpt><trkpt lat="47.6535978913" lon="11.4567417372"><ele>1653.50</ele><time>2026-09-03T11:55:16Z</time></trkpt><trkpt lat="47.6536052674" lon="11.4566680603"><ele>1652.46</ele><time>2026-09-03T11:55:23Z</time></trkpt><trkpt lat="47.6536143199" lon="11.4566031843"><ele>1651.43</ele><time>2026-09-03T11:55:31Z</time></trkpt><trkpt lat="47.6536204387" lon="11.4565404039"><ele>1650.54</ele><time>2026-09-03T11:55:41Z</time></trkpt><trkpt lat="47.6536340173" lon="11.4564808086"><ele>1649.58</ele><time>2026-09-03T11:55:50Z</time></trkpt><trkpt lat="47.6535973046" lon="11.4564383961"><ele>1647.96</ele><time>2026-09-03T11:56:00Z</time></trkpt><trkpt lat="47.6535978075" lon="11.4563811477"><ele>1646.46</ele><time>2026-09-03T11:56:11Z</time></trkpt><trkpt lat="47.6536077820" lon="11.4563171100"><ele>1644.17</ele><time>2026-09-03T11:56:21Z</time></trkpt><trkpt lat="47.6536181755" lon="11.4562593587"><ele>1643.09</ele><time>2026-09-03T11:56:29Z</time></trkpt><trkpt lat="47.6536365319" lon="11.4561776351"><ele>1640.94</ele><time>2026-09-03T11:56:40Z</time></trkpt><trkpt lat="47.6536594983" lon="11.4561254159"><ele>1639.85</ele><time>2026-09-03T11:56:49Z</time></trkpt><trkpt lat="47.6536805369" lon="11.4560594503"><ele>1638.12</ele><time>2026-09-03T11:56:58Z</time></trkpt><trkpt lat="47.6536900923" lon="11.4560146071"><ele>1636.53</ele><time>2026-09-03T11:57:06Z</time></trkpt><trkpt lat="47.6537188422" lon="11.4559348114"><ele>1635.54</ele><time>2026-09-03T11:57:12Z</time></trkpt><trkpt lat="47.6537351869" lon="11.4558613859"><ele>1634.17</ele><time>2026-09-03T11:57:21Z</time></trkpt><trkpt lat="47.6537343487" lon="11.4558307081"><ele>1632.92</ele><time>2026-09-03T11:57:30Z</time></trkpt><trkpt lat="47.6537410542" lon="11.4557487331"><ele>1631.79</ele><time>2026-09-03T11:57:39Z</time></trkpt><trkpt lat="47.6537190098" lon="11.4556774031"><ele>1630.23</ele><time>2026-09-03T11:57:50Z</time></trkpt><trkpt lat="47.6537284814" lon="11.4556214120"><ele>1628.84</ele><time>2026-09-03T11:57:57Z</time></trkpt><trkpt lat="47.6537115499" lon="11.4555792511"><ele>1627.04</ele><time>2026-09-03T11:58:07Z</time></trkpt><trkpt lat="47.6537009049" lon="11.4554810990"><ele>1625.74</ele><time>2026-09-03T11:58:15Z</time></trkpt><trkpt lat="47.6536785252" lon="11.4554112777"><ele>1624.38</ele><time>2026-09-03T11:58:23Z</time></trkpt><trkpt lat="47.6536753401" lon="11.4553966094"><ele>1624.24</ele><time>2026-09-03T11:58:24Z</time></trkpt><trkpt lat="47.6536534633" lon="11.4553339127"><ele>1623.22</ele><time>2026-09-03T11:58:29Z</time></trkpt><trkpt lat="47.6536179241" lon="11.4552577212"><ele>1622.71</ele><time>2026-09-03T11:58:36Z</time></trkpt><trkpt lat="47.6535735838" lon="11.4552047476"><ele>1622.36</ele><time>2026-09-03T11:58:45Z</time></trkpt><trkpt lat="47.6535616815" lon="11.4551496785"><ele>1620.96</ele><time>2026-09-03T11:58:55Z</time></trkpt><trkpt lat="47.6535459235" lon="11.4550894964"><ele>1619.86</ele><time>2026-09-03T11:59:05Z</time></trkpt><trkpt lat="47.6535482705" lon="11.4550272189"><ele>1618.82</ele><time>2026-09-03T11:59:15Z</time></trkpt><trkpt lat="47.6535522100" lon="11.4549729880"><ele>1617.63</ele><time>2026-09-03T11:59:25Z</time></trkpt><trkpt lat="47.6535370387" lon="11.4549305756"><ele>1616.15</ele><time>2026-09-03T11:59:34Z</time></trkpt><trkpt lat="47.6535362843" lon="11.4549074415"><ele>1614.63</ele><time>2026-09-03T11:59:46Z</time></trkpt><trkpt lat="47.6535115577" lon="11.4548473433"><ele>1613.49</ele><time>2026-09-03T11:59:55Z</time></trkpt><trkpt lat="47.6534850709" lon="11.4548181742"><ele>1612.39</ele><time>2026-09-03T12:00:06Z</time></trkpt><trkpt lat="47.6534710731" lon="11.4547481015"><ele>1610.27</ele><time>2026-09-03T12:00:16Z</time></trkpt><trkpt lat="47.6534655411" lon="11.4547087904"><ele>1609.69</ele><time>2026-09-03T12:00:20Z</time></trkpt><trkpt lat="47.6534761023" lon="11.4546662103"><ele>1607.92</ele><time>2026-09-03T12:00:32Z</time></trkpt><trkpt lat="47.6534627751" lon="11.4546139911"><ele>1605.70</ele><time>2026-09-03T12:00:44Z</time></trkpt><trkpt lat="47.6534220390" lon="11.4546024241"><ele>1604.13</ele><time>2026-09-03T12:00:53Z</time></trkpt><trkpt lat="47.6534153335" lon="11.4545943774"><ele>1602.67</ele><time>2026-09-03T12:01:06Z</time></trkpt><trkpt lat="47.6534118131" lon="11.4545599278"><ele>1601.12</ele><time>2026-09-03T12:01:17Z</time></trkpt><trkpt lat="47.6534154173" lon="11.4545096364"><ele>1599.94</ele><time>2026-09-03T12:01:27Z</time></trkpt><trkpt lat="47.6534044370" lon="11.4544645417"><ele>1599.05</ele><time>2026-09-03T12:01:37Z</time></trkpt><trkpt lat="47.6534198597" lon="11.4544109814"><ele>1596.78</ele><time>2026-09-03T12:01:48Z</time></trkpt><trkpt lat="47.6533315144" lon="11.4542765357"><ele>1594.75</ele><time>2026-09-03T12:01:57Z</time></trkpt><trkpt lat="47.6533331070" lon="11.4541720971"><ele>1593.10</ele><time>2026-09-03T12:02:06Z</time></trkpt><trkpt lat="47.6533595938" lon="11.4541230630"><ele>1591.29</ele><time>2026-09-03T12:02:14Z</time></trkpt><trkpt lat="47.6533605997" lon="11.4540952351"><ele>1588.97</ele><time>2026-09-03T12:02:25Z</time></trkpt><trkpt lat="47.6533782855" lon="11.4540217258"><ele>1587.68</ele><time>2026-09-03T12:02:34Z</time></trkpt><trkpt lat="47.6533375494" lon="11.4539901260"><ele>1586.28</ele><time>2026-09-03T12:02:45Z</time></trkpt><trkpt lat="47.6533242222" lon="11.4539379906"><ele>1584.65</ele><time>2026-09-03T12:02:54Z</time></trkpt><trkpt lat="47.6533097215" lon="11.4539332129"><ele>1582.70</ele><time>2026-09-03T12:03:03Z</time></trkpt><trkpt lat="47.6532932930" lon="11.4538995177"><ele>1581.34</ele><time>2026-09-03T12:03:13Z</time></trkpt><trkpt lat="47.6532774512" lon="11.4538877830"><ele>1579.80</ele><time>2026-09-03T12:03:24Z</time></trkpt><trkpt lat="47.6532453485" lon="11.4538160339"><ele>1577.36</ele><time>2026-09-03T12:03:36Z</time></trkpt><trkpt lat="47.6532424148" lon="11.4537690952"><ele>1576.00</ele><time>2026-09-03T12:03:46Z</time></trkpt><trkpt lat="47.6532154251" lon="11.4536960050"><ele>1574.75</ele><time>2026-09-03T12:03:56Z</time></trkpt><trkpt lat="47.6532107312" lon="11.4536055643"><ele>1573.13</ele><time>2026-09-03T12:04:04Z</time></trkpt><trkpt lat="47.6532161795" lon="11.4535911474"><ele>1572.40</ele><time>2026-09-03T12:04:14Z</time></trkpt><trkpt lat="47.6532063726" lon="11.4535737131"><ele>1572.15</ele><time>2026-09-03T12:04:28Z</time></trkpt><trkpt lat="47.6532119885" lon="11.4535620622"><ele>1571.93</ele><time>2026-09-03T12:04:41Z</time></trkpt><trkpt lat="47.6532170177" lon="11.4535654150"><ele>1571.65</ele><time>2026-09-03T12:04:54Z</time></trkpt><trkpt lat="47.6532758586" lon="11.4535383414"><ele>1570.87</ele><time>2026-09-03T12:05:04Z</time></trkpt><trkpt lat="47.6533034351" lon="11.4535185602"><ele>1568.45</ele><time>2026-09-03T12:05:17Z</time></trkpt><trkpt lat="47.6533075422" lon="11.4534642454"><ele>1566.32</ele><time>2026-09-03T12:05:28Z</time></trkpt><trkpt lat="47.6533068717" lon="11.4534481522"><ele>1566.08</ele><time>2026-09-03T12:05:29Z</time></trkpt><trkpt lat="47.6533039380" lon="11.4532927517"><ele>1563.81</ele><time>2026-09-03T12:05:42Z</time></trkpt><trkpt lat="47.6533444226" lon="11.4532613195"><ele>1561.66</ele><time>2026-09-03T12:05:55Z</time></trkpt><trkpt lat="47.6533501223" lon="11.4531881455"><ele>1560.00</ele><time>2026-09-03T12:06:05Z</time></trkpt><trkpt lat="47.6533068717" lon="11.4530298114"><ele>1557.98</ele><time>2026-09-03T12:06:16Z</time></trkpt><trkpt lat="47.6533364598" lon="11.4529733174"><ele>1556.63</ele><time>2026-09-03T12:06:23Z</time></trkpt><trkpt lat="47.6534129027" lon="11.4529656898"><ele>1554.74</ele><time>2026-09-03T12:06:33Z</time></trkpt><trkpt lat="47.6534669660" lon="11.4529372752"><ele>1553.30</ele><time>2026-09-03T12:06:42Z</time></trkpt><trkpt lat="47.6534899324" lon="11.4529418852"><ele>1552.23</ele><time>2026-09-03T12:06:52Z</time></trkpt><trkpt lat="47.6535355300" lon="11.4529205114"><ele>1550.30</ele><time>2026-09-03T12:07:03Z</time></trkpt><trkpt lat="47.6535645314" lon="11.4529341739"><ele>1549.20</ele><time>2026-09-03T12:07:12Z</time></trkpt><trkpt lat="47.6536340173" lon="11.4529127162"><ele>1547.47</ele><time>2026-09-03T12:07:20Z</time></trkpt><trkpt lat="47.6536880806" lon="11.4529273007"><ele>1545.59</ele><time>2026-09-03T12:07:29Z</time></trkpt><trkpt lat="47.6537272241" lon="11.4529496804"><ele>1544.93</ele><time>2026-09-03T12:07:37Z</time></trkpt><trkpt lat="47.6537750009" lon="11.4529906679"><ele>1543.70</ele><time>2026-09-03T12:07:45Z</time></trkpt><trkpt lat="47.6537989732" lon="11.4529689588"><ele>1542.53</ele><time>2026-09-03T12:07:55Z</time></trkpt><trkpt lat="47.6538521983" lon="11.4529816154"><ele>1540.86</ele><time>2026-09-03T12:08:02Z</time></trkpt><trkpt lat="47.6538968738" lon="11.4530295599"><ele>1540.22</ele><time>2026-09-03T12:08:11Z</time></trkpt><trkpt lat="47.6539257914" lon="11.4530713856"><ele>1541.01</ele><time>2026-09-03T12:08:24Z</time></trkpt><trkpt lat="47.6539403759" lon="11.4530883171"><ele>1541.01</ele><time>2026-09-03T12:08:26Z</time></trkpt><trkpt lat="47.6539933495" lon="11.4531310648"><ele>1539.43</ele><time>2026-09-03T12:08:35Z</time></trkpt><trkpt lat="47.6540203393" lon="11.4531399496"><ele>1538.43</ele><time>2026-09-03T12:08:43Z</time></trkpt><trkpt lat="47.6540681999" lon="11.4531774167"><ele>1536.89</ele><time>2026-09-03T12:08:53Z</time></trkpt><trkpt lat="47.6541268732" lon="11.4532208350"><ele>1535.50</ele><time>2026-09-03T12:09:03Z</time></trkpt><trkpt lat="47.6541602332" lon="11.4532391075"><ele>1534.33</ele><time>2026-09-03T12:09:13Z</time></trkpt><trkpt lat="47.6542155538" lon="11.4532782510"><ele>1532.67</ele><time>2026-09-03T12:09:23Z</time></trkpt><trkpt lat="47.6542560384" lon="11.4533693623"><ele>1531.27</ele><time>2026-09-03T12:09:31Z</time></trkpt><trkpt lat="47.6542917453" lon="11.4534773212"><ele>1530.35</ele><time>2026-09-03T12:09:41Z</time></trkpt><trkpt lat="47.6542955171" lon="11.4535188116"><ele>1530.55</ele><time>2026-09-03T12:09:51Z</time></trkpt><trkpt lat="47.6543274522" lon="11.4535944164"><ele>1530.84</ele><time>2026-09-03T12:09:58Z</time></trkpt><trkpt lat="47.6543646678" lon="11.4536790736"><ele>1531.91</ele><time>2026-09-03T12:10:08Z</time></trkpt><trkpt lat="47.6544040628" lon="11.4537571929"><ele>1532.50</ele><time>2026-09-03T12:10:17Z</time></trkpt><trkpt lat="47.6544571202" lon="11.4537793212"><ele>1530.73</ele><time>2026-09-03T12:10:25Z</time></trkpt><trkpt lat="47.6544861216" lon="11.4538231585"><ele>1531.48</ele><time>2026-09-03T12:10:32Z</time></trkpt><trkpt lat="47.6545266900" lon="11.4538448676"><ele>1531.48</ele><time>2026-09-03T12:10:41Z</time></trkpt><trkpt lat="47.6545469742" lon="11.4538901299"><ele>1531.48</ele><time>2026-09-03T12:10:50Z</time></trkpt><trkpt lat="47.6545727905" lon="11.4539045468"><ele>1531.48</ele><time>2026-09-03T12:10:59Z</time></trkpt><trkpt lat="47.6546131074" lon="11.4539405890"><ele>1531.48</ele><time>2026-09-03T12:11:07Z</time></trkpt><trkpt lat="47.6546343975" lon="11.4540226478"><ele>1531.48</ele><time>2026-09-03T12:11:16Z</time></trkpt><trkpt lat="47.6546842698" lon="11.4540614560"><ele>1531.48</ele><time>2026-09-03T12:11:24Z</time></trkpt><trkpt lat="47.6546892151" lon="11.4540687483"><ele>1524.61</ele><time>2026-09-03T12:11:25Z</time></trkpt><trkpt lat="47.6546934899" lon="11.4540748671"><ele>1524.61</ele><time>2026-09-03T12:11:26Z</time></trkpt><trkpt lat="47.6547234971" lon="11.4541626256"><ele>1524.08</ele><time>2026-09-03T12:11:35Z</time></trkpt><trkpt lat="47.6547354832" lon="11.4542265795"><ele>1524.19</ele><time>2026-09-03T12:11:40Z</time></trkpt><trkpt lat="47.6547410991" lon="11.4543223847"><ele>1524.52</ele><time>2026-09-03T12:11:47Z</time></trkpt><trkpt lat="47.6547385845" lon="11.4544147532"><ele>1524.53</ele><time>2026-09-03T12:11:58Z</time></trkpt><trkpt lat="47.6547521632" lon="11.4544879273"><ele>1523.30</ele><time>2026-09-03T12:12:06Z</time></trkpt><trkpt lat="47.6547519956" lon="11.4545822237"><ele>1521.82</ele><time>2026-09-03T12:12:14Z</time></trkpt><trkpt lat="47.6547680888" lon="11.4546477702"><ele>1521.24</ele><time>2026-09-03T12:12:22Z</time></trkpt><trkpt lat="47.6547959168" lon="11.4547385462"><ele>1519.12</ele><time>2026-09-03T12:12:31Z</time></trkpt><trkpt lat="47.6548602898" lon="11.4547301643"><ele>1517.52</ele><time>2026-09-03T12:12:40Z</time></trkpt><trkpt lat="47.6549485512" lon="11.4547631051"><ele>1516.03</ele><time>2026-09-03T12:12:49Z</time></trkpt><trkpt lat="47.6550288498" lon="11.4547977224"><ele>1514.88</ele><time>2026-09-03T12:13:00Z</time></trkpt><trkpt lat="47.6550971624" lon="11.4548241254"><ele>1512.85</ele><time>2026-09-03T12:13:10Z</time></trkpt><trkpt lat="47.6551483758" lon="11.4548753388"><ele>1510.78</ele><time>2026-09-03T12:13:22Z</time></trkpt><trkpt lat="47.6551831607" lon="11.4549039211"><ele>1508.20</ele><time>2026-09-03T12:13:35Z</time></trkpt><trkpt lat="47.6552578434" lon="11.4549470879"><ele>1506.47</ele><time>2026-09-03T12:13:45Z</time></trkpt><trkpt lat="47.6552897785" lon="11.4549786877"><ele>1505.56</ele><time>2026-09-03T12:13:49Z</time></trkpt><trkpt lat="47.6553114876" lon="11.4549961220"><ele>1505.08</ele><time>2026-09-03T12:13:51Z</time></trkpt><trkpt lat="47.6553725917" lon="11.4550057612"><ele>1503.83</ele><time>2026-09-03T12:13:58Z</time></trkpt><trkpt lat="47.6554312650" lon="11.4550728165"><ele>1502.91</ele><time>2026-09-03T12:14:08Z</time></trkpt><trkpt lat="47.6554984041" lon="11.4550899994"><ele>1500.72</ele><time>2026-09-03T12:14:19Z</time></trkpt><trkpt lat="47.6555513777" lon="11.4551858883"><ele>1499.37</ele><time>2026-09-03T12:14:28Z</time></trkpt><trkpt lat="47.6556074526" lon="11.4552622475"><ele>1497.99</ele><time>2026-09-03T12:14:38Z</time></trkpt><trkpt lat="47.6556388848" lon="11.4553329069"><ele>1496.61</ele><time>2026-09-03T12:14:46Z</time></trkpt><trkpt lat="47.6556905173" lon="11.4554167259"><ele>1494.90</ele><time>2026-09-03T12:14:56Z</time></trkpt><trkpt lat="47.6557370368" lon="11.4554367587"><ele>1492.83</ele><time>2026-09-03T12:15:05Z</time></trkpt><trkpt lat="47.6557855681" lon="11.4554940909"><ele>1490.52</ele><time>2026-09-03T12:15:16Z</time></trkpt><trkpt lat="47.6558408048" lon="11.4555394370"><ele>1488.43</ele><time>2026-09-03T12:15:26Z</time></trkpt><trkpt lat="47.6559141465" lon="11.4556151256"><ele>1486.72</ele><time>2026-09-03T12:15:37Z</time></trkpt><trkpt lat="47.6559832133" lon="11.4556979388"><ele>1484.82</ele><time>2026-09-03T12:15:48Z</time></trkpt><trkpt lat="47.6560227759" lon="11.4557596296"><ele>1483.95</ele><time>2026-09-03T12:15:57Z</time></trkpt><trkpt lat="47.6560984645" lon="11.4558713604"><ele>1482.95</ele><time>2026-09-03T12:16:05Z</time></trkpt><trkpt lat="47.6561642624" lon="11.4559819177"><ele>1482.80</ele><time>2026-09-03T12:16:13Z</time></trkpt><trkpt lat="47.6561814453" lon="11.4560017828"><ele>1482.72</ele><time>2026-09-03T12:16:15Z</time></trkpt><trkpt lat="47.6562226005" lon="11.4560582768"><ele>1482.69</ele><time>2026-09-03T12:16:23Z</time></trkpt><trkpt lat="47.6562700421" lon="11.4561026171"><ele>1483.39</ele><time>2026-09-03T12:16:32Z</time></trkpt><trkpt lat="47.6563075092" lon="11.4561631344"><ele>1483.06</ele><time>2026-09-03T12:16:41Z</time></trkpt><trkpt lat="47.6563728042" lon="11.4562230650"><ele>1481.69</ele><time>2026-09-03T12:16:50Z</time></trkpt><trkpt lat="47.6563878078" lon="11.4563268330"><ele>1480.58</ele><time>2026-09-03T12:16:58Z</time></trkpt><trkpt lat="47.6563826110" lon="11.4564563334"><ele>1479.27</ele><time>2026-09-03T12:17:07Z</time></trkpt><trkpt lat="47.6563876402" lon="11.4565342851"><ele>1478.58</ele><time>2026-09-03T12:17:12Z</time></trkpt><trkpt lat="47.6564033981" lon="11.4566390589"><ele>1477.65</ele><time>2026-09-03T12:17:20Z</time></trkpt><trkpt lat="47.6564147137" lon="11.4567450900"><ele>1476.64</ele><time>2026-09-03T12:17:28Z</time></trkpt><trkpt lat="47.6564696990" lon="11.4568213653"><ele>1475.27</ele><time>2026-09-03T12:17:37Z</time></trkpt><trkpt lat="47.6564791705" lon="11.4569388796"><ele>1473.93</ele><time>2026-09-03T12:17:47Z</time></trkpt><trkpt lat="47.6564768236" lon="11.4570100419"><ele>1474.15</ele><time>2026-09-03T12:17:56Z</time></trkpt><trkpt lat="47.6564703695" lon="11.4571311604"><ele>1474.18</ele><time>2026-09-03T12:18:08Z</time></trkpt><trkpt lat="47.6564666815" lon="11.4571541268"><ele>1473.47</ele><time>2026-09-03T12:18:15Z</time></trkpt><trkpt lat="47.6564134564" lon="11.4572454058"><ele>1471.65</ele><time>2026-09-03T12:18:24Z</time></trkpt><trkpt lat="47.6563668530" lon="11.4572784305"><ele>1470.28</ele><time>2026-09-03T12:18:34Z</time></trkpt><trkpt lat="47.6563332416" lon="11.4573563822"><ele>1468.90</ele><time>2026-09-03T12:18:44Z</time></trkpt><trkpt lat="47.6563023124" lon="11.4574604016"><ele>1467.52</ele><time>2026-09-03T12:18:52Z</time></trkpt><trkpt lat="47.6563144661" lon="11.4575188234"><ele>1466.80</ele><time>2026-09-03T12:18:59Z</time></trkpt><trkpt lat="47.6563470718" lon="11.4576005470"><ele>1464.45</ele><time>2026-09-03T12:19:10Z</time></trkpt><trkpt lat="47.6563534420" lon="11.4576780796"><ele>1463.33</ele><time>2026-09-03T12:19:19Z</time></trkpt><trkpt lat="47.6563350856" lon="11.4577374235"><ele>1462.11</ele><time>2026-09-03T12:19:27Z</time></trkpt><trkpt lat="47.6563344989" lon="11.4577595517"><ele>1462.41</ele><time>2026-09-03T12:19:36Z</time></trkpt><trkpt lat="47.6562971994" lon="11.4577961806"><ele>1460.99</ele><time>2026-09-03T12:19:46Z</time></trkpt><trkpt lat="47.6562720537" lon="11.4578770660"><ele>1459.69</ele><time>2026-09-03T12:19:55Z</time></trkpt><trkpt lat="47.6562675275" lon="11.4579618908"><ele>1457.83</ele><time>2026-09-03T12:20:04Z</time></trkpt><trkpt lat="47.6562648453" lon="11.4580184687"><ele>1456.24</ele><time>2026-09-03T12:20:12Z</time></trkpt><trkpt lat="47.6562828664" lon="11.4580455422"><ele>1455.41</ele><time>2026-09-03T12:20:15Z</time></trkpt><trkpt lat="47.6563208364" lon="11.4580045547"><ele>1453.87</ele><time>2026-09-03T12:20:22Z</time></trkpt><trkpt lat="47.6563847065" lon="11.4579584543"><ele>1451.42</ele><time>2026-09-03T12:20:32Z</time></trkpt><trkpt lat="47.6564699505" lon="11.4579361584"><ele>1449.62</ele><time>2026-09-03T12:20:42Z</time></trkpt><trkpt lat="47.6564785838" lon="11.4579773974"><ele>1447.94</ele><time>2026-09-03T12:20:52Z</time></trkpt><trkpt lat="47.6564274542" lon="11.4580506552"><ele>1446.23</ele><time>2026-09-03T12:21:02Z</time></trkpt><trkpt lat="47.6564119477" lon="11.4581182133"><ele>1444.20</ele><time>2026-09-03T12:21:11Z</time></trkpt><trkpt lat="47.6563685294" lon="11.4581761323"><ele>1443.14</ele><time>2026-09-03T12:21:22Z</time></trkpt><trkpt lat="47.6563346665" lon="11.4582291897"><ele>1442.03</ele><time>2026-09-03T12:21:29Z</time></trkpt><trkpt lat="47.6563085150" lon="11.4582985919"><ele>1440.26</ele><time>2026-09-03T12:21:38Z</time></trkpt><trkpt lat="47.6562699582" lon="11.4584001806"><ele>1438.30</ele><time>2026-09-03T12:21:48Z</time></trkpt><trkpt lat="47.6562215947" lon="11.4584811497"><ele>1436.58</ele><time>2026-09-03T12:21:58Z</time></trkpt><trkpt lat="47.6562006399" lon="11.4585787989"><ele>1434.78</ele><time>2026-09-03T12:22:08Z</time></trkpt><trkpt lat="47.6561559644" lon="11.4586309344"><ele>1433.62</ele><time>2026-09-03T12:22:19Z</time></trkpt><trkpt lat="47.6561571378" lon="11.4586917870"><ele>1431.57</ele><time>2026-09-03T12:22:29Z</time></trkpt><trkpt lat="47.6561543718" lon="11.4587294217"><ele>1430.91</ele><time>2026-09-03T12:22:32Z</time></trkpt><trkpt lat="47.6561480016" lon="11.4587815572"><ele>1429.83</ele><time>2026-09-03T12:22:42Z</time></trkpt><trkpt lat="47.6561427210" lon="11.4588117320"><ele>1428.43</ele><time>2026-09-03T12:22:52Z</time></trkpt><trkpt lat="47.6561746560" lon="11.4588952996"><ele>1426.81</ele><time>2026-09-03T12:23:03Z</time></trkpt><trkpt lat="47.6561776735" lon="11.4589096326"><ele>1426.59</ele><time>2026-09-03T12:23:04Z</time></trkpt><trkpt lat="47.6561254542" lon="11.4589895122"><ele>1424.82</ele><time>2026-09-03T12:23:13Z</time></trkpt><trkpt lat="47.6560571417" lon="11.4590867423"><ele>1424.97</ele><time>2026-09-03T12:23:23Z</time></trkpt><trkpt lat="47.6560276374" lon="11.4591791108"><ele>1423.07</ele><time>2026-09-03T12:23:33Z</time></trkpt><trkpt lat="47.6559579000" lon="11.4592780173"><ele>1420.92</ele><time>2026-09-03T12:23:44Z</time></trkpt><trkpt lat="47.6559154037" lon="11.4593509398"><ele>1419.45</ele><time>2026-09-03T12:23:55Z</time></trkpt><trkpt lat="47.6559169125" lon="11.4594081044"><ele>1417.33</ele><time>2026-09-03T12:24:07Z</time></trkpt><trkpt lat="47.6559739094" lon="11.4594464097"><ele>1415.20</ele><time>2026-09-03T12:24:17Z</time></trkpt><trkpt lat="47.6560271345" lon="11.4593959507"><ele>1413.94</ele><time>2026-09-03T12:24:26Z</time></trkpt><trkpt lat="47.6561091095" lon="11.4593210164"><ele>1411.59</ele><time>2026-09-03T12:24:40Z</time></trkpt><trkpt lat="47.6561664417" lon="11.4592828788"><ele>1409.59</ele><time>2026-09-03T12:24:52Z</time></trkpt><trkpt lat="47.6562291384" lon="11.4592571463"><ele>1408.03</ele><time>2026-09-03T12:25:03Z</time></trkpt><trkpt lat="47.6562843751" lon="11.4592378680"><ele>1406.80</ele><time>2026-09-03T12:25:11Z</time></trkpt><trkpt lat="47.6563194115" lon="11.4592054300"><ele>1405.13</ele><time>2026-09-03T12:25:21Z</time></trkpt><trkpt lat="47.6563810185" lon="11.4591665380"><ele>1403.97</ele><time>2026-09-03T12:25:31Z</time></trkpt><trkpt lat="47.6563917473" lon="11.4591712318"><ele>1402.48</ele><time>2026-09-03T12:25:42Z</time></trkpt><trkpt lat="47.6563583873" lon="11.4592076931"><ele>1400.33</ele><time>2026-09-03T12:25:54Z</time></trkpt><trkpt lat="47.6563286316" lon="11.4592469204"><ele>1398.82</ele><time>2026-09-03T12:26:06Z</time></trkpt><trkpt lat="47.6563016418" lon="11.4592817891"><ele>1397.80</ele><time>2026-09-03T12:26:15Z</time></trkpt><trkpt lat="47.6562624983" lon="11.4593608305"><ele>1396.57</ele><time>2026-09-03T12:26:24Z</time></trkpt><trkpt lat="47.6562350057" lon="11.4594805241"><ele>1395.28</ele><time>2026-09-03T12:26:33Z</time></trkpt><trkpt lat="47.6562308986" lon="11.4595777541"><ele>1393.48</ele><time>2026-09-03T12:26:44Z</time></trkpt><trkpt lat="47.6562044956" lon="11.4596600644"><ele>1391.70</ele><time>2026-09-03T12:26:55Z</time></trkpt><trkpt lat="47.6561899949" lon="11.4597226772"><ele>1390.08</ele><time>2026-09-03T12:27:05Z</time></trkpt><trkpt lat="47.6561475825" lon="11.4598053228"><ele>1388.81</ele><time>2026-09-03T12:27:15Z</time></trkpt><trkpt lat="47.6561209280" lon="11.4598558657"><ele>1387.75</ele><time>2026-09-03T12:27:25Z</time></trkpt><trkpt lat="47.6560593210" lon="11.4599850308"><ele>1385.62</ele><time>2026-09-03T12:27:38Z</time></trkpt><trkpt lat="47.6560487598" lon="11.4600608870"><ele>1384.08</ele><time>2026-09-03T12:27:49Z</time></trkpt><trkpt lat="47.6560074370" lon="11.4602016192"><ele>1381.95</ele><time>2026-09-03T12:28:01Z</time></trkpt><trkpt lat="47.6560016535" lon="11.4602817502"><ele>1380.70</ele><time>2026-09-03T12:28:11Z</time></trkpt><trkpt lat="47.6559880748" lon="11.4603554271"><ele>1378.84</ele><time>2026-09-03T12:28:23Z</time></trkpt><trkpt lat="47.6559437346" lon="11.4604167826"><ele>1376.93</ele><time>2026-09-03T12:28:35Z</time></trkpt><trkpt lat="47.6559387054" lon="11.4604539983"><ele>1375.92</ele><time>2026-09-03T12:28:43Z</time></trkpt><trkpt lat="47.6558941975" lon="11.4605659805"><ele>1373.44</ele><time>2026-09-03T12:28:56Z</time></trkpt><trkpt lat="47.6558198500" lon="11.4606974088"><ele>1371.87</ele><time>2026-09-03T12:29:06Z</time></trkpt><trkpt lat="47.6557238773" lon="11.4607720077"><ele>1370.36</ele><time>2026-09-03T12:29:16Z</time></trkpt><trkpt lat="47.6556805428" lon="11.4608177729"><ele>1369.39</ele><time>2026-09-03T12:29:27Z</time></trkpt><trkpt lat="47.6556966361" lon="11.4609026816"><ele>1367.94</ele><time>2026-09-03T12:29:36Z</time></trkpt><trkpt lat="47.6557112206" lon="11.4609906916"><ele>1366.09</ele><time>2026-09-03T12:29:45Z</time></trkpt><trkpt lat="47.6557430718" lon="11.4611501154"><ele>1363.72</ele><time>2026-09-03T12:29:59Z</time></trkpt><trkpt lat="47.6557526272" lon="11.4612516202"><ele>1361.86</ele><time>2026-09-03T12:30:07Z</time></trkpt><trkpt lat="47.6557771023" lon="11.4613604173"><ele>1359.99</ele><time>2026-09-03T12:30:19Z</time></trkpt><trkpt lat="47.6557984762" lon="11.4614349324"><ele>1358.60</ele><time>2026-09-03T12:30:27Z</time></trkpt><trkpt lat="47.6558185928" lon="11.4615298994"><ele>1357.27</ele><time>2026-09-03T12:30:37Z</time></trkpt><trkpt lat="47.6558118034" lon="11.4616410434"><ele>1355.01</ele><time>2026-09-03T12:30:49Z</time></trkpt><trkpt lat="47.6558164973" lon="11.4617875591"><ele>1352.90</ele><time>2026-09-03T12:31:00Z</time></trkpt><trkpt lat="47.6558874920" lon="11.4618808497"><ele>1351.52</ele><time>2026-09-03T12:31:10Z</time></trkpt><trkpt lat="47.6559313294" lon="11.4619812649"><ele>1350.04</ele><time>2026-09-03T12:31:20Z</time></trkpt><trkpt lat="47.6559506077" lon="11.4619636629"><ele>1348.83</ele><time>2026-09-03T12:31:28Z</time></trkpt><trkpt lat="47.6560005639" lon="11.4618765749"><ele>1346.92</ele><time>2026-09-03T12:31:39Z</time></trkpt><trkpt lat="47.6560608298" lon="11.4617902413"><ele>1345.80</ele><time>2026-09-03T12:31:48Z</time></trkpt><trkpt lat="47.6561373565" lon="11.4616718050"><ele>1344.59</ele><time>2026-09-03T12:31:58Z</time></trkpt><trkpt lat="47.6562204212" lon="11.4616396185"><ele>1343.87</ele><time>2026-09-03T12:32:07Z</time></trkpt><trkpt lat="47.6562343352" lon="11.4616418816"><ele>1343.76</ele><time>2026-09-03T12:32:08Z</time></trkpt><trkpt lat="47.6563153043" lon="11.4616048336"><ele>1342.51</ele><time>2026-09-03T12:32:16Z</time></trkpt><trkpt lat="47.6564002968" lon="11.4615273010"><ele>1340.90</ele><time>2026-09-03T12:32:26Z</time></trkpt><trkpt lat="47.6564285439" lon="11.4615412988"><ele>1340.03</ele><time>2026-09-03T12:32:31Z</time></trkpt><trkpt lat="47.6564531866" lon="11.4615656901"><ele>1339.52</ele><time>2026-09-03T12:32:34Z</time></trkpt><trkpt lat="47.6564732194" lon="11.4616465755"><ele>1338.59</ele><time>2026-09-03T12:32:42Z</time></trkpt><trkpt lat="47.6564944256" lon="11.4617314842"><ele>1338.06</ele><time>2026-09-03T12:32:49Z</time></trkpt><trkpt lat="47.6565001253" lon="11.4617769141"><ele>1337.96</ele><time>2026-09-03T12:32:52Z</time></trkpt><trkpt lat="47.6565303002" lon="11.4619193226"><ele>1337.49</ele><time>2026-09-03T12:33:01Z</time></trkpt><trkpt lat="47.6565451361" lon="11.4620659221"><ele>1336.37</ele><time>2026-09-03T12:33:12Z</time></trkpt><trkpt lat="47.6565515064" lon="11.4620762318"><ele>1336.27</ele><time>2026-09-03T12:33:13Z</time></trkpt><trkpt lat="47.6566118561" lon="11.4621494897"><ele>1335.89</ele><time>2026-09-03T12:33:22Z</time></trkpt><trkpt lat="47.6566767320" lon="11.4622231666"><ele>1335.99</ele><time>2026-09-03T12:33:31Z</time></trkpt><trkpt lat="47.6567435358" lon="11.4622815885"><ele>1335.89</ele><time>2026-09-03T12:33:39Z</time></trkpt><trkpt lat="47.6568197273" lon="11.4623229112"><ele>1335.34</ele><time>2026-09-03T12:33:50Z</time></trkpt><trkpt lat="47.6569179632" lon="11.4623834286"><ele>1334.44</ele><time>2026-09-03T12:34:00Z</time></trkpt><trkpt lat="47.6570163667" lon="11.4624104183"><ele>1332.99</ele><time>2026-09-03T12:34:08Z</time></trkpt><trkpt lat="47.6570343878" lon="11.4624169562"><ele>1332.82</ele><time>2026-09-03T12:34:09Z</time></trkpt><trkpt lat="47.6571814902" lon="11.4624140225"><ele>1331.55</ele><time>2026-09-03T12:34:18Z</time></trkpt><trkpt lat="47.6572467852" lon="11.4624053054"><ele>1331.28</ele><time>2026-09-03T12:34:25Z</time></trkpt><trkpt lat="47.6573278382" lon="11.4624133520"><ele>1331.59</ele><time>2026-09-03T12:34:33Z</time></trkpt><trkpt lat="47.6573994197" lon="11.4624008629"><ele>1332.43</ele><time>2026-09-03T12:34:41Z</time></trkpt><trkpt lat="47.6574483700" lon="11.4623868652"><ele>1333.38</ele><time>2026-09-03T12:34:51Z</time></trkpt><trkpt lat="47.6574694924" lon="11.4623488951"><ele>1333.60</ele><time>2026-09-03T12:34:55Z</time></trkpt><trkpt lat="47.6575294230" lon="11.4623401780"><ele>1334.25</ele><time>2026-09-03T12:35:03Z</time></trkpt><trkpt lat="47.6575920358" lon="11.4623478055"><ele>1334.76</ele><time>2026-09-03T12:35:13Z</time></trkpt><trkpt lat="47.6576208696" lon="11.4623504877"><ele>1335.13</ele><time>2026-09-03T12:35:23Z</time></trkpt><trkpt lat="47.6576125715" lon="11.4623494819"><ele>1334.60</ele><time>2026-09-03T12:35:39Z</time></trkpt><trkpt lat="47.6576263178" lon="11.4623574447"><ele>1334.66</ele><time>2026-09-03T12:35:54Z</time></trkpt><trkpt lat="47.6576248091" lon="11.4623634797"><ele>1334.58</ele><time>2026-09-03T12:36:24Z</time></trkpt><trkpt lat="47.6576122362" lon="11.4623729512"><ele>1334.61</ele><time>2026-09-03T12:36:52Z</time></trkpt><trkpt lat="47.6576107275" lon="11.4623731188"><ele>1333.27</ele><time>2026-09-03T12:36:55Z</time></trkpt><trkpt lat="47.6575912815" lon="11.4623668324"><ele>1334.55</ele><time>2026-09-03T12:37:20Z</time></trkpt><trkpt lat="47.6575671416" lon="11.4623477217"><ele>1334.55</ele><time>2026-09-03T12:37:56Z</time></trkpt><trkpt lat="47.6575659681" lon="11.4623475540"><ele>1334.55</ele><time>2026-09-03T12:38:31Z</time></trkpt><trkpt lat="47.6575694885" lon="11.4623623900"><ele>1334.55</ele><time>2026-09-03T12:38:47Z</time></trkpt><trkpt lat="47.6575846598" lon="11.4623773098"><ele>1334.55</ele><time>2026-09-03T12:39:19Z</time></trkpt><trkpt lat="47.6575931255" lon="11.4623756334"><ele>1334.55</ele><time>2026-09-03T12:39:38Z</time></trkpt><trkpt lat="47.6575763617" lon="11.4623644855"><ele>1334.55</ele><time>2026-09-03T12:39:59Z</time></trkpt><trkpt lat="47.6575722545" lon="11.4623670001"><ele>1334.55</ele><time>2026-09-03T12:40:06Z</time></trkpt><trkpt lat="47.6575701591" lon="11.4623727836"><ele>1334.49</ele><time>2026-09-03T12:40:10Z</time></trkpt><trkpt lat="47.6575647946" lon="11.4623629767"><ele>1334.02</ele><time>2026-09-03T12:40:25Z</time></trkpt><trkpt lat="47.6575658005" lon="11.4623624738"><ele>1334.03</ele><time>2026-09-03T12:40:29Z</time></trkpt><trkpt lat="47.6575634535" lon="11.4623556007"><ele>1333.98</ele><time>2026-09-03T12:40:39Z</time></trkpt><trkpt lat="47.6575727575" lon="11.4623597916"><ele>1333.98</ele><time>2026-09-03T12:40:43Z</time></trkpt><trkpt lat="47.6575644594" lon="11.4623545948"><ele>1333.88</ele><time>2026-09-03T12:41:04Z</time></trkpt><trkpt lat="47.6575617772" lon="11.4623488951"><ele>1333.89</ele><time>2026-09-03T12:41:12Z</time></trkpt><trkpt lat="47.6575601008" lon="11.4623490628"><ele>1333.81</ele><time>2026-09-03T12:41:16Z</time></trkpt><trkpt lat="47.6575644594" lon="11.4623530023"><ele>1333.95</ele><time>2026-09-03T12:41:42Z</time></trkpt><trkpt lat="47.6575624477" lon="11.4623523317"><ele>1334.11</ele><time>2026-09-03T12:41:57Z</time></trkpt><trkpt lat="47.6575685665" lon="11.4623554330"><ele>1333.96</ele><time>2026-09-03T12:42:24Z</time></trkpt><trkpt lat="47.6575685665" lon="11.4623574447"><ele>1333.96</ele><time>2026-09-03T12:42:45Z</time></trkpt><trkpt lat="47.6575721707" lon="11.4623550978"><ele>1333.96</ele><time>2026-09-03T12:43:06Z</time></trkpt><trkpt lat="47.6575935446" lon="11.4623553492"><ele>1333.96</ele><time>2026-09-03T12:43:32Z</time></trkpt><trkpt lat="47.6575936284" lon="11.4623633120"><ele>1333.96</ele><time>2026-09-03T12:43:52Z</time></trkpt><trkpt lat="47.6575920358" lon="11.4623628929"><ele>1333.96</ele><time>2026-09-03T12:44:14Z</time></trkpt><trkpt lat="47.6575846598" lon="11.4623642340"><ele>1333.96</ele><time>2026-09-03T12:44:33Z</time></trkpt><trkpt lat="47.6575766969" lon="11.4623656590"><ele>1333.96</ele><time>2026-09-03T12:44:48Z</time></trkpt><trkpt lat="47.6575917844" lon="11.4623757172"><ele>1333.96</ele><time>2026-09-03T12:44:59Z</time></trkpt><trkpt lat="47.6575801335" lon="11.4623690955"><ele>1333.96</ele><time>2026-09-03T12:45:19Z</time></trkpt><trkpt lat="47.6575715840" lon="11.4623649046"><ele>1333.96</ele><time>2026-09-03T12:45:36Z</time></trkpt><trkpt lat="47.6575800497" lon="11.4623721968"><ele>1333.96</ele><time>2026-09-03T12:45:39Z</time></trkpt><trkpt lat="47.6575805526" lon="11.4623731188"><ele>1335.23</ele><time>2026-09-03T12:45:43Z</time></trkpt><trkpt lat="47.6575762779" lon="11.4623811655"><ele>1335.46</ele><time>2026-09-03T12:46:13Z</time></trkpt><trkpt lat="47.6575699076" lon="11.4623755496"><ele>1335.28</ele><time>2026-09-03T12:46:36Z</time></trkpt><trkpt lat="47.6575708296" lon="11.4623731188"><ele>1335.59</ele><time>2026-09-03T12:46:43Z</time></trkpt><trkpt lat="47.6575658005" lon="11.4623663295"><ele>1335.52</ele><time>2026-09-03T12:46:51Z</time></trkpt><trkpt lat="47.6575656328" lon="11.4623607974"><ele>1335.41</ele><time>2026-09-03T12:46:57Z</time></trkpt><trkpt lat="47.6575632859" lon="11.4623615518"><ele>1335.38</ele><time>2026-09-03T12:47:10Z</time></trkpt><trkpt lat="47.6575617772" lon="11.4623625576"><ele>1335.35</ele><time>2026-09-03T12:47:28Z</time></trkpt><trkpt lat="47.6575693209" lon="11.4623689279"><ele>1335.38</ele><time>2026-09-03T12:47:33Z</time></trkpt><trkpt lat="47.6575857494" lon="11.4623827580"><ele>1335.47</ele><time>2026-09-03T12:47:39Z</time></trkpt><trkpt lat="47.6575730927" lon="11.4623777289"><ele>1335.64</ele><time>2026-09-03T12:48:05Z</time></trkpt><trkpt lat="47.6575761940" lon="11.4623719454"><ele>1335.64</ele><time>2026-09-03T12:48:18Z</time></trkpt><trkpt lat="47.6575732604" lon="11.4623695984"><ele>1335.56</ele><time>2026-09-03T12:48:27Z</time></trkpt><trkpt lat="47.6575653814" lon="11.4623666648"><ele>1335.65</ele><time>2026-09-03T12:48:36Z</time></trkpt><trkpt lat="47.6575623639" lon="11.4623680059"><ele>1335.63</ele><time>2026-09-03T12:48:39Z</time></trkpt><trkpt lat="47.6575662196" lon="11.4623738732"><ele>1335.50</ele><time>2026-09-03T12:48:46Z</time></trkpt><trkpt lat="47.6575656328" lon="11.4623763040"><ele>1335.35</ele><time>2026-09-03T12:49:01Z</time></trkpt><trkpt lat="47.6575799659" lon="11.4623750467"><ele>1335.33</ele><time>2026-09-03T12:49:12Z</time></trkpt><trkpt lat="47.6575758588" lon="11.4623816684"><ele>1335.35</ele><time>2026-09-03T12:49:38Z</time></trkpt><trkpt lat="47.6575792953" lon="11.4623866975"><ele>1335.35</ele><time>2026-09-03T12:49:45Z</time></trkpt><trkpt lat="47.6575747691" lon="11.4623815008"><ele>1335.30</ele><time>2026-09-03T12:49:57Z</time></trkpt><trkpt lat="47.6575855818" lon="11.4623838477"><ele>1335.14</ele><time>2026-09-03T12:50:11Z</time></trkpt><trkpt lat="47.6575851627" lon="11.4623808302"><ele>1335.36</ele><time>2026-09-03T12:50:23Z</time></trkpt><trkpt lat="47.6575834025" lon="11.4623752981"><ele>1335.38</ele><time>2026-09-03T12:50:28Z</time></trkpt><trkpt lat="47.6575818937" lon="11.4623750467"><ele>1335.38</ele><time>2026-09-03T12:50:36Z</time></trkpt><trkpt lat="47.6575722545" lon="11.4623802435"><ele>1335.35</ele><time>2026-09-03T12:50:41Z</time></trkpt><trkpt lat="47.6575696561" lon="11.4623711910"><ele>1335.18</ele><time>2026-09-03T12:51:21Z</time></trkpt><trkpt lat="47.6575670578" lon="11.4623705205"><ele>1335.18</ele><time>2026-09-03T12:51:48Z</time></trkpt><trkpt lat="47.6575655490" lon="11.4623699337"><ele>1335.18</ele><time>2026-09-03T12:52:20Z</time></trkpt><trkpt lat="47.6575651299" lon="11.4623665810"><ele>1335.18</ele><time>2026-09-03T12:52:47Z</time></trkpt><trkpt lat="47.6575000025" lon="11.4623464644"><ele>1335.18</ele><time>2026-09-03T12:53:07Z</time></trkpt><trkpt lat="47.6575139165" lon="11.4623485599"><ele>1334.92</ele><time>2026-09-03T12:53:30Z</time></trkpt><trkpt lat="47.6575499587" lon="11.4623530861"><ele>1334.80</ele><time>2026-09-03T12:53:53Z</time></trkpt><trkpt lat="47.6575566642" lon="11.4623633120"><ele>1334.79</ele><time>2026-09-03T12:54:19Z</time></trkpt><trkpt lat="47.6575495396" lon="11.4623607136"><ele>1334.79</ele><time>2026-09-03T12:54:31Z</time></trkpt><trkpt lat="47.6575402357" lon="11.4623669162"><ele>1334.79</ele><time>2026-09-03T12:54:45Z</time></trkpt><trkpt lat="47.6575696561" lon="11.4623790700"><ele>1334.79</ele><time>2026-09-03T12:54:53Z</time></trkpt><trkpt lat="47.6575785410" lon="11.4623927325"><ele>1334.79</ele><time>2026-09-03T12:54:56Z</time></trkpt><trkpt lat="47.6575746015" lon="11.4623971749"><ele>1334.75</ele><time>2026-09-03T12:55:02Z</time></trkpt><trkpt lat="47.6575734280" lon="11.4623891283"><ele>1334.70</ele><time>2026-09-03T12:55:12Z</time></trkpt><trkpt lat="47.6575692371" lon="11.4623895474"><ele>1334.55</ele><time>2026-09-03T12:55:22Z</time></trkpt><trkpt lat="47.6575753558" lon="11.4623782318"><ele>1334.47</ele><time>2026-09-03T12:55:37Z</time></trkpt><trkpt lat="47.6575741824" lon="11.4623728674"><ele>1334.53</ele><time>2026-09-03T12:55:41Z</time></trkpt><trkpt lat="47.6575696561" lon="11.4623750467"><ele>1334.55</ele><time>2026-09-03T12:55:45Z</time></trkpt><trkpt lat="47.6575683150" lon="11.4623755496"><ele>1334.69</ele><time>2026-09-03T12:56:06Z</time></trkpt><trkpt lat="47.6575589273" lon="11.4623796567"><ele>1334.71</ele><time>2026-09-03T12:56:17Z</time></trkpt><trkpt lat="47.6575648785" lon="11.4623750467"><ele>1334.71</ele><time>2026-09-03T12:56:37Z</time></trkpt><trkpt lat="47.6575583406" lon="11.4623731188"><ele>1334.71</ele><time>2026-09-03T12:56:42Z</time></trkpt><trkpt lat="47.6575590950" lon="11.4623696823"><ele>1334.44</ele><time>2026-09-03T12:57:08Z</time></trkpt><trkpt lat="47.6575630344" lon="11.4623810817"><ele>1334.28</ele><time>2026-09-03T12:57:31Z</time></trkpt><trkpt lat="47.6575653814" lon="11.4623739570"><ele>1334.31</ele><time>2026-09-03T12:57:40Z</time></trkpt><trkpt lat="47.6575544011" lon="11.4623559359"><ele>1334.35</ele><time>2026-09-03T12:57:51Z</time></trkpt><trkpt lat="47.6576190256" lon="11.4622882102"><ele>1334.35</ele><time>2026-09-03T12:58:00Z</time></trkpt><trkpt lat="47.6576903556" lon="11.4623049740"><ele>1334.35</ele><time>2026-09-03T12:58:10Z</time></trkpt><trkpt lat="47.6577198599" lon="11.4623339754"><ele>1334.35</ele><time>2026-09-03T12:58:15Z</time></trkpt><trkpt lat="47.6577576622" lon="11.4623416029"><ele>1334.35</ele><time>2026-09-03T12:58:20Z</time></trkpt><trkpt lat="47.6578356978" lon="11.4623721968"><ele>1334.14</ele><time>2026-09-03T12:58:27Z</time></trkpt><trkpt lat="47.6579446625" lon="11.4623869490"><ele>1333.15</ele><time>2026-09-03T12:58:37Z</time></trkpt><trkpt lat="47.6580110472" lon="11.4623934031"><ele>1331.46</ele><time>2026-09-03T12:58:47Z</time></trkpt><trkpt lat="47.6580784377" lon="11.4624343067"><ele>1330.35</ele><time>2026-09-03T12:58:56Z</time></trkpt><trkpt lat="47.6581578143" lon="11.4625031222"><ele>1329.39</ele><time>2026-09-03T12:59:05Z</time></trkpt><trkpt lat="47.6581990533" lon="11.4625086542"><ele>1329.17</ele><time>2026-09-03T12:59:11Z</time></trkpt><trkpt lat="47.6582153980" lon="11.4624842629"><ele>1328.99</ele><time>2026-09-03T12:59:13Z</time></trkpt><trkpt lat="47.6582588162" lon="11.4624093287"><ele>1328.86</ele><time>2026-09-03T12:59:20Z</time></trkpt><trkpt lat="47.6583006419" lon="11.4623274375"><ele>1328.73</ele><time>2026-09-03T12:59:26Z</time></trkpt><trkpt lat="47.6583425514" lon="11.4622573648"><ele>1328.53</ele><time>2026-09-03T12:59:32Z</time></trkpt><trkpt lat="47.6583474129" lon="11.4622455463"><ele>1328.53</ele><time>2026-09-03T12:59:33Z</time></trkpt><trkpt lat="47.6583668590" lon="11.4621906448"><ele>1328.43</ele><time>2026-09-03T12:59:37Z</time></trkpt><trkpt lat="47.6584205031" lon="11.4621129446"><ele>1328.04</ele><time>2026-09-03T12:59:43Z</time></trkpt><trkpt lat="47.6584229339" lon="11.4620843623"><ele>1327.89</ele><time>2026-09-03T12:59:45Z</time></trkpt><trkpt lat="47.6584232692" lon="11.4619927481"><ele>1327.67</ele><time>2026-09-03T12:59:52Z</time></trkpt><trkpt lat="47.6584821101" lon="11.4619562868"><ele>1326.79</ele><time>2026-09-03T13:00:01Z</time></trkpt><trkpt lat="47.6585525181" lon="11.4618847053"><ele>1325.77</ele><time>2026-09-03T13:00:12Z</time></trkpt><trkpt lat="47.6586118620" lon="11.4617865533"><ele>1324.41</ele><time>2026-09-03T13:00:23Z</time></trkpt><trkpt lat="47.6586624887" lon="11.4616337512"><ele>1322.72</ele><time>2026-09-03T13:00:35Z</time></trkpt><trkpt lat="47.6587002911" lon="11.4615387842"><ele>1321.25</ele><time>2026-09-03T13:00:44Z</time></trkpt><trkpt lat="47.6588097587" lon="11.4614316635"><ele>1320.19</ele><time>2026-09-03T13:00:55Z</time></trkpt><trkpt lat="47.6588595472" lon="11.4613009896"><ele>1318.64</ele><time>2026-09-03T13:01:06Z</time></trkpt><trkpt lat="47.6589101739" lon="11.4612711500"><ele>1318.10</ele><time>2026-09-03T13:01:11Z</time></trkpt><trkpt lat="47.6589886285" lon="11.4612758439"><ele>1317.07</ele><time>2026-09-03T13:01:19Z</time></trkpt><trkpt lat="47.6590607129" lon="11.4612960443"><ele>1315.60</ele><time>2026-09-03T13:01:29Z</time></trkpt><trkpt lat="47.6590718608" lon="11.4612988103"><ele>1315.48</ele><time>2026-09-03T13:01:30Z</time></trkpt><trkpt lat="47.6590892952" lon="11.4613013249"><ele>1315.18</ele><time>2026-09-03T13:01:32Z</time></trkpt><trkpt lat="47.6591785625" lon="11.4612962119"><ele>1314.18</ele><time>2026-09-03T13:01:41Z</time></trkpt><trkpt lat="47.6592412591" lon="11.4612874947"><ele>1313.64</ele><time>2026-09-03T13:01:47Z</time></trkpt><trkpt lat="47.6593192108" lon="11.4612558112"><ele>1312.64</ele><time>2026-09-03T13:01:55Z</time></trkpt><trkpt lat="47.6593999285" lon="11.4612903446"><ele>1311.96</ele><time>2026-09-03T13:02:03Z</time></trkpt><trkpt lat="47.6594602782" lon="11.4613620937"><ele>1310.97</ele><time>2026-09-03T13:02:15Z</time></trkpt><trkpt lat="47.6594862621" lon="11.4613996446"><ele>1310.64</ele><time>2026-09-03T13:02:19Z</time></trkpt><trkpt lat="47.6595246512" lon="11.4614306577"><ele>1310.35</ele><time>2026-09-03T13:02:22Z</time></trkpt><trkpt lat="47.6595569216" lon="11.4614635985"><ele>1310.07</ele><time>2026-09-03T13:02:25Z</time></trkpt><trkpt lat="47.6596321072" lon="11.4615247864"><ele>1309.73</ele><time>2026-09-03T13:02:35Z</time></trkpt><trkpt lat="47.6597882621" lon="11.4616260398"><ele>1309.24</ele><time>2026-09-03T13:02:48Z</time></trkpt><trkpt lat="47.6598815527" lon="11.4616402052"><ele>1308.49</ele><time>2026-09-03T13:02:58Z</time></trkpt><trkpt lat="47.6599609293" lon="11.4616734814"><ele>1307.81</ele><time>2026-09-03T13:03:06Z</time></trkpt><trkpt lat="47.6599918585" lon="11.4616821986"><ele>1307.65</ele><time>2026-09-03T13:03:08Z</time></trkpt><trkpt lat="47.6601486839" lon="11.4617220126"><ele>1307.96</ele><time>2026-09-03T13:03:21Z</time></trkpt><trkpt lat="47.6602515299" lon="11.4616956934"><ele>1307.49</ele><time>2026-09-03T13:03:30Z</time></trkpt><trkpt lat="47.6603146456" lon="11.4616547059"><ele>1307.07</ele><time>2026-09-03T13:03:38Z</time></trkpt><trkpt lat="47.6603754982" lon="11.4616018999"><ele>1306.46</ele><time>2026-09-03T13:03:47Z</time></trkpt><trkpt lat="47.6604272146" lon="11.4615899138"><ele>1305.62</ele><time>2026-09-03T13:03:54Z</time></trkpt><trkpt lat="47.6604454871" lon="11.4615933504"><ele>1305.19</ele><time>2026-09-03T13:03:57Z</time></trkpt><trkpt lat="47.6605090220" lon="11.4615606610"><ele>1303.86</ele><time>2026-09-03T13:04:06Z</time></trkpt><trkpt lat="47.6605935115" lon="11.4615096152"><ele>1303.18</ele><time>2026-09-03T13:04:18Z</time></trkpt><trkpt lat="47.6606922504" lon="11.4614803623"><ele>1301.84</ele><time>2026-09-03T13:04:28Z</time></trkpt><trkpt lat="47.6608140394" lon="11.4614735730"><ele>1300.35</ele><time>2026-09-03T13:04:38Z</time></trkpt><trkpt lat="47.6609145384" lon="11.4614982158"><ele>1297.88</ele><time>2026-09-03T13:04:49Z</time></trkpt><trkpt lat="47.6610041410" lon="11.4615202602"><ele>1296.43</ele><time>2026-09-03T13:04:59Z</time></trkpt><trkpt lat="47.6610443741" lon="11.4615253732"><ele>1295.51</ele><time>2026-09-03T13:05:05Z</time></trkpt><trkpt lat="47.6611472201" lon="11.4615412150"><ele>1294.13</ele><time>2026-09-03T13:05:16Z</time></trkpt><trkpt lat="47.6612151135" lon="11.4615526982"><ele>1292.40</ele><time>2026-09-03T13:05:28Z</time></trkpt><trkpt lat="47.6613239944" lon="11.4615733176"><ele>1290.82</ele><time>2026-09-03T13:05:39Z</time></trkpt><trkpt lat="47.6613438595" lon="11.4615984634"><ele>1289.05</ele><time>2026-09-03T13:05:50Z</time></trkpt><trkpt lat="47.6613211446" lon="11.4616196696"><ele>1286.96</ele><time>2026-09-03T13:06:03Z</time></trkpt><trkpt lat="47.6612882875" lon="11.4616309013"><ele>1286.14</ele><time>2026-09-03T13:06:09Z</time></trkpt><trkpt lat="47.6611811668" lon="11.4617044944"><ele>1284.24</ele><time>2026-09-03T13:06:19Z</time></trkpt><trkpt lat="47.6611618884" lon="11.4617152233"><ele>1282.58</ele><time>2026-09-03T13:06:27Z</time></trkpt><trkpt lat="47.6610460505" lon="11.4617483318"><ele>1280.95</ele><time>2026-09-03T13:06:36Z</time></trkpt><trkpt lat="47.6610182226" lon="11.4618086815"><ele>1279.48</ele><time>2026-09-03T13:06:45Z</time></trkpt><trkpt lat="47.6609774027" lon="11.4618519321"><ele>1278.41</ele><time>2026-09-03T13:06:54Z</time></trkpt><trkpt lat="47.6609214954" lon="11.4618752338"><ele>1276.74</ele><time>2026-09-03T13:07:03Z</time></trkpt><trkpt lat="47.6608655043" lon="11.4619436301"><ele>1274.88</ele><time>2026-09-03T13:07:14Z</time></trkpt><trkpt lat="47.6608811785" lon="11.4619391039"><ele>1273.33</ele><time>2026-09-03T13:07:25Z</time></trkpt><trkpt lat="47.6609454677" lon="11.4619790856"><ele>1272.07</ele><time>2026-09-03T13:07:34Z</time></trkpt><trkpt lat="47.6609764807" lon="11.4619835280"><ele>1270.36</ele><time>2026-09-03T13:07:42Z</time></trkpt><trkpt lat="47.6611012872" lon="11.4620512538"><ele>1268.50</ele><time>2026-09-03T13:07:55Z</time></trkpt><trkpt lat="47.6611656602" lon="11.4620582946"><ele>1266.80</ele><time>2026-09-03T13:08:06Z</time></trkpt><trkpt lat="47.6612436119" lon="11.4620715380"><ele>1265.26</ele><time>2026-09-03T13:08:16Z</time></trkpt><trkpt lat="47.6613851823" lon="11.4620926604"><ele>1263.64</ele><time>2026-09-03T13:08:29Z</time></trkpt><trkpt lat="47.6614818256" lon="11.4621595480"><ele>1261.56</ele><time>2026-09-03T13:08:42Z</time></trkpt><trkpt lat="47.6614876091" lon="11.4621990267"><ele>1260.19</ele><time>2026-09-03T13:08:54Z</time></trkpt><trkpt lat="47.6614500582" lon="11.4622249268"><ele>1258.02</ele><time>2026-09-03T13:09:07Z</time></trkpt><trkpt lat="47.6613962464" lon="11.4622559398"><ele>1256.03</ele><time>2026-09-03T13:09:18Z</time></trkpt><trkpt lat="47.6613744535" lon="11.4622623101"><ele>1255.41</ele><time>2026-09-03T13:09:22Z</time></trkpt><trkpt lat="47.6613487210" lon="11.4622727036"><ele>1254.61</ele><time>2026-09-03T13:09:26Z</time></trkpt><trkpt lat="47.6613241620" lon="11.4622750506"><ele>1253.81</ele><time>2026-09-03T13:09:30Z</time></trkpt><trkpt lat="47.6612851862" lon="11.4623154514"><ele>1252.29</ele><time>2026-09-03T13:09:39Z</time></trkpt><trkpt lat="47.6612700988" lon="11.4623099193"><ele>1252.00</ele><time>2026-09-03T13:09:41Z</time></trkpt><trkpt lat="47.6611178834" lon="11.4623802435"><ele>1250.99</ele><time>2026-09-03T13:09:51Z</time></trkpt><trkpt lat="47.6611241698" lon="11.4624883700"><ele>1249.09</ele><time>2026-09-03T13:10:05Z</time></trkpt><trkpt lat="47.6610908937" lon="11.4625214785"><ele>1248.90</ele><time>2026-09-03T13:10:07Z</time></trkpt><trkpt lat="47.6610975154" lon="11.4626177866"><ele>1247.58</ele><time>2026-09-03T13:10:16Z</time></trkpt><trkpt lat="47.6611149497" lon="11.4626166131"><ele>1246.20</ele><time>2026-09-03T13:10:25Z</time></trkpt><trkpt lat="47.6611963380" lon="11.4625587780"><ele>1245.25</ele><time>2026-09-03T13:10:35Z</time></trkpt><trkpt lat="47.6612591185" lon="11.4624977577"><ele>1244.75</ele><time>2026-09-03T13:10:41Z</time></trkpt><trkpt lat="47.6613472961" lon="11.4624907169"><ele>1244.36</ele><time>2026-09-03T13:10:47Z</time></trkpt><trkpt lat="47.6614678279" lon="11.4625180420"><ele>1243.10</ele><time>2026-09-03T13:10:59Z</time></trkpt><trkpt lat="47.6615752000" lon="11.4625524916"><ele>1241.46</ele><time>2026-09-03T13:11:12Z</time></trkpt><trkpt lat="47.6616212167" lon="11.4625765476"><ele>1240.45</ele><time>2026-09-03T13:11:20Z</time></trkpt><trkpt lat="47.6616109069" lon="11.4626182895"><ele>1238.77</ele><time>2026-09-03T13:11:30Z</time></trkpt><trkpt lat="47.6615700871" lon="11.4626419265"><ele>1238.07</ele><time>2026-09-03T13:11:38Z</time></trkpt><trkpt lat="47.6615565922" lon="11.4626391605"><ele>1237.93</ele><time>2026-09-03T13:11:39Z</time></trkpt><trkpt lat="47.6614679117" lon="11.4626721852"><ele>1236.21</ele><time>2026-09-03T13:11:51Z</time></trkpt><trkpt lat="47.6613766328" lon="11.4627412520"><ele>1234.87</ele><time>2026-09-03T13:12:03Z</time></trkpt><trkpt lat="47.6613464579" lon="11.4628052898"><ele>1233.35</ele><time>2026-09-03T13:12:15Z</time></trkpt><trkpt lat="47.6613151934" lon="11.4628606103"><ele>1233.23</ele><time>2026-09-03T13:12:17Z</time></trkpt><trkpt lat="47.6613281853" lon="11.4630351216"><ele>1232.91</ele><time>2026-09-03T13:12:26Z</time></trkpt><trkpt lat="47.6613654010" lon="11.4631771110"><ele>1231.63</ele><time>2026-09-03T13:12:39Z</time></trkpt><trkpt lat="47.6613906305" lon="11.4633102994"><ele>1230.72</ele><time>2026-09-03T13:12:48Z</time></trkpt><trkpt lat="47.6614005212" lon="11.4634126425"><ele>1229.69</ele><time>2026-09-03T13:12:57Z</time></trkpt><trkpt lat="47.6613970846" lon="11.4634891693"><ele>1228.52</ele><time>2026-09-03T13:13:05Z</time></trkpt><trkpt lat="47.6614111662" lon="11.4635480102"><ele>1227.34</ele><time>2026-09-03T13:13:15Z</time></trkpt><trkpt lat="47.6614225656" lon="11.4636375289"><ele>1226.05</ele><time>2026-09-03T13:13:24Z</time></trkpt><trkpt lat="47.6614254154" lon="11.4637252875"><ele>1223.88</ele><time>2026-09-03T13:13:37Z</time></trkpt><trkpt lat="47.6614674088" lon="11.4636807796"><ele>1221.82</ele><time>2026-09-03T13:13:47Z</time></trkpt><trkpt lat="47.6614919677" lon="11.4636112936"><ele>1221.25</ele><time>2026-09-03T13:13:54Z</time></trkpt><trkpt lat="47.6615231484" lon="11.4635185897"><ele>1219.98</ele><time>2026-09-03T13:14:04Z</time></trkpt><trkpt lat="47.6615714282" lon="11.4634046797"><ele>1218.37</ele><time>2026-09-03T13:14:14Z</time></trkpt><trkpt lat="47.6615817379" lon="11.4633232076"><ele>1216.33</ele><time>2026-09-03T13:14:26Z</time></trkpt><trkpt lat="47.6616201270" lon="11.4633891732"><ele>1214.61</ele><time>2026-09-03T13:14:37Z</time></trkpt><trkpt lat="47.6616300177" lon="11.4634170849"><ele>1214.50</ele><time>2026-09-03T13:14:39Z</time></trkpt><trkpt lat="47.6616428420" lon="11.4634472597"><ele>1214.38</ele><time>2026-09-03T13:14:41Z</time></trkpt><trkpt lat="47.6616774593" lon="11.4635068551"><ele>1213.66</ele><time>2026-09-03T13:14:48Z</time></trkpt><trkpt lat="47.6616742741" lon="11.4635804482"><ele>1211.93</ele><time>2026-09-03T13:14:58Z</time></trkpt><trkpt lat="47.6616868470" lon="11.4636832103"><ele>1210.33</ele><time>2026-09-03T13:15:07Z</time></trkpt><trkpt lat="47.6616827399" lon="11.4637505170"><ele>1209.21</ele><time>2026-09-03T13:15:16Z</time></trkpt><trkpt lat="47.6616951451" lon="11.4637915883"><ele>1207.69</ele><time>2026-09-03T13:15:27Z</time></trkpt><trkpt lat="47.6616611145" lon="11.4638998825"><ele>1206.98</ele><time>2026-09-03T13:15:32Z</time></trkpt><trkpt lat="47.6616420876" lon="11.4640042372"><ele>1205.28</ele><time>2026-09-03T13:15:41Z</time></trkpt><trkpt lat="47.6616415009" lon="11.4641241822"><ele>1203.84</ele><time>2026-09-03T13:15:49Z</time></trkpt><trkpt lat="47.6616741065" lon="11.4642080851"><ele>1201.84</ele><time>2026-09-03T13:15:59Z</time></trkpt><trkpt lat="47.6617206261" lon="11.4642817620"><ele>1200.93</ele><time>2026-09-03T13:16:07Z</time></trkpt><trkpt lat="47.6617965661" lon="11.4642683510"><ele>1198.93</ele><time>2026-09-03T13:16:18Z</time></trkpt><trkpt lat="47.6618723385" lon="11.4642245974"><ele>1197.03</ele><time>2026-09-03T13:16:28Z</time></trkpt><trkpt lat="47.6619163435" lon="11.4642444625"><ele>1194.89</ele><time>2026-09-03T13:16:39Z</time></trkpt><trkpt lat="47.6619776152" lon="11.4642732125"><ele>1193.05</ele><time>2026-09-03T13:16:50Z</time></trkpt><trkpt lat="47.6621258073" lon="11.4643234201"><ele>1190.87</ele><time>2026-09-03T13:17:04Z</time></trkpt><trkpt lat="47.6622035075" lon="11.4643713646"><ele>1188.73</ele><time>2026-09-03T13:17:16Z</time></trkpt><trkpt lat="47.6622656174" lon="11.4644116815"><ele>1188.01</ele><time>2026-09-03T13:17:22Z</time></trkpt><trkpt lat="47.6623120531" lon="11.4644628949"><ele>1186.96</ele><time>2026-09-03T13:17:29Z</time></trkpt><trkpt lat="47.6623319183" lon="11.4644863643"><ele>1186.20</ele><time>2026-09-03T13:17:35Z</time></trkpt><trkpt lat="47.6624053437" lon="11.4645146113"><ele>1184.83</ele><time>2026-09-03T13:17:43Z</time></trkpt><trkpt lat="47.6625442319" lon="11.4645318780"><ele>1183.34</ele><time>2026-09-03T13:17:53Z</time></trkpt><trkpt lat="47.6626422163" lon="11.4645436127"><ele>1182.07</ele><time>2026-09-03T13:18:02Z</time></trkpt><trkpt lat="47.6626518555" lon="11.4645413496"><ele>1181.23</ele><time>2026-09-03T13:18:13Z</time></trkpt><trkpt lat="47.6626952738" lon="11.4645290282"><ele>1180.21</ele><time>2026-09-03T13:18:20Z</time></trkpt><trkpt lat="47.6627716329" lon="11.4645153657"><ele>1179.34</ele><time>2026-09-03T13:18:29Z</time></trkpt><trkpt lat="47.6627899893" lon="11.4644493163"><ele>1178.27</ele><time>2026-09-03T13:18:37Z</time></trkpt><trkpt lat="47.6627718005" lon="11.4644175489"><ele>1175.94</ele><time>2026-09-03T13:18:48Z</time></trkpt><trkpt lat="47.6627458166" lon="11.4643380884"><ele>1174.65</ele><time>2026-09-03T13:18:55Z</time></trkpt><trkpt lat="47.6626459882" lon="11.4641646668"><ele>1173.49</ele><time>2026-09-03T13:19:06Z</time></trkpt><trkpt lat="47.6625739038" lon="11.4640383516"><ele>1173.56</ele><time>2026-09-03T13:19:20Z</time></trkpt><trkpt lat="47.6625635941" lon="11.4639590587"><ele>1173.42</ele><time>2026-09-03T13:19:30Z</time></trkpt><trkpt lat="47.6626290567" lon="11.4640290476"><ele>1173.25</ele><time>2026-09-03T13:19:45Z</time></trkpt><trkpt lat="47.6626232732" lon="11.4640801772"><ele>1173.45</ele><time>2026-09-03T13:19:56Z</time></trkpt><trkpt lat="47.6625936013" lon="11.4641101006"><ele>1173.16</ele><time>2026-09-03T13:20:07Z</time></trkpt><trkpt lat="47.6625578105" lon="11.4641369227"><ele>1173.40</ele><time>2026-09-03T13:20:15Z</time></trkpt><trkpt lat="47.6625801902" lon="11.4641446341"><ele>1173.44</ele><time>2026-09-03T13:20:21Z</time></trkpt><trkpt lat="47.6626117062" lon="11.4641073346"><ele>1173.44</ele><time>2026-09-03T13:20:31Z</time></trkpt><trkpt lat="47.6626312360" lon="11.4640919957"><ele>1173.44</ele><time>2026-09-03T13:20:37Z</time></trkpt><trkpt lat="47.6627183240" lon="11.4640955161"><ele>1173.44</ele><time>2026-09-03T13:20:45Z</time></trkpt><trkpt lat="47.6626929268" lon="11.4641060773"><ele>1173.44</ele><time>2026-09-03T13:21:00Z</time></trkpt><trkpt lat="47.6626828685" lon="11.4641106036"><ele>1173.28</ele><time>2026-09-03T13:21:02Z</time></trkpt><trkpt lat="47.6625188347" lon="11.4641383477"><ele>1172.81</ele><time>2026-09-03T13:26:11Z</time></trkpt><trkpt lat="47.6625222713" lon="11.4641528483"><ele>1172.81</ele><time>2026-09-03T13:26:25Z</time></trkpt><trkpt lat="47.6625359338" lon="11.4641156327"><ele>1172.81</ele><time>2026-09-03T13:26:42Z</time></trkpt><trkpt lat="47.6625300664" lon="11.4641008805"><ele>1172.81</ele><time>2026-09-03T13:26:53Z</time></trkpt><trkpt lat="47.6625395380" lon="11.4640753157"><ele>1172.81</ele><time>2026-09-03T13:27:06Z</time></trkpt><trkpt lat="47.6625620015" lon="11.4640376810"><ele>1172.81</ele><time>2026-09-03T13:27:20Z</time></trkpt><trkpt lat="47.6625760831" lon="11.4640438836"><ele>1172.81</ele><time>2026-09-03T13:27:34Z</time></trkpt><trkpt lat="47.6625786815" lon="11.4640548639"><ele>1172.81</ele><time>2026-09-03T13:27:44Z</time></trkpt><trkpt lat="47.6625729818" lon="11.4640847035"><ele>1172.81</ele><time>2026-09-03T13:28:04Z</time></trkpt><trkpt lat="47.6625879016" lon="11.4641330671"><ele>1172.81</ele><time>2026-09-03T13:28:11Z</time></trkpt><trkpt lat="47.6625964511" lon="11.4641665109"><ele>1172.81</ele><time>2026-09-03T13:28:14Z</time></trkpt><trkpt lat="47.6626031566" lon="11.4641815145"><ele>1172.81</ele><time>2026-09-03T13:28:15Z</time></trkpt><trkpt lat="47.6626112033" lon="11.4641996194"><ele>1172.81</ele><time>2026-09-03T13:28:16Z</time></trkpt><trkpt lat="47.6626215968" lon="11.4642202388"><ele>1172.81</ele><time>2026-09-03T13:28:17Z</time></trkpt><trkpt lat="47.6626398694" lon="11.4642297942"><ele>1172.38</ele><time>2026-09-03T13:28:18Z</time></trkpt><trkpt lat="47.6626632549" lon="11.4642303810"><ele>1171.30</ele><time>2026-09-03T13:28:19Z</time></trkpt><trkpt lat="47.6626860537" lon="11.4642271120"><ele>1170.31</ele><time>2026-09-03T13:28:20Z</time></trkpt><trkpt lat="47.6627228502" lon="11.4642173890"><ele>1169.74</ele><time>2026-09-03T13:28:21Z</time></trkpt><trkpt lat="47.6628130395" lon="11.4641800895"><ele>1168.91</ele><time>2026-09-03T13:28:23Z</time></trkpt><trkpt lat="47.6628717966" lon="11.4641554467"><ele>1168.45</ele><time>2026-09-03T13:28:24Z</time></trkpt><trkpt lat="47.6632176340" lon="11.4639831986"><ele>1164.69</ele><time>2026-09-03T13:28:29Z</time></trkpt><trkpt lat="47.6635549217" lon="11.4638775866"><ele>1160.79</ele><time>2026-09-03T13:28:33Z</time></trkpt><trkpt lat="47.6638357993" lon="11.4638039097"><ele>1156.11</ele><time>2026-09-03T13:28:36Z</time></trkpt><trkpt lat="47.6639115717" lon="11.4637861401"><ele>1154.65</ele><time>2026-09-03T13:28:37Z</time></trkpt><trkpt lat="47.6639714185" lon="11.4637686219"><ele>1153.28</ele><time>2026-09-03T13:28:38Z</time></trkpt><trkpt lat="47.6640266553" lon="11.4637618326"><ele>1152.06</ele><time>2026-09-03T13:28:39Z</time></trkpt><trkpt lat="47.6640865020" lon="11.4637671970"><ele>1151.10</ele><time>2026-09-03T13:28:40Z</time></trkpt><trkpt lat="47.6641439181" lon="11.4637738187"><ele>1150.48</ele><time>2026-09-03T13:28:41Z</time></trkpt><trkpt lat="47.6642057765" lon="11.4637929294"><ele>1150.01</ele><time>2026-09-03T13:28:42Z</time></trkpt><trkpt lat="47.6642662939" lon="11.4638286363"><ele>1149.40</ele><time>2026-09-03T13:28:43Z</time></trkpt><trkpt lat="47.6643306669" lon="11.4638787601"><ele>1148.47</ele><time>2026-09-03T13:28:44Z</time></trkpt><trkpt lat="47.6643948723" lon="11.4639463183"><ele>1147.46</ele><time>2026-09-03T13:28:45Z</time></trkpt><trkpt lat="47.6644580718" lon="11.4640246890"><ele>1146.61</ele><time>2026-09-03T13:28:46Z</time></trkpt><trkpt lat="47.6646118797" lon="11.4642360806"><ele>1143.81</ele><time>2026-09-03T13:28:49Z</time></trkpt><trkpt lat="47.6646333374" lon="11.4642804209"><ele>1142.76</ele><time>2026-09-03T13:28:50Z</time></trkpt><trkpt lat="47.6646655239" lon="11.4643295389"><ele>1141.33</ele><time>2026-09-03T13:28:53Z</time></trkpt><trkpt lat="47.6646806952" lon="11.4643296227"><ele>1141.11</ele><time>2026-09-03T13:28:54Z</time></trkpt><trkpt lat="47.6647215988" lon="11.4642930776"><ele>1140.49</ele><time>2026-09-03T13:29:00Z</time></trkpt><trkpt lat="47.6647325791" lon="11.4642670099"><ele>1140.40</ele><time>2026-09-03T13:29:13Z</time></trkpt><trkpt lat="47.6647184137" lon="11.4642516710"><ele>1140.11</ele><time>2026-09-03T13:29:22Z</time></trkpt><trkpt lat="47.6647184975" lon="11.4642373379"><ele>1139.32</ele><time>2026-09-03T13:29:31Z</time></trkpt><trkpt lat="47.6647227723" lon="11.4642291237"><ele>1139.15</ele><time>2026-09-03T13:29:41Z</time></trkpt><trkpt lat="47.6647298131" lon="11.4642183110"><ele>1139.04</ele><time>2026-09-03T13:29:49Z</time></trkpt><trkpt lat="47.6647399552" lon="11.4642037265"><ele>1138.72</ele><time>2026-09-03T13:29:59Z</time></trkpt><trkpt lat="47.6647319924" lon="11.4641962666"><ele>1138.57</ele><time>2026-09-03T13:30:10Z</time></trkpt><trkpt lat="47.6647347584" lon="11.4641768206"><ele>1138.54</ele><time>2026-09-03T13:30:25Z</time></trkpt><trkpt lat="47.6647109538" lon="11.4641455561"><ele>1138.34</ele><time>2026-09-03T13:30:41Z</time></trkpt><trkpt lat="47.6647165697" lon="11.4641427062"><ele>1138.26</ele><time>2026-09-03T13:30:55Z</time></trkpt><trkpt lat="47.6647976227" lon="11.4641643316"><ele>1137.51</ele><time>2026-09-03T13:31:05Z</time></trkpt><trkpt lat="47.6648017298" lon="11.4641725458"><ele>1136.45</ele><time>2026-09-03T13:31:24Z</time></trkpt><trkpt lat="47.6647835411" lon="11.4641850349"><ele>1136.17</ele><time>2026-09-03T13:32:12Z</time></trkpt><trkpt lat="47.6648137160" lon="11.4642013796"><ele>1136.03</ele><time>2026-09-03T13:32:33Z</time></trkpt><trkpt lat="47.6648330782" lon="11.4641999546"><ele>1136.07</ele><time>2026-09-03T13:32:34Z</time></trkpt><trkpt lat="47.6648608223" lon="11.4641874656"><ele>1136.09</ele><time>2026-09-03T13:32:35Z</time></trkpt><trkpt lat="47.6648954395" lon="11.4641548600"><ele>1136.09</ele><time>2026-09-03T13:32:36Z</time></trkpt><trkpt lat="47.6649329066" lon="11.4641054068"><ele>1136.00</ele><time>2026-09-03T13:32:37Z</time></trkpt><trkpt lat="47.6649678592" lon="11.4640469849"><ele>1135.77</ele><time>2026-09-03T13:32:38Z</time></trkpt><trkpt lat="47.6650306396" lon="11.4639285486"><ele>1134.01</ele><time>2026-09-03T13:32:40Z</time></trkpt><trkpt lat="47.6650895644" lon="11.4638022333"><ele>1132.47</ele><time>2026-09-03T13:32:42Z</time></trkpt><trkpt lat="47.6651144587" lon="11.4637531154"><ele>1131.69</ele><time>2026-09-03T13:32:43Z</time></trkpt><trkpt lat="47.6651546918" lon="11.4636296500"><ele>1129.69</ele><time>2026-09-03T13:32:46Z</time></trkpt><trkpt lat="47.6651480701" lon="11.4635879081"><ele>1129.21</ele><time>2026-09-03T13:32:47Z</time></trkpt><trkpt lat="47.6651303843" lon="11.4635537099"><ele>1128.88</ele><time>2026-09-03T13:32:48Z</time></trkpt><trkpt lat="47.6651137881" lon="11.4635193441"><ele>1128.59</ele><time>2026-09-03T13:32:49Z</time></trkpt><trkpt lat="47.6651040651" lon="11.4634764288"><ele>1128.25</ele><time>2026-09-03T13:32:50Z</time></trkpt><trkpt lat="47.6651033945" lon="11.4634313341"><ele>1127.93</ele><time>2026-09-03T13:32:51Z</time></trkpt><trkpt lat="47.6651085913" lon="11.4633904304"><ele>1127.65</ele><time>2026-09-03T13:32:52Z</time></trkpt><trkpt lat="47.6651154645" lon="11.4633483533"><ele>1127.40</ele><time>2026-09-03T13:32:53Z</time></trkpt><trkpt lat="47.6651618164" lon="11.4630653802"><ele>1125.98</ele><time>2026-09-03T13:33:00Z</time></trkpt><trkpt lat="47.6652443781" lon="11.4628207963"><ele>1122.97</ele><time>2026-09-03T13:33:06Z</time></trkpt><trkpt lat="47.6653273590" lon="11.4626736101"><ele>1120.67</ele><time>2026-09-03T13:33:12Z</time></trkpt><trkpt lat="47.6653494034" lon="11.4625923894"><ele>1119.06</ele><time>2026-09-03T13:33:16Z</time></trkpt><trkpt lat="47.6653571986" lon="11.4625804033"><ele>1118.50</ele><time>2026-09-03T13:33:30Z</time></trkpt><trkpt lat="47.6653847750" lon="11.4625159465"><ele>1118.30</ele><time>2026-09-03T13:33:37Z</time></trkpt><trkpt lat="47.6654121839" lon="11.4624705166"><ele>1117.54</ele><time>2026-09-03T13:33:45Z</time></trkpt><trkpt lat="47.6654363237" lon="11.4624559321"><ele>1117.04</ele><time>2026-09-03T13:33:52Z</time></trkpt><trkpt lat="47.6654589549" lon="11.4623943251"><ele>1115.89</ele><time>2026-09-03T13:34:01Z</time></trkpt><trkpt lat="47.6654887944" lon="11.4623428602"><ele>1115.22</ele><time>2026-09-03T13:34:11Z</time></trkpt><trkpt lat="47.6655391697" lon="11.4622588735"><ele>1114.87</ele><time>2026-09-03T13:34:18Z</time></trkpt><trkpt lat="47.6655541733" lon="11.4622409362"><ele>1114.84</ele><time>2026-09-03T13:34:19Z</time></trkpt><trkpt lat="47.6655819174" lon="11.4622182213"><ele>1114.18</ele><time>2026-09-03T13:34:25Z</time></trkpt><trkpt lat="47.6655817498" lon="11.4621967636"><ele>1113.91</ele><time>2026-09-03T13:34:33Z</time></trkpt><trkpt lat="47.6656086557" lon="11.4621455502"><ele>1113.48</ele><time>2026-09-03T13:34:38Z</time></trkpt><trkpt lat="47.6656267606" lon="11.4621297922"><ele>1113.35</ele><time>2026-09-03T13:34:39Z</time></trkpt><trkpt lat="47.6656482182" lon="11.4621183090"><ele>1113.23</ele><time>2026-09-03T13:34:40Z</time></trkpt><trkpt lat="47.6656666584" lon="11.4621022157"><ele>1113.02</ele><time>2026-09-03T13:34:41Z</time></trkpt><trkpt lat="47.6656825002" lon="11.4620777406"><ele>1112.89</ele><time>2026-09-03T13:34:42Z</time></trkpt><trkpt lat="47.6656989288" lon="11.4620517567"><ele>1112.74</ele><time>2026-09-03T13:34:43Z</time></trkpt><trkpt lat="47.6657201350" lon="11.4620408602"><ele>1112.56</ele><time>2026-09-03T13:34:44Z</time></trkpt><trkpt lat="47.6657394134" lon="11.4620382618"><ele>1112.36</ele><time>2026-09-03T13:34:45Z</time></trkpt><trkpt lat="47.6657534111" lon="11.4620356634"><ele>1112.18</ele><time>2026-09-03T13:34:46Z</time></trkpt><trkpt lat="47.6657733601" lon="11.4620427042"><ele>1111.16</ele><time>2026-09-03T13:34:55Z</time></trkpt><trkpt lat="47.6658137608" lon="11.4620636590"><ele>1110.42</ele><time>2026-09-03T13:35:06Z</time></trkpt><trkpt lat="47.6658381522" lon="11.4620670956"><ele>1109.93</ele><time>2026-09-03T13:35:13Z</time></trkpt><trkpt lat="47.6658591069" lon="11.4620650839"><ele>1109.90</ele><time>2026-09-03T13:35:14Z</time></trkpt><trkpt lat="47.6658832468" lon="11.4620591328"><ele>1109.85</ele><time>2026-09-03T13:35:15Z</time></trkpt><trkpt lat="47.6659085602" lon="11.4620539360"><ele>1109.75</ele><time>2026-09-03T13:35:16Z</time></trkpt><trkpt lat="47.6659342088" lon="11.4620486554"><ele>1109.54</ele><time>2026-09-03T13:35:17Z</time></trkpt><trkpt lat="47.6659582648" lon="11.4620501641"><ele>1109.17</ele><time>2026-09-03T13:35:18Z</time></trkpt><trkpt lat="47.6659754477" lon="11.4620575402"><ele>1108.60</ele><time>2026-09-03T13:35:19Z</time></trkpt><trkpt lat="47.6659964025" lon="11.4620662574"><ele>1108.03</ele><time>2026-09-03T13:35:20Z</time></trkpt><trkpt lat="47.6660171896" lon="11.4620733820"><ele>1107.54</ele><time>2026-09-03T13:35:21Z</time></trkpt><trkpt lat="47.6660358813" lon="11.4620742202"><ele>1106.52</ele><time>2026-09-03T13:35:27Z</time></trkpt><trkpt lat="47.6660527289" lon="11.4620875474"><ele>1106.40</ele><time>2026-09-03T13:35:33Z</time></trkpt><trkpt lat="47.6660907827" lon="11.4621111844"><ele>1105.94</ele><time>2026-09-03T13:35:41Z</time></trkpt><trkpt lat="47.6661313511" lon="11.4621234220"><ele>1105.61</ele><time>2026-09-03T13:35:48Z</time></trkpt><trkpt lat="47.6661583409" lon="11.4621178899"><ele>1105.56</ele><time>2026-09-03T13:35:49Z</time></trkpt><trkpt lat="47.6661895216" lon="11.4621172193"><ele>1105.48</ele><time>2026-09-03T13:35:50Z</time></trkpt><trkpt lat="47.6662218757" lon="11.4621228352"><ele>1105.32</ele><time>2026-09-03T13:35:51Z</time></trkpt><trkpt lat="47.6662584208" lon="11.4621263556"><ele>1105.07</ele><time>2026-09-03T13:35:52Z</time></trkpt><trkpt lat="47.6662915293" lon="11.4621203206"><ele>1104.44</ele><time>2026-09-03T13:35:53Z</time></trkpt><trkpt lat="47.6663201954" lon="11.4621057361"><ele>1104.21</ele><time>2026-09-03T13:35:54Z</time></trkpt><trkpt lat="47.6663491130" lon="11.4620858710"><ele>1104.02</ele><time>2026-09-03T13:35:55Z</time></trkpt><trkpt lat="47.6663893461" lon="11.4620708674"><ele>1103.80</ele><time>2026-09-03T13:35:56Z</time></trkpt><trkpt lat="47.6664790325" lon="11.4620428719"><ele>1102.90</ele><time>2026-09-03T13:35:58Z</time></trkpt><trkpt lat="47.6665266417" lon="11.4620251022"><ele>1102.39</ele><time>2026-09-03T13:35:59Z</time></trkpt><trkpt lat="47.6665805373" lon="11.4620087575"><ele>1101.79</ele><time>2026-09-03T13:36:00Z</time></trkpt><trkpt lat="47.6666332595" lon="11.4619930834"><ele>1101.21</ele><time>2026-09-03T13:36:01Z</time></trkpt><trkpt lat="47.6666891668" lon="11.4619755652"><ele>1100.57</ele><time>2026-09-03T13:36:02Z</time></trkpt><trkpt lat="47.6667883247" lon="11.4619581308"><ele>1099.07</ele><time>2026-09-03T13:36:04Z</time></trkpt><trkpt lat="47.6668191701" lon="11.4619516768"><ele>1098.64</ele><time>2026-09-03T13:36:05Z</time></trkpt><trkpt lat="47.6668316592" lon="11.4619448874"><ele>1098.34</ele><time>2026-09-03T13:36:06Z</time></trkpt><trkpt lat="47.6668168232" lon="11.4619642496"><ele>1098.18</ele><time>2026-09-03T13:36:13Z</time></trkpt><trkpt lat="47.6668166555" lon="11.4619349968"><ele>1097.96</ele><time>2026-09-03T13:36:24Z</time></trkpt><trkpt lat="47.6668213494" lon="11.4619711228"><ele>1098.06</ele><time>2026-09-03T13:36:40Z</time></trkpt><trkpt lat="47.6668288093" lon="11.4619572088"><ele>1097.96</ele><time>2026-09-03T13:36:48Z</time></trkpt><trkpt lat="47.6668325812" lon="11.4619335718"><ele>1097.96</ele><time>2026-09-03T13:36:55Z</time></trkpt><trkpt lat="47.6668402925" lon="11.4619449712"><ele>1097.57</ele><time>2026-09-03T13:36:58Z</time></trkpt><trkpt lat="47.6668360177" lon="11.4619439654"><ele>1096.77</ele><time>2026-09-03T13:37:04Z</time></trkpt><trkpt lat="47.6668469980" lon="11.4619354997"><ele>1096.71</ele><time>2026-09-03T13:37:26Z</time></trkpt><trkpt lat="47.6668526977" lon="11.4619274531"><ele>1096.86</ele><time>2026-09-03T13:37:27Z</time></trkpt><trkpt lat="47.6668589003" lon="11.4619090967"><ele>1096.98</ele><time>2026-09-03T13:37:28Z</time></trkpt><trkpt lat="47.6668682043" lon="11.4618879743"><ele>1097.03</ele><time>2026-09-03T13:37:29Z</time></trkpt><trkpt lat="47.6670067571" lon="11.4617870562"><ele>1095.94</ele><time>2026-09-03T13:37:36Z</time></trkpt><trkpt lat="47.6671136264" lon="11.4617310651"><ele>1094.28</ele><time>2026-09-03T13:37:42Z</time></trkpt><trkpt lat="47.6672523469" lon="11.4617467392"><ele>1092.84</ele><time>2026-09-03T13:37:48Z</time></trkpt><trkpt lat="47.6674145367" lon="11.4617635030"><ele>1090.70</ele><time>2026-09-03T13:37:54Z</time></trkpt><trkpt lat="47.6676250901" lon="11.4618740603"><ele>1088.95</ele><time>2026-09-03T13:38:01Z</time></trkpt><trkpt lat="47.6678599510" lon="11.4620258566"><ele>1087.03</ele><time>2026-09-03T13:38:08Z</time></trkpt><trkpt lat="47.6679897867" lon="11.4620665926"><ele>1085.85</ele><time>2026-09-03T13:38:13Z</time></trkpt><trkpt lat="47.6681614481" lon="11.4621179737"><ele>1083.19</ele><time>2026-09-03T13:38:19Z</time></trkpt><trkpt lat="47.6683463529" lon="11.4620579593"><ele>1080.32</ele><time>2026-09-03T13:38:26Z</time></trkpt><trkpt lat="47.6684943773" lon="11.4620074164"><ele>1078.48</ele><time>2026-09-03T13:38:33Z</time></trkpt><trkpt lat="47.6685051899" lon="11.4619940054"><ele>1077.60</ele><time>2026-09-03T13:38:39Z</time></trkpt><trkpt lat="47.6685066987" lon="11.4619909041"><ele>1077.62</ele><time>2026-09-03T13:38:50Z</time></trkpt><trkpt lat="47.6685334370" lon="11.4620083384"><ele>1077.30</ele><time>2026-09-03T13:39:07Z</time></trkpt><trkpt lat="47.6685489435" lon="11.4620109368"><ele>1077.26</ele><time>2026-09-03T13:39:08Z</time></trkpt><trkpt lat="47.6685684733" lon="11.4620201569"><ele>1077.24</ele><time>2026-09-03T13:39:09Z</time></trkpt><trkpt lat="47.6685886737" lon="11.4620349091"><ele>1077.13</ele><time>2026-09-03T13:39:10Z</time></trkpt><trkpt lat="47.6686108857" lon="11.4620522596"><ele>1076.79</ele><time>2026-09-03T13:39:11Z</time></trkpt><trkpt lat="47.6687551383" lon="11.4621394314"><ele>1073.91</ele><time>2026-09-03T13:39:17Z</time></trkpt><trkpt lat="47.6688937750" lon="11.4621042274"><ele>1071.34</ele><time>2026-09-03T13:39:22Z</time></trkpt><trkpt lat="47.6689786837" lon="11.4619731344"><ele>1070.26</ele><time>2026-09-03T13:39:28Z</time></trkpt><trkpt lat="47.6690411288" lon="11.4618116990"><ele>1068.63</ele><time>2026-09-03T13:39:38Z</time></trkpt><trkpt lat="47.6690433919" lon="11.4617916662"><ele>1068.28</ele><time>2026-09-03T13:39:45Z</time></trkpt><trkpt lat="47.6690592337" lon="11.4617180731"><ele>1068.02</ele><time>2026-09-03T13:40:02Z</time></trkpt><trkpt lat="47.6690666098" lon="11.4616737328"><ele>1067.91</ele><time>2026-09-03T13:40:03Z</time></trkpt><trkpt lat="47.6690759975" lon="11.4616264589"><ele>1067.67</ele><time>2026-09-03T13:40:04Z</time></trkpt><trkpt lat="47.6691449806" lon="11.4612006582"><ele>1064.80</ele><time>2026-09-03T13:40:12Z</time></trkpt><trkpt lat="47.6692506764" lon="11.4609503746"><ele>1063.29</ele><time>2026-09-03T13:40:17Z</time></trkpt><trkpt lat="47.6692812704" lon="11.4609095547"><ele>1062.79</ele><time>2026-09-03T13:40:18Z</time></trkpt><trkpt lat="47.6693491638" lon="11.4608459361"><ele>1061.96</ele><time>2026-09-03T13:40:20Z</time></trkpt><trkpt lat="47.6694422867" lon="11.4606130030"><ele>1060.09</ele><time>2026-09-03T13:40:26Z</time></trkpt><trkpt lat="47.6695118565" lon="11.4603208099"><ele>1057.96</ele><time>2026-09-03T13:40:32Z</time></trkpt><trkpt lat="47.6695227530" lon="11.4602948260"><ele>1057.42</ele><time>2026-09-03T13:40:33Z</time></trkpt><trkpt lat="47.6695328113" lon="11.4602713566"><ele>1056.95</ele><time>2026-09-03T13:40:34Z</time></trkpt><trkpt lat="47.6696375851" lon="11.4600561932"><ele>1055.73</ele><time>2026-09-03T13:40:41Z</time></trkpt><trkpt lat="47.6697479747" lon="11.4598797541"><ele>1054.44</ele><time>2026-09-03T13:40:48Z</time></trkpt><trkpt lat="47.6698720269" lon="11.4597237669"><ele>1053.50</ele><time>2026-09-03T13:40:55Z</time></trkpt><trkpt lat="47.6699690893" lon="11.4595711324"><ele>1052.73</ele><time>2026-09-03T13:41:03Z</time></trkpt><trkpt lat="47.6699675806" lon="11.4595490880"><ele>1052.67</ele><time>2026-09-03T13:41:04Z</time></trkpt><trkpt lat="47.6699654013" lon="11.4595281333"><ele>1052.61</ele><time>2026-09-03T13:41:05Z</time></trkpt><trkpt lat="47.6699756272" lon="11.4594720583"><ele>1052.52</ele><time>2026-09-03T13:41:08Z</time></trkpt><trkpt lat="47.6699885353" lon="11.4594637603"><ele>1052.39</ele><time>2026-09-03T13:41:09Z</time></trkpt><trkpt lat="47.6700056344" lon="11.4594580606"><ele>1052.25</ele><time>2026-09-03T13:41:10Z</time></trkpt><trkpt lat="47.6700229011" lon="11.4594512712"><ele>1052.11</ele><time>2026-09-03T13:41:11Z</time></trkpt><trkpt lat="47.6700379048" lon="11.4594334178"><ele>1051.97</ele><time>2026-09-03T13:41:12Z</time></trkpt><trkpt lat="47.6700497232" lon="11.4594101161"><ele>1051.86</ele><time>2026-09-03T13:41:13Z</time></trkpt><trkpt lat="47.6700575184" lon="11.4593862277"><ele>1051.73</ele><time>2026-09-03T13:41:14Z</time></trkpt><trkpt lat="47.6700664032" lon="11.4593599923"><ele>1051.60</ele><time>2026-09-03T13:41:15Z</time></trkpt><trkpt lat="47.6701389905" lon="11.4590876643"><ele>1050.58</ele><time>2026-09-03T13:41:23Z</time></trkpt><trkpt lat="47.6701658964" lon="11.4587866701"><ele>1049.43</ele><time>2026-09-03T13:41:29Z</time></trkpt><trkpt lat="47.6700683311" lon="11.4584777970"><ele>1046.57</ele><time>2026-09-03T13:41:36Z</time></trkpt><trkpt lat="47.6700293552" lon="11.4583835006"><ele>1045.25</ele><time>2026-09-03T13:41:39Z</time></trkpt><trkpt lat="47.6700256672" lon="11.4583582710"><ele>1045.00</ele><time>2026-09-03T13:41:40Z</time></trkpt><trkpt lat="47.6700006891" lon="11.4582481328"><ele>1044.42</ele><time>2026-09-03T13:41:46Z</time></trkpt><trkpt lat="47.6700017788" lon="11.4582569338"><ele>1044.46</ele><time>2026-09-03T13:41:52Z</time></trkpt><trkpt lat="47.6700315345" lon="11.4582141023"><ele>1044.11</ele><time>2026-09-03T13:42:00Z</time></trkpt><trkpt lat="47.6700322051" lon="11.4582074806"><ele>1044.12</ele><time>2026-09-03T13:42:12Z</time></trkpt><trkpt lat="47.6700114179" lon="11.4582011942"><ele>1043.76</ele><time>2026-09-03T13:42:21Z</time></trkpt><trkpt lat="47.6699943189" lon="11.4581679180"><ele>1043.71</ele><time>2026-09-03T13:42:27Z</time></trkpt><trkpt lat="47.6699895412" lon="11.4581432752"><ele>1042.97</ele><time>2026-09-03T13:43:03Z</time></trkpt><trkpt lat="47.6699724421" lon="11.4580948278"><ele>1043.48</ele><time>2026-09-03T13:43:12Z</time></trkpt><trkpt lat="47.6699759625" lon="11.4580386691"><ele>1043.48</ele><time>2026-09-03T13:43:21Z</time></trkpt><trkpt lat="47.6699906308" lon="11.4579395950"><ele>1043.33</ele><time>2026-09-03T13:43:28Z</time></trkpt><trkpt lat="47.6700315345" lon="11.4576463122"><ele>1042.34</ele><time>2026-09-03T13:43:34Z</time></trkpt><trkpt lat="47.6699774712" lon="11.4573990460"><ele>1040.75</ele><time>2026-09-03T13:43:40Z</time></trkpt><trkpt lat="47.6699110027" lon="11.4570827968"><ele>1039.25</ele><time>2026-09-03T13:43:47Z</time></trkpt><trkpt lat="47.6699048840" lon="11.4568918571"><ele>1038.50</ele><time>2026-09-03T13:43:51Z</time></trkpt><trkpt lat="47.6699208934" lon="11.4568559825"><ele>1038.33</ele><time>2026-09-03T13:43:52Z</time></trkpt><trkpt lat="47.6699411776" lon="11.4568232093"><ele>1038.19</ele><time>2026-09-03T13:43:53Z</time></trkpt><trkpt lat="47.6699632220" lon="11.4567931183"><ele>1038.03</ele><time>2026-09-03T13:43:54Z</time></trkpt><trkpt lat="47.6699900441" lon="11.4567633625"><ele>1037.84</ele><time>2026-09-03T13:43:55Z</time></trkpt><trkpt lat="47.6700080652" lon="11.4567357022"><ele>1037.61</ele><time>2026-09-03T13:43:56Z</time></trkpt><trkpt lat="47.6700139325" lon="11.4567160886"><ele>1037.30</ele><time>2026-09-03T13:43:57Z</time></trkpt><trkpt lat="47.6700275950" lon="11.4567018393"><ele>1036.24</ele><time>2026-09-03T13:44:01Z</time></trkpt><trkpt lat="47.6700382400" lon="11.4566791244"><ele>1036.18</ele><time>2026-09-03T13:44:02Z</time></trkpt><trkpt lat="47.6700493041" lon="11.4566450939"><ele>1036.11</ele><time>2026-09-03T13:44:03Z</time></trkpt><trkpt lat="47.6701300219" lon="11.4563915413"><ele>1034.91</ele><time>2026-09-03T13:44:08Z</time></trkpt><trkpt lat="47.6702378131" lon="11.4562169462"><ele>1032.84</ele><time>2026-09-03T13:44:12Z</time></trkpt><trkpt lat="47.6703300979" lon="11.4560172055"><ele>1031.41</ele><time>2026-09-03T13:44:17Z</time></trkpt><trkpt lat="47.6704804692" lon="11.4558061492"><ele>1030.54</ele><time>2026-09-03T13:44:22Z</time></trkpt><trkpt lat="47.6705730055" lon="11.4556845278"><ele>1030.08</ele><time>2026-09-03T13:44:26Z</time></trkpt><trkpt lat="47.6706270687" lon="11.4555505849"><ele>1029.60</ele><time>2026-09-03T13:44:30Z</time></trkpt><trkpt lat="47.6706336066" lon="11.4555302169"><ele>1029.35</ele><time>2026-09-03T13:44:31Z</time></trkpt><trkpt lat="47.6707031764" lon="11.4553837012"><ele>1028.60</ele><time>2026-09-03T13:44:41Z</time></trkpt><trkpt lat="47.6707249694" lon="11.4553594775"><ele>1028.53</ele><time>2026-09-03T13:44:42Z</time></trkpt><trkpt lat="47.6707463432" lon="11.4553305600"><ele>1028.39</ele><time>2026-09-03T13:44:43Z</time></trkpt><trkpt lat="47.6707673818" lon="11.4552985411"><ele>1028.09</ele><time>2026-09-03T13:44:44Z</time></trkpt><trkpt lat="47.6707870793" lon="11.4552744012"><ele>1027.64</ele><time>2026-09-03T13:44:45Z</time></trkpt><trkpt lat="47.6708781905" lon="11.4551856369"><ele>1025.71</ele><time>2026-09-03T13:44:49Z</time></trkpt><trkpt lat="47.6709097903" lon="11.4551476669"><ele>1025.37</ele><time>2026-09-03T13:44:50Z</time></trkpt><trkpt lat="47.6709448267" lon="11.4551227726"><ele>1025.16</ele><time>2026-09-03T13:44:51Z</time></trkpt><trkpt lat="47.6709773485" lon="11.4550950285"><ele>1024.96</ele><time>2026-09-03T13:44:52Z</time></trkpt><trkpt lat="47.6710066013" lon="11.4550692122"><ele>1024.69</ele><time>2026-09-03T13:44:53Z</time></trkpt><trkpt lat="47.6710375305" lon="11.4550521132"><ele>1024.37</ele><time>2026-09-03T13:44:54Z</time></trkpt><trkpt lat="47.6710676216" lon="11.4550315775"><ele>1024.10</ele><time>2026-09-03T13:44:55Z</time></trkpt><trkpt lat="47.6710959524" lon="11.4550053421"><ele>1023.91</ele><time>2026-09-03T13:44:56Z</time></trkpt><trkpt lat="47.6711172424" lon="11.4549797773"><ele>1023.75</ele><time>2026-09-03T13:44:57Z</time></trkpt><trkpt lat="47.6711345930" lon="11.4549453277"><ele>1023.64</ele><time>2026-09-03T13:44:58Z</time></trkpt><trkpt lat="47.6711552963" lon="11.4549068548"><ele>1023.52</ele><time>2026-09-03T13:44:59Z</time></trkpt><trkpt lat="47.6711718086" lon="11.4548674598"><ele>1023.34</ele><time>2026-09-03T13:45:00Z</time></trkpt><trkpt lat="47.6712707989" lon="11.4546579961"><ele>1023.10</ele><time>2026-09-03T13:45:06Z</time></trkpt><trkpt lat="47.6712983754" lon="11.4546435792"><ele>1023.11</ele><time>2026-09-03T13:45:07Z</time></trkpt><trkpt lat="47.6713218447" lon="11.4546083752"><ele>1023.12</ele><time>2026-09-03T13:45:08Z</time></trkpt><trkpt lat="47.6713424642" lon="11.4545590058"><ele>1023.12</ele><time>2026-09-03T13:45:09Z</time></trkpt><trkpt lat="47.6713676099" lon="11.4545061160"><ele>1023.09</ele><time>2026-09-03T13:45:10Z</time></trkpt><trkpt lat="47.6713966951" lon="11.4544529747"><ele>1022.98</ele><time>2026-09-03T13:45:11Z</time></trkpt><trkpt lat="47.6714228466" lon="11.4543991629"><ele>1022.53</ele><time>2026-09-03T13:45:12Z</time></trkpt><trkpt lat="47.6714950148" lon="11.4542123303"><ele>1021.48</ele><time>2026-09-03T13:45:16Z</time></trkpt><trkpt lat="47.6715592202" lon="11.4540687483"><ele>1020.66</ele><time>2026-09-03T13:45:20Z</time></trkpt><trkpt lat="47.6715717930" lon="11.4540397469"><ele>1020.51</ele><time>2026-09-03T13:45:21Z</time></trkpt><trkpt lat="47.6716206595" lon="11.4539084025"><ele>1019.76</ele><time>2026-09-03T13:45:27Z</time></trkpt><trkpt lat="47.6716308016" lon="11.4538711030"><ele>1019.70</ele><time>2026-09-03T13:45:28Z</time></trkpt><trkpt lat="47.6716426201" lon="11.4538379945"><ele>1019.64</ele><time>2026-09-03T13:45:29Z</time></trkpt><trkpt lat="47.6716581266" lon="11.4537970908"><ele>1019.55</ele><time>2026-09-03T13:45:30Z</time></trkpt><trkpt lat="47.6716669276" lon="11.4537564386"><ele>1019.42</ele><time>2026-09-03T13:45:31Z</time></trkpt><trkpt lat="47.6716723759" lon="11.4537150320"><ele>1019.24</ele><time>2026-09-03T13:45:32Z</time></trkpt><trkpt lat="47.6717012934" lon="11.4535742998"><ele>1017.35</ele><time>2026-09-03T13:45:36Z</time></trkpt><trkpt lat="47.6717080828" lon="11.4535432030"><ele>1016.90</ele><time>2026-09-03T13:45:37Z</time></trkpt><trkpt lat="47.6717123576" lon="11.4535059873"><ele>1016.51</ele><time>2026-09-03T13:45:38Z</time></trkpt><trkpt lat="47.6717206556" lon="11.4534728788"><ele>1016.21</ele><time>2026-09-03T13:45:39Z</time></trkpt><trkpt lat="47.6717283670" lon="11.4534437098"><ele>1015.96</ele><time>2026-09-03T13:45:40Z</time></trkpt><trkpt lat="47.6717303786" lon="11.4534004591"><ele>1015.67</ele><time>2026-09-03T13:45:41Z</time></trkpt><trkpt lat="47.6717291214" lon="11.4533505868"><ele>1015.36</ele><time>2026-09-03T13:45:42Z</time></trkpt><trkpt lat="47.6717361622" lon="11.4533058275"><ele>1015.11</ele><time>2026-09-03T13:45:43Z</time></trkpt><trkpt lat="47.6717639063" lon="11.4531655144"><ele>1014.21</ele><time>2026-09-03T13:45:48Z</time></trkpt><trkpt lat="47.6717695221" lon="11.4531167317"><ele>1013.38</ele><time>2026-09-03T13:46:00Z</time></trkpt><trkpt lat="47.6718013734" lon="11.4530273806"><ele>1013.47</ele><time>2026-09-03T13:46:13Z</time></trkpt><trkpt lat="47.6717965119" lon="11.4529593196"><ele>1012.42</ele><time>2026-09-03T13:46:22Z</time></trkpt><trkpt lat="47.6717845257" lon="11.4528635144"><ele>1011.28</ele><time>2026-09-03T13:46:29Z</time></trkpt><trkpt lat="47.6717809215" lon="11.4528354350"><ele>1011.22</ele><time>2026-09-03T13:46:30Z</time></trkpt><trkpt lat="47.6717830170" lon="11.4528021589"><ele>1011.16</ele><time>2026-09-03T13:46:31Z</time></trkpt><trkpt lat="47.6717897225" lon="11.4527654462"><ele>1011.07</ele><time>2026-09-03T13:46:32Z</time></trkpt><trkpt lat="47.6717993617" lon="11.4527316671"><ele>1010.87</ele><time>2026-09-03T13:46:33Z</time></trkpt><trkpt lat="47.6718024630" lon="11.4526882488"><ele>1010.61</ele><time>2026-09-03T13:46:34Z</time></trkpt><trkpt lat="47.6718039718" lon="11.4526341017"><ele>1010.36</ele><time>2026-09-03T13:46:35Z</time></trkpt><trkpt lat="47.6718071569" lon="11.4525755960"><ele>1010.02</ele><time>2026-09-03T13:46:36Z</time></trkpt><trkpt lat="47.6718070731" lon="11.4525207784"><ele>1009.61</ele><time>2026-09-03T13:46:37Z</time></trkpt><trkpt lat="47.6718099229" lon="11.4524764381"><ele>1009.27</ele><time>2026-09-03T13:46:38Z</time></trkpt><trkpt lat="47.6718141977" lon="11.4524445869"><ele>1008.97</ele><time>2026-09-03T13:46:39Z</time></trkpt><trkpt lat="47.6718213223" lon="11.4524155855"><ele>1008.57</ele><time>2026-09-03T13:46:40Z</time></trkpt><trkpt lat="47.6718295366" lon="11.4523856621"><ele>1008.07</ele><time>2026-09-03T13:46:41Z</time></trkpt><trkpt lat="47.6718335599" lon="11.4521385636"><ele>1005.24</ele><time>2026-09-03T13:46:48Z</time></trkpt><trkpt lat="47.6718281116" lon="11.4520527329"><ele>1003.87</ele><time>2026-09-03T13:46:51Z</time></trkpt><trkpt lat="47.6717676781" lon="11.4518722706"><ele>1001.36</ele><time>2026-09-03T13:46:55Z</time></trkpt><trkpt lat="47.6717631519" lon="11.4518483821"><ele>1000.71</ele><time>2026-09-03T13:46:56Z</time></trkpt><trkpt lat="47.6717557758" lon="11.4518222306"><ele>1000.07</ele><time>2026-09-03T13:46:57Z</time></trkpt><trkpt lat="47.6717261877" lon="11.4517650660"><ele>999.24</ele><time>2026-09-03T13:46:59Z</time></trkpt><trkpt lat="47.6717127766" lon="11.4517331310"><ele>999.06</ele><time>2026-09-03T13:47:00Z</time></trkpt><trkpt lat="47.6717027184" lon="11.4516910538"><ele>998.95</ele><time>2026-09-03T13:47:01Z</time></trkpt><trkpt lat="47.6716954261" lon="11.4516493957"><ele>998.82</ele><time>2026-09-03T13:47:02Z</time></trkpt><trkpt lat="47.6716888044" lon="11.4516110905"><ele>998.54</ele><time>2026-09-03T13:47:03Z</time></trkpt><trkpt lat="47.6716828533" lon="11.4515742101"><ele>998.19</ele><time>2026-09-03T13:47:04Z</time></trkpt><trkpt lat="47.6716856193" lon="11.4514973480"><ele>997.51</ele><time>2026-09-03T13:47:10Z</time></trkpt><trkpt lat="47.6716700289" lon="11.4514943305"><ele>997.18</ele><time>2026-09-03T13:47:24Z</time></trkpt><trkpt lat="47.6716572884" lon="11.4514964260"><ele>996.83</ele><time>2026-09-03T13:47:43Z</time></trkpt><trkpt lat="47.6716332324" lon="11.4513627347"><ele>996.74</ele><time>2026-09-03T13:47:59Z</time></trkpt><trkpt lat="47.6716242637" lon="11.4513256028"><ele>996.68</ele><time>2026-09-03T13:48:00Z</time></trkpt><trkpt lat="47.6716151275" lon="11.4512840286"><ele>996.48</ele><time>2026-09-03T13:48:01Z</time></trkpt><trkpt lat="47.6715881377" lon="11.4510940947"><ele>995.50</ele><time>2026-09-03T13:48:06Z</time></trkpt><trkpt lat="47.6715790853" lon="11.4508657716"><ele>994.11</ele><time>2026-09-03T13:48:11Z</time></trkpt><trkpt lat="47.6715737209" lon="11.4507397078"><ele>993.63</ele><time>2026-09-03T13:48:14Z</time></trkpt><trkpt lat="47.6715670992" lon="11.4507055935"><ele>993.43</ele><time>2026-09-03T13:48:15Z</time></trkpt><trkpt lat="47.6715633273" lon="11.4506718144"><ele>993.27</ele><time>2026-09-03T13:48:16Z</time></trkpt><trkpt lat="47.6715621538" lon="11.4506368618"><ele>993.14</ele><time>2026-09-03T13:48:17Z</time></trkpt><trkpt lat="47.6715601422" lon="11.4506040886"><ele>992.99</ele><time>2026-09-03T13:48:18Z</time></trkpt><trkpt lat="47.6715569571" lon="11.4505765960"><ele>992.81</ele><time>2026-09-03T13:48:19Z</time></trkpt><trkpt lat="47.6715505030" lon="11.4505421463"><ele>992.59</ele><time>2026-09-03T13:48:20Z</time></trkpt><trkpt lat="47.6715495810" lon="11.4504981413"><ele>992.37</ele><time>2026-09-03T13:48:21Z</time></trkpt><trkpt lat="47.6715500839" lon="11.4504501130"><ele>992.16</ele><time>2026-09-03T13:48:22Z</time></trkpt><trkpt lat="47.6715501677" lon="11.4504020009"><ele>991.97</ele><time>2026-09-03T13:48:23Z</time></trkpt><trkpt lat="47.6715469826" lon="11.4503581636"><ele>991.77</ele><time>2026-09-03T13:48:24Z</time></trkpt><trkpt lat="47.6715468988" lon="11.4503213670"><ele>991.59</ele><time>2026-09-03T13:48:25Z</time></trkpt><trkpt lat="47.6715480722" lon="11.4502837323"><ele>991.12</ele><time>2026-09-03T13:48:26Z</time></trkpt><trkpt lat="47.6715411991" lon="11.4502042718"><ele>990.56</ele><time>2026-09-03T13:48:28Z</time></trkpt><trkpt lat="47.6715233456" lon="11.4501600992"><ele>990.22</ele><time>2026-09-03T13:48:29Z</time></trkpt><trkpt lat="47.6714835316" lon="11.4500326943"><ele>988.98</ele><time>2026-09-03T13:48:32Z</time></trkpt><trkpt lat="47.6714922488" lon="11.4499331173"><ele>988.69</ele><time>2026-09-03T13:48:37Z</time></trkpt><trkpt lat="47.6714985352" lon="11.4499005955"><ele>988.69</ele><time>2026-09-03T13:48:38Z</time></trkpt><trkpt lat="47.6715075038" lon="11.4498631284"><ele>988.64</ele><time>2026-09-03T13:48:39Z</time></trkpt><trkpt lat="47.6715211663" lon="11.4498260804"><ele>988.56</ele><time>2026-09-03T13:48:40Z</time></trkpt><trkpt lat="47.6715370081" lon="11.4497866854"><ele>988.43</ele><time>2026-09-03T13:48:41Z</time></trkpt><trkpt lat="47.6715536881" lon="11.4497394953"><ele>988.14</ele><time>2026-09-03T13:48:42Z</time></trkpt><trkpt lat="47.6715702843" lon="11.4496943168"><ele>987.67</ele><time>2026-09-03T13:48:43Z</time></trkpt><trkpt lat="47.6715807617" lon="11.4496487193"><ele>987.14</ele><time>2026-09-03T13:48:44Z</time></trkpt><trkpt lat="47.6715893950" lon="11.4496088214"><ele>986.69</ele><time>2026-09-03T13:48:45Z</time></trkpt><trkpt lat="47.6716023032" lon="11.4495643135"><ele>986.29</ele><time>2026-09-03T13:48:46Z</time></trkpt><trkpt lat="47.6716395188" lon="11.4493152872"><ele>985.33</ele><time>2026-09-03T13:48:52Z</time></trkpt><trkpt lat="47.6716533490" lon="11.4490309730"><ele>984.64</ele><time>2026-09-03T13:48:58Z</time></trkpt><trkpt lat="47.6717141178" lon="11.4487779234"><ele>983.66</ele><time>2026-09-03T13:49:04Z</time></trkpt><trkpt lat="47.6717240084" lon="11.4487436414"><ele>983.34</ele><time>2026-09-03T13:49:05Z</time></trkpt><trkpt lat="47.6717354078" lon="11.4487137180"><ele>983.03</ele><time>2026-09-03T13:49:06Z</time></trkpt><trkpt lat="47.6717446279" lon="11.4486765862"><ele>982.72</ele><time>2026-09-03T13:49:07Z</time></trkpt><trkpt lat="47.6717535127" lon="11.4486379456"><ele>982.40</ele><time>2026-09-03T13:49:08Z</time></trkpt><trkpt lat="47.6717673428" lon="11.4486144762"><ele>982.12</ele><time>2026-09-03T13:49:09Z</time></trkpt><trkpt lat="47.6717780717" lon="11.4485869836"><ele>981.99</ele><time>2026-09-03T13:49:10Z</time></trkpt><trkpt lat="47.6717860345" lon="11.4485553000"><ele>981.91</ele><time>2026-09-03T13:49:11Z</time></trkpt><trkpt lat="47.6717950869" lon="11.4485158212"><ele>981.85</ele><time>2026-09-03T13:49:12Z</time></trkpt><trkpt lat="47.6718463004" lon="11.4483412262"><ele>981.46</ele><time>2026-09-03T13:49:18Z</time></trkpt><trkpt lat="47.6718963403" lon="11.4482263103"><ele>981.36</ele><time>2026-09-03T13:49:26Z</time></trkpt><trkpt lat="47.6719081588" lon="11.4481724147"><ele>981.25</ele><time>2026-09-03T13:49:28Z</time></trkpt><trkpt lat="47.6719134394" lon="11.4481372945"><ele>981.12</ele><time>2026-09-03T13:49:29Z</time></trkpt><trkpt lat="47.6719231624" lon="11.4481049404"><ele>980.98</ele><time>2026-09-03T13:49:30Z</time></trkpt><trkpt lat="47.6719364058" lon="11.4480783697"><ele>980.82</ele><time>2026-09-03T13:49:31Z</time></trkpt><trkpt lat="47.6719463803" lon="11.4480494522"><ele>980.59</ele><time>2026-09-03T13:49:32Z</time></trkpt><trkpt lat="47.6719499007" lon="11.4480049442"><ele>980.23</ele><time>2026-09-03T13:49:33Z</time></trkpt><trkpt lat="47.6719535887" lon="11.4479569998"><ele>979.82</ele><time>2026-09-03T13:49:34Z</time></trkpt><trkpt lat="47.6719592046" lon="11.4479184430"><ele>979.42</ele><time>2026-09-03T13:49:35Z</time></trkpt><trkpt lat="47.6719749626" lon="11.4478871785"><ele>979.03</ele><time>2026-09-03T13:49:36Z</time></trkpt><trkpt lat="47.6719913911" lon="11.4478399046"><ele>978.74</ele><time>2026-09-03T13:49:37Z</time></trkpt><trkpt lat="47.6720043831" lon="11.4477996714"><ele>978.55</ele><time>2026-09-03T13:49:38Z</time></trkpt><trkpt lat="47.6720141061" lon="11.4477611985"><ele>978.36</ele><time>2026-09-03T13:49:39Z</time></trkpt><trkpt lat="47.6720226556" lon="11.4477215521"><ele>978.32</ele><time>2026-09-03T13:49:40Z</time></trkpt><trkpt lat="47.6720253378" lon="11.4476774633"><ele>978.30</ele><time>2026-09-03T13:49:41Z</time></trkpt><trkpt lat="47.6720300317" lon="11.4476398285"><ele>978.24</ele><time>2026-09-03T13:49:42Z</time></trkpt><trkpt lat="47.6720391680" lon="11.4476112463"><ele>978.18</ele><time>2026-09-03T13:49:43Z</time></trkpt><trkpt lat="47.6720555127" lon="11.4475861005"><ele>978.15</ele><time>2026-09-03T13:49:44Z</time></trkpt><trkpt lat="47.6720680017" lon="11.4475577697"><ele>978.11</ele><time>2026-09-03T13:49:45Z</time></trkpt><trkpt lat="47.6720734499" lon="11.4475275110"><ele>977.97</ele><time>2026-09-03T13:49:46Z</time></trkpt><trkpt lat="47.6720799040" lon="11.4474834222"><ele>977.80</ele><time>2026-09-03T13:49:48Z</time></trkpt><trkpt lat="47.6720892079" lon="11.4474571869"><ele>977.78</ele><time>2026-09-03T13:49:49Z</time></trkpt><trkpt lat="47.6720937341" lon="11.4474271797"><ele>977.76</ele><time>2026-09-03T13:49:50Z</time></trkpt><trkpt lat="47.6720980927" lon="11.4473996870"><ele>977.74</ele><time>2026-09-03T13:49:51Z</time></trkpt><trkpt lat="47.6721035410" lon="11.4473669138"><ele>977.73</ele><time>2026-09-03T13:49:52Z</time></trkpt><trkpt lat="47.6721081510" lon="11.4473256748"><ele>977.68</ele><time>2026-09-03T13:49:53Z</time></trkpt><trkpt lat="47.6721133478" lon="11.4472858608"><ele>977.56</ele><time>2026-09-03T13:49:54Z</time></trkpt><trkpt lat="47.6721198019" lon="11.4472443704"><ele>977.37</ele><time>2026-09-03T13:49:55Z</time></trkpt><trkpt lat="47.6721215621" lon="11.4472007006"><ele>977.17</ele><time>2026-09-03T13:49:56Z</time></trkpt><trkpt lat="47.6721282676" lon="11.4470562804"><ele>976.53</ele><time>2026-09-03T13:50:01Z</time></trkpt><trkpt lat="47.6721123420" lon="11.4469905663"><ele>976.65</ele><time>2026-09-03T13:50:14Z</time></trkpt><trkpt lat="47.6721067261" lon="11.4469473157"><ele>976.64</ele><time>2026-09-03T13:50:15Z</time></trkpt><trkpt lat="47.6721070614" lon="11.4469087590"><ele>976.64</ele><time>2026-09-03T13:50:16Z</time></trkpt><trkpt lat="47.6721020322" lon="11.4468572102"><ele>976.63</ele><time>2026-09-03T13:50:17Z</time></trkpt><trkpt lat="47.6720970031" lon="11.4468081761"><ele>976.57</ele><time>2026-09-03T13:50:18Z</time></trkpt><trkpt lat="47.6720899623" lon="11.4467580523"><ele>976.43</ele><time>2026-09-03T13:50:19Z</time></trkpt><trkpt lat="47.6721016131" lon="11.4465349261"><ele>975.43</ele><time>2026-09-03T13:50:24Z</time></trkpt><trkpt lat="47.6721045468" lon="11.4464867301"><ele>975.14</ele><time>2026-09-03T13:50:25Z</time></trkpt><trkpt lat="47.6721407566" lon="11.4462586585"><ele>974.88</ele><time>2026-09-03T13:50:29Z</time></trkpt><trkpt lat="47.6721308660" lon="11.4459548984"><ele>974.85</ele><time>2026-09-03T13:50:35Z</time></trkpt><trkpt lat="47.6721129287" lon="11.4457554091"><ele>974.72</ele><time>2026-09-03T13:50:39Z</time></trkpt><trkpt lat="47.6721186284" lon="11.4456875995"><ele>974.16</ele><time>2026-09-03T13:50:40Z</time></trkpt><trkpt lat="47.6721367333" lon="11.4455541596"><ele>972.61</ele><time>2026-09-03T13:50:42Z</time></trkpt><trkpt lat="47.6721522398" lon="11.4454905409"><ele>972.02</ele><time>2026-09-03T13:50:43Z</time></trkpt><trkpt lat="47.6721718535" lon="11.4454296045"><ele>971.62</ele><time>2026-09-03T13:50:44Z</time></trkpt><trkpt lat="47.6721959934" lon="11.4453730267"><ele>971.37</ele><time>2026-09-03T13:50:45Z</time></trkpt><trkpt lat="47.6722187921" lon="11.4453267585"><ele>970.99</ele><time>2026-09-03T13:50:46Z</time></trkpt><trkpt lat="47.6722462848" lon="11.4452959970"><ele>970.34</ele><time>2026-09-03T13:50:47Z</time></trkpt><trkpt lat="47.6722624619" lon="11.4452396706"><ele>969.73</ele><time>2026-09-03T13:50:48Z</time></trkpt><trkpt lat="47.6722678263" lon="11.4451857749"><ele>969.39</ele><time>2026-09-03T13:50:49Z</time></trkpt><trkpt lat="47.6722871885" lon="11.4451392554"><ele>969.21</ele><time>2026-09-03T13:50:50Z</time></trkpt><trkpt lat="47.6723144297" lon="11.4451001119"><ele>969.07</ele><time>2026-09-03T13:50:51Z</time></trkpt><trkpt lat="47.6723307744" lon="11.4450418577"><ele>969.05</ele><time>2026-09-03T13:50:52Z</time></trkpt><trkpt lat="47.6723490469" lon="11.4449875429"><ele>969.00</ele><time>2026-09-03T13:50:53Z</time></trkpt><trkpt lat="47.6723771263" lon="11.4449509140"><ele>968.89</ele><time>2026-09-03T13:50:54Z</time></trkpt><trkpt lat="47.6724082232" lon="11.4449162129"><ele>968.79</ele><time>2026-09-03T13:50:55Z</time></trkpt><trkpt lat="47.6724411640" lon="11.4448696095"><ele>968.58</ele><time>2026-09-03T13:50:56Z</time></trkpt><trkpt lat="47.6725817285" lon="11.4446898177"><ele>967.38</ele><time>2026-09-03T13:51:00Z</time></trkpt><trkpt lat="47.6726139151" lon="11.4446341619"><ele>967.15</ele><time>2026-09-03T13:51:01Z</time></trkpt><trkpt lat="47.6726434194" lon="11.4445817750"><ele>966.89</ele><time>2026-09-03T13:51:02Z</time></trkpt><trkpt lat="47.6726697385" lon="11.4445214253"><ele>966.64</ele><time>2026-09-03T13:51:03Z</time></trkpt><trkpt lat="47.6726910286" lon="11.4444510173"><ele>966.39</ele><time>2026-09-03T13:51:04Z</time></trkpt><trkpt lat="47.6727211196" lon="11.4443892427"><ele>966.14</ele><time>2026-09-03T13:51:05Z</time></trkpt><trkpt lat="47.6727563236" lon="11.4443305694"><ele>965.88</ele><time>2026-09-03T13:51:06Z</time></trkpt><trkpt lat="47.6727983169" lon="11.4442760032"><ele>965.68</ele><time>2026-09-03T13:51:07Z</time></trkpt><trkpt lat="47.6728320122" lon="11.4442216884"><ele>965.54</ele><time>2026-09-03T13:51:08Z</time></trkpt><trkpt lat="47.6728626061" lon="11.4441653620"><ele>965.38</ele><time>2026-09-03T13:51:09Z</time></trkpt><trkpt lat="47.6729050186" lon="11.4441262186"><ele>965.19</ele><time>2026-09-03T13:51:10Z</time></trkpt><trkpt lat="47.6729336847" lon="11.4440787770"><ele>965.05</ele><time>2026-09-03T13:51:11Z</time></trkpt><trkpt lat="47.6729525439" lon="11.4440232050"><ele>964.95</ele><time>2026-09-03T13:51:12Z</time></trkpt><trkpt lat="47.6729732472" lon="11.4439649507"><ele>964.90</ele><time>2026-09-03T13:51:13Z</time></trkpt><trkpt lat="47.6730337646" lon="11.4438152499"><ele>964.82</ele><time>2026-09-03T13:51:16Z</time></trkpt><trkpt lat="47.6730508637" lon="11.4437156729"><ele>964.80</ele><time>2026-09-03T13:51:18Z</time></trkpt><trkpt lat="47.6731614210" lon="11.4434850030"><ele>964.25</ele><time>2026-09-03T13:51:23Z</time></trkpt><trkpt lat="47.6731879078" lon="11.4434482902"><ele>964.13</ele><time>2026-09-03T13:51:24Z</time></trkpt><trkpt lat="47.6733034942" lon="11.4431493916"><ele>963.85</ele><time>2026-09-03T13:51:31Z</time></trkpt><trkpt lat="47.6734043285" lon="11.4429337252"><ele>964.35</ele><time>2026-09-03T13:51:39Z</time></trkpt><trkpt lat="47.6734747365" lon="11.4427956752"><ele>964.98</ele><time>2026-09-03T13:51:46Z</time></trkpt><trkpt lat="47.6735073421" lon="11.4427334815"><ele>965.38</ele><time>2026-09-03T13:51:50Z</time></trkpt><trkpt lat="47.6735008880" lon="11.4426587150"><ele>965.76</ele><time>2026-09-03T13:51:55Z</time></trkpt><trkpt lat="47.6735026482" lon="11.4426247682"><ele>965.93</ele><time>2026-09-03T13:51:57Z</time></trkpt><trkpt lat="47.6735036541" lon="11.4425184857"><ele>966.54</ele><time>2026-09-03T13:52:02Z</time></trkpt><trkpt lat="47.6735060010" lon="11.4424945973"><ele>966.66</ele><time>2026-09-03T13:52:03Z</time></trkpt><trkpt lat="47.6734991278" lon="11.4424497541"><ele>966.85</ele><time>2026-09-03T13:52:05Z</time></trkpt><trkpt lat="47.6734711323" lon="11.4422910009"><ele>967.42</ele><time>2026-09-03T13:52:13Z</time></trkpt><trkpt lat="47.6734607387" lon="11.4422562998"><ele>967.59</ele><time>2026-09-03T13:52:15Z</time></trkpt><trkpt lat="47.6734465733" lon="11.4421745762"><ele>968.18</ele><time>2026-09-03T13:52:20Z</time></trkpt><trkpt lat="47.6734139677" lon="11.4421019889"><ele>968.56</ele><time>2026-09-03T13:52:24Z</time></trkpt><trkpt lat="47.6733671967" lon="11.4419965446"><ele>969.51</ele><time>2026-09-03T13:52:32Z</time></trkpt><trkpt lat="47.6733426377" lon="11.4419375360"><ele>969.95</ele><time>2026-09-03T13:52:36Z</time></trkpt><trkpt lat="47.6733166538" lon="11.4418767672"><ele>970.65</ele><time>2026-09-03T13:52:40Z</time></trkpt><trkpt lat="47.6732231956" lon="11.4417146612"><ele>972.51</ele><time>2026-09-03T13:52:49Z</time></trkpt><trkpt lat="47.6731490158" lon="11.4415747672"><ele>974.12</ele><time>2026-09-03T13:52:57Z</time></trkpt><trkpt lat="47.6731050946" lon="11.4414944686"><ele>974.82</ele><time>2026-09-03T13:53:02Z</time></trkpt><trkpt lat="47.6730948687" lon="11.4414643776"><ele>975.05</ele><time>2026-09-03T13:53:04Z</time></trkpt><trkpt lat="47.6730468404" lon="11.4413514733"><ele>976.05</ele><time>2026-09-03T13:53:11Z</time></trkpt><trkpt lat="47.6729983930" lon="11.4411841705"><ele>977.13</ele><time>2026-09-03T13:53:19Z</time></trkpt><trkpt lat="47.6729916874" lon="11.4411417581"><ele>977.39</ele><time>2026-09-03T13:53:21Z</time></trkpt><trkpt lat="47.6729651168" lon="11.4410029538"><ele>978.51</ele><time>2026-09-03T13:53:29Z</time></trkpt><trkpt lat="47.6729563996" lon="11.4408441167"><ele>980.03</ele><time>2026-09-03T13:53:38Z</time></trkpt><trkpt lat="47.6729688048" lon="11.4407518320"><ele>981.14</ele><time>2026-09-03T13:53:44Z</time></trkpt><trkpt lat="47.6729780249" lon="11.4406867884"><ele>981.72</ele><time>2026-09-03T13:53:48Z</time></trkpt><trkpt lat="47.6729853172" lon="11.4406289533"><ele>982.23</ele><time>2026-09-03T13:53:51Z</time></trkpt><trkpt lat="47.6730000693" lon="11.4405092597"><ele>983.27</ele><time>2026-09-03T13:53:57Z</time></trkpt><trkpt lat="47.6730325073" lon="11.4403759036"><ele>984.31</ele><time>2026-09-03T13:54:05Z</time></trkpt><trkpt lat="47.6730573177" lon="11.4402239397"><ele>986.03</ele><time>2026-09-03T13:54:14Z</time></trkpt><trkpt lat="47.6730770990" lon="11.4401454013"><ele>986.72</ele><time>2026-09-03T13:54:20Z</time></trkpt><trkpt lat="47.6731056813" lon="11.4400103688"><ele>988.22</ele><time>2026-09-03T13:54:29Z</time></trkpt><trkpt lat="47.6731329225" lon="11.4398660325"><ele>989.79</ele><time>2026-09-03T13:54:38Z</time></trkpt><trkpt lat="47.6731381193" lon="11.4397337660"><ele>991.28</ele><time>2026-09-03T13:54:46Z</time></trkpt><trkpt lat="47.6731372811" lon="11.4396072831"><ele>992.48</ele><time>2026-09-03T13:54:54Z</time></trkpt><trkpt lat="47.6731377840" lon="11.4394576661"><ele>993.50</ele><time>2026-09-03T13:55:02Z</time></trkpt><trkpt lat="47.6731279772" lon="11.4393383916"><ele>994.25</ele><time>2026-09-03T13:55:09Z</time></trkpt><trkpt lat="47.6730928570" lon="11.4391756151"><ele>995.48</ele><time>2026-09-03T13:55:18Z</time></trkpt><trkpt lat="47.6730701420" lon="11.4390659798"><ele>996.51</ele><time>2026-09-03T13:55:24Z</time></trkpt><trkpt lat="47.6730640233" lon="11.4390246570"><ele>996.78</ele><time>2026-09-03T13:55:27Z</time></trkpt><trkpt lat="47.6730330102" lon="11.4388411772"><ele>997.69</ele><time>2026-09-03T13:55:36Z</time></trkpt><trkpt lat="47.6730274782" lon="11.4387590345"><ele>998.44</ele><time>2026-09-03T13:55:41Z</time></trkpt><trkpt lat="47.6729794499" lon="11.4385675918"><ele>1000.00</ele><time>2026-09-03T13:55:51Z</time></trkpt><trkpt lat="47.6729361154" lon="11.4384281170"><ele>1001.36</ele><time>2026-09-03T13:55:59Z</time></trkpt><trkpt lat="47.6729125623" lon="11.4382941741"><ele>1003.05</ele><time>2026-09-03T13:56:07Z</time></trkpt><trkpt lat="47.6728987321" lon="11.4381546155"><ele>1004.01</ele><time>2026-09-03T13:56:15Z</time></trkpt><trkpt lat="47.6728891768" lon="11.4379992988"><ele>1004.91</ele><time>2026-09-03T13:56:23Z</time></trkpt><trkpt lat="47.6728546433" lon="11.4378647693"><ele>1005.72</ele><time>2026-09-03T13:56:30Z</time></trkpt><trkpt lat="47.6728005800" lon="11.4376936946"><ele>1007.45</ele><time>2026-09-03T13:56:40Z</time></trkpt><trkpt lat="47.6727605984" lon="11.4376165811"><ele>1008.21</ele><time>2026-09-03T13:56:47Z</time></trkpt><trkpt lat="47.6727422420" lon="11.4375848137"><ele>1009.02</ele><time>2026-09-03T13:56:55Z</time></trkpt><trkpt lat="47.6727372129" lon="11.4375883341"><ele>1009.11</ele><time>2026-09-03T13:57:11Z</time></trkpt><trkpt lat="47.6727230474" lon="11.4375788625"><ele>1009.06</ele><time>2026-09-03T13:57:34Z</time></trkpt><trkpt lat="47.6727075409" lon="11.4375825506"><ele>1009.07</ele><time>2026-09-03T13:57:53Z</time></trkpt><trkpt lat="47.6725817285" lon="11.4374600910"><ele>1009.38</ele><time>2026-09-03T13:58:01Z</time></trkpt><trkpt lat="47.6724802237" lon="11.4372307621"><ele>1011.16</ele><time>2026-09-03T13:58:10Z</time></trkpt><trkpt lat="47.6724170242" lon="11.4370238967"><ele>1012.43</ele><time>2026-09-03T13:58:18Z</time></trkpt><trkpt lat="47.6723639667" lon="11.4368012734"><ele>1012.99</ele><time>2026-09-03T13:58:26Z</time></trkpt><trkpt lat="47.6723226439" lon="11.4365686756"><ele>1013.91</ele><time>2026-09-03T13:58:35Z</time></trkpt><trkpt lat="47.6722885296" lon="11.4363950863"><ele>1015.28</ele><time>2026-09-03T13:58:43Z</time></trkpt><trkpt lat="47.6722295210" lon="11.4362374227"><ele>1016.91</ele><time>2026-09-03T13:58:51Z</time></trkpt><trkpt lat="47.6721896231" lon="11.4361369237"><ele>1017.49</ele><time>2026-09-03T13:58:56Z</time></trkpt><trkpt lat="47.6721175388" lon="11.4359665196"><ele>1018.63</ele><time>2026-09-03T13:59:05Z</time></trkpt><trkpt lat="47.6720742881" lon="11.4358567167"><ele>1019.63</ele><time>2026-09-03T13:59:11Z</time></trkpt><trkpt lat="47.6720156148" lon="11.4356915932"><ele>1021.00</ele><time>2026-09-03T13:59:19Z</time></trkpt><trkpt lat="47.6719280239" lon="11.4354895893"><ele>1021.94</ele><time>2026-09-03T13:59:29Z</time></trkpt><trkpt lat="47.6718854439" lon="11.4353303332"><ele>1022.35</ele><time>2026-09-03T13:59:36Z</time></trkpt><trkpt lat="47.6718375832" lon="11.4351502061"><ele>1022.46</ele><time>2026-09-03T13:59:43Z</time></trkpt><trkpt lat="47.6717991941" lon="11.4349315222"><ele>1023.62</ele><time>2026-09-03T13:59:52Z</time></trkpt><trkpt lat="47.6717639901" lon="11.4347285125"><ele>1025.33</ele><time>2026-09-03T14:00:01Z</time></trkpt><trkpt lat="47.6717698574" lon="11.4346157759"><ele>1026.72</ele><time>2026-09-03T14:00:10Z</time></trkpt><trkpt lat="47.6717678457" lon="11.4346075617"><ele>1026.78</ele><time>2026-09-03T14:00:27Z</time></trkpt><trkpt lat="47.6717861183" lon="11.4345801529"><ele>1026.58</ele><time>2026-09-03T14:00:48Z</time></trkpt><trkpt lat="47.6717920695" lon="11.4345743693"><ele>1026.57</ele><time>2026-09-03T14:00:56Z</time></trkpt><trkpt lat="47.6718237530" lon="11.4345169533"><ele>1026.66</ele><time>2026-09-03T14:01:05Z</time></trkpt><trkpt lat="47.6718320511" lon="11.4344987646"><ele>1026.66</ele><time>2026-09-03T14:01:06Z</time></trkpt><trkpt lat="47.6718408521" lon="11.4344804920"><ele>1026.66</ele><time>2026-09-03T14:01:07Z</time></trkpt><trkpt lat="47.6718502399" lon="11.4344601240"><ele>1026.64</ele><time>2026-09-03T14:01:08Z</time></trkpt><trkpt lat="47.6718613040" lon="11.4344448689"><ele>1026.62</ele><time>2026-09-03T14:01:09Z</time></trkpt><trkpt lat="47.6718744636" lon="11.4344286919"><ele>1026.61</ele><time>2026-09-03T14:01:10Z</time></trkpt><trkpt lat="47.6719965041" lon="11.4342419431"><ele>1027.05</ele><time>2026-09-03T14:01:21Z</time></trkpt><trkpt lat="47.6721051335" lon="11.4341096766"><ele>1027.30</ele><time>2026-09-03T14:01:30Z</time></trkpt><trkpt lat="47.6722231507" lon="11.4339992870"><ele>1027.43</ele><time>2026-09-03T14:01:38Z</time></trkpt><trkpt lat="47.6723671518" lon="11.4338854607"><ele>1028.32</ele><time>2026-09-03T14:01:47Z</time></trkpt><trkpt lat="47.6725679822" lon="11.4337094408"><ele>1028.96</ele><time>2026-09-03T14:01:58Z</time></trkpt><trkpt lat="47.6727124862" lon="11.4335713908"><ele>1029.40</ele><time>2026-09-03T14:02:06Z</time></trkpt><trkpt lat="47.6727700699" lon="11.4335076045"><ele>1029.43</ele><time>2026-09-03T14:02:09Z</time></trkpt><trkpt lat="47.6727911923" lon="11.4334814530"><ele>1029.48</ele><time>2026-09-03T14:02:10Z</time></trkpt><trkpt lat="47.6729257219" lon="11.4332622662"><ele>1030.48</ele><time>2026-09-03T14:02:18Z</time></trkpt><trkpt lat="47.6730533782" lon="11.4330218732"><ele>1031.08</ele><time>2026-09-03T14:02:26Z</time></trkpt><trkpt lat="47.6731477585" lon="11.4327577595"><ele>1031.98</ele><time>2026-09-03T14:02:36Z</time></trkpt><trkpt lat="47.6732123829" lon="11.4325040393"><ele>1032.82</ele><time>2026-09-03T14:02:46Z</time></trkpt><trkpt lat="47.6732544601" lon="11.4323289413"><ele>1033.13</ele><time>2026-09-03T14:02:56Z</time></trkpt><trkpt lat="47.6732931845" lon="11.4321200643"><ele>1032.90</ele><time>2026-09-03T14:03:03Z</time></trkpt><trkpt lat="47.6733495947" lon="11.4317042381"><ele>1032.58</ele><time>2026-09-03T14:03:13Z</time></trkpt><trkpt lat="47.6733889058" lon="11.4313203469"><ele>1032.54</ele><time>2026-09-03T14:03:21Z</time></trkpt><trkpt lat="47.6735060848" lon="11.4308371302"><ele>1032.10</ele><time>2026-09-03T14:03:31Z</time></trkpt><trkpt lat="47.6736363396" lon="11.4306843281"><ele>1032.06</ele><time>2026-09-03T14:03:36Z</time></trkpt><trkpt lat="47.6737815980" lon="11.4306091424"><ele>1032.76</ele><time>2026-09-03T14:03:42Z</time></trkpt><trkpt lat="47.6739043929" lon="11.4305462781"><ele>1034.39</ele><time>2026-09-03T14:03:49Z</time></trkpt><trkpt lat="47.6740762219" lon="11.4304734394"><ele>1034.82</ele><time>2026-09-03T14:03:56Z</time></trkpt><trkpt lat="47.6743897051" lon="11.4303323720"><ele>1034.70</ele><time>2026-09-03T14:04:05Z</time></trkpt><trkpt lat="47.6748346165" lon="11.4301312901"><ele>1033.98</ele><time>2026-09-03T14:04:16Z</time></trkpt><trkpt lat="47.6751969662" lon="11.4299764764"><ele>1033.69</ele><time>2026-09-03T14:04:26Z</time></trkpt><trkpt lat="47.6755740680" lon="11.4298131969"><ele>1034.60</ele><time>2026-09-03T14:04:38Z</time></trkpt><trkpt lat="47.6759049017" lon="11.4296716265"><ele>1036.07</ele><time>2026-09-03T14:04:49Z</time></trkpt><trkpt lat="47.6761197299" lon="11.4295743965"><ele>1037.32</ele><time>2026-09-03T14:04:59Z</time></trkpt><trkpt lat="47.6763424370" lon="11.4294861350"><ele>1038.42</ele><time>2026-09-03T14:05:09Z</time></trkpt><trkpt lat="47.6764218137" lon="11.4294596482"><ele>1038.74</ele><time>2026-09-03T14:05:13Z</time></trkpt><trkpt lat="47.6764393318" lon="11.4294603188"><ele>1038.80</ele><time>2026-09-03T14:05:14Z</time></trkpt><trkpt lat="47.6764552575" lon="11.4294554573"><ele>1038.85</ele><time>2026-09-03T14:05:15Z</time></trkpt><trkpt lat="47.6764710154" lon="11.4294473268"><ele>1038.88</ele><time>2026-09-03T14:05:16Z</time></trkpt><trkpt lat="47.6764874440" lon="11.4294376038"><ele>1038.92</ele><time>2026-09-03T14:05:17Z</time></trkpt><trkpt lat="47.6765772980" lon="11.4293737337"><ele>1039.62</ele><time>2026-09-03T14:05:24Z</time></trkpt><trkpt lat="47.6766616199" lon="11.4293130487"><ele>1040.68</ele><time>2026-09-03T14:05:33Z</time></trkpt><trkpt lat="47.6766929682" lon="11.4292854723"><ele>1040.77</ele><time>2026-09-03T14:05:36Z</time></trkpt><trkpt lat="47.6767792180" lon="11.4292474184"><ele>1041.50</ele><time>2026-09-03T14:05:44Z</time></trkpt><trkpt lat="47.6768450998" lon="11.4292596560"><ele>1041.92</ele><time>2026-09-03T14:05:49Z</time></trkpt><trkpt lat="47.6768649649" lon="11.4292599075"><ele>1041.99</ele><time>2026-09-03T14:05:50Z</time></trkpt><trkpt lat="47.6768844947" lon="11.4292597398"><ele>1042.05</ele><time>2026-09-03T14:05:51Z</time></trkpt><trkpt lat="47.6769688167" lon="11.4292150643"><ele>1042.68</ele><time>2026-09-03T14:05:59Z</time></trkpt><trkpt lat="47.6770340279" lon="11.4291887451"><ele>1043.60</ele><time>2026-09-03T14:06:04Z</time></trkpt><trkpt lat="47.6770517975" lon="11.4291794412"><ele>1043.76</ele><time>2026-09-03T14:06:05Z</time></trkpt><trkpt lat="47.6771602593" lon="11.4291217737"><ele>1045.69</ele><time>2026-09-03T14:06:13Z</time></trkpt><trkpt lat="47.6772913523" lon="11.4290819596"><ele>1047.37</ele><time>2026-09-03T14:06:22Z</time></trkpt><trkpt lat="47.6773957070" lon="11.4290528744"><ele>1048.61</ele><time>2026-09-03T14:06:30Z</time></trkpt><trkpt lat="47.6775137242" lon="11.4290465880"><ele>1050.51</ele><time>2026-09-03T14:06:39Z</time></trkpt><trkpt lat="47.6776437275" lon="11.4290423132"><ele>1052.14</ele><time>2026-09-03T14:06:49Z</time></trkpt><trkpt lat="47.6777294744" lon="11.4290368650"><ele>1053.24</ele><time>2026-09-03T14:06:55Z</time></trkpt><trkpt lat="47.6778363436" lon="11.4290234540"><ele>1054.11</ele><time>2026-09-03T14:07:04Z</time></trkpt><trkpt lat="47.6778482459" lon="11.4290287346"><ele>1054.20</ele><time>2026-09-03T14:07:23Z</time></trkpt><trkpt lat="47.6778579690" lon="11.4290263038"><ele>1054.30</ele><time>2026-09-03T14:07:37Z</time></trkpt><trkpt lat="47.6778842881" lon="11.4290187601"><ele>1054.32</ele><time>2026-09-03T14:08:00Z</time></trkpt><trkpt lat="47.6779329032" lon="11.4290111326"><ele>1054.42</ele><time>2026-09-03T14:08:21Z</time></trkpt><trkpt lat="47.6780668460" lon="11.4288654551"><ele>1053.22</ele><time>2026-09-03T14:08:26Z</time></trkpt><trkpt lat="47.6781059057" lon="11.4288167562"><ele>1052.20</ele><time>2026-09-03T14:08:27Z</time></trkpt><trkpt lat="47.6781790797" lon="11.4286994096"><ele>1050.67</ele><time>2026-09-03T14:08:29Z</time></trkpt><trkpt lat="47.6782256830" lon="11.4286493696"><ele>1049.85</ele><time>2026-09-03T14:08:30Z</time></trkpt><trkpt lat="47.6783458795" lon="11.4285513014"><ele>1047.92</ele><time>2026-09-03T14:08:32Z</time></trkpt><trkpt lat="47.6784592867" lon="11.4284591842"><ele>1046.39</ele><time>2026-09-03T14:08:34Z</time></trkpt><trkpt lat="47.6785208099" lon="11.4284274168"><ele>1045.80</ele><time>2026-09-03T14:08:35Z</time></trkpt><trkpt lat="47.6785821654" lon="11.4284063783"><ele>1045.31</ele><time>2026-09-03T14:08:36Z</time></trkpt><trkpt lat="47.6786265895" lon="11.4283919614"><ele>1045.01</ele><time>2026-09-03T14:08:37Z</time></trkpt><trkpt lat="47.6787834149" lon="11.4283555001"><ele>1045.88</ele><time>2026-09-03T14:08:42Z</time></trkpt><trkpt lat="47.6789138373" lon="11.4283149317"><ele>1048.27</ele><time>2026-09-03T14:08:51Z</time></trkpt><trkpt lat="47.6789910346" lon="11.4283185359"><ele>1048.00</ele><time>2026-09-03T14:08:56Z</time></trkpt><trkpt lat="47.6790060382" lon="11.4283239003"><ele>1047.94</ele><time>2026-09-03T14:08:57Z</time></trkpt><trkpt lat="47.6790437568" lon="11.4283194579"><ele>1047.68</ele><time>2026-09-03T14:09:00Z</time></trkpt><trkpt lat="47.6790657174" lon="11.4283278398"><ele>1047.62</ele><time>2026-09-03T14:09:03Z</time></trkpt><trkpt lat="47.6791160088" lon="11.4283559192"><ele>1047.45</ele><time>2026-09-03T14:09:16Z</time></trkpt><trkpt lat="47.6791472733" lon="11.4283764549"><ele>1047.32</ele><time>2026-09-03T14:09:18Z</time></trkpt><trkpt lat="47.6791811362" lon="11.4283817355"><ele>1046.93</ele><time>2026-09-03T14:09:20Z</time></trkpt><trkpt lat="47.6792002469" lon="11.4283872675"><ele>1046.56</ele><time>2026-09-03T14:09:21Z</time></trkpt><trkpt lat="47.6792166755" lon="11.4283961523"><ele>1046.15</ele><time>2026-09-03T14:09:22Z</time></trkpt><trkpt lat="47.6792330202" lon="11.4284055401"><ele>1045.71</ele><time>2026-09-03T14:09:23Z</time></trkpt><trkpt lat="47.6792567410" lon="11.4284145087"><ele>1045.22</ele><time>2026-09-03T14:09:24Z</time></trkpt><trkpt lat="47.6792792883" lon="11.4284248184"><ele>1044.71</ele><time>2026-09-03T14:09:25Z</time></trkpt><trkpt lat="47.6793002430" lon="11.4284341224"><ele>1044.15</ele><time>2026-09-03T14:09:26Z</time></trkpt><trkpt lat="47.6793216169" lon="11.4284430072"><ele>1042.83</ele><time>2026-09-03T14:09:27Z</time></trkpt><trkpt lat="47.6794414781" lon="11.4285036922"><ele>1039.68</ele><time>2026-09-03T14:09:33Z</time></trkpt><trkpt lat="47.6794625167" lon="11.4285135828"><ele>1039.24</ele><time>2026-09-03T14:09:34Z</time></trkpt><trkpt lat="47.6794853993" lon="11.4285279997"><ele>1038.76</ele><time>2026-09-03T14:09:35Z</time></trkpt><trkpt lat="47.6795126405" lon="11.4285429195"><ele>1038.20</ele><time>2026-09-03T14:09:36Z</time></trkpt><trkpt lat="47.6795371994" lon="11.4285572525"><ele>1037.58</ele><time>2026-09-03T14:09:37Z</time></trkpt><trkpt lat="47.6795586571" lon="11.4285751898"><ele>1036.94</ele><time>2026-09-03T14:09:38Z</time></trkpt><trkpt lat="47.6795811206" lon="11.4285945520"><ele>1036.27</ele><time>2026-09-03T14:09:39Z</time></trkpt><trkpt lat="47.6796042547" lon="11.4286158420"><ele>1035.65</ele><time>2026-09-03T14:09:40Z</time></trkpt><trkpt lat="47.6796228625" lon="11.4286393113"><ele>1035.13</ele><time>2026-09-03T14:09:41Z</time></trkpt><trkpt lat="47.6796984673" lon="11.4287522156"><ele>1032.09</ele><time>2026-09-03T14:09:46Z</time></trkpt><trkpt lat="47.6797158178" lon="11.4287828933"><ele>1031.44</ele><time>2026-09-03T14:09:47Z</time></trkpt><trkpt lat="47.6797313243" lon="11.4288105536"><ele>1030.79</ele><time>2026-09-03T14:09:48Z</time></trkpt><trkpt lat="47.6798044145" lon="11.4289546385"><ele>1027.50</ele><time>2026-09-03T14:09:53Z</time></trkpt><trkpt lat="47.6798767503" lon="11.4291207679"><ele>1024.46</ele><time>2026-09-03T14:09:58Z</time></trkpt><trkpt lat="47.6799556240" lon="11.4292724803"><ele>1021.27</ele><time>2026-09-03T14:10:03Z</time></trkpt><trkpt lat="47.6799856313" lon="11.4293413796"><ele>1019.91</ele><time>2026-09-03T14:10:05Z</time></trkpt><trkpt lat="47.6800857950" lon="11.4294821955"><ele>1016.84</ele><time>2026-09-03T14:10:10Z</time></trkpt><trkpt lat="47.6801596396" lon="11.4296296332"><ele>1013.57</ele><time>2026-09-03T14:10:15Z</time></trkpt><trkpt lat="47.6802474819" lon="11.4297069982"><ele>1010.19</ele><time>2026-09-03T14:10:21Z</time></trkpt><trkpt lat="47.6802885532" lon="11.4297137875"><ele>1008.17</ele><time>2026-09-03T14:10:28Z</time></trkpt><trkpt lat="47.6803111844" lon="11.4297258575"><ele>1007.43</ele><time>2026-09-03T14:10:36Z</time></trkpt><trkpt lat="47.6803451311" lon="11.4297624025"><ele>1007.30</ele><time>2026-09-03T14:10:47Z</time></trkpt><trkpt lat="47.6803541835" lon="11.4297620673"><ele>1006.63</ele><time>2026-09-03T14:11:16Z</time></trkpt><trkpt lat="47.6803635713" lon="11.4297647495"><ele>1006.44</ele><time>2026-09-03T14:11:28Z</time></trkpt><trkpt lat="47.6804005355" lon="11.4297826868"><ele>1006.15</ele><time>2026-09-03T14:11:34Z</time></trkpt><trkpt lat="47.6804165449" lon="11.4297962654"><ele>1006.03</ele><time>2026-09-03T14:11:35Z</time></trkpt><trkpt lat="47.6804378349" lon="11.4298069943"><ele>1005.84</ele><time>2026-09-03T14:11:36Z</time></trkpt><trkpt lat="47.6804646570" lon="11.4298152085"><ele>1005.55</ele><time>2026-09-03T14:11:37Z</time></trkpt><trkpt lat="47.6804898866" lon="11.4298182260"><ele>1005.13</ele><time>2026-09-03T14:11:38Z</time></trkpt><trkpt lat="47.6805103384" lon="11.4298266079"><ele>1004.63</ele><time>2026-09-03T14:11:39Z</time></trkpt><trkpt lat="47.6805844344" lon="11.4298712835"><ele>1002.95</ele><time>2026-09-03T14:11:43Z</time></trkpt><trkpt lat="47.6806115918" lon="11.4298727922"><ele>1002.55</ele><time>2026-09-03T14:11:44Z</time></trkpt><trkpt lat="47.6806404255" lon="11.4298759773"><ele>1002.20</ele><time>2026-09-03T14:11:45Z</time></trkpt><trkpt lat="47.6808348019" lon="11.4299055655"><ele>998.84</ele><time>2026-09-03T14:11:51Z</time></trkpt><trkpt lat="47.6808762923" lon="11.4299015421"><ele>997.95</ele><time>2026-09-03T14:11:53Z</time></trkpt><trkpt lat="47.6808987558" lon="11.4298933279"><ele>997.46</ele><time>2026-09-03T14:12:04Z</time></trkpt><trkpt lat="47.6809171122" lon="11.4298793301"><ele>997.60</ele><time>2026-09-03T14:12:17Z</time></trkpt><trkpt lat="47.6809368934" lon="11.4298685174"><ele>997.38</ele><time>2026-09-03T14:12:39Z</time></trkpt><trkpt lat="47.6809699181" lon="11.4298828505"><ele>997.19</ele><time>2026-09-03T14:12:44Z</time></trkpt><trkpt lat="47.6809844188" lon="11.4299010392"><ele>997.10</ele><time>2026-09-03T14:12:45Z</time></trkpt><trkpt lat="47.6809985004" lon="11.4299288671"><ele>997.00</ele><time>2026-09-03T14:12:46Z</time></trkpt><trkpt lat="47.6810140908" lon="11.4299535938"><ele>996.82</ele><time>2026-09-03T14:12:47Z</time></trkpt><trkpt lat="47.6810298488" lon="11.4299748838"><ele>996.53</ele><time>2026-09-03T14:12:48Z</time></trkpt><trkpt lat="47.6810471155" lon="11.4299893845"><ele>996.11</ele><time>2026-09-03T14:12:49Z</time></trkpt><trkpt lat="47.6810715906" lon="11.4299981017"><ele>995.62</ele><time>2026-09-03T14:12:50Z</time></trkpt><trkpt lat="47.6810980774" lon="11.4300088305"><ele>995.15</ele><time>2026-09-03T14:12:51Z</time></trkpt><trkpt lat="47.6811275817" lon="11.4300177991"><ele>994.73</ele><time>2026-09-03T14:12:52Z</time></trkpt><trkpt lat="47.6811558288" lon="11.4300243370"><ele>994.29</ele><time>2026-09-03T14:12:53Z</time></trkpt><trkpt lat="47.6812052820" lon="11.4300399274"><ele>993.22</ele><time>2026-09-03T14:12:55Z</time></trkpt><trkpt lat="47.6812274102" lon="11.4300428610"><ele>992.65</ele><time>2026-09-03T14:12:56Z</time></trkpt><trkpt lat="47.6812507957" lon="11.4300436992"><ele>992.12</ele><time>2026-09-03T14:12:57Z</time></trkpt><trkpt lat="47.6812918670" lon="11.4300428610"><ele>991.43</ele><time>2026-09-03T14:12:59Z</time></trkpt><trkpt lat="47.6814055257" lon="11.4300699346"><ele>989.88</ele><time>2026-09-03T14:13:04Z</time></trkpt><trkpt lat="47.6815356128" lon="11.4301278535"><ele>986.55</ele><time>2026-09-03T14:13:09Z</time></trkpt><trkpt lat="47.6816691365" lon="11.4301568549"><ele>983.34</ele><time>2026-09-03T14:13:14Z</time></trkpt><trkpt lat="47.6818126347" lon="11.4301596209"><ele>980.10</ele><time>2026-09-03T14:13:19Z</time></trkpt><trkpt lat="47.6819623355" lon="11.4302045479"><ele>977.10</ele><time>2026-09-03T14:13:24Z</time></trkpt><trkpt lat="47.6820522733" lon="11.4302404225"><ele>975.39</ele><time>2026-09-03T14:13:28Z</time></trkpt><trkpt lat="47.6820741501" lon="11.4302586950"><ele>974.95</ele><time>2026-09-03T14:13:29Z</time></trkpt><trkpt lat="47.6821640879" lon="11.4303030353"><ele>972.10</ele><time>2026-09-03T14:13:36Z</time></trkpt><trkpt lat="47.6822263654" lon="11.4302995987"><ele>971.84</ele><time>2026-09-03T14:14:01Z</time></trkpt><trkpt lat="47.6822422072" lon="11.4303219784"><ele>971.91</ele><time>2026-09-03T14:14:17Z</time></trkpt><trkpt lat="47.6822838653" lon="11.4303076454"><ele>971.81</ele><time>2026-09-03T14:14:47Z</time></trkpt><trkpt lat="47.6822875533" lon="11.4302878641"><ele>971.81</ele><time>2026-09-03T14:15:20Z</time></trkpt><trkpt lat="47.6823427062" lon="11.4302956592"><ele>971.81</ele><time>2026-09-03T14:15:33Z</time></trkpt><trkpt lat="47.6823985297" lon="11.4303249121"><ele>971.81</ele><time>2026-09-03T14:15:46Z</time></trkpt><trkpt lat="47.6824901439" lon="11.4303374849"><ele>971.81</ele><time>2026-09-03T14:15:57Z</time></trkpt><trkpt lat="47.6825676765" lon="11.4302886184"><ele>971.81</ele><time>2026-09-03T14:16:07Z</time></trkpt><trkpt lat="47.6826380007" lon="11.4302381594"><ele>971.81</ele><time>2026-09-03T14:16:20Z</time></trkpt><trkpt lat="47.6826716959" lon="11.4302033745"><ele>971.81</ele><time>2026-09-03T14:16:29Z</time></trkpt><trkpt lat="47.6826897170" lon="11.4301834255"><ele>971.81</ele><time>2026-09-03T14:16:30Z</time></trkpt><trkpt lat="47.6827117614" lon="11.4301526640"><ele>971.81</ele><time>2026-09-03T14:16:31Z</time></trkpt><trkpt lat="47.6827297825" lon="11.4301254228"><ele>971.81</ele><time>2026-09-03T14:16:32Z</time></trkpt><trkpt lat="47.6827529166" lon="11.4301002771"><ele>970.28</ele><time>2026-09-03T14:16:33Z</time></trkpt><trkpt lat="47.6827812474" lon="11.4300789870"><ele>966.40</ele><time>2026-09-03T14:16:34Z</time></trkpt><trkpt lat="47.6828103326" lon="11.4300675038"><ele>962.55</ele><time>2026-09-03T14:16:35Z</time></trkpt><trkpt lat="47.6828364003" lon="11.4300556853"><ele>959.99</ele><time>2026-09-03T14:16:36Z</time></trkpt><trkpt lat="47.6828778069" lon="11.4300561883"><ele>956.84</ele><time>2026-09-03T14:16:39Z</time></trkpt><trkpt lat="47.6829070598" lon="11.4300817531"><ele>956.32</ele><time>2026-09-03T14:16:41Z</time></trkpt><trkpt lat="47.6829416770" lon="11.4301327150"><ele>955.46</ele><time>2026-09-03T14:16:44Z</time></trkpt><trkpt lat="47.6829764619" lon="11.4301498979"><ele>954.05</ele><time>2026-09-03T14:16:51Z</time></trkpt><trkpt lat="47.6830315311" lon="11.4301364869"><ele>954.13</ele><time>2026-09-03T14:17:09Z</time></trkpt><trkpt lat="47.6830520667" lon="11.4301174600"><ele>954.05</ele><time>2026-09-03T14:17:10Z</time></trkpt><trkpt lat="47.6830679085" lon="11.4300909732"><ele>953.86</ele><time>2026-09-03T14:17:11Z</time></trkpt><trkpt lat="47.6830834989" lon="11.4300667495"><ele>953.52</ele><time>2026-09-03T14:17:12Z</time></trkpt><trkpt lat="47.6831028610" lon="11.4300430287"><ele>952.97</ele><time>2026-09-03T14:17:13Z</time></trkpt><trkpt lat="47.6831206307" lon="11.4300139435"><ele>952.25</ele><time>2026-09-03T14:17:14Z</time></trkpt><trkpt lat="47.6831349637" lon="11.4299849421"><ele>951.46</ele><time>2026-09-03T14:17:15Z</time></trkpt><trkpt lat="47.6831435133" lon="11.4299508277"><ele>950.70</ele><time>2026-09-03T14:17:16Z</time></trkpt><trkpt lat="47.6831506379" lon="11.4299168810"><ele>949.96</ele><time>2026-09-03T14:17:17Z</time></trkpt><trkpt lat="47.6831579302" lon="11.4298779890"><ele>949.21</ele><time>2026-09-03T14:17:18Z</time></trkpt><trkpt lat="47.6831657253" lon="11.4296782482"><ele>945.98</ele><time>2026-09-03T14:17:23Z</time></trkpt><trkpt lat="47.6831489615" lon="11.4295380190"><ele>944.47</ele><time>2026-09-03T14:17:28Z</time></trkpt><trkpt lat="47.6831454411" lon="11.4295096043"><ele>944.24</ele><time>2026-09-03T14:17:29Z</time></trkpt><trkpt lat="47.6831412502" lon="11.4294711314"><ele>943.68</ele><time>2026-09-03T14:17:30Z</time></trkpt><trkpt lat="47.6831403282" lon="11.4294323232"><ele>943.26</ele><time>2026-09-03T14:17:31Z</time></trkpt><trkpt lat="47.6831381489" lon="11.4293961134"><ele>942.81</ele><time>2026-09-03T14:17:32Z</time></trkpt><trkpt lat="47.6831731852" lon="11.4292033296"><ele>940.47</ele><time>2026-09-03T14:17:37Z</time></trkpt><trkpt lat="47.6832406595" lon="11.4290550537"><ele>937.66</ele><time>2026-09-03T14:17:42Z</time></trkpt><trkpt lat="47.6832551602" lon="11.4290304109"><ele>937.16</ele><time>2026-09-03T14:17:43Z</time></trkpt><trkpt lat="47.6832669787" lon="11.4290001523"><ele>936.66</ele><time>2026-09-03T14:17:44Z</time></trkpt><trkpt lat="47.6832772046" lon="11.4289604221"><ele>936.13</ele><time>2026-09-03T14:17:45Z</time></trkpt><trkpt lat="47.6832928788" lon="11.4289269783"><ele>935.60</ele><time>2026-09-03T14:17:46Z</time></trkpt><trkpt lat="47.6833010092" lon="11.4288890921"><ele>935.14</ele><time>2026-09-03T14:17:47Z</time></trkpt><trkpt lat="47.6833050326" lon="11.4288485236"><ele>934.73</ele><time>2026-09-03T14:17:48Z</time></trkpt><trkpt lat="47.6833105646" lon="11.4288178459"><ele>934.27</ele><time>2026-09-03T14:17:49Z</time></trkpt><trkpt lat="47.6833190303" lon="11.4287877548"><ele>933.77</ele><time>2026-09-03T14:17:50Z</time></trkpt><trkpt lat="47.6833761111" lon="11.4285373036"><ele>930.71</ele><time>2026-09-03T14:17:56Z</time></trkpt><trkpt lat="47.6834307611" lon="11.4283549972"><ele>927.86</ele><time>2026-09-03T14:18:03Z</time></trkpt><trkpt lat="47.6834331080" lon="11.4283480402"><ele>927.14</ele><time>2026-09-03T14:18:05Z</time></trkpt><trkpt lat="47.6834701560" lon="11.4282542467"><ele>926.47</ele><time>2026-09-03T14:18:26Z</time></trkpt><trkpt lat="47.6834817231" lon="11.4282180369"><ele>925.75</ele><time>2026-09-03T14:18:34Z</time></trkpt><trkpt lat="47.6835072879" lon="11.4281707630"><ele>925.61</ele><time>2026-09-03T14:18:50Z</time></trkpt><trkpt lat="47.6835357025" lon="11.4280933980"><ele>924.77</ele><time>2026-09-03T14:19:02Z</time></trkpt><trkpt lat="47.6835763548" lon="11.4279680885"><ele>923.02</ele><time>2026-09-03T14:19:15Z</time></trkpt><trkpt lat="47.6836267300" lon="11.4279050566"><ele>921.62</ele><time>2026-09-03T14:19:27Z</time></trkpt><trkpt lat="47.6836636942" lon="11.4278443716"><ele>919.80</ele><time>2026-09-03T14:19:39Z</time></trkpt><trkpt lat="47.6837003231" lon="11.4277763106"><ele>918.69</ele><time>2026-09-03T14:19:49Z</time></trkpt><trkpt lat="47.6837423164" lon="11.4276815951"><ele>917.27</ele><time>2026-09-03T14:20:00Z</time></trkpt><trkpt lat="47.6837793645" lon="11.4276443794"><ele>916.11</ele><time>2026-09-03T14:20:10Z</time></trkpt><trkpt lat="47.6837999001" lon="11.4276251011"><ele>916.05</ele><time>2026-09-03T14:20:11Z</time></trkpt><trkpt lat="47.6838135626" lon="11.4276057389"><ele>915.99</ele><time>2026-09-03T14:20:12Z</time></trkpt><trkpt lat="47.6838292368" lon="11.4275864605"><ele>915.78</ele><time>2026-09-03T14:20:13Z</time></trkpt><trkpt lat="47.6838458329" lon="11.4275604766"><ele>915.39</ele><time>2026-09-03T14:20:14Z</time></trkpt><trkpt lat="47.6838697214" lon="11.4275427908"><ele>914.95</ele><time>2026-09-03T14:20:15Z</time></trkpt><trkpt lat="47.6838922687" lon="11.4275174774"><ele>914.55</ele><time>2026-09-03T14:20:16Z</time></trkpt><trkpt lat="47.6839134749" lon="11.4275001269"><ele>914.13</ele><time>2026-09-03T14:20:17Z</time></trkpt><trkpt lat="47.6840228587" lon="11.4273552876"><ele>910.68</ele><time>2026-09-03T14:20:23Z</time></trkpt><trkpt lat="47.6840552967" lon="11.4273203351"><ele>907.92</ele><time>2026-09-03T14:20:29Z</time></trkpt><trkpt lat="47.6840798557" lon="11.4272780064"><ele>907.45</ele><time>2026-09-03T14:20:49Z</time></trkpt><trkpt lat="47.6841218490" lon="11.4271655213"><ele>906.76</ele><time>2026-09-03T14:21:00Z</time></trkpt><trkpt lat="47.6841384452" lon="11.4271462429"><ele>906.53</ele><time>2026-09-03T14:21:01Z</time></trkpt><trkpt lat="47.6841560472" lon="11.4271345921"><ele>906.32</ele><time>2026-09-03T14:21:02Z</time></trkpt><trkpt lat="47.6841790974" lon="11.4271173254"><ele>906.08</ele><time>2026-09-03T14:21:03Z</time></trkpt><trkpt lat="47.6841997169" lon="11.4270983823"><ele>905.75</ele><time>2026-09-03T14:21:04Z</time></trkpt><trkpt lat="47.6842210069" lon="11.4270623401"><ele>903.80</ele><time>2026-09-03T14:21:09Z</time></trkpt><trkpt lat="47.6842567138" lon="11.4270290639"><ele>902.80</ele><time>2026-09-03T14:21:22Z</time></trkpt><trkpt lat="47.6843479928" lon="11.4269727375"><ele>901.66</ele><time>2026-09-03T14:21:40Z</time></trkpt><trkpt lat="47.6843841188" lon="11.4269559737"><ele>901.27</ele><time>2026-09-03T14:21:43Z</time></trkpt><trkpt lat="47.6844416186" lon="11.4269336779"><ele>900.01</ele><time>2026-09-03T14:21:53Z</time></trkpt><trkpt lat="47.6844672672" lon="11.4269098733"><ele>899.39</ele><time>2026-09-03T14:21:58Z</time></trkpt><trkpt lat="47.6845306344" lon="11.4268842246"><ele>897.66</ele><time>2026-09-03T14:22:11Z</time></trkpt><trkpt lat="47.6846064068" lon="11.4268693049"><ele>896.41</ele><time>2026-09-03T14:22:22Z</time></trkpt><trkpt lat="47.6846561953" lon="11.4268604200"><ele>894.96</ele><time>2026-09-03T14:22:34Z</time></trkpt><trkpt lat="47.6846670080" lon="11.4268557262"><ele>894.83</ele><time>2026-09-03T14:22:35Z</time></trkpt><trkpt lat="47.6847117674" lon="11.4268309157"><ele>893.55</ele><time>2026-09-03T14:22:44Z</time></trkpt><trkpt lat="47.6847618911" lon="11.4268065244"><ele>892.95</ele><time>2026-09-03T14:22:54Z</time></trkpt><trkpt lat="47.6847773977" lon="11.4268061891"><ele>892.79</ele><time>2026-09-03T14:22:55Z</time></trkpt><trkpt lat="47.6847953349" lon="11.4268071111"><ele>892.52</ele><time>2026-09-03T14:22:56Z</time></trkpt><trkpt lat="47.6848276891" lon="11.4268112183"><ele>891.74</ele><time>2026-09-03T14:22:58Z</time></trkpt><trkpt lat="47.6848519128" lon="11.4268056024"><ele>891.49</ele><time>2026-09-03T14:22:59Z</time></trkpt><trkpt lat="47.6848698501" lon="11.4268020820"><ele>891.20</ele><time>2026-09-03T14:23:00Z</time></trkpt><trkpt lat="47.6848859433" lon="11.4268027525"><ele>890.70</ele><time>2026-09-03T14:23:01Z</time></trkpt><trkpt lat="47.6849049702" lon="11.4267999027"><ele>890.08</ele><time>2026-09-03T14:23:02Z</time></trkpt><trkpt lat="47.6849247515" lon="11.4267907664"><ele>889.51</ele><time>2026-09-03T14:23:03Z</time></trkpt><trkpt lat="47.6849577762" lon="11.4267714880"><ele>887.11</ele><time>2026-09-03T14:23:09Z</time></trkpt><trkpt lat="47.6849879511" lon="11.4267465100"><ele>886.46</ele><time>2026-09-03T14:23:29Z</time></trkpt><trkpt lat="47.6850527432" lon="11.4267163351"><ele>885.73</ele><time>2026-09-03T14:23:40Z</time></trkpt><trkpt lat="47.6850966644" lon="11.4266821370"><ele>884.84</ele><time>2026-09-03T14:23:48Z</time></trkpt><trkpt lat="47.6851463690" lon="11.4266466815"><ele>883.77</ele><time>2026-09-03T14:23:59Z</time></trkpt><trkpt lat="47.6852082275" lon="11.4265870024"><ele>882.64</ele><time>2026-09-03T14:24:10Z</time></trkpt><trkpt lat="47.6852771267" lon="11.4265131578"><ele>881.19</ele><time>2026-09-03T14:24:21Z</time></trkpt><trkpt lat="47.6852955669" lon="11.4264645427"><ele>880.33</ele><time>2026-09-03T14:24:31Z</time></trkpt><trkpt lat="47.6853496302" lon="11.4264313504"><ele>880.05</ele><time>2026-09-03T14:24:35Z</time></trkpt><trkpt lat="47.6853663940" lon="11.4264248125"><ele>879.89</ele><time>2026-09-03T14:24:36Z</time></trkpt><trkpt lat="47.6853814814" lon="11.4264162630"><ele>879.63</ele><time>2026-09-03T14:24:37Z</time></trkpt><trkpt lat="47.6854417473" lon="11.4263792150"><ele>878.46</ele><time>2026-09-03T14:24:41Z</time></trkpt><trkpt lat="47.6854647137" lon="11.4263655525"><ele>878.21</ele><time>2026-09-03T14:24:42Z</time></trkpt><trkpt lat="47.6854855008" lon="11.4263542369"><ele>877.98</ele><time>2026-09-03T14:24:43Z</time></trkpt><trkpt lat="47.6856785361" lon="11.4262834936"><ele>874.44</ele><time>2026-09-03T14:24:50Z</time></trkpt><trkpt lat="47.6857072022" lon="11.4262739383"><ele>874.01</ele><time>2026-09-03T14:24:51Z</time></trkpt><trkpt lat="47.6857533865" lon="11.4262519777"><ele>873.14</ele><time>2026-09-03T14:24:54Z</time></trkpt><trkpt lat="47.6857712399" lon="11.4262486249"><ele>872.75</ele><time>2026-09-03T14:25:08Z</time></trkpt><trkpt lat="47.6858328469" lon="11.4262461942"><ele>872.39</ele><time>2026-09-03T14:25:14Z</time></trkpt><trkpt lat="47.6858582441" lon="11.4262434281"><ele>872.16</ele><time>2026-09-03T14:25:15Z</time></trkpt><trkpt lat="47.6858814619" lon="11.4262449369"><ele>871.78</ele><time>2026-09-03T14:25:16Z</time></trkpt><trkpt lat="47.6859040093" lon="11.4262411650"><ele>871.27</ele><time>2026-09-03T14:25:17Z</time></trkpt><trkpt lat="47.6859285682" lon="11.4262447692"><ele>870.78</ele><time>2026-09-03T14:25:18Z</time></trkpt><trkpt lat="47.6859544683" lon="11.4262472000"><ele>870.34</ele><time>2026-09-03T14:25:19Z</time></trkpt><trkpt lat="47.6859833859" lon="11.4262486249"><ele>869.95</ele><time>2026-09-03T14:25:20Z</time></trkpt><trkpt lat="47.6861688774" lon="11.4263068791"><ele>866.38</ele><time>2026-09-03T14:25:26Z</time></trkpt><trkpt lat="47.6861930173" lon="11.4263109025"><ele>865.62</ele><time>2026-09-03T14:25:27Z</time></trkpt><trkpt lat="47.6862655208" lon="11.4262915403"><ele>863.67</ele><time>2026-09-03T14:25:30Z</time></trkpt><trkpt lat="47.6862918399" lon="11.4262813982"><ele>863.00</ele><time>2026-09-03T14:25:31Z</time></trkpt><trkpt lat="47.6863188297" lon="11.4262760337"><ele>862.47</ele><time>2026-09-03T14:25:32Z</time></trkpt><trkpt lat="47.6863429695" lon="11.4262666460"><ele>861.94</ele><time>2026-09-03T14:25:33Z</time></trkpt><trkpt lat="47.6864653453" lon="11.4262426738"><ele>859.19</ele><time>2026-09-03T14:25:38Z</time></trkpt><trkpt lat="47.6866154652" lon="11.4262630418"><ele>856.81</ele><time>2026-09-03T14:25:44Z</time></trkpt><trkpt lat="47.6866608951" lon="11.4262684900"><ele>855.89</ele><time>2026-09-03T14:25:46Z</time></trkpt><trkpt lat="47.6866862923" lon="11.4262680709"><ele>855.38</ele><time>2026-09-03T14:25:47Z</time></trkpt><trkpt lat="47.6867263578" lon="11.4262487087"><ele>854.23</ele><time>2026-09-03T14:25:49Z</time></trkpt><trkpt lat="47.6867471449" lon="11.4262380637"><ele>853.73</ele><time>2026-09-03T14:25:50Z</time></trkpt><trkpt lat="47.6867939997" lon="11.4262091462"><ele>851.84</ele><time>2026-09-03T14:25:57Z</time></trkpt><trkpt lat="47.6868432853" lon="11.4261853416"><ele>851.07</ele><time>2026-09-03T14:26:07Z</time></trkpt><trkpt lat="47.6869053114" lon="11.4261837490"><ele>851.31</ele><time>2026-09-03T14:26:21Z</time></trkpt><trkpt lat="47.6869288646" lon="11.4261980820"><ele>851.67</ele><time>2026-09-03T14:26:32Z</time></trkpt><trkpt lat="47.6869598776" lon="11.4261989202"><ele>851.75</ele><time>2026-09-03T14:26:46Z</time></trkpt><trkpt lat="47.6870389190" lon="11.4261702541"><ele>851.33</ele><time>2026-09-03T14:26:52Z</time></trkpt><trkpt lat="47.6870607119" lon="11.4261617046"><ele>850.97</ele><time>2026-09-03T14:26:53Z</time></trkpt><trkpt lat="47.6870789845" lon="11.4261417557"><ele>850.54</ele><time>2026-09-03T14:26:54Z</time></trkpt><trkpt lat="47.6870967541" lon="11.4261189569"><ele>850.11</ele><time>2026-09-03T14:26:55Z</time></trkpt><trkpt lat="47.6871097460" lon="11.4260836691"><ele>849.60</ele><time>2026-09-03T14:26:56Z</time></trkpt><trkpt lat="47.6871228218" lon="11.4260422625"><ele>849.04</ele><time>2026-09-03T14:26:57Z</time></trkpt><trkpt lat="47.6871466264" lon="11.4259427693"><ele>846.65</ele><time>2026-09-03T14:27:02Z</time></trkpt><trkpt lat="47.6871584449" lon="11.4259165339"><ele>846.30</ele><time>2026-09-03T14:27:13Z</time></trkpt><trkpt lat="47.6871923078" lon="11.4259165339"><ele>846.21</ele><time>2026-09-03T14:27:16Z</time></trkpt><trkpt lat="47.6872172859" lon="11.4259245805"><ele>846.18</ele><time>2026-09-03T14:27:17Z</time></trkpt><trkpt lat="47.6872406714" lon="11.4259332977"><ele>846.07</ele><time>2026-09-03T14:27:18Z</time></trkpt><trkpt lat="47.6872673258" lon="11.4259517379"><ele>845.90</ele><time>2026-09-03T14:27:19Z</time></trkpt><trkpt lat="47.6872984227" lon="11.4259663224"><ele>845.66</ele><time>2026-09-03T14:27:20Z</time></trkpt><trkpt lat="47.6873280108" lon="11.4259800687"><ele>845.39</ele><time>2026-09-03T14:27:21Z</time></trkpt><trkpt lat="47.6875547413" lon="11.4261129219"><ele>842.66</ele><time>2026-09-03T14:27:28Z</time></trkpt><trkpt lat="47.6877231337" lon="11.4261259977"><ele>840.53</ele><time>2026-09-03T14:27:33Z</time></trkpt><trkpt lat="47.6878667995" lon="11.4261000976"><ele>837.84</ele><time>2026-09-03T14:27:38Z</time></trkpt><trkpt lat="47.6879962999" lon="11.4260280970"><ele>835.16</ele><time>2026-09-03T14:27:43Z</time></trkpt><trkpt lat="47.6880237926" lon="11.4260165300"><ele>834.67</ele><time>2026-09-03T14:27:44Z</time></trkpt><trkpt lat="47.6881475095" lon="11.4259960782"><ele>832.32</ele><time>2026-09-03T14:27:49Z</time></trkpt><trkpt lat="47.6882521994" lon="11.4259566832"><ele>831.40</ele><time>2026-09-03T14:27:53Z</time></trkpt><trkpt lat="47.6882822067" lon="11.4259456191"><ele>831.01</ele><time>2026-09-03T14:27:54Z</time></trkpt><trkpt lat="47.6883097831" lon="11.4259452000"><ele>830.47</ele><time>2026-09-03T14:27:55Z</time></trkpt><trkpt lat="47.6883396227" lon="11.4259512350"><ele>829.83</ele><time>2026-09-03T14:27:56Z</time></trkpt><trkpt lat="47.6883660257" lon="11.4259487204"><ele>829.21</ele><time>2026-09-03T14:27:57Z</time></trkpt><trkpt lat="47.6885419618" lon="11.4259516541"><ele>826.09</ele><time>2026-09-03T14:28:03Z</time></trkpt><trkpt lat="47.6886606496" lon="11.4259613771"><ele>824.35</ele><time>2026-09-03T14:28:07Z</time></trkpt><trkpt lat="47.6886910759" lon="11.4259540010"><ele>823.87</ele><time>2026-09-03T14:28:08Z</time></trkpt><trkpt lat="47.6887195744" lon="11.4259520732"><ele>823.38</ele><time>2026-09-03T14:28:09Z</time></trkpt><trkpt lat="47.6888841111" lon="11.4259703457"><ele>820.58</ele><time>2026-09-03T14:28:15Z</time></trkpt><trkpt lat="47.6889131963" lon="11.4259856008"><ele>820.15</ele><time>2026-09-03T14:28:16Z</time></trkpt><trkpt lat="47.6889804192" lon="11.4260153566"><ele>819.43</ele><time>2026-09-03T14:28:18Z</time></trkpt><trkpt lat="47.6890141983" lon="11.4260218944"><ele>818.95</ele><time>2026-09-03T14:28:19Z</time></trkpt><trkpt lat="47.6890416071" lon="11.4260371495"><ele>818.39</ele><time>2026-09-03T14:28:20Z</time></trkpt><trkpt lat="47.6891635638" lon="11.4260775503"><ele>816.13</ele><time>2026-09-03T14:28:25Z</time></trkpt><trkpt lat="47.6893320400" lon="11.4260956552"><ele>812.83</ele><time>2026-09-03T14:28:30Z</time></trkpt><trkpt lat="47.6894528233" lon="11.4260517340"><ele>810.97</ele><time>2026-09-03T14:28:34Z</time></trkpt><trkpt lat="47.6894872729" lon="11.4260488842"><ele>810.57</ele><time>2026-09-03T14:28:35Z</time></trkpt><trkpt lat="47.6895472035" lon="11.4260404184"><ele>809.59</ele><time>2026-09-03T14:28:42Z</time></trkpt><trkpt lat="47.6896117441" lon="11.4260325395"><ele>809.38</ele><time>2026-09-03T14:28:59Z</time></trkpt><trkpt lat="47.6896500494" lon="11.4260423463"><ele>809.28</ele><time>2026-09-03T14:29:09Z</time></trkpt><trkpt lat="47.6896783803" lon="11.4260504767"><ele>809.26</ele><time>2026-09-03T14:29:10Z</time></trkpt><trkpt lat="47.6897117402" lon="11.4260555059"><ele>809.24</ele><time>2026-09-03T14:29:11Z</time></trkpt><trkpt lat="47.6897549070" lon="11.4260662347"><ele>809.17</ele><time>2026-09-03T14:29:12Z</time></trkpt><trkpt lat="47.6897979062" lon="11.4260832500"><ele>809.03</ele><time>2026-09-03T14:29:13Z</time></trkpt><trkpt lat="47.6898576692" lon="11.4260998461"><ele>808.76</ele><time>2026-09-03T14:29:14Z</time></trkpt><trkpt lat="47.6899259817" lon="11.4261143468"><ele>807.77</ele><time>2026-09-03T14:29:15Z</time></trkpt><trkpt lat="47.6899978146" lon="11.4261307754"><ele>807.09</ele><time>2026-09-03T14:29:16Z</time></trkpt><trkpt lat="47.6902944501" lon="11.4262067154"><ele>803.57</ele><time>2026-09-03T14:29:20Z</time></trkpt><trkpt lat="47.6904334221" lon="11.4262609463"><ele>801.87</ele><time>2026-09-03T14:29:22Z</time></trkpt><trkpt lat="47.6905116253" lon="11.4262782130"><ele>800.97</ele><time>2026-09-03T14:29:23Z</time></trkpt><trkpt lat="47.6905973721" lon="11.4262784645"><ele>800.02</ele><time>2026-09-03T14:29:24Z</time></trkpt><trkpt lat="47.6906855498" lon="11.4262596890"><ele>799.01</ele><time>2026-09-03T14:29:25Z</time></trkpt><trkpt lat="47.6907662675" lon="11.4262273349"><ele>797.90</ele><time>2026-09-03T14:29:26Z</time></trkpt><trkpt lat="47.6908373460" lon="11.4261927176"><ele>796.75</ele><time>2026-09-03T14:29:27Z</time></trkpt><trkpt lat="47.6909805089" lon="11.4260992594"><ele>793.74</ele><time>2026-09-03T14:29:30Z</time></trkpt><trkpt lat="47.6910878811" lon="11.4258915558"><ele>791.84</ele><time>2026-09-03T14:29:36Z</time></trkpt><trkpt lat="47.6911380049" lon="11.4257924818"><ele>791.02</ele><time>2026-09-03T14:29:40Z</time></trkpt><trkpt lat="47.6911634859" lon="11.4257773943"><ele>790.96</ele><time>2026-09-03T14:29:41Z</time></trkpt><trkpt lat="47.6911951695" lon="11.4257657435"><ele>790.89</ele><time>2026-09-03T14:29:42Z</time></trkpt><trkpt lat="47.6912310440" lon="11.4257559367"><ele>790.78</ele><time>2026-09-03T14:29:43Z</time></trkpt><trkpt lat="47.6912667509" lon="11.4257478900"><ele>790.62</ele><time>2026-09-03T14:29:44Z</time></trkpt><trkpt lat="47.6915269252" lon="11.4256665856"><ele>789.47</ele><time>2026-09-03T14:29:51Z</time></trkpt><trkpt lat="47.6916702557" lon="11.4256287832"><ele>788.84</ele><time>2026-09-03T14:29:54Z</time></trkpt><trkpt lat="47.6919911150" lon="11.4255173039"><ele>786.26</ele><time>2026-09-03T14:29:59Z</time></trkpt><trkpt lat="47.6921226270" lon="11.4254856203"><ele>784.89</ele><time>2026-09-03T14:30:01Z</time></trkpt><trkpt lat="47.6925113797" lon="11.4253943413"><ele>781.41</ele><time>2026-09-03T14:30:07Z</time></trkpt><trkpt lat="47.6927298959" lon="11.4254154637"><ele>778.87</ele><time>2026-09-03T14:30:13Z</time></trkpt><trkpt lat="47.6927592326" lon="11.4254251868"><ele>778.60</ele><time>2026-09-03T14:30:14Z</time></trkpt><trkpt lat="47.6927936822" lon="11.4254334848"><ele>778.21</ele><time>2026-09-03T14:30:15Z</time></trkpt><trkpt lat="47.6928368490" lon="11.4254347421"><ele>777.77</ele><time>2026-09-03T14:30:16Z</time></trkpt><trkpt lat="47.6928776689" lon="11.4254359156"><ele>777.34</ele><time>2026-09-03T14:30:17Z</time></trkpt><trkpt lat="47.6929233503" lon="11.4254439622"><ele>776.99</ele><time>2026-09-03T14:30:18Z</time></trkpt><trkpt lat="47.6931348257" lon="11.4254563674"><ele>774.97</ele><time>2026-09-03T14:30:23Z</time></trkpt><trkpt lat="47.6931882184" lon="11.4254448004"><ele>773.21</ele><time>2026-09-03T14:30:28Z</time></trkpt><trkpt lat="47.6932257693" lon="11.4254277851"><ele>772.78</ele><time>2026-09-03T14:30:44Z</time></trkpt><trkpt lat="47.6932450477" lon="11.4254094288"><ele>772.71</ele><time>2026-09-03T14:30:45Z</time></trkpt><trkpt lat="47.6932676788" lon="11.4253940899"><ele>772.59</ele><time>2026-09-03T14:30:46Z</time></trkpt><trkpt lat="47.6932921540" lon="11.4253768232"><ele>772.43</ele><time>2026-09-03T14:30:47Z</time></trkpt><trkpt lat="47.6933157071" lon="11.4253591374"><ele>772.21</ele><time>2026-09-03T14:30:48Z</time></trkpt><trkpt lat="47.6933403499" lon="11.4253415354"><ele>772.04</ele><time>2026-09-03T14:30:49Z</time></trkpt><trkpt lat="47.6935071498" lon="11.4252533577"><ele>768.84</ele><time>2026-09-03T14:30:55Z</time></trkpt><trkpt lat="47.6936492231" lon="11.4251975343"><ele>765.90</ele><time>2026-09-03T14:31:01Z</time></trkpt><trkpt lat="47.6936663222" lon="11.4251972828"><ele>765.21</ele><time>2026-09-03T14:31:02Z</time></trkpt><trkpt lat="47.6936903782" lon="11.4251936786"><ele>764.54</ele><time>2026-09-03T14:31:03Z</time></trkpt><trkpt lat="47.6937163621" lon="11.4251963608"><ele>763.98</ele><time>2026-09-03T14:31:04Z</time></trkpt><trkpt lat="47.6937364787" lon="11.4251950197"><ele>763.44</ele><time>2026-09-03T14:31:05Z</time></trkpt><trkpt lat="47.6937596127" lon="11.4251918346"><ele>762.91</ele><time>2026-09-03T14:31:06Z</time></trkpt><trkpt lat="47.6937845908" lon="11.4251882304"><ele>762.42</ele><time>2026-09-03T14:31:07Z</time></trkpt><trkpt lat="47.6939355489" lon="11.4251902420"><ele>759.04</ele><time>2026-09-03T14:31:13Z</time></trkpt><trkpt lat="47.6939593535" lon="11.4251901582"><ele>758.43</ele><time>2026-09-03T14:31:14Z</time></trkpt><trkpt lat="47.6939827390" lon="11.4251992945"><ele>757.32</ele><time>2026-09-03T14:31:15Z</time></trkpt><trkpt lat="47.6940330304" lon="11.4252211712"><ele>756.50</ele><time>2026-09-03T14:31:17Z</time></trkpt><trkpt lat="47.6940621156" lon="11.4252271224"><ele>756.15</ele><time>2026-09-03T14:31:18Z</time></trkpt><trkpt lat="47.6941925380" lon="11.4252637513"><ele>754.12</ele><time>2026-09-03T14:31:24Z</time></trkpt><trkpt lat="47.6942818891" lon="11.4252981171"><ele>752.67</ele><time>2026-09-03T14:31:40Z</time></trkpt><trkpt lat="47.6943702344" lon="11.4253422897"><ele>752.55</ele><time>2026-09-03T14:31:43Z</time></trkpt><trkpt lat="47.6944166701" lon="11.4253782481"><ele>751.96</ele><time>2026-09-03T14:31:45Z</time></trkpt><trkpt lat="47.6944450848" lon="11.4254018851"><ele>751.58</ele><time>2026-09-03T14:31:46Z</time></trkpt><trkpt lat="47.6944709849" lon="11.4254098479"><ele>751.23</ele><time>2026-09-03T14:31:47Z</time></trkpt><trkpt lat="47.6945056859" lon="11.4254202414"><ele>750.84</ele><time>2026-09-03T14:31:48Z</time></trkpt><trkpt lat="47.6945372857" lon="11.4254275337"><ele>750.29</ele><time>2026-09-03T14:31:49Z</time></trkpt><trkpt lat="47.6945603359" lon="11.4254241809"><ele>749.65</ele><time>2026-09-03T14:31:50Z</time></trkpt><trkpt lat="47.6945955399" lon="11.4254374243"><ele>749.12</ele><time>2026-09-03T14:31:51Z</time></trkpt><trkpt lat="47.6946335100" lon="11.4254510868"><ele>748.72</ele><time>2026-09-03T14:31:52Z</time></trkpt><trkpt lat="47.6946775150" lon="11.4254531823"><ele>748.37</ele><time>2026-09-03T14:31:53Z</time></trkpt><trkpt lat="47.6949332468" lon="11.4253889769"><ele>744.78</ele><time>2026-09-03T14:31:59Z</time></trkpt><trkpt lat="47.6951272879" lon="11.4251672756"><ele>740.96</ele><time>2026-09-03T14:32:05Z</time></trkpt><trkpt lat="47.6952722948" lon="11.4250024036"><ele>738.71</ele><time>2026-09-03T14:32:09Z</time></trkpt><trkpt lat="47.6954807527" lon="11.4248801954"><ele>735.80</ele><time>2026-09-03T14:32:15Z</time></trkpt><trkpt lat="47.6956493128" lon="11.4247646928"><ele>733.52</ele><time>2026-09-03T14:32:20Z</time></trkpt><trkpt lat="47.6958794799" lon="11.4245813806"><ele>730.47</ele><time>2026-09-03T14:32:26Z</time></trkpt><trkpt lat="47.6959534921" lon="11.4245208632"><ele>727.84</ele><time>2026-09-03T14:32:31Z</time></trkpt><trkpt lat="47.6959688310" lon="11.4245072845"><ele>726.74</ele><time>2026-09-03T14:32:39Z</time></trkpt><trkpt lat="47.6959813200" lon="11.4244689792"><ele>726.53</ele><time>2026-09-03T14:32:44Z</time></trkpt><trkpt lat="47.6959949825" lon="11.4244394749"><ele>726.50</ele><time>2026-09-03T14:32:45Z</time></trkpt><trkpt lat="47.6960431784" lon="11.4243727550"><ele>726.39</ele><time>2026-09-03T14:32:47Z</time></trkpt><trkpt lat="47.6961568370" lon="11.4242592640"><ele>725.07</ele><time>2026-09-03T14:32:50Z</time></trkpt><trkpt lat="47.6962085534" lon="11.4242294244"><ele>724.33</ele><time>2026-09-03T14:32:51Z</time></trkpt><trkpt lat="47.6962642930" lon="11.4242177736"><ele>722.27</ele><time>2026-09-03T14:32:52Z</time></trkpt><trkpt lat="47.6963290852" lon="11.4242230542"><ele>722.27</ele><time>2026-09-03T14:32:53Z</time></trkpt><trkpt lat="47.6964070369" lon="11.4242461883"><ele>719.52</ele><time>2026-09-03T14:32:54Z</time></trkpt><trkpt lat="47.6965009980" lon="11.4242806379"><ele>717.81</ele><time>2026-09-03T14:32:55Z</time></trkpt><trkpt lat="47.6966886688" lon="11.4243344497"><ele>714.41</ele><time>2026-09-03T14:32:57Z</time></trkpt><trkpt lat="47.6967869047" lon="11.4243337791"><ele>712.85</ele><time>2026-09-03T14:32:58Z</time></trkpt><trkpt lat="47.6968914270" lon="11.4243017603"><ele>711.46</ele><time>2026-09-03T14:32:59Z</time></trkpt><trkpt lat="47.6969983801" lon="11.4242515527"><ele>710.03</ele><time>2026-09-03T14:33:00Z</time></trkpt><trkpt lat="47.6971049979" lon="11.4241844136"><ele>708.47</ele><time>2026-09-03T14:33:01Z</time></trkpt><trkpt lat="47.6972115319" lon="11.4241105691"><ele>706.91</ele><time>2026-09-03T14:33:02Z</time></trkpt><trkpt lat="47.6973163895" lon="11.4240502194"><ele>705.41</ele><time>2026-09-03T14:33:03Z</time></trkpt><trkpt lat="47.6974220853" lon="11.4240102377"><ele>704.03</ele><time>2026-09-03T14:33:04Z</time></trkpt><trkpt lat="47.6975347381" lon="11.4240011852"><ele>702.71</ele><time>2026-09-03T14:33:05Z</time></trkpt><trkpt lat="47.6978424378" lon="11.4240218047"><ele>698.99</ele><time>2026-09-03T14:33:08Z</time></trkpt><trkpt lat="47.6980334613" lon="11.4240452740"><ele>696.36</ele><time>2026-09-03T14:33:11Z</time></trkpt><trkpt lat="47.6980711799" lon="11.4240413345"><ele>696.06</ele><time>2026-09-03T14:33:12Z</time></trkpt><trkpt lat="47.6981708407" lon="11.4240488783"><ele>695.55</ele><time>2026-09-03T14:33:16Z</time></trkpt><trkpt lat="47.6981888618" lon="11.4240546618"><ele>695.51</ele><time>2026-09-03T14:33:17Z</time></trkpt><trkpt lat="47.6982552465" lon="11.4240520634"><ele>694.39</ele><time>2026-09-03T14:33:24Z</time></trkpt><trkpt lat="47.6982664783" lon="11.4240477886"><ele>694.13</ele><time>2026-09-03T14:33:43Z</time></trkpt><trkpt lat="47.6982834097" lon="11.4240488783"><ele>694.12</ele><time>2026-09-03T14:33:44Z</time></trkpt><trkpt lat="47.6983069628" lon="11.4240492973"><ele>694.10</ele><time>2026-09-03T14:33:45Z</time></trkpt><trkpt lat="47.6983369701" lon="11.4240484592"><ele>694.03</ele><time>2026-09-03T14:33:46Z</time></trkpt><trkpt lat="47.6983743533" lon="11.4240473695"><ele>693.92</ele><time>2026-09-03T14:33:47Z</time></trkpt><trkpt lat="47.6986509562" lon="11.4240547456"><ele>692.16</ele><time>2026-09-03T14:33:52Z</time></trkpt><trkpt lat="47.6987179276" lon="11.4240508061"><ele>691.63</ele><time>2026-09-03T14:33:53Z</time></trkpt><trkpt lat="47.6987915207" lon="11.4240351319"><ele>691.03</ele><time>2026-09-03T14:33:54Z</time></trkpt><trkpt lat="47.6988664549" lon="11.4240110759"><ele>690.34</ele><time>2026-09-03T14:33:55Z</time></trkpt><trkpt lat="47.6991516072" lon="11.4238779712"><ele>686.94</ele><time>2026-09-03T14:33:59Z</time></trkpt><trkpt lat="47.6992545370" lon="11.4238203038"><ele>684.80</ele><time>2026-09-03T14:34:01Z</time></trkpt><trkpt lat="47.6992873941" lon="11.4237972535"><ele>683.97</ele><time>2026-09-03T14:34:02Z</time></trkpt><trkpt lat="47.6993101928" lon="11.4237732813"><ele>683.31</ele><time>2026-09-03T14:34:03Z</time></trkpt><trkpt lat="47.6993288007" lon="11.4237467945"><ele>682.93</ele><time>2026-09-03T14:34:04Z</time></trkpt><trkpt lat="47.6993411221" lon="11.4237275999"><ele>682.72</ele><time>2026-09-03T14:34:05Z</time></trkpt><trkpt lat="47.6993545331" lon="11.4236100018"><ele>682.41</ele><time>2026-09-03T14:34:12Z</time></trkpt><trkpt lat="47.6993578859" lon="11.4235835150"><ele>682.24</ele><time>2026-09-03T14:34:13Z</time></trkpt><trkpt lat="47.6993552037" lon="11.4235547651"><ele>682.00</ele><time>2026-09-03T14:34:14Z</time></trkpt><trkpt lat="47.6992953569" lon="11.4233359136"><ele>680.83</ele><time>2026-09-03T14:34:19Z</time></trkpt><trkpt lat="47.6992298942" lon="11.4230175689"><ele>680.17</ele><time>2026-09-03T14:34:25Z</time></trkpt><trkpt lat="47.6991884876" lon="11.4228894934"><ele>679.58</ele><time>2026-09-03T14:34:27Z</time></trkpt><trkpt lat="47.6991350111" lon="11.4227639325"><ele>678.84</ele><time>2026-09-03T14:34:29Z</time></trkpt><trkpt lat="47.6991065964" lon="11.4227226935"><ele>678.42</ele><time>2026-09-03T14:34:30Z</time></trkpt><trkpt lat="47.6989853941" lon="11.4225787763"><ele>677.78</ele><time>2026-09-03T14:34:35Z</time></trkpt><trkpt lat="47.6988217793" lon="11.4223713242"><ele>677.24</ele><time>2026-09-03T14:34:41Z</time></trkpt><trkpt lat="47.6987413131" lon="11.4220799692"><ele>676.47</ele><time>2026-09-03T14:34:46Z</time></trkpt><trkpt lat="47.6986835618" lon="11.4217065554"><ele>675.57</ele><time>2026-09-03T14:34:52Z</time></trkpt><trkpt lat="47.6986207813" lon="11.4213620592"><ele>674.35</ele><time>2026-09-03T14:34:57Z</time></trkpt><trkpt lat="47.6984723378" lon="11.4210813493"><ele>673.93</ele><time>2026-09-03T14:35:03Z</time></trkpt><trkpt lat="47.6983467769" lon="11.4208513498"><ele>673.20</ele><time>2026-09-03T14:35:08Z</time></trkpt><trkpt lat="47.6982154325" lon="11.4205381181"><ele>672.36</ele><time>2026-09-03T14:35:14Z</time></trkpt><trkpt lat="47.6981134247" lon="11.4203727432"><ele>672.93</ele><time>2026-09-03T14:35:19Z</time></trkpt><trkpt lat="47.6979343034" lon="11.4201894309"><ele>673.15</ele><time>2026-09-03T14:35:24Z</time></trkpt><trkpt lat="47.6978902984" lon="11.4201355353"><ele>672.76</ele><time>2026-09-03T14:35:25Z</time></trkpt><trkpt lat="47.6978512388" lon="11.4200756047"><ele>672.21</ele><time>2026-09-03T14:35:26Z</time></trkpt><trkpt lat="47.6978172921" lon="11.4200026821"><ele>671.70</ele><time>2026-09-03T14:35:27Z</time></trkpt><trkpt lat="47.6977922302" lon="11.4199373033"><ele>671.44</ele><time>2026-09-03T14:35:28Z</time></trkpt><trkpt lat="47.6977762207" lon="11.4198803902"><ele>671.31</ele><time>2026-09-03T14:35:29Z</time></trkpt><trkpt lat="47.6977587026" lon="11.4198367205"><ele>671.25</ele><time>2026-09-03T14:35:30Z</time></trkpt><trkpt lat="47.6977460459" lon="11.4198021870"><ele>671.51</ele><time>2026-09-03T14:35:31Z</time></trkpt><trkpt lat="47.6977379993" lon="11.4197698329"><ele>672.13</ele><time>2026-09-03T14:35:32Z</time></trkpt><trkpt lat="47.6977284439" lon="11.4197419211"><ele>672.96</ele><time>2026-09-03T14:35:33Z</time></trkpt><trkpt lat="47.6977157034" lon="11.4197050408"><ele>673.75</ele><time>2026-09-03T14:35:34Z</time></trkpt><trkpt lat="47.6976988558" lon="11.4196615387"><ele>674.26</ele><time>2026-09-03T14:35:35Z</time></trkpt><trkpt lat="47.6976811700" lon="11.4196129236"><ele>674.52</ele><time>2026-09-03T14:35:36Z</time></trkpt><trkpt lat="47.6975615602" lon="11.4191832673"><ele>673.70</ele><time>2026-09-03T14:35:44Z</time></trkpt><trkpt lat="47.6975022163" lon="11.4188090991"><ele>673.65</ele><time>2026-09-03T14:35:52Z</time></trkpt><trkpt lat="47.6974344067" lon="11.4185303170"><ele>673.28</ele><time>2026-09-03T14:35:58Z</time></trkpt><trkpt lat="47.6973495819" lon="11.4181551430"><ele>673.00</ele><time>2026-09-03T14:36:06Z</time></trkpt><trkpt lat="47.6972899865" lon="11.4177984931"><ele>672.03</ele><time>2026-09-03T14:36:14Z</time></trkpt><trkpt lat="47.6973131206" lon="11.4177792985"><ele>671.85</ele><time>2026-09-03T14:36:15Z</time></trkpt><trkpt lat="47.6973375119" lon="11.4177579246"><ele>671.73</ele><time>2026-09-03T14:36:16Z</time></trkpt><trkpt lat="47.6973575447" lon="11.4177345391"><ele>671.59</ele><time>2026-09-03T14:36:17Z</time></trkpt><trkpt lat="47.6973748952" lon="11.4177197870"><ele>671.30</ele><time>2026-09-03T14:36:18Z</time></trkpt><trkpt lat="47.6973880548" lon="11.4177023526"><ele>670.83</ele><time>2026-09-03T14:36:19Z</time></trkpt><trkpt lat="47.6974013820" lon="11.4176861756"><ele>670.33</ele><time>2026-09-03T14:36:20Z</time></trkpt><trkpt lat="47.6974058244" lon="11.4176413324"><ele>669.57</ele><time>2026-09-03T14:36:26Z</time></trkpt><trkpt lat="47.6974058244" lon="11.4176404104"><ele>658.70</ele><time>2026-09-03T14:36:27Z</time></trkpt></trkseg></trk></gpx>